run_id,timestamp,model_kind,stage,exp_id,controller_n,plant_n,integ_type,n_stages,n_steps,nlp_solver,qp_solver,hessian_approx,N,Tf,dt,alpha_R,alpha_we,ic_label,ic_scale,n_repeats,n_actual,diverged,all_converged,t_mean_ms,t_p95_ms,t_p99_ms,t_max_ms,t_wall_mean_ms,t_wall_p99_ms,t_wall_max_ms,J_integrated,settling_1pct_ms,settling_5pct_ms,peak_pos_mm,peak_ang_deg,peak_yaw_deg,peak_z_dev_mm,control_effort,pct_saturated,n_hard_viol,max_hard_viol,compile_time_s,sqp_iter_mean,qp_iter_mean,filepath
e52c970d-d5c6-7b7b-0f37-75d85197e900,2026-05-11_10-07-20,full12,0,aR0p1_we10,10,10,IRK,4,10,SQP_RTI,PARTIAL_CONDENSING_HPIPM,GAUSS_NEWTON,20,0.200000,0.010000,0.1,10,baseline,0.05,1,1,1,1,180.642,180.642,180.642,180.642,187.374,187.374,187.374,1e+09,NaN,NaN,0.687386,0.516457,0,0.5,0.0346782,100,0,0,76.5792,1,10,"C:\Users\mariujf\Maggy2026V\NMPCProject\experiments\solver_tuning\results\full12\0\full12_0_aR0p1_we10.mat"
e5daa6b2-3efd-3be9-8c66-6490c13a647f,2026-05-11_10-08-37,full12,0,aR0p3_we10,10,10,IRK,4,10,SQP_RTI,PARTIAL_CONDENSING_HPIPM,GAUSS_NEWTON,20,0.200000,0.010000,0.3,10,baseline,0.05,1,1,1,1,142.675,142.675,142.675,142.675,147.949,147.949,147.949,1e+09,NaN,NaN,0.687386,0.516457,0,0.5,0.0347375,100,0,0,76.111,1,10,"C:\Users\mariujf\Maggy2026V\NMPCProject\experiments\solver_tuning\results\full12\0\full12_0_aR0p3_we10.mat"
72ab3c29-112f-48c1-6e86-7483fab6ed49,2026-05-11_10-12-23,full12,0,aR10_we10,10,10,IRK,4,10,SQP_RTI,PARTIAL_CONDENSING_HPIPM,GAUSS_NEWTON,20,0.200000,0.010000,10,10,baseline,0.05,1,1,1,1,127.677,127.677,127.677,127.677,132.788,132.788,132.788,1e+09,NaN,NaN,0.687386,0.516457,0,0.5,0.0375324,100,0,0,76.3045,1,9,"C:\Users\mariujf\Maggy2026V\NMPCProject\experiments\solver_tuning\results\full12\0\full12_0_aR10_we10.mat"
43f258cd-ef2b-5fb4-7b86-3cfb87ff35ca,2026-05-11_10-09-52,full12,0,aR1_we10,10,10,IRK,4,10,SQP_RTI,PARTIAL_CONDENSING_HPIPM,GAUSS_NEWTON,20,0.200000,0.010000,1,10,baseline,0.05,1,1,1,1,130.89,130.89,130.89,130.89,135.865,135.865,135.865,1e+09,NaN,NaN,0.687386,0.516457,0,0.5,0.0349238,100,0,0,74.284,1,9,"C:\Users\mariujf\Maggy2026V\NMPCProject\experiments\solver_tuning\results\full12\0\full12_0_aR1_we10.mat"
4b928830-81f1-7fc6-e957-baf7e653ce0f,2026-05-11_10-11-06,full12,0,aR3_we10,10,10,IRK,4,10,SQP_RTI,PARTIAL_CONDENSING_HPIPM,GAUSS_NEWTON,20,0.200000,0.010000,3,10,baseline,0.05,1,1,1,1,128.298,128.298,128.298,128.298,133.49,133.49,133.49,1e+09,NaN,NaN,0.687386,0.516457,0,0.5,0.0356813,100,0,0,73.3646,1,8,"C:\Users\mariujf\Maggy2026V\NMPCProject\experiments\solver_tuning\results\full12\0\full12_0_aR3_we10.mat"
98fa956c-1cf2-6631-f160-36dd2ba258cd,2026-05-11_10-13-37,full12,0,aR_locked_we1,10,10,IRK,4,10,SQP_RTI,PARTIAL_CONDENSING_HPIPM,GAUSS_NEWTON,20,0.200000,0.010000,1,1,baseline,0.05,1,1,1,1,131.898,131.898,131.898,131.898,137.44,137.44,137.44,1e+09,NaN,NaN,0.687386,0.516457,0,0.5,0.033957,100,0,0,73.8628,1,9,"C:\Users\mariujf\Maggy2026V\NMPCProject\experiments\solver_tuning\results\full12\0\full12_0_aR_locked_we1.mat"
756a3332-324f-b18e-bf56-8b17869e681e,2026-05-11_10-17-24,full12,0,aR_locked_we100,10,10,IRK,4,10,SQP_RTI,PARTIAL_CONDENSING_HPIPM,GAUSS_NEWTON,20,0.200000,0.010000,1,100,baseline,0.05,1,1,1,1,126.811,126.811,126.811,126.811,133.457,133.457,133.457,1e+09,NaN,NaN,0.687386,0.516457,0,0.5,0.0359552,100,0,0,74.5967,1,9,"C:\Users\mariujf\Maggy2026V\NMPCProject\experiments\solver_tuning\results\full12\0\full12_0_aR_locked_we100.mat"
036deb33-5e19-6c09-9361-2f9f05b0a872,2026-05-11_10-16-09,full12,0,aR_locked_we25,10,10,IRK,4,10,SQP_RTI,PARTIAL_CONDENSING_HPIPM,GAUSS_NEWTON,20,0.200000,0.010000,1,25,baseline,0.05,1,1,1,1,136.875,136.875,136.875,136.875,142.264,142.264,142.264,1e+09,NaN,NaN,0.687386,0.516457,0,0.5,0.0354186,100,0,0,75.0904,1,10,"C:\Users\mariujf\Maggy2026V\NMPCProject\experiments\solver_tuning\results\full12\0\full12_0_aR_locked_we25.mat"
9ec46f8c-6a73-4902-e7b3-aeca1ab0155e,2026-05-11_10-14-53,full12,0,aR_locked_we5,10,10,IRK,4,10,SQP_RTI,PARTIAL_CONDENSING_HPIPM,GAUSS_NEWTON,20,0.200000,0.010000,1,5,baseline,0.05,1,1,1,1,135.314,135.314,135.314,135.314,141.595,141.595,141.595,1e+09,NaN,NaN,0.687386,0.516457,0,0.5,0.0345418,100,0,0,75.4938,1,9,"C:\Users\mariujf\Maggy2026V\NMPCProject\experiments\solver_tuning\results\full12\0\full12_0_aR_locked_we5.mat"
8e95bb0a-4b23-c8d8-1368-78c0662fe93e,2026-05-11_10-18-38,full12,0,aR_locked_we500,10,10,IRK,4,10,SQP_RTI,PARTIAL_CONDENSING_HPIPM,GAUSS_NEWTON,20,0.200000,0.010000,1,500,baseline,0.05,1,1,1,1,126.732,126.732,126.732,126.732,131.971,131.971,131.971,1e+09,NaN,NaN,0.687386,0.516457,0,0.5,0.036439,100,0,0,73.6683,1,9,"C:\Users\mariujf\Maggy2026V\NMPCProject\experiments\solver_tuning\results\full12\0\full12_0_aR_locked_we500.mat"
3a7d033f-1ec6-a20a-03e4-f0b5ffe360d2,2026-05-11_10-06-03,full12,1a,seed,10,10,IRK,4,10,SQP_RTI,PARTIAL_CONDENSING_HPIPM,GAUSS_NEWTON,20,0.200000,0.010000,1,50,baseline,0.05,1,1,1,1,130.829,130.829,130.829,130.829,136.978,136.978,136.978,1e+09,NaN,NaN,0.687386,0.516457,0,0.5,0.0357235,100,0,0,75.7374,1,9,"C:\Users\mariujf\Maggy2026V\NMPCProject\experiments\solver_tuning\results\full12\1a\full12_1a_seed.mat"
3fa241d5-35b1-94a3-d5cc-da47a4d6fc29,2026-05-11_10-23-29,full12,1b,erk_rti_fch_gn,10,10,ERK,4,10,SQP_RTI,FULL_CONDENSING_HPIPM,GAUSS_NEWTON,20,0.200000,0.010000,1,10,baseline,0.05,1,1,1,1,65.2784,65.2784,65.2784,65.2784,71.3027,71.3027,71.3027,1e+09,NaN,NaN,0.687386,0.516457,0,0.5,0.0281108,100,0,0,97.321,1,8,"C:\Users\mariujf\Maggy2026V\NMPCProject\experiments\solver_tuning\results\full12\1b\full12_1b_erk_rti_fch_gn.mat"
13e4d8ba-5648-ac8a-1abc-965d1d633fd5,2026-05-11_10-54-52,full12,1b,erk_rti_fcq_gn,10,10,ERK,4,10,SQP_RTI,FULL_CONDENSING_QPOASES,GAUSS_NEWTON,20,0.200000,0.010000,1,10,baseline,0.05,1,1,1,1,110.369,110.369,110.369,110.369,117.482,117.482,117.482,1e+09,NaN,NaN,0.687386,0.516457,0,0.5,0.025088,100,0,0,92.9392,1,200,"C:\Users\mariujf\Maggy2026V\NMPCProject\experiments\solver_tuning\results\full12\1b\full12_1b_erk_rti_fcq_gn.mat"
59de70e5-5454-9274-fe0a-b7c55c6a929e,2026-05-11_10-39-20,full12,1b,erk_rti_pch_gn,10,10,ERK,4,10,SQP_RTI,PARTIAL_CONDENSING_HPIPM,GAUSS_NEWTON,20,0.200000,0.010000,1,10,baseline,0.05,1,1,1,1,60.0735,60.0735,60.0735,60.0735,66.9634,66.9634,66.9634,1e+09,NaN,NaN,0.687386,0.516457,0,0.5,0.0281108,100,0,0,93.3623,1,8,"C:\Users\mariujf\Maggy2026V\NMPCProject\experiments\solver_tuning\results\full12\1b\full12_1b_erk_rti_pch_gn.mat"
6d92f1f1-678f-3e14-df63-7e766c6f8d67,2026-05-11_10-20-16,full12,1b,erk_sqp_fch_gn,10,10,ERK,4,10,SQP,FULL_CONDENSING_HPIPM,GAUSS_NEWTON,20,0.200000,0.010000,1,10,baseline,0.05,1,1,1,1,1224.14,1224.14,1224.14,1224.14,1229.14,1229.14,1229.14,1e+09,NaN,NaN,0.687386,0.516457,0,0.5,0.0231504,100,0,0,96.2077,18,7,"C:\Users\mariujf\Maggy2026V\NMPCProject\experiments\solver_tuning\results\full12\1b\full12_1b_erk_sqp_fch_gn.mat"
1720d81d-69e8-c1e2-8dd5-79ea443f22a1,2026-05-11_10-51-46,full12,1b,erk_sqp_fcq_gn,10,10,ERK,4,10,SQP,FULL_CONDENSING_QPOASES,GAUSS_NEWTON,20,0.200000,0.010000,1,10,baseline,0.05,1,1,1,0,170.306,170.306,170.306,170.306,178.131,178.131,178.131,1e+09,NaN,NaN,0.687386,0.516457,0,0.5,0.025088,100,0,0,95.5927,2,200,"C:\Users\mariujf\Maggy2026V\NMPCProject\experiments\solver_tuning\results\full12\1b\full12_1b_erk_sqp_fcq_gn.mat"
dbb17936-2662-3ed6-0e89-348a772a7602,2026-05-11_10-36-11,full12,1b,erk_sqp_pch_gn,10,10,ERK,4,10,SQP,PARTIAL_CONDENSING_HPIPM,GAUSS_NEWTON,20,0.200000,0.010000,1,10,baseline,0.05,1,1,1,0,2846.57,2846.57,2846.57,2846.57,2858.95,2858.95,2858.95,1e+09,NaN,NaN,0.687386,0.516457,0,0.5,0.0231507,100,0,0,95.424,50,5,"C:\Users\mariujf\Maggy2026V\NMPCProject\experiments\solver_tuning\results\full12\1b\full12_1b_erk_sqp_pch_gn.mat"
d30402c0-bf1b-1a60-0c64-2f89790c0277,2026-05-11_10-34-32,full12,1b,irk_rti_fch_ex,10,10,IRK,4,10,SQP_RTI,FULL_CONDENSING_HPIPM,EXACT,20,0.200000,0.010000,1,10,baseline,0.05,1,1,1,1,252.175,252.175,252.175,252.175,263.632,263.632,263.632,1e+09,NaN,NaN,0.687386,0.516457,0,0.5,0.0349238,100,0,0,200.407,1,10,"C:\Users\mariujf\Maggy2026V\NMPCProject\experiments\solver_tuning\results\full12\1b\full12_1b_irk_rti_fch_ex.mat"
0873676d-f57d-9873-eede-efe1c17889f6,2026-05-11_10-31-11,full12,1b,irk_rti_fch_gn,10,10,IRK,4,10,SQP_RTI,FULL_CONDENSING_HPIPM,GAUSS_NEWTON,20,0.200000,0.010000,1,10,baseline,0.05,1,1,1,1,142.204,142.204,142.204,142.204,153.843,153.843,153.843,1e+09,NaN,NaN,0.687386,0.516457,0,0.5,0.0349238,100,0,0,75.3247,1,10,"C:\Users\mariujf\Maggy2026V\NMPCProject\experiments\solver_tuning\results\full12\1b\full12_1b_irk_rti_fch_gn.mat"
0a3bdcc6-57d6-1cbb-97ea-a14cc808bc8c,2026-05-11_11-05-58,full12,1b,irk_rti_fcq_ex,10,10,IRK,4,10,SQP_RTI,FULL_CONDENSING_QPOASES,EXACT,20,0.200000,0.010000,1,10,baseline,0.05,1,1,1,1,280.399,280.399,280.399,280.399,291.856,291.856,291.856,1e+09,NaN,NaN,0.687386,0.516457,0,0.5,0.0316,100,0,0,205.518,1,200,"C:\Users\mariujf\Maggy2026V\NMPCProject\experiments\solver_tuning\results\full12\1b\full12_1b_irk_rti_fcq_ex.mat"
b4168b45-412e-64a2-3e9f-952b0d809a2f,2026-05-11_11-02-32,full12,1b,irk_rti_fcq_gn,10,10,IRK,4,10,SQP_RTI,FULL_CONDENSING_QPOASES,GAUSS_NEWTON,20,0.200000,0.010000,1,10,baseline,0.05,1,1,1,1,179.231,179.231,179.231,179.231,188.676,188.676,188.676,1e+09,NaN,NaN,0.687386,0.516457,0,0.5,0.0316,100,0,0,79.5956,1,200,"C:\Users\mariujf\Maggy2026V\NMPCProject\experiments\solver_tuning\results\full12\1b\full12_1b_irk_rti_fcq_gn.mat"
7618b7f8-f5ea-8765-ef77-fd5577395d21,2026-05-11_10-50-10,full12,1b,irk_rti_pch_ex,10,10,IRK,4,10,SQP_RTI,PARTIAL_CONDENSING_HPIPM,EXACT,20,0.200000,0.010000,1,10,baseline,0.05,1,1,1,1,235.106,235.106,235.106,235.106,242.541,242.541,242.541,1e+09,NaN,NaN,0.687386,0.516457,0,0.5,0.0349238,100,0,0,192.785,1,9,"C:\Users\mariujf\Maggy2026V\NMPCProject\experiments\solver_tuning\results\full12\1b\full12_1b_irk_rti_pch_ex.mat"
5ce14590-426c-fe90-0bd7-ad24806e1d00,2026-05-11_10-46-57,full12,1b,irk_rti_pch_gn,10,10,IRK,4,10,SQP_RTI,PARTIAL_CONDENSING_HPIPM,GAUSS_NEWTON,20,0.200000,0.010000,1,10,baseline,0.05,1,1,1,1,125.603,125.603,125.603,125.603,135.21,135.21,135.21,1e+09,NaN,NaN,0.687386,0.516457,0,0.5,0.0349238,100,0,0,76.7621,1,9,"C:\Users\mariujf\Maggy2026V\NMPCProject\experiments\solver_tuning\results\full12\1b\full12_1b_irk_rti_pch_gn.mat"
2136fb74-6a6e-680f-c85e-6ee69386a685,2026-05-11_10-29-55,full12,1b,irk_sqp_fch_ex,10,10,IRK,4,10,SQP,FULL_CONDENSING_HPIPM,EXACT,20,0.200000,0.010000,1,10,baseline,0.05,1,1,1,0,11030.9,11030.9,11030.9,11030.9,11050.7,11050.7,11050.7,1e+09,NaN,NaN,0.687386,0.516457,0,0.5,0.0304294,100,0,0,199.287,50,9,"C:\Users\mariujf\Maggy2026V\NMPCProject\experiments\solver_tuning\results\full12\1b\full12_1b_irk_sqp_fch_ex.mat"
fa9eaec0-c915-594a-c7cf-0be05a535b64,2026-05-11_10-26-24,full12,1b,irk_sqp_fch_gn,10,10,IRK,4,10,SQP,FULL_CONDENSING_HPIPM,GAUSS_NEWTON,20,0.200000,0.010000,1,10,baseline,0.05,1,1,1,1,2385.13,2385.13,2385.13,2385.13,2394.86,2394.86,2394.86,1e+09,NaN,NaN,0.687386,0.516457,0,0.5,0.0304174,100,0,0,76.7221,18,8,"C:\Users\mariujf\Maggy2026V\NMPCProject\experiments\solver_tuning\results\full12\1b\full12_1b_irk_sqp_fch_gn.mat"
2779be93-486b-542e-0057-905c71b2294f,2026-05-11_11-01-12,full12,1b,irk_sqp_fcq_ex,10,10,IRK,4,10,SQP,FULL_CONDENSING_QPOASES,EXACT,20,0.200000,0.010000,1,10,baseline,0.05,1,1,1,0,571.176,571.176,571.176,571.176,583.878,583.878,583.878,1e+09,NaN,NaN,0.687386,0.516457,0,0.5,0.0316,100,0,0,211.253,2,200,"C:\Users\mariujf\Maggy2026V\NMPCProject\experiments\solver_tuning\results\full12\1b\full12_1b_irk_sqp_fcq_ex.mat"
6a07b728-dea2-d0bf-3b81-58a9f5ea4d22,2026-05-11_10-57-39,full12,1b,irk_sqp_fcq_gn,10,10,IRK,4,10,SQP,FULL_CONDENSING_QPOASES,GAUSS_NEWTON,20,0.200000,0.010000,1,10,baseline,0.05,1,1,1,0,312.801,312.801,312.801,312.801,330.254,330.254,330.254,1e+09,NaN,NaN,0.687386,0.516457,0,0.5,0.0316,100,0,0,73.8505,2,200,"C:\Users\mariujf\Maggy2026V\NMPCProject\experiments\solver_tuning\results\full12\1b\full12_1b_irk_sqp_fcq_gn.mat"
2ca1f35c-fa3d-4083-48dc-d699cd565eb5,2026-05-11_10-45-39,full12,1b,irk_sqp_pch_ex,10,10,IRK,4,10,SQP,PARTIAL_CONDENSING_HPIPM,EXACT,20,0.200000,0.010000,1,10,baseline,0.05,1,1,1,0,11743.8,11743.8,11743.8,11743.8,11751.9,11751.9,11751.9,1e+09,NaN,NaN,0.687386,0.516457,0,0.5,0.030404,100,0,0,193.743,50,7,"C:\Users\mariujf\Maggy2026V\NMPCProject\experiments\solver_tuning\results\full12\1b\full12_1b_irk_sqp_pch_ex.mat"
615d5f40-6c9d-be3d-5c2e-a061da551eb9,2026-05-11_10-42-13,full12,1b,irk_sqp_pch_gn,10,10,IRK,4,10,SQP,PARTIAL_CONDENSING_HPIPM,GAUSS_NEWTON,20,0.200000,0.010000,1,10,baseline,0.05,1,1,1,1,2318.42,2318.42,2318.42,2318.42,2338.2,2338.2,2338.2,1e+09,NaN,NaN,0.687386,0.516457,0,0.5,0.0304215,100,0,0,73.7832,18,6,"C:\Users\mariujf\Maggy2026V\NMPCProject\experiments\solver_tuning\results\full12\1b\full12_1b_irk_sqp_pch_gn.mat"
3e6b8cd1-1a00-796c-2cae-534c1c426da0,2026-05-11_10-03-47,full12,P0,ERK_n10,10,10,ERK,4,10,SQP_RTI,PARTIAL_CONDENSING_HPIPM,GAUSS_NEWTON,20,0.200000,0.010000,1,50,baseline,0.05,1,1,1,1,64.2611,64.2611,64.2611,64.2611,69.1414,69.1414,69.1414,1e+09,NaN,NaN,0.687386,0.516457,0,0.5,0.0287511,100,0,0,94.7113,1,8,"C:\Users\mariujf\Maggy2026V\NMPCProject\experiments\solver_tuning\results\full12\P0\full12_P0_ERK_n10.mat"
7260a36b-4ea0-7183-aa4f-d28051aba834,2026-05-11_09-58-59,full12,P0,ERK_n2,10,10,ERK,4,2,SQP_RTI,PARTIAL_CONDENSING_HPIPM,GAUSS_NEWTON,20,0.200000,0.010000,1,50,baseline,0.05,1,1,1,0,16.1032,16.1032,16.1032,16.1032,20.947,20.947,20.947,1e+09,NaN,NaN,0.687386,0.516457,0,0.5,0,0,0,0,95.3627,1,16,"C:\Users\mariujf\Maggy2026V\NMPCProject\experiments\solver_tuning\results\full12\P0\full12_P0_ERK_n2.mat"
8162284e-4e19-1ae7-dee1-adcfd3aef231,2026-05-11_10-00-37,full12,P0,ERK_n3,10,10,ERK,4,3,SQP_RTI,PARTIAL_CONDENSING_HPIPM,GAUSS_NEWTON,20,0.200000,0.010000,1,50,baseline,0.05,1,1,1,0,23.2982,23.2982,23.2982,23.2982,27.9828,27.9828,27.9828,1e+09,NaN,NaN,0.687386,0.516457,0,0.5,0,0,0,0,97.3687,1,24,"C:\Users\mariujf\Maggy2026V\NMPCProject\experiments\solver_tuning\results\full12\P0\full12_P0_ERK_n3.mat"
a16f836e-8e55-fcc8-a07c-da1d7d81051c,2026-05-11_10-02-12,full12,P0,ERK_n5,10,10,ERK,4,5,SQP_RTI,PARTIAL_CONDENSING_HPIPM,GAUSS_NEWTON,20,0.200000,0.010000,1,50,baseline,0.05,1,1,1,1,32.9862,32.9862,32.9862,32.9862,37.9055,37.9055,37.9055,1e+09,NaN,NaN,0.687386,0.516457,0,0.5,0.0319478,100,0,0,95.1243,1,8,"C:\Users\mariujf\Maggy2026V\NMPCProject\experiments\solver_tuning\results\full12\P0\full12_P0_ERK_n5.mat"
e20980de-0181-03dc-188f-c9768db8b832,2026-05-11_10-04-47,full12,P0,GNSF_dropin,10,10,GNSF,4,5,SQP_RTI,PARTIAL_CONDENSING_HPIPM,GAUSS_NEWTON,20,0.200000,0.010000,1,50,baseline,0.05,1,1,1,1,77.838,77.838,77.838,77.838,84.2112,84.2112,84.2112,1e+09,NaN,NaN,0.687386,0.516457,0,0.5,0.0357552,100,0,0,58.7138,1,9,"C:\Users\mariujf\Maggy2026V\NMPCProject\experiments\solver_tuning\results\full12\P0\full12_P0_GNSF_dropin.mat"
488822c7-9041-24ed-db26-07c8d9ae3b98,2026-05-11_09-47-13,full12,P0,IRK_s2_n10,10,10,IRK,2,10,SQP_RTI,PARTIAL_CONDENSING_HPIPM,GAUSS_NEWTON,20,0.200000,0.010000,1,50,baseline,0.05,1,1,1,1,67.3709,67.3709,67.3709,67.3709,72.049,72.049,72.049,1e+09,NaN,NaN,0.687386,0.516457,0,0.5,0.0367754,100,0,0,74.9625,1,9,"C:\Users\mariujf\Maggy2026V\NMPCProject\experiments\solver_tuning\results\full12\P0\full12_P0_IRK_s2_n10.mat"
faa84b7a-f32d-2c65-003b-e0e2d9bc561e,2026-05-11_09-43-26,full12,P0,IRK_s2_n2,10,10,IRK,2,2,SQP_RTI,PARTIAL_CONDENSING_HPIPM,GAUSS_NEWTON,20,0.200000,0.010000,1,50,baseline,0.05,1,58,1,0,4.57774,12.2255,22.9477,30.2146,6.36082,62.8939,107.876,1.00005e+09,NaN,NaN,13.0256,267.971,264.084,5.61979,1.83777,100,0,0,112.383,1,22.4828,"C:\Users\mariujf\Maggy2026V\NMPCProject\experiments\solver_tuning\results\full12\P0\full12_P0_IRK_s2_n2.mat"
192ca0cc-6681-ed94-e16f-9e7ce4d93584,2026-05-11_09-44-42,full12,P0,IRK_s2_n3,10,10,IRK,2,3,SQP_RTI,PARTIAL_CONDENSING_HPIPM,GAUSS_NEWTON,20,0.200000,0.010000,1,50,baseline,0.05,1,39,1,0,21.623,29.3377,33.6527,36.4012,21.9509,33.7483,36.4755,1.00002e+09,NaN,NaN,4.70496e+86,9.19925e+114,4.94538e+110,1.76181e+86,1.35158,100,0,0,74.4403,1,16.4103,"C:\Users\mariujf\Maggy2026V\NMPCProject\experiments\solver_tuning\results\full12\P0\full12_P0_IRK_s2_n3.mat"
421f010e-1727-9887-4c9f-c682a4732df6,2026-05-11_09-45-58,full12,P0,IRK_s2_n5,10,10,IRK,2,5,SQP_RTI,PARTIAL_CONDENSING_HPIPM,GAUSS_NEWTON,20,0.200000,0.010000,1,50,baseline,0.05,1,1,1,1,34.8892,34.8892,34.8892,34.8892,39.4729,39.4729,39.4729,1e+09,NaN,NaN,0.687386,0.516457,0,0.5,0.0275263,100,0,0,75.6646,1,10,"C:\Users\mariujf\Maggy2026V\NMPCProject\experiments\solver_tuning\results\full12\P0\full12_P0_IRK_s2_n5.mat"
10409756-e656-8281-8867-cc6fa7b4768a,2026-05-11_09-52-17,full12,P0,IRK_s3_n10,10,10,IRK,3,10,SQP_RTI,PARTIAL_CONDENSING_HPIPM,GAUSS_NEWTON,20,0.200000,0.010000,1,50,baseline,0.05,1,1,1,1,103.981,103.981,103.981,103.981,108.803,108.803,108.803,1e+09,NaN,NaN,0.687386,0.516457,0,0.5,0.0357501,100,0,0,75.1535,1,9,"C:\Users\mariujf\Maggy2026V\NMPCProject\experiments\solver_tuning\results\full12\P0\full12_P0_IRK_s3_n10.mat"
c1430e6f-b528-2f22-fe9e-844689c44581,2026-05-11_09-48-29,full12,P0,IRK_s3_n2,10,10,IRK,3,2,SQP_RTI,PARTIAL_CONDENSING_HPIPM,GAUSS_NEWTON,20,0.200000,0.010000,1,50,baseline,0.05,1,1,1,1,23.6445,23.6445,23.6445,23.6445,30.2781,30.2781,30.2781,1e+09,NaN,NaN,0.687386,0.516457,0,0.5,0.0317714,100,0,0,75.1794,1,11,"C:\Users\mariujf\Maggy2026V\NMPCProject\experiments\solver_tuning\results\full12\P0\full12_P0_IRK_s3_n2.mat"
60d5831c-83f2-780c-2777-3712a52a9b2b,2026-05-11_09-49-46,full12,P0,IRK_s3_n3,10,10,IRK,3,3,SQP_RTI,PARTIAL_CONDENSING_HPIPM,GAUSS_NEWTON,20,0.200000,0.010000,1,50,baseline,0.05,1,1,1,1,31.6529,31.6529,31.6529,31.6529,36.5507,36.5507,36.5507,1e+09,NaN,NaN,0.687386,0.516457,0,0.5,0.0297533,100,0,0,76.4771,1,12,"C:\Users\mariujf\Maggy2026V\NMPCProject\experiments\solver_tuning\results\full12\P0\full12_P0_IRK_s3_n3.mat"
2eaede21-8718-f97b-4915-f2f69b8cc6c7,2026-05-11_09-51-01,full12,P0,IRK_s3_n5,10,10,IRK,3,5,SQP_RTI,PARTIAL_CONDENSING_HPIPM,GAUSS_NEWTON,20,0.200000,0.010000,1,50,baseline,0.05,1,1,1,1,50.4235,50.4235,50.4235,50.4235,55.4203,55.4203,55.4203,1e+09,NaN,NaN,0.687386,0.516457,0,0.5,0.0366728,100,0,0,74.6845,1,10,"C:\Users\mariujf\Maggy2026V\NMPCProject\experiments\solver_tuning\results\full12\P0\full12_P0_IRK_s3_n5.mat"
b1e53ee9-a234-f5cb-b9f6-f83bc31b866c,2026-05-11_09-57-23,full12,P0,IRK_s4_n10,10,10,IRK,4,10,SQP_RTI,PARTIAL_CONDENSING_HPIPM,GAUSS_NEWTON,20,0.200000,0.010000,1,50,baseline,0.05,1,1,1,1,132.389,132.389,132.389,132.389,137.184,137.184,137.184,1e+09,NaN,NaN,0.687386,0.516457,0,0.5,0.0357235,100,0,0,75.5598,1,9,"C:\Users\mariujf\Maggy2026V\NMPCProject\experiments\solver_tuning\results\full12\P0\full12_P0_IRK_s4_n10.mat"
8eacbe37-83aa-1eeb-44a1-ecc396e28a0a,2026-05-11_09-53-33,full12,P0,IRK_s4_n2,10,10,IRK,4,2,SQP_RTI,PARTIAL_CONDENSING_HPIPM,GAUSS_NEWTON,20,0.200000,0.010000,1,50,baseline,0.05,1,1,1,1,30.1762,30.1762,30.1762,30.1762,35.3973,35.3973,35.3973,1e+09,NaN,NaN,0.687386,0.516457,0,0.5,0.0299632,100,0,0,75.4018,1,10,"C:\Users\mariujf\Maggy2026V\NMPCProject\experiments\solver_tuning\results\full12\P0\full12_P0_IRK_s4_n2.mat"
eff04170-e972-8e9f-bd1a-af2f23c3f936,2026-05-11_09-54-49,full12,P0,IRK_s4_n3,10,10,IRK,4,3,SQP_RTI,PARTIAL_CONDENSING_HPIPM,GAUSS_NEWTON,20,0.200000,0.010000,1,50,baseline,0.05,1,1,1,1,41.4755,41.4755,41.4755,41.4755,46.2918,46.2918,46.2918,1e+09,NaN,NaN,0.687386,0.516457,0,0.5,0.0366569,100,0,0,76.0036,1,10,"C:\Users\mariujf\Maggy2026V\NMPCProject\experiments\solver_tuning\results\full12\P0\full12_P0_IRK_s4_n3.mat"
6cae1382-1ba1-f8e4-9202-7bdba51e37dc,2026-05-11_09-56-07,full12,P0,IRK_s4_n5,10,10,IRK,4,5,SQP_RTI,PARTIAL_CONDENSING_HPIPM,GAUSS_NEWTON,20,0.200000,0.010000,1,50,baseline,0.05,1,1,1,1,68.6211,68.6211,68.6211,68.6211,73.3438,73.3438,73.3438,1e+09,NaN,NaN,0.687386,0.516457,0,0.5,0.0357552,100,0,0,77.0399,1,9,"C:\Users\mariujf\Maggy2026V\NMPCProject\experiments\solver_tuning\results\full12\P0\full12_P0_IRK_s4_n5.mat"
6da1d36f-9dff-31a1-cede-fc52260ada60,2026-05-10_12-43-27,reduced10,0,aR0p1_we25,10,30,IRK,4,5,SQP_RTI,PARTIAL_CONDENSING_HPIPM,GAUSS_NEWTON,20,0.200000,0.010000,0.1,25,baseline,0.05,1,300,0,1,54.5337,55.5081,57.7463,65.8281,54.6618,57.8587,71.6471,27.8101,840,650,0.845945,0.785735,0.00468169,0.817586,0.319687,3.33333,0,0,69.5528,1,5.09667,"C:\Users\mariujf\Maggy2026V\NMPCProject\experiments\solver_tuning\results\reduced10\0\reduced10_0_aR0p1_we25.mat"
3d156abc-5288-6f1d-53d2-1956abd20ca2,2026-05-10_12-44-55,reduced10,0,aR0p3_we25,10,30,IRK,4,5,SQP_RTI,PARTIAL_CONDENSING_HPIPM,GAUSS_NEWTON,20,0.200000,0.010000,0.3,25,baseline,0.05,1,300,0,1,54.4473,56.2369,57.9594,60.7783,54.5746,58.209,70.4825,27.7578,970,680,0.822558,0.784848,0.00451613,0.796039,0.299359,3.33333,0,0,68.1324,1,5.10333,"C:\Users\mariujf\Maggy2026V\NMPCProject\experiments\solver_tuning\results\reduced10\0\reduced10_0_aR0p3_we25.mat"
7c000ffd-2daf-5698-e167-0aef5afba407,2026-05-10_12-49-22,reduced10,0,aR10_we25,10,30,IRK,4,5,SQP_RTI,PARTIAL_CONDENSING_HPIPM,GAUSS_NEWTON,20,0.200000,0.010000,10,25,baseline,0.05,1,300,0,1,54.2248,55.5042,57.518,58.433,54.3446,57.6278,70.9139,27.3874,1150,770,0.687386,0.774238,0.00875004,0.5,0.227584,2.66667,0,0,67.9249,1,5.07333,"C:\Users\mariujf\Maggy2026V\NMPCProject\experiments\solver_tuning\results\reduced10\0\reduced10_0_aR10_we25.mat"
33747fc7-4681-6b6b-98d4-0c94e2fddbb9,2026-05-10_12-46-24,reduced10,0,aR1_we25,10,30,IRK,4,5,SQP_RTI,PARTIAL_CONDENSING_HPIPM,GAUSS_NEWTON,20,0.200000,0.010000,1,25,baseline,0.05,1,300,0,1,54.493,56.1083,57.85,62.4531,54.6165,58.9671,68.6972,27.6587,1070,770,0.769525,0.782781,0.0040367,0.740046,0.279442,3,0,0,68.3598,1,5.06,"C:\Users\mariujf\Maggy2026V\NMPCProject\experiments\solver_tuning\results\reduced10\0\reduced10_0_aR1_we25.mat"
15c62d6b-036e-9709-b536-c24836c6f756,2026-05-10_12-47-54,reduced10,0,aR3_we25,10,30,IRK,4,5,SQP_RTI,PARTIAL_CONDENSING_HPIPM,GAUSS_NEWTON,20,0.200000,0.010000,3,25,baseline,0.05,1,300,0,1,54.3154,55.6344,57.7107,58.8171,54.427,57.8168,66.2784,27.5007,1110,810,0.687386,0.779205,0.00471759,0.591619,0.254266,3,0,0,68.6058,1,5.07333,"C:\Users\mariujf\Maggy2026V\NMPCProject\experiments\solver_tuning\results\reduced10\0\reduced10_0_aR3_we25.mat"
8091bc91-1cb4-e26d-8790-016829b14327,2026-05-10_12-52-20,reduced10,0,aR_locked_we1,10,30,IRK,4,5,SQP_RTI,PARTIAL_CONDENSING_HPIPM,GAUSS_NEWTON,20,0.200000,0.010000,10,1,baseline,0.05,1,300,0,1,54.0186,55.2739,56.7937,62.098,54.131,57.6321,69.7321,27.3767,NaN,2980,0.687386,0.774342,0.00866824,0.5,0.227766,2.66667,0,0,68.0895,1,5.06667,"C:\Users\mariujf\Maggy2026V\NMPCProject\experiments\solver_tuning\results\reduced10\0\reduced10_0_aR_locked_we1.mat"
eb81018d-9085-5e62-5f11-056cafef8df7,2026-05-10_12-55-17,reduced10,0,aR_locked_we100,10,30,IRK,4,5,SQP_RTI,PARTIAL_CONDENSING_HPIPM,GAUSS_NEWTON,20,0.200000,0.010000,10,100,baseline,0.05,1,300,0,1,54.5328,56.0228,57.7447,58.2749,54.6342,57.854,63.9132,27.3889,1010,710,0.687386,0.774201,0.00879346,0.5,0.227582,2.66667,0,0,68.2747,1,5.07,"C:\Users\mariujf\Maggy2026V\NMPCProject\experiments\solver_tuning\results\reduced10\0\reduced10_0_aR_locked_we100.mat"
d3f00b6c-ca73-0d18-4be2-45abe9d89aff,2026-05-10_12-50-51,reduced10,0,aR_locked_we25,10,30,IRK,4,5,SQP_RTI,PARTIAL_CONDENSING_HPIPM,GAUSS_NEWTON,20,0.200000,0.010000,1,25,baseline,0.05,1,300,0,1,54.4598,55.4939,57.6755,58.8435,54.5575,57.7882,63.6637,27.6587,1070,770,0.769525,0.782781,0.0040367,0.740046,0.279442,3,0,0,68.3803,1,5.06,"C:\Users\mariujf\Maggy2026V\NMPCProject\experiments\solver_tuning\results\reduced10\0\reduced10_0_aR_locked_we25.mat"
09f3ae9b-0737-7ffc-7b0e-474d972a4994,2026-05-10_12-53-48,reduced10,0,aR_locked_we5,10,30,IRK,4,5,SQP_RTI,PARTIAL_CONDENSING_HPIPM,GAUSS_NEWTON,20,0.200000,0.010000,10,5,baseline,0.05,1,300,0,1,54.4739,55.5227,56.506,57.9533,54.5742,56.9042,64.2314,27.382,1790,1210,0.687386,0.774296,0.0087046,0.5,0.227656,2.66667,0,0,67.8668,1,5.07,"C:\Users\mariujf\Maggy2026V\NMPCProject\experiments\solver_tuning\results\reduced10\0\reduced10_0_aR_locked_we5.mat"
c3f3ca95-3f1e-3326-5def-b83520176e0d,2026-05-10_12-56-46,reduced10,0,aR_locked_we500,10,30,IRK,4,5,SQP_RTI,PARTIAL_CONDENSING_HPIPM,GAUSS_NEWTON,20,0.200000,0.010000,10,500,baseline,0.05,1,300,0,1,54.2495,55.3881,56.7995,58.0097,54.3532,56.9098,65.3402,27.3886,970,670,0.687386,0.774174,0.0088467,0.5,0.227593,2.66667,0,0,68.2747,1,5.07,"C:\Users\mariujf\Maggy2026V\NMPCProject\experiments\solver_tuning\results\reduced10\0\reduced10_0_aR_locked_we500.mat"
3d89f616-ec6d-4635-3928-408b3f3a3d54,2026-05-10_12-41-56,reduced10,1a,seed,10,30,IRK,4,5,SQP_RTI,PARTIAL_CONDENSING_HPIPM,GAUSS_NEWTON,20,0.200000,0.010000,1,50,baseline,0.05,1,300,0,1,9.04528,10.0059,12.4035,19.2218,9.48898,12.4877,121.968,27.654,1070,770,0.7693,0.782655,0.00401286,0.739736,0.279475,3,0,0,85.539,1,5.06,"C:\Users\mariujf\Maggy2026V\NMPCProject\experiments\solver_tuning\results\reduced10\1a\reduced10_1a_seed.mat"
0fe8c70d-bdfd-a03c-baa6-33f8cb84f97d,2026-05-10_13-01-57,reduced10,1b,erk_rti_fch_gn,10,30,ERK,4,10,SQP_RTI,FULL_CONDENSING_HPIPM,GAUSS_NEWTON,20,0.200000,0.010000,10,1,baseline,0.05,1,300,0,1,50.5742,51.942,53.3402,73.2507,50.7068,53.4895,73.4175,31.5227,NaN,2940,0.687386,0.825837,0.0124353,0.5,0.215186,2.66667,0,0,79.6321,1,5.04667,"C:\Users\mariujf\Maggy2026V\NMPCProject\experiments\solver_tuning\results\reduced10\1b\reduced10_1b_erk_rti_fch_gn.mat"
6ba3231a-4acc-01df-eec5-9bf8e44f6bbb,2026-05-10_13-33-02,reduced10,1b,erk_rti_fcq_gn,10,30,ERK,4,10,SQP_RTI,FULL_CONDENSING_QPOASES,GAUSS_NEWTON,20,0.200000,0.010000,10,1,baseline,0.05,1,1,1,1,95.6391,95.6391,95.6391,95.6391,100.564,100.564,100.564,1e+09,NaN,NaN,0.687386,0.516457,0,0.5,0.0288502,100,0,0,79.8996,1,200,"C:\Users\mariujf\Maggy2026V\NMPCProject\experiments\solver_tuning\results\reduced10\1b\reduced10_1b_erk_rti_fcq_gn.mat"
6ee90ef4-7124-d6ef-9e46-bdd9ef855347,2026-05-10_13-18-04,reduced10,1b,erk_rti_pch_gn,10,30,ERK,4,10,SQP_RTI,PARTIAL_CONDENSING_HPIPM,GAUSS_NEWTON,20,0.200000,0.010000,10,1,baseline,0.05,1,300,0,1,49.654,50.7739,52.3165,54.6777,49.7574,53.1504,59.4099,31.5227,NaN,2940,0.687386,0.825837,0.0124353,0.5,0.215186,2.66667,0,0,79.118,1,5.04,"C:\Users\mariujf\Maggy2026V\NMPCProject\experiments\solver_tuning\results\reduced10\1b\reduced10_1b_erk_rti_pch_gn.mat"
042f122e-b5d6-cd8d-e902-e980a12921a9,2026-05-10_12-58-59,reduced10,1b,erk_sqp_fch_gn,10,30,ERK,4,10,SQP,FULL_CONDENSING_HPIPM,GAUSS_NEWTON,20,0.200000,0.010000,10,1,baseline,0.05,1,300,0,1,162.796,243.103,641.631,1533.96,162.915,642.04,1535.42,30.2934,NaN,NaN,0.687386,0.854903,0.00863657,0.5,0.2199,2.33333,0,0,79.9141,2.31667,4.04,"C:\Users\mariujf\Maggy2026V\NMPCProject\experiments\solver_tuning\results\reduced10\1b\reduced10_1b_erk_sqp_fch_gn.mat"
8324dae3-7727-43cd-a125-900f8a8964b0,2026-05-10_13-30-23,reduced10,1b,erk_sqp_fcq_gn,10,30,ERK,4,10,SQP,FULL_CONDENSING_QPOASES,GAUSS_NEWTON,20,0.200000,0.010000,10,1,baseline,0.05,1,18,1,0,62.5902,78.7858,137.852,152.619,63.146,141.948,157.493,1.00011e+09,NaN,NaN,24.3549,62.2021,25.4409,8.29679,0.144697,27.7778,0,0,80.0284,1.05556,200,"C:\Users\mariujf\Maggy2026V\NMPCProject\experiments\solver_tuning\results\reduced10\1b\reduced10_1b_erk_sqp_fcq_gn.mat"
adddc6ed-b194-32e8-73cf-c9f4007e8e3a,2026-05-10_13-15-07,reduced10,1b,erk_sqp_pch_gn,10,30,ERK,4,10,SQP,PARTIAL_CONDENSING_HPIPM,GAUSS_NEWTON,20,0.200000,0.010000,10,1,baseline,0.05,1,300,0,1,163.027,245.222,653.318,1477.07,163.147,653.721,1479.01,30.2958,NaN,NaN,0.687386,0.854891,0.00861699,0.5,0.219897,2.33333,0,0,79.7671,2.31667,4.01333,"C:\Users\mariujf\Maggy2026V\NMPCProject\experiments\solver_tuning\results\reduced10\1b\reduced10_1b_erk_sqp_pch_gn.mat"
521e9dc4-01c3-101c-eb86-e7fad4dfe9e6,2026-05-10_13-12-54,reduced10,1b,irk_rti_fch_ex,10,30,IRK,4,3,SQP_RTI,FULL_CONDENSING_HPIPM,EXACT,20,0.200000,0.010000,10,1,baseline,0.05,1,300,0,1,54.1612,56.3502,59.0637,64.7366,54.2725,59.2571,64.849,27.3967,NaN,2990,0.687386,0.778159,0.0109194,0.5,0.241776,2.66667,0,0,158.433,1,5.06,"C:\Users\mariujf\Maggy2026V\NMPCProject\experiments\solver_tuning\results\reduced10\1b\reduced10_1b_irk_rti_fch_ex.mat"
ab397bbc-552a-4240-f944-43adca397f3f,2026-05-10_13-09-55,reduced10,1b,irk_rti_fch_gn,10,30,IRK,4,3,SQP_RTI,FULL_CONDENSING_HPIPM,GAUSS_NEWTON,20,0.200000,0.010000,10,1,baseline,0.05,1,300,0,1,32.9723,33.9871,35.4671,42.0239,33.0662,35.6028,42.1582,27.2969,NaN,2980,0.687386,0.773658,0.0101476,0.5,0.23019,2.66667,0,0,67.5994,1,5.08,"C:\Users\mariujf\Maggy2026V\NMPCProject\experiments\solver_tuning\results\reduced10\1b\reduced10_1b_irk_rti_fch_gn.mat"
a70ab36b-4d15-15e0-a228-4435e4ed4cde,2026-05-10_13-41-58,reduced10,1b,irk_rti_fcq_ex,10,30,IRK,4,3,SQP_RTI,FULL_CONDENSING_QPOASES,EXACT,20,0.200000,0.010000,10,1,baseline,0.05,1,1,1,1,107.434,107.434,107.434,107.434,115.019,115.019,115.019,1e+09,NaN,NaN,0.687386,0.516457,0,0.5,0.033243,100,0,0,157.882,1,200,"C:\Users\mariujf\Maggy2026V\NMPCProject\experiments\solver_tuning\results\reduced10\1b\reduced10_1b_irk_rti_fcq_ex.mat"
7ea61f45-6712-1759-b875-57a390f9a78e,2026-05-10_13-39-20,reduced10,1b,irk_rti_fcq_gn,10,30,IRK,4,3,SQP_RTI,FULL_CONDENSING_QPOASES,GAUSS_NEWTON,20,0.200000,0.010000,10,1,baseline,0.05,1,1,1,1,78.8588,78.8588,78.8588,78.8588,86.6683,86.6683,86.6683,1e+09,NaN,NaN,0.687386,0.516457,0,0.5,0.033243,100,0,0,68.6969,1,200,"C:\Users\mariujf\Maggy2026V\NMPCProject\experiments\solver_tuning\results\reduced10\1b\reduced10_1b_irk_rti_fcq_gn.mat"
53ae1a60-5ed3-60a0-7b57-cbadb0ffd98b,2026-05-10_13-29-01,reduced10,1b,irk_rti_pch_ex,10,30,IRK,4,3,SQP_RTI,PARTIAL_CONDENSING_HPIPM,EXACT,20,0.200000,0.010000,10,1,baseline,0.05,1,300,0,1,53.995,56.0612,58.3859,67.9956,54.1111,58.4975,68.1079,27.3967,NaN,2990,0.687386,0.778159,0.0109194,0.5,0.241775,2.66667,0,0,158.939,1,5.04667,"C:\Users\mariujf\Maggy2026V\NMPCProject\experiments\solver_tuning\results\reduced10\1b\reduced10_1b_irk_rti_pch_ex.mat"
14c048b1-12be-badf-58ac-a6f67b5461f1,2026-05-10_13-26-02,reduced10,1b,irk_rti_pch_gn,10,30,IRK,4,3,SQP_RTI,PARTIAL_CONDENSING_HPIPM,GAUSS_NEWTON,20,0.200000,0.010000,10,1,baseline,0.05,1,300,0,1,32.9382,33.6266,36.2011,46.8793,33.0392,36.3141,51.2718,27.2969,NaN,2980,0.687386,0.773658,0.0101476,0.5,0.23019,2.66667,0,0,67.691,1,5.07,"C:\Users\mariujf\Maggy2026V\NMPCProject\experiments\solver_tuning\results\reduced10\1b\reduced10_1b_irk_rti_pch_gn.mat"
14801a83-2196-83da-7b56-7225cc558768,2026-05-10_13-08-33,reduced10,1b,irk_sqp_fch_ex,10,30,IRK,4,3,SQP,FULL_CONDENSING_HPIPM,EXACT,20,0.200000,0.010000,10,1,baseline,0.05,1,300,0,0,162.609,166.78,218.258,2703.33,162.737,219.907,2707.97,26.7784,3000,2990,0.687386,0.804595,0.0253781,0.5,0.270242,2.33333,0,0,159.485,2.05,4.05,"C:\Users\mariujf\Maggy2026V\NMPCProject\experiments\solver_tuning\results\reduced10\1b\reduced10_1b_irk_sqp_fch_ex.mat"
6b8e3ee7-7ae9-ab41-da35-f20020f4b257,2026-05-10_13-05-01,reduced10,1b,irk_sqp_fch_gn,10,30,IRK,4,3,SQP,FULL_CONDENSING_HPIPM,GAUSS_NEWTON,20,0.200000,0.010000,10,1,baseline,0.05,1,300,0,1,105.03,128.077,386.788,1030.55,105.145,387.201,1031.93,26.922,NaN,2990,0.687386,0.799953,0.0127684,0.5,0.255296,2.33333,0,0,67.6868,2.27333,4.04667,"C:\Users\mariujf\Maggy2026V\NMPCProject\experiments\solver_tuning\results\reduced10\1b\reduced10_1b_irk_sqp_fch_gn.mat"
59e15006-4635-2647-5597-d5413bcb11b9,2026-05-10_13-38-11,reduced10,1b,irk_sqp_fcq_ex,10,30,IRK,4,3,SQP,FULL_CONDENSING_QPOASES,EXACT,20,0.200000,0.010000,10,1,baseline,0.05,1,1,1,0,171.986,171.986,171.986,171.986,180.522,180.522,180.522,1e+09,NaN,NaN,0.687386,0.516457,0,0.5,0.033243,100,0,0,160.332,2,200,"C:\Users\mariujf\Maggy2026V\NMPCProject\experiments\solver_tuning\results\reduced10\1b\reduced10_1b_irk_sqp_fcq_ex.mat"
66728dce-98a4-819b-9653-2200c2f8a6b1,2026-05-10_13-35-30,reduced10,1b,irk_sqp_fcq_gn,10,30,IRK,4,3,SQP,FULL_CONDENSING_QPOASES,GAUSS_NEWTON,20,0.200000,0.010000,10,1,baseline,0.05,1,1,1,0,118.777,118.777,118.777,118.777,123.509,123.509,123.509,1e+09,NaN,NaN,0.687386,0.516457,0,0.5,0.033243,100,0,0,67.7647,2,200,"C:\Users\mariujf\Maggy2026V\NMPCProject\experiments\solver_tuning\results\reduced10\1b\reduced10_1b_irk_sqp_fcq_gn.mat"
697503ea-c02b-0fe7-6e82-8af39c326fad,2026-05-10_13-24-40,reduced10,1b,irk_sqp_pch_ex,10,30,IRK,4,3,SQP,PARTIAL_CONDENSING_HPIPM,EXACT,20,0.200000,0.010000,10,1,baseline,0.05,1,300,0,0,162.749,168.149,212.527,2814.25,162.89,212.69,2822.26,26.7785,3000,2990,0.687386,0.804598,0.0253822,0.5,0.270223,2.33333,0,0,158.645,2.04,4.04333,"C:\Users\mariujf\Maggy2026V\NMPCProject\experiments\solver_tuning\results\reduced10\1b\reduced10_1b_irk_sqp_pch_ex.mat"
bef9df76-6eeb-8584-a714-78112eec39db,2026-05-10_13-21-08,reduced10,1b,irk_sqp_pch_gn,10,30,IRK,4,3,SQP,PARTIAL_CONDENSING_HPIPM,GAUSS_NEWTON,20,0.200000,0.010000,10,1,baseline,0.05,1,300,0,0,112.439,131.435,392.764,1658.81,112.554,393.164,1664.62,26.9189,NaN,2990,0.687386,0.799801,0.0127662,0.5,0.25534,2.66667,0,0,67.4992,2.44333,4.02333,"C:\Users\mariujf\Maggy2026V\NMPCProject\experiments\solver_tuning\results\reduced10\1b\reduced10_1b_irk_sqp_pch_gn.mat"
581174f6-3cf3-c56a-45fd-866687f7df96,2026-05-10_14-32-46,reduced10,2,irk_rti_pch_gn_N10_T050_n10,10,30,IRK,4,3,SQP_RTI,PARTIAL_CONDENSING_HPIPM,GAUSS_NEWTON,10,0.050000,0.005000,10,1,baseline,0.05,1,20,1,0,18.6826,26.4034,27.2225,27.4273,19.3819,28.3875,28.6147,1e+09,NaN,NaN,35.6986,812.728,42.2578,14.9838,0.382851,100,0,0,68.9254,1,52.6,"C:\Users\mariujf\Maggy2026V\NMPCProject\experiments\solver_tuning\results\reduced10\2\reduced10_2_irk_rti_pch_gn_N10_T050_n10.mat"
f0070c78-fa95-a1e0-1298-363a5c216d3a,2026-05-10_14-34-42,reduced10,2,irk_rti_pch_gn_N10_T050_n15,15,30,IRK,4,3,SQP_RTI,PARTIAL_CONDENSING_HPIPM,GAUSS_NEWTON,10,0.050000,0.005000,10,1,baseline,0.05,1,22,1,0,27.6324,34.6034,35.1963,35.2741,28.1469,35.268,35.3387,1.00013e+09,NaN,NaN,49.5356,223.491,467.98,24.6701,0.430625,100,0,0,114.533,1,52.6364,"C:\Users\mariujf\Maggy2026V\NMPCProject\experiments\solver_tuning\results\reduced10\2\reduced10_2_irk_rti_pch_gn_N10_T050_n15.mat"
c215ea6e-a136-f4b6-c14f-86afd9a0d0e7,2026-05-10_14-38-21,reduced10,2,irk_rti_pch_gn_N10_T050_n20,20,30,IRK,4,3,SQP_RTI,PARTIAL_CONDENSING_HPIPM,GAUSS_NEWTON,10,0.050000,0.005000,10,1,baseline,0.05,1,21,1,0,33.8818,35.6086,37.0648,37.4392,34.3788,41.4888,43.0241,1.00101e+09,NaN,NaN,26.6155,613.886,648.4,12.5692,0.392295,95.2381,0,0,217.388,1,13.7143,"C:\Users\mariujf\Maggy2026V\NMPCProject\experiments\solver_tuning\results\reduced10\2\reduced10_2_irk_rti_pch_gn_N10_T050_n20.mat"
d12157f0-7fa0-1e36-9355-83f55af3dd04,2026-05-10_14-31-36,reduced10,2,irk_rti_pch_gn_N10_T050_n5,5,30,IRK,4,3,SQP_RTI,PARTIAL_CONDENSING_HPIPM,GAUSS_NEWTON,10,0.050000,0.005000,10,1,baseline,0.05,1,18,1,0,8.61707,10.4941,10.5555,10.5709,9.40111,17.8194,19.0157,1e+09,NaN,NaN,37.3208,2867.16,9.7858,20.5403,0.36,100,0,0,36.8708,1,20.6111,"C:\Users\mariujf\Maggy2026V\NMPCProject\experiments\solver_tuning\results\reduced10\2\reduced10_2_irk_rti_pch_gn_N10_T050_n5.mat"
65618842-e755-570c-a9f5-ba3439178e32,2026-05-10_14-40-08,reduced10,2,irk_rti_pch_gn_N10_T100_n10,10,30,IRK,4,3,SQP_RTI,PARTIAL_CONDENSING_HPIPM,GAUSS_NEWTON,10,0.100000,0.010000,10,1,baseline,0.05,1,1,1,1,19.5703,19.5703,19.5703,19.5703,26.7422,26.7422,26.7422,1e+09,NaN,NaN,0.687386,0.516457,0,0.5,0.0331162,100,0,0,68.943,1,8,"C:\Users\mariujf\Maggy2026V\NMPCProject\experiments\solver_tuning\results\reduced10\2\reduced10_2_irk_rti_pch_gn_N10_T100_n10.mat"
748a9c3a-8b42-84b3-493a-e107efc1ce63,2026-05-10_14-42-04,reduced10,2,irk_rti_pch_gn_N10_T100_n15,15,30,IRK,4,3,SQP_RTI,PARTIAL_CONDENSING_HPIPM,GAUSS_NEWTON,10,0.100000,0.010000,10,1,baseline,0.05,1,1,1,1,28.8138,28.8138,28.8138,28.8138,34.3391,34.3391,34.3391,1e+09,NaN,NaN,0.687386,0.516457,0,0.5,0.030899,100,0,0,115.74,1,10,"C:\Users\mariujf\Maggy2026V\NMPCProject\experiments\solver_tuning\results\reduced10\2\reduced10_2_irk_rti_pch_gn_N10_T100_n15.mat"
f8158634-1ce4-a675-30dd-db60f15e1a7b,2026-05-10_14-45-42,reduced10,2,irk_rti_pch_gn_N10_T100_n20,20,30,IRK,4,3,SQP_RTI,PARTIAL_CONDENSING_HPIPM,GAUSS_NEWTON,10,0.100000,0.010000,10,1,baseline,0.05,1,1,1,1,37.3975,37.3975,37.3975,37.3975,42.6477,42.6477,42.6477,1e+09,NaN,NaN,0.687386,0.516457,0,0.5,0.0309017,100,0,0,217.18,1,10,"C:\Users\mariujf\Maggy2026V\NMPCProject\experiments\solver_tuning\results\reduced10\2\reduced10_2_irk_rti_pch_gn_N10_T100_n20.mat"
21d3c2be-9e02-65cc-d75d-09cf18a0f2b6,2026-05-10_14-38-58,reduced10,2,irk_rti_pch_gn_N10_T100_n5,5,30,IRK,4,3,SQP_RTI,PARTIAL_CONDENSING_HPIPM,GAUSS_NEWTON,10,0.100000,0.010000,10,1,baseline,0.05,1,1,1,1,10.1007,10.1007,10.1007,10.1007,15.6412,15.6412,15.6412,1e+09,NaN,NaN,0.687386,0.516457,0,0.5,0.04,100,0,0,36.8673,1,42,"C:\Users\mariujf\Maggy2026V\NMPCProject\experiments\solver_tuning\results\reduced10\2\reduced10_2_irk_rti_pch_gn_N10_T100_n5.mat"
139cc983-3188-87ea-ec93-fc6ef9ac4e05,2026-05-10_14-56-13,reduced10,2,irk_rti_pch_gn_N10_T150_n10,10,30,IRK,4,3,SQP_RTI,PARTIAL_CONDENSING_HPIPM,GAUSS_NEWTON,10,0.150000,0.015000,10,1,baseline,0.05,1,1,1,1,19.3022,19.3022,19.3022,19.3022,29.2935,29.2935,29.2935,1e+09,NaN,NaN,0.687386,0.516457,0,0.5,0.0307516,100,0,0,68.7374,1,8,"C:\Users\mariujf\Maggy2026V\NMPCProject\experiments\solver_tuning\results\reduced10\2\reduced10_2_irk_rti_pch_gn_N10_T150_n10.mat"
c0ee34d3-dc83-a868-1a2a-9499f6a7d849,2026-05-10_14-58-08,reduced10,2,irk_rti_pch_gn_N10_T150_n15,15,30,IRK,4,3,SQP_RTI,PARTIAL_CONDENSING_HPIPM,GAUSS_NEWTON,10,0.150000,0.015000,10,1,baseline,0.05,1,1,1,1,28.4075,28.4075,28.4075,28.4075,34.6975,34.6975,34.6975,1e+09,NaN,NaN,0.687386,0.516457,0,0.5,0.0339165,100,0,0,114.722,1,8,"C:\Users\mariujf\Maggy2026V\NMPCProject\experiments\solver_tuning\results\reduced10\2\reduced10_2_irk_rti_pch_gn_N10_T150_n15.mat"
c0cbb3fb-3f22-0a39-764d-1e0c295f6b75,2026-05-10_15-01-47,reduced10,2,irk_rti_pch_gn_N10_T150_n20,20,30,IRK,4,3,SQP_RTI,PARTIAL_CONDENSING_HPIPM,GAUSS_NEWTON,10,0.150000,0.015000,10,1,baseline,0.05,1,1,1,1,39.5245,39.5245,39.5245,39.5245,46.8001,46.8001,46.8001,1e+09,NaN,NaN,0.687386,0.516457,0,0.5,0.0338903,100,0,0,217.777,1,8,"C:\Users\mariujf\Maggy2026V\NMPCProject\experiments\solver_tuning\results\reduced10\2\reduced10_2_irk_rti_pch_gn_N10_T150_n20.mat"
4be3cc8d-7114-7e15-078e-9298928cbddf,2026-05-10_14-55-04,reduced10,2,irk_rti_pch_gn_N10_T150_n5,5,30,IRK,4,3,SQP_RTI,PARTIAL_CONDENSING_HPIPM,GAUSS_NEWTON,10,0.150000,0.015000,10,1,baseline,0.05,1,6,1,0,10.3817,14.5943,15.016,15.1214,12.9056,26.1321,26.9366,1e+09,NaN,NaN,1.18357e+06,6.06023e+12,1.27693e+08,1.17313e+06,0.36,100,0,0,36.951,1,80,"C:\Users\mariujf\Maggy2026V\NMPCProject\experiments\solver_tuning\results\reduced10\2\reduced10_2_irk_rti_pch_gn_N10_T150_n5.mat"
e23585b1-f960-c190-b8fa-00aa34a342a7,2026-05-10_15-03-33,reduced10,2,irk_rti_pch_gn_N10_T200_n10,10,30,IRK,4,3,SQP_RTI,PARTIAL_CONDENSING_HPIPM,GAUSS_NEWTON,10,0.200000,0.020000,10,1,baseline,0.05,1,1,1,1,19.2533,19.2533,19.2533,19.2533,25.9114,25.9114,25.9114,1e+09,NaN,NaN,0.687386,0.516457,0,0.5,0.0557692,100,0,0,68.7928,1,9,"C:\Users\mariujf\Maggy2026V\NMPCProject\experiments\solver_tuning\results\reduced10\2\reduced10_2_irk_rti_pch_gn_N10_T200_n10.mat"
1477bc3e-d299-57e8-22d9-aa77d497ac72,2026-05-10_15-05-29,reduced10,2,irk_rti_pch_gn_N10_T200_n15,15,30,IRK,4,3,SQP_RTI,PARTIAL_CONDENSING_HPIPM,GAUSS_NEWTON,10,0.200000,0.020000,10,1,baseline,0.05,1,1,1,1,28.6913,28.6913,28.6913,28.6913,35.1034,35.1034,35.1034,1e+09,NaN,NaN,0.687386,0.516457,0,0.5,0.0540732,100,0,0,115.467,1,8,"C:\Users\mariujf\Maggy2026V\NMPCProject\experiments\solver_tuning\results\reduced10\2\reduced10_2_irk_rti_pch_gn_N10_T200_n15.mat"
23b360fa-ada9-8413-fa61-4489dded5fae,2026-05-10_15-09-07,reduced10,2,irk_rti_pch_gn_N10_T200_n20,20,30,IRK,4,3,SQP_RTI,PARTIAL_CONDENSING_HPIPM,GAUSS_NEWTON,10,0.200000,0.020000,10,1,baseline,0.05,1,1,1,1,36.8966,36.8966,36.8966,36.8966,42.7445,42.7445,42.7445,1e+09,NaN,NaN,0.687386,0.516457,0,0.5,0.0540683,100,0,0,216.781,1,8,"C:\Users\mariujf\Maggy2026V\NMPCProject\experiments\solver_tuning\results\reduced10\2\reduced10_2_irk_rti_pch_gn_N10_T200_n20.mat"
aa86f920-4797-8809-ee41-2aaaca0c1a5b,2026-05-10_15-02-24,reduced10,2,irk_rti_pch_gn_N10_T200_n5,5,30,IRK,4,3,SQP_RTI,PARTIAL_CONDENSING_HPIPM,GAUSS_NEWTON,10,0.200000,0.020000,10,1,baseline,0.05,1,1,1,0,10.3194,10.3194,10.3194,10.3194,19.7434,19.7434,19.7434,1e+09,NaN,NaN,0.687386,0.516457,0,0.5,0,0,0,0,37.093,1,26,"C:\Users\mariujf\Maggy2026V\NMPCProject\experiments\solver_tuning\results\reduced10\2\reduced10_2_irk_rti_pch_gn_N10_T200_n5.mat"
76a6fce3-6294-f177-2ac0-eccdc11cdb4a,2026-05-10_15-10-53,reduced10,2,irk_rti_pch_gn_N10_T300_n10,10,30,IRK,4,3,SQP_RTI,PARTIAL_CONDENSING_HPIPM,GAUSS_NEWTON,10,0.300000,0.030000,10,1,baseline,0.05,1,1,1,1,41.3619,41.3619,41.3619,41.3619,52.4971,52.4971,52.4971,1e+09,NaN,NaN,0.687386,0.516457,0,0.5,0.0712946,100,0,0,68.8802,1,7,"C:\Users\mariujf\Maggy2026V\NMPCProject\experiments\solver_tuning\results\reduced10\2\reduced10_2_irk_rti_pch_gn_N10_T300_n10.mat"
9a361b7c-7499-a793-0eba-05714a30ee75,2026-05-10_15-12-49,reduced10,2,irk_rti_pch_gn_N10_T300_n15,15,30,IRK,4,3,SQP_RTI,PARTIAL_CONDENSING_HPIPM,GAUSS_NEWTON,10,0.300000,0.030000,10,1,baseline,0.05,1,1,1,1,28.9079,28.9079,28.9079,28.9079,34.9152,34.9152,34.9152,1e+09,NaN,NaN,0.687386,0.516457,0,0.5,0.0716594,100,0,0,115.312,1,6,"C:\Users\mariujf\Maggy2026V\NMPCProject\experiments\solver_tuning\results\reduced10\2\reduced10_2_irk_rti_pch_gn_N10_T300_n15.mat"
8396e013-60cb-e26f-88e6-e4811a4e3648,2026-05-10_15-16-26,reduced10,2,irk_rti_pch_gn_N10_T300_n20,20,30,IRK,4,3,SQP_RTI,PARTIAL_CONDENSING_HPIPM,GAUSS_NEWTON,10,0.300000,0.030000,10,1,baseline,0.05,1,1,1,1,39.1429,39.1429,39.1429,39.1429,47.6421,47.6421,47.6421,1e+09,NaN,NaN,0.687386,0.516457,0,0.5,0.0716626,100,0,0,216.456,1,6,"C:\Users\mariujf\Maggy2026V\NMPCProject\experiments\solver_tuning\results\reduced10\2\reduced10_2_irk_rti_pch_gn_N10_T300_n20.mat"
22fa152b-bd23-5f3f-6169-4d5b4b664283,2026-05-10_15-09-44,reduced10,2,irk_rti_pch_gn_N10_T300_n5,5,30,IRK,4,3,SQP_RTI,PARTIAL_CONDENSING_HPIPM,GAUSS_NEWTON,10,0.300000,0.030000,10,1,baseline,0.05,1,1,1,0,9.7526,9.7526,9.7526,9.7526,15.3602,15.3602,15.3602,1e+09,NaN,NaN,0.687386,0.516457,0,0.5,0,0,0,0,37.0722,1,22,"C:\Users\mariujf\Maggy2026V\NMPCProject\experiments\solver_tuning\results\reduced10\2\reduced10_2_irk_rti_pch_gn_N10_T300_n5.mat"
97fe982e-2c27-eed9-0e64-33a4821cc25b,2026-05-10_15-26-58,reduced10,2,irk_rti_pch_gn_N15_T100_n10,10,30,IRK,4,3,SQP_RTI,PARTIAL_CONDENSING_HPIPM,GAUSS_NEWTON,15,0.100000,0.006667,10,1,baseline,0.05,1,1,1,1,28.0823,28.0823,28.0823,28.0823,35.1446,35.1446,35.1446,1e+09,NaN,NaN,0.687386,0.516457,0,0.5,0.0204484,100,0,0,69.3768,1,7,"C:\Users\mariujf\Maggy2026V\NMPCProject\experiments\solver_tuning\results\reduced10\2\reduced10_2_irk_rti_pch_gn_N15_T100_n10.mat"
2563ee5a-6c04-0e76-ac98-47a1c7b3f67c,2026-05-10_15-28-54,reduced10,2,irk_rti_pch_gn_N15_T100_n15,15,30,IRK,4,3,SQP_RTI,PARTIAL_CONDENSING_HPIPM,GAUSS_NEWTON,15,0.100000,0.006667,10,1,baseline,0.05,1,1,1,1,41.0993,41.0993,41.0993,41.0993,50.4405,50.4405,50.4405,1e+09,NaN,NaN,0.687386,0.516457,0,0.5,0.0215781,100,0,0,115.575,1,7,"C:\Users\mariujf\Maggy2026V\NMPCProject\experiments\solver_tuning\results\reduced10\2\reduced10_2_irk_rti_pch_gn_N15_T100_n15.mat"
b0307f98-195a-49aa-89c1-02e6486896ee,2026-05-10_15-32-33,reduced10,2,irk_rti_pch_gn_N15_T100_n20,20,30,IRK,4,3,SQP_RTI,PARTIAL_CONDENSING_HPIPM,GAUSS_NEWTON,15,0.100000,0.006667,10,1,baseline,0.05,1,1,1,1,53.8305,53.8305,53.8305,53.8305,63.1811,63.1811,63.1811,1e+09,NaN,NaN,0.687386,0.516457,0,0.5,0.0215808,100,0,0,218.126,1,7,"C:\Users\mariujf\Maggy2026V\NMPCProject\experiments\solver_tuning\results\reduced10\2\reduced10_2_irk_rti_pch_gn_N15_T100_n20.mat"
b39c5c81-005b-6262-51f4-64b22e663599,2026-05-10_15-25-48,reduced10,2,irk_rti_pch_gn_N15_T100_n5,5,30,IRK,4,3,SQP_RTI,PARTIAL_CONDENSING_HPIPM,GAUSS_NEWTON,15,0.100000,0.006667,10,1,baseline,0.05,1,12,1,0,13.4015,15.482,15.8015,15.8814,14.3534,21.4565,22.1111,1e+09,NaN,NaN,19.2043,28.1927,0.19564,5.0727,0.32,100,0,0,37.1524,1,32.3333,"C:\Users\mariujf\Maggy2026V\NMPCProject\experiments\solver_tuning\results\reduced10\2\reduced10_2_irk_rti_pch_gn_N15_T100_n5.mat"
8561dd6c-fe7d-d6a7-58ef-bfd9f07dab07,2026-05-10_15-34-21,reduced10,2,irk_rti_pch_gn_N15_T150_n10,10,30,IRK,4,3,SQP_RTI,PARTIAL_CONDENSING_HPIPM,GAUSS_NEWTON,15,0.150000,0.010000,10,1,baseline,0.05,1,1,1,1,27.3834,27.3834,27.3834,27.3834,36.8953,36.8953,36.8953,1e+09,NaN,NaN,0.687386,0.516457,0,0.5,0.0374468,100,0,0,69.0916,1,8,"C:\Users\mariujf\Maggy2026V\NMPCProject\experiments\solver_tuning\results\reduced10\2\reduced10_2_irk_rti_pch_gn_N15_T150_n10.mat"
7b304941-985c-561e-f5a5-712bf645ad27,2026-05-10_15-36-17,reduced10,2,irk_rti_pch_gn_N15_T150_n15,15,30,IRK,4,3,SQP_RTI,PARTIAL_CONDENSING_HPIPM,GAUSS_NEWTON,15,0.150000,0.010000,10,1,baseline,0.05,1,1,1,1,52.4145,52.4145,52.4145,52.4145,65.1845,65.1845,65.1845,1e+09,NaN,NaN,0.687386,0.516457,0,0.5,0.0350478,100,0,0,115.974,1,8,"C:\Users\mariujf\Maggy2026V\NMPCProject\experiments\solver_tuning\results\reduced10\2\reduced10_2_irk_rti_pch_gn_N15_T150_n15.mat"
b4c1f52b-f09b-d571-27bd-d49776d14c76,2026-05-10_15-40-18,reduced10,2,irk_rti_pch_gn_N15_T150_n20,20,30,IRK,4,3,SQP_RTI,PARTIAL_CONDENSING_HPIPM,GAUSS_NEWTON,15,0.150000,0.010000,10,1,baseline,0.05,1,1,1,1,90.8386,90.8386,90.8386,90.8386,101.302,101.302,101.302,1e+09,NaN,NaN,0.687386,0.516457,0,0.5,0.0350412,100,0,0,240.496,1,8,"C:\Users\mariujf\Maggy2026V\NMPCProject\experiments\solver_tuning\results\reduced10\2\reduced10_2_irk_rti_pch_gn_N15_T150_n20.mat"
2c0b2b8b-ad24-91d0-8d3a-f7aaa0e05315,2026-05-10_15-33-11,reduced10,2,irk_rti_pch_gn_N15_T150_n5,5,30,IRK,4,3,SQP_RTI,PARTIAL_CONDENSING_HPIPM,GAUSS_NEWTON,15,0.150000,0.010000,10,1,baseline,0.05,1,1,1,1,25.7734,25.7734,25.7734,25.7734,37.3116,37.3116,37.3116,1e+09,NaN,NaN,0.687386,0.516457,0,0.5,0.04,100,0,0,37.5041,1,200,"C:\Users\mariujf\Maggy2026V\NMPCProject\experiments\solver_tuning\results\reduced10\2\reduced10_2_irk_rti_pch_gn_N15_T150_n5.mat"
d5ef6257-026e-4f1c-d635-4805c8068811,2026-05-10_15-57-16,reduced10,2,irk_rti_pch_gn_N15_T200_n10,10,30,IRK,4,3,SQP_RTI,PARTIAL_CONDENSING_HPIPM,GAUSS_NEWTON,15,0.200000,0.013333,10,1,baseline,0.05,1,1,1,1,36.3044,36.3044,36.3044,36.3044,44.4024,44.4024,44.4024,1e+09,NaN,NaN,0.687386,0.516457,0,0.5,0.0498312,100,0,0,78.9885,1,9,"C:\Users\mariujf\Maggy2026V\NMPCProject\experiments\solver_tuning\results\reduced10\2\reduced10_2_irk_rti_pch_gn_N15_T200_n10.mat"
27668677-4882-b701-bc00-731b2e9c22b2,2026-05-10_15-59-43,reduced10,2,irk_rti_pch_gn_N15_T200_n15,15,30,IRK,4,3,SQP_RTI,PARTIAL_CONDENSING_HPIPM,GAUSS_NEWTON,15,0.200000,0.013333,10,1,baseline,0.05,1,1,1,1,61.5259,61.5259,61.5259,61.5259,74.6243,74.6243,74.6243,1e+09,NaN,NaN,0.687386,0.516457,0,0.5,0.0460861,100,0,0,145.7,1,8,"C:\Users\mariujf\Maggy2026V\NMPCProject\experiments\solver_tuning\results\reduced10\2\reduced10_2_irk_rti_pch_gn_N15_T200_n15.mat"
45d4a2b9-ce62-aafa-495d-24773ef1b120,2026-05-10_16-04-35,reduced10,2,irk_rti_pch_gn_N15_T200_n20,20,30,IRK,4,3,SQP_RTI,PARTIAL_CONDENSING_HPIPM,GAUSS_NEWTON,15,0.200000,0.013333,10,1,baseline,0.05,1,1,1,1,109.238,109.238,109.238,109.238,120.8,120.8,120.8,1e+09,NaN,NaN,0.687386,0.516457,0,0.5,0.0460763,100,0,0,291.82,1,8,"C:\Users\mariujf\Maggy2026V\NMPCProject\experiments\solver_tuning\results\reduced10\2\reduced10_2_irk_rti_pch_gn_N15_T200_n20.mat"
85f7d4e5-8a04-4284-5aa2-2fce59c43091,2026-05-10_15-55-56,reduced10,2,irk_rti_pch_gn_N15_T200_n5,5,30,IRK,4,3,SQP_RTI,PARTIAL_CONDENSING_HPIPM,GAUSS_NEWTON,15,0.200000,0.013333,10,1,baseline,0.05,1,7,1,0,14.8587,18.4787,19.6979,20.0027,17.3625,29.8408,30.7535,1e+09,NaN,NaN,16.2942,20.1753,0.0545613,3.3198,0,0,0,0,48.0593,1,23.2857,"C:\Users\mariujf\Maggy2026V\NMPCProject\experiments\solver_tuning\results\reduced10\2\reduced10_2_irk_rti_pch_gn_N15_T200_n5.mat"
ad64484b-94f5-9e6e-d072-041736dffce4,2026-05-10_16-06-42,reduced10,2,irk_rti_pch_gn_N15_T300_n10,10,30,IRK,4,3,SQP_RTI,PARTIAL_CONDENSING_HPIPM,GAUSS_NEWTON,15,0.300000,0.020000,10,1,baseline,0.05,1,1,1,1,33.7473,33.7473,33.7473,33.7473,42.5422,42.5422,42.5422,1e+09,NaN,NaN,0.687386,0.516457,0,0.5,0.0568889,100,0,0,77.4754,1,8,"C:\Users\mariujf\Maggy2026V\NMPCProject\experiments\solver_tuning\results\reduced10\2\reduced10_2_irk_rti_pch_gn_N15_T300_n10.mat"
d13da1d0-aea1-cee7-4797-aa3b07818b5c,2026-05-10_16-09-11,reduced10,2,irk_rti_pch_gn_N15_T300_n15,15,30,IRK,4,3,SQP_RTI,PARTIAL_CONDENSING_HPIPM,GAUSS_NEWTON,15,0.300000,0.020000,10,1,baseline,0.05,1,1,1,1,48.2803,48.2803,48.2803,48.2803,56.0169,56.0169,56.0169,1e+09,NaN,NaN,0.687386,0.516457,0,0.5,0.0550567,100,0,0,148.389,1,8,"C:\Users\mariujf\Maggy2026V\NMPCProject\experiments\solver_tuning\results\reduced10\2\reduced10_2_irk_rti_pch_gn_N15_T300_n15.mat"
876adf87-3007-ee74-f9f2-54c99fab86ed,2026-05-10_16-13-53,reduced10,2,irk_rti_pch_gn_N15_T300_n20,20,30,IRK,4,3,SQP_RTI,PARTIAL_CONDENSING_HPIPM,GAUSS_NEWTON,15,0.300000,0.020000,10,1,baseline,0.05,1,1,1,1,60.2325,60.2325,60.2325,60.2325,66.6296,66.6296,66.6296,1e+09,NaN,NaN,0.687386,0.516457,0,0.5,0.0550514,100,0,0,280.499,1,8,"C:\Users\mariujf\Maggy2026V\NMPCProject\experiments\solver_tuning\results\reduced10\2\reduced10_2_irk_rti_pch_gn_N15_T300_n20.mat"
125e7fa8-fc6a-e7a7-9340-c43abf2cb201,2026-05-10_16-05-24,reduced10,2,irk_rti_pch_gn_N15_T300_n5,5,30,IRK,4,3,SQP_RTI,PARTIAL_CONDENSING_HPIPM,GAUSS_NEWTON,15,0.300000,0.020000,10,1,baseline,0.05,1,1,1,0,24.9436,24.9436,24.9436,24.9436,35.4079,35.4079,35.4079,1e+09,NaN,NaN,0.687386,0.516457,0,0.5,0,0,0,0,48.3369,1,15,"C:\Users\mariujf\Maggy2026V\NMPCProject\experiments\solver_tuning\results\reduced10\2\reduced10_2_irk_rti_pch_gn_N15_T300_n5.mat"
2324d393-ee17-d427-7c25-a8e674d66b20,2026-05-10_16-15-56,reduced10,2,irk_rti_pch_gn_N20_T100_n10,10,30,IRK,4,3,SQP_RTI,PARTIAL_CONDENSING_HPIPM,GAUSS_NEWTON,20,0.100000,0.005000,10,1,baseline,0.05,1,300,0,1,33.9268,37.5554,45.888,47.9181,34.0555,46.0323,49.6737,25.7737,NaN,NaN,0.687386,0.830211,1.20838,0.5,0.240129,5.66667,0,0,70.0273,1,5.10333,"C:\Users\mariujf\Maggy2026V\NMPCProject\experiments\solver_tuning\results\reduced10\2\reduced10_2_irk_rti_pch_gn_N20_T100_n10.mat"
08c7ed45-0b1a-79df-62c0-88b8ff87e708,2026-05-10_16-18-13,reduced10,2,irk_rti_pch_gn_N20_T100_n15,15,30,IRK,4,3,SQP_RTI,PARTIAL_CONDENSING_HPIPM,GAUSS_NEWTON,20,0.100000,0.005000,10,1,baseline,0.05,1,300,0,1,50.4611,52.1432,65.418,73.1141,50.5841,65.5343,75.6467,26.2963,NaN,NaN,0.687386,0.832748,0.00710554,0.5,0.249139,6,0,0,117.971,1,5.17667,"C:\Users\mariujf\Maggy2026V\NMPCProject\experiments\solver_tuning\results\reduced10\2\reduced10_2_irk_rti_pch_gn_N20_T100_n15.mat"
03c7c7cf-7c3b-63e5-d2b6-dfd9ff943216,2026-05-10_16-22-17,reduced10,2,irk_rti_pch_gn_N20_T100_n20,20,30,IRK,4,3,SQP_RTI,PARTIAL_CONDENSING_HPIPM,GAUSS_NEWTON,20,0.100000,0.005000,10,1,baseline,0.05,1,300,0,1,66.6241,68.3324,77.2293,95.8886,66.7555,77.3452,105.77,26.2967,NaN,NaN,0.687386,0.832793,0.00712777,0.5,0.249076,6,0,0,219.132,1,5.17333,"C:\Users\mariujf\Maggy2026V\NMPCProject\experiments\solver_tuning\results\reduced10\2\reduced10_2_irk_rti_pch_gn_N20_T100_n20.mat"
75865bca-5592-154c-63f1-3d457c7cb339,2026-05-10_16-14-31,reduced10,2,irk_rti_pch_gn_N20_T100_n5,5,30,IRK,4,3,SQP_RTI,PARTIAL_CONDENSING_HPIPM,GAUSS_NEWTON,20,0.100000,0.005000,10,1,baseline,0.05,1,17,1,0,20.3292,29.5219,34.1619,35.3219,20.9456,34.5201,35.442,1.00048e+09,NaN,NaN,43.8974,662.493,243.219,20.8475,0.34,100,0,0,37.2633,1,42.3529,"C:\Users\mariujf\Maggy2026V\NMPCProject\experiments\solver_tuning\results\reduced10\2\reduced10_2_irk_rti_pch_gn_N20_T100_n5.mat"
bb374d02-5686-bbfc-fc46-b2e217057882,2026-05-10_16-33-33,reduced10,2,irk_rti_pch_gn_N20_T150_n10,10,30,IRK,4,3,SQP_RTI,PARTIAL_CONDENSING_HPIPM,GAUSS_NEWTON,20,0.150000,0.007500,10,1,baseline,0.05,1,300,0,1,33.9388,37.2475,46.0036,49.4544,34.0594,46.1193,49.5799,5.53506,NaN,NaN,0.687386,0.697495,5.59427,0.5,0.169451,2.33333,0,0,71.7716,1,5.05333,"C:\Users\mariujf\Maggy2026V\NMPCProject\experiments\solver_tuning\results\reduced10\2\reduced10_2_irk_rti_pch_gn_N20_T150_n10.mat"
a2a78678-242e-4688-fcb2-cb85eeef592e,2026-05-10_16-35-48,reduced10,2,irk_rti_pch_gn_N20_T150_n15,15,30,IRK,4,3,SQP_RTI,PARTIAL_CONDENSING_HPIPM,GAUSS_NEWTON,20,0.150000,0.007500,10,1,baseline,0.05,1,300,0,1,50.0099,51.577,60.2392,70.4141,50.1196,60.485,70.5328,5.57255,NaN,NaN,0.687386,0.696611,0.00883838,0.5,0.174237,2.33333,0,0,115.797,1,5.04333,"C:\Users\mariujf\Maggy2026V\NMPCProject\experiments\solver_tuning\results\reduced10\2\reduced10_2_irk_rti_pch_gn_N20_T150_n15.mat"
3589ae2c-5afd-7039-e8a5-d5666431bbe6,2026-05-10_16-39-50,reduced10,2,irk_rti_pch_gn_N20_T150_n20,20,30,IRK,4,3,SQP_RTI,PARTIAL_CONDENSING_HPIPM,GAUSS_NEWTON,20,0.150000,0.007500,10,1,baseline,0.05,1,300,0,1,66.0987,67.7794,77.6664,103.45,66.2589,81.2226,105.753,5.57493,NaN,NaN,0.687386,0.696585,0.00883687,0.5,0.1739,2.33333,0,0,218.316,1,5.04333,"C:\Users\mariujf\Maggy2026V\NMPCProject\experiments\solver_tuning\results\reduced10\2\reduced10_2_irk_rti_pch_gn_N20_T150_n20.mat"
deb64eb7-6946-d0fb-5e45-6d1c1759aae1,2026-05-10_16-32-06,reduced10,2,irk_rti_pch_gn_N20_T150_n5,5,30,IRK,4,3,SQP_RTI,PARTIAL_CONDENSING_HPIPM,GAUSS_NEWTON,20,0.150000,0.007500,10,1,baseline,0.05,1,11,1,0,21.0639,35.4321,41.942,43.5695,22.0587,42.8096,43.7114,1e+09,NaN,NaN,37.3946,366.683,223.32,18.134,0.33,100,0,0,39.2756,1,49.7273,"C:\Users\mariujf\Maggy2026V\NMPCProject\experiments\solver_tuning\results\reduced10\2\reduced10_2_irk_rti_pch_gn_N20_T150_n5.mat"
ca636156-37f5-b900-c5d8-b17a9ea3c326,2026-05-10_16-41-41,reduced10,2,irk_rti_pch_gn_N20_T200_n10,10,30,IRK,4,3,SQP_RTI,PARTIAL_CONDENSING_HPIPM,GAUSS_NEWTON,20,0.200000,0.010000,10,1,baseline,0.05,1,1,1,1,36.3307,36.3307,36.3307,36.3307,42.7556,42.7556,42.7556,1e+09,NaN,NaN,0.687386,0.516457,0,0.5,0.0387749,100,0,0,70.9704,1,8,"C:\Users\mariujf\Maggy2026V\NMPCProject\experiments\solver_tuning\results\reduced10\2\reduced10_2_irk_rti_pch_gn_N20_T200_n10.mat"
82f05453-0058-94a5-2bfd-31e5267b8163,2026-05-10_16-43-37,reduced10,2,irk_rti_pch_gn_N20_T200_n15,15,30,IRK,4,3,SQP_RTI,PARTIAL_CONDENSING_HPIPM,GAUSS_NEWTON,20,0.200000,0.010000,10,1,baseline,0.05,1,1,1,1,54.0037,54.0037,54.0037,54.0037,62.0614,62.0614,62.0614,1e+09,NaN,NaN,0.687386,0.516457,0,0.5,0.0363372,100,0,0,116.22,1,8,"C:\Users\mariujf\Maggy2026V\NMPCProject\experiments\solver_tuning\results\reduced10\2\reduced10_2_irk_rti_pch_gn_N20_T200_n15.mat"
047378a1-0bcb-7138-29df-9275d17d15d8,2026-05-10_16-47-28,reduced10,2,irk_rti_pch_gn_N20_T200_n20,20,30,IRK,4,3,SQP_RTI,PARTIAL_CONDENSING_HPIPM,GAUSS_NEWTON,20,0.200000,0.010000,10,1,baseline,0.05,1,1,1,1,87.0909,87.0909,87.0909,87.0909,99.3062,99.3062,99.3062,1e+09,NaN,NaN,0.687386,0.516457,0,0.5,0.0363291,100,0,0,229.614,1,8,"C:\Users\mariujf\Maggy2026V\NMPCProject\experiments\solver_tuning\results\reduced10\2\reduced10_2_irk_rti_pch_gn_N20_T200_n20.mat"
4a684ac9-4bfa-065c-eaf7-af9f3bf97f52,2026-05-10_16-40-29,reduced10,2,irk_rti_pch_gn_N20_T200_n5,5,30,IRK,4,3,SQP_RTI,PARTIAL_CONDENSING_HPIPM,GAUSS_NEWTON,20,0.200000,0.010000,10,1,baseline,0.05,1,1,1,1,30.438,30.438,30.438,30.438,36.3448,36.3448,36.3448,1e+09,NaN,NaN,0.687386,0.516457,0,0.5,0.04,100,0,0,38.1797,1,200,"C:\Users\mariujf\Maggy2026V\NMPCProject\experiments\solver_tuning\results\reduced10\2\reduced10_2_irk_rti_pch_gn_N20_T200_n5.mat"
5b6ca95e-adbf-21ad-708a-efec91fa93e0,2026-05-10_16-49-21,reduced10,2,irk_rti_pch_gn_N20_T300_n10,10,30,IRK,4,3,SQP_RTI,PARTIAL_CONDENSING_HPIPM,GAUSS_NEWTON,20,0.300000,0.015000,10,1,baseline,0.05,1,1,1,1,38.322,38.322,38.322,38.322,49.3249,49.3249,49.3249,1e+09,NaN,NaN,0.687386,0.516457,0,0.5,0.0304611,100,0,0,70.7261,1,9,"C:\Users\mariujf\Maggy2026V\NMPCProject\experiments\solver_tuning\results\reduced10\2\reduced10_2_irk_rti_pch_gn_N20_T300_n10.mat"
c3bc3f38-b1a0-4b7c-9219-a282661d3fb6,2026-05-10_16-51-18,reduced10,2,irk_rti_pch_gn_N20_T300_n15,15,30,IRK,4,3,SQP_RTI,PARTIAL_CONDENSING_HPIPM,GAUSS_NEWTON,20,0.300000,0.015000,10,1,baseline,0.05,1,1,1,1,77.8885,77.8885,77.8885,77.8885,89.4445,89.4445,89.4445,1e+09,NaN,NaN,0.687386,0.516457,0,0.5,0.0326539,100,0,0,116.025,1,8,"C:\Users\mariujf\Maggy2026V\NMPCProject\experiments\solver_tuning\results\reduced10\2\reduced10_2_irk_rti_pch_gn_N20_T300_n15.mat"
ef7172eb-8822-a284-ab09-70632c49b1c3,2026-05-10_16-54-55,reduced10,2,irk_rti_pch_gn_N20_T300_n20,20,30,IRK,4,3,SQP_RTI,PARTIAL_CONDENSING_HPIPM,GAUSS_NEWTON,20,0.300000,0.015000,10,1,baseline,0.05,1,1,1,1,76.3511,76.3511,76.3511,76.3511,87.6688,87.6688,87.6688,1e+09,NaN,NaN,0.687386,0.516457,0,0.5,0.0326252,100,0,0,216.702,1,8,"C:\Users\mariujf\Maggy2026V\NMPCProject\experiments\solver_tuning\results\reduced10\2\reduced10_2_irk_rti_pch_gn_N20_T300_n20.mat"
3b9b3efc-5a18-68b9-1d3f-683fad098b03,2026-05-10_16-48-10,reduced10,2,irk_rti_pch_gn_N20_T300_n5,5,30,IRK,4,3,SQP_RTI,PARTIAL_CONDENSING_HPIPM,GAUSS_NEWTON,20,0.300000,0.015000,10,1,baseline,0.05,1,1,1,0,25.0007,25.0007,25.0007,25.0007,34.8966,34.8966,34.8966,1e+09,NaN,NaN,0.687386,0.516457,0,0.5,0,0,0,0,40.7214,1,23,"C:\Users\mariujf\Maggy2026V\NMPCProject\experiments\solver_tuning\results\reduced10\2\reduced10_2_irk_rti_pch_gn_N20_T300_n5.mat"
1cf51b9e-721b-f058-a241-edfe10184e93,2026-05-10_16-56-44,reduced10,2,irk_rti_pch_gn_N30_T150_n10,10,30,IRK,4,3,SQP_RTI,PARTIAL_CONDENSING_HPIPM,GAUSS_NEWTON,30,0.150000,0.005000,10,1,baseline,0.05,1,1,1,1,63.6544,63.6544,63.6544,63.6544,73.175,73.175,73.175,1e+09,NaN,NaN,0.687386,0.516457,0,0.5,0.0177207,100,0,0,69.2675,1,8,"C:\Users\mariujf\Maggy2026V\NMPCProject\experiments\solver_tuning\results\reduced10\2\reduced10_2_irk_rti_pch_gn_N30_T150_n10.mat"
f32302a7-2af6-c159-d575-9b198496f15f,2026-05-10_16-58-40,reduced10,2,irk_rti_pch_gn_N30_T150_n15,15,30,IRK,4,3,SQP_RTI,PARTIAL_CONDENSING_HPIPM,GAUSS_NEWTON,30,0.150000,0.005000,10,1,baseline,0.05,1,1,1,1,106.643,106.643,106.643,106.643,116.372,116.372,116.372,1e+09,NaN,NaN,0.687386,0.516457,0,0.5,0.0171358,100,0,0,115.252,1,9,"C:\Users\mariujf\Maggy2026V\NMPCProject\experiments\solver_tuning\results\reduced10\2\reduced10_2_irk_rti_pch_gn_N30_T150_n15.mat"
bdbfb379-bea5-dfb3-f6d0-fb5eeb2b4892,2026-05-10_17-02-21,reduced10,2,irk_rti_pch_gn_N30_T150_n20,20,30,IRK,4,3,SQP_RTI,PARTIAL_CONDENSING_HPIPM,GAUSS_NEWTON,30,0.150000,0.005000,10,1,baseline,0.05,1,1,1,1,129.081,129.081,129.081,129.081,142.137,142.137,142.137,1e+09,NaN,NaN,0.687386,0.516457,0,0.5,0.0171288,100,0,0,220.943,1,9,"C:\Users\mariujf\Maggy2026V\NMPCProject\experiments\solver_tuning\results\reduced10\2\reduced10_2_irk_rti_pch_gn_N30_T150_n20.mat"
ecc75ee0-a387-e3c2-7ba2-a13b770b1bf2,2026-05-10_16-55-34,reduced10,2,irk_rti_pch_gn_N30_T150_n5,5,30,IRK,4,3,SQP_RTI,PARTIAL_CONDENSING_HPIPM,GAUSS_NEWTON,30,0.150000,0.005000,10,1,baseline,0.05,1,22,1,0,29.5396,46.9541,48.0804,48.3834,30.1343,54.444,56.0833,1e+09,NaN,NaN,2.62695e+18,2.66324e+48,7.12849e+45,6.86218e+17,0.436922,100,0,0,37.2456,1,44.2727,"C:\Users\mariujf\Maggy2026V\NMPCProject\experiments\solver_tuning\results\reduced10\2\reduced10_2_irk_rti_pch_gn_N30_T150_n5.mat"
dac0a472-6b8b-8bc0-2eab-3c7c3495427a,2026-05-10_17-04-09,reduced10,2,irk_rti_pch_gn_N30_T200_n10,10,30,IRK,4,3,SQP_RTI,PARTIAL_CONDENSING_HPIPM,GAUSS_NEWTON,30,0.200000,0.006667,10,1,baseline,0.05,1,1,1,1,53.5898,53.5898,53.5898,53.5898,62.5877,62.5877,62.5877,1e+09,NaN,NaN,0.687386,0.516457,0,0.5,0.0196723,100,0,0,69.1337,1,11,"C:\Users\mariujf\Maggy2026V\NMPCProject\experiments\solver_tuning\results\reduced10\2\reduced10_2_irk_rti_pch_gn_N30_T200_n10.mat"
f150a43d-d43d-6385-2b1d-bd78df6f5b03,2026-05-10_17-06-05,reduced10,2,irk_rti_pch_gn_N30_T200_n15,15,30,IRK,4,3,SQP_RTI,PARTIAL_CONDENSING_HPIPM,GAUSS_NEWTON,30,0.200000,0.006667,10,1,baseline,0.05,1,1,1,1,79.4137,79.4137,79.4137,79.4137,86.2799,86.2799,86.2799,1e+09,NaN,NaN,0.687386,0.516457,0,0.5,0.0203012,100,0,0,115.094,1,9,"C:\Users\mariujf\Maggy2026V\NMPCProject\experiments\solver_tuning\results\reduced10\2\reduced10_2_irk_rti_pch_gn_N30_T200_n15.mat"
2dc7ff15-f589-27ef-edce-6cb0391c22ea,2026-05-10_17-09-42,reduced10,2,irk_rti_pch_gn_N30_T200_n20,20,30,IRK,4,3,SQP_RTI,PARTIAL_CONDENSING_HPIPM,GAUSS_NEWTON,30,0.200000,0.006667,10,1,baseline,0.05,1,1,1,1,137.407,137.407,137.407,137.407,148.576,148.576,148.576,1e+09,NaN,NaN,0.687386,0.516457,0,0.5,0.020304,100,0,0,216.958,1,9,"C:\Users\mariujf\Maggy2026V\NMPCProject\experiments\solver_tuning\results\reduced10\2\reduced10_2_irk_rti_pch_gn_N30_T200_n20.mat"
0f02d22c-2df5-08f1-c575-8a5f54df9406,2026-05-10_17-02-59,reduced10,2,irk_rti_pch_gn_N30_T200_n5,5,30,IRK,4,3,SQP_RTI,PARTIAL_CONDENSING_HPIPM,GAUSS_NEWTON,30,0.200000,0.006667,10,1,baseline,0.05,1,1,1,0,27.6222,27.6222,27.6222,27.6222,34.7361,34.7361,34.7361,1e+09,NaN,NaN,0.687386,0.516457,0,0.5,0,0,0,0,37.5305,1,22,"C:\Users\mariujf\Maggy2026V\NMPCProject\experiments\solver_tuning\results\reduced10\2\reduced10_2_irk_rti_pch_gn_N30_T200_n5.mat"
4d986da0-a939-618e-22dc-18bc4e1fd2ea,2026-05-10_17-11-30,reduced10,2,irk_rti_pch_gn_N30_T300_n10,10,30,IRK,4,3,SQP_RTI,PARTIAL_CONDENSING_HPIPM,GAUSS_NEWTON,30,0.300000,0.010000,10,1,baseline,0.05,1,1,1,1,55.7101,55.7101,55.7101,55.7101,65.8331,65.8331,65.8331,1e+09,NaN,NaN,0.687386,0.516457,0,0.5,0.04,100,0,0,69.1645,1,9,"C:\Users\mariujf\Maggy2026V\NMPCProject\experiments\solver_tuning\results\reduced10\2\reduced10_2_irk_rti_pch_gn_N30_T300_n10.mat"
a09334b8-faed-7011-d5cf-8a07066e01bf,2026-05-10_17-13-27,reduced10,2,irk_rti_pch_gn_N30_T300_n15,15,30,IRK,4,3,SQP_RTI,PARTIAL_CONDENSING_HPIPM,GAUSS_NEWTON,30,0.300000,0.010000,10,1,baseline,0.05,1,1,1,1,82.3699,82.3699,82.3699,82.3699,89.2417,89.2417,89.2417,1e+09,NaN,NaN,0.687386,0.516457,0,0.5,0.0378199,100,0,0,115.78,1,9,"C:\Users\mariujf\Maggy2026V\NMPCProject\experiments\solver_tuning\results\reduced10\2\reduced10_2_irk_rti_pch_gn_N30_T300_n15.mat"
c93c7288-49ea-dcf9-a7fe-48e1a502437a,2026-05-10_17-17-05,reduced10,2,irk_rti_pch_gn_N30_T300_n20,20,30,IRK,4,3,SQP_RTI,PARTIAL_CONDENSING_HPIPM,GAUSS_NEWTON,30,0.300000,0.010000,10,1,baseline,0.05,1,1,1,1,141.109,141.109,141.109,141.109,150.097,150.097,150.097,1e+09,NaN,NaN,0.687386,0.516457,0,0.5,0.0378105,100,0,0,217.138,1,9,"C:\Users\mariujf\Maggy2026V\NMPCProject\experiments\solver_tuning\results\reduced10\2\reduced10_2_irk_rti_pch_gn_N30_T300_n20.mat"
429a8b62-150b-991e-0778-7474551ef194,2026-05-10_17-10-21,reduced10,2,irk_rti_pch_gn_N30_T300_n5,5,30,IRK,4,3,SQP_RTI,PARTIAL_CONDENSING_HPIPM,GAUSS_NEWTON,30,0.300000,0.010000,10,1,baseline,0.05,1,1,1,0,28.2024,28.2024,28.2024,28.2024,34.9572,34.9572,34.9572,1e+09,NaN,NaN,0.687386,0.516457,0,0.5,0,0,0,0,37.6129,1,36,"C:\Users\mariujf\Maggy2026V\NMPCProject\experiments\solver_tuning\results\reduced10\2\reduced10_2_irk_rti_pch_gn_N30_T300_n5.mat"
0124d9c9-b211-8ffb-5674-553213cb7553,2026-05-10_13-44-00,reduced10,2,irk_rti_pch_gn_N5_T050_n10,10,30,IRK,4,3,SQP_RTI,PARTIAL_CONDENSING_HPIPM,GAUSS_NEWTON,5,0.050000,0.010000,10,1,baseline,0.05,1,1,1,1,10.6621,10.6621,10.6621,10.6621,16.851,16.851,16.851,1e+09,NaN,NaN,0.687386,0.516457,0,0.5,0.0316497,100,0,0,68.1201,1,8,"C:\Users\mariujf\Maggy2026V\NMPCProject\experiments\solver_tuning\results\reduced10\2\reduced10_2_irk_rti_pch_gn_N5_T050_n10.mat"
a83d926b-66f0-ef48-5c4b-f29d07b670eb,2026-05-10_13-46-13,reduced10,2,irk_rti_pch_gn_N5_T050_n15,15,30,IRK,4,3,SQP_RTI,PARTIAL_CONDENSING_HPIPM,GAUSS_NEWTON,5,0.050000,0.010000,10,1,baseline,0.05,1,1,1,1,15.2919,15.2919,15.2919,15.2919,23.2921,23.2921,23.2921,1e+09,NaN,NaN,0.687386,0.516457,0,0.5,0.0359706,100,0,0,114.645,1,7,"C:\Users\mariujf\Maggy2026V\NMPCProject\experiments\solver_tuning\results\reduced10\2\reduced10_2_irk_rti_pch_gn_N5_T050_n15.mat"
b361b3f7-829a-9cbc-bf12-cd2a56339068,2026-05-10_13-50-06,reduced10,2,irk_rti_pch_gn_N5_T050_n20,20,30,IRK,4,3,SQP_RTI,PARTIAL_CONDENSING_HPIPM,GAUSS_NEWTON,5,0.050000,0.010000,10,1,baseline,0.05,1,1,1,1,20.4457,20.4457,20.4457,20.4457,26.4844,26.4844,26.4844,1e+09,NaN,NaN,0.687386,0.516457,0,0.5,0.0358573,100,0,0,216.423,1,7,"C:\Users\mariujf\Maggy2026V\NMPCProject\experiments\solver_tuning\results\reduced10\2\reduced10_2_irk_rti_pch_gn_N5_T050_n20.mat"
b70d5491-5d68-97a4-e7ba-43b8f327bd1d,2026-05-10_13-42-52,reduced10,2,irk_rti_pch_gn_N5_T050_n5,5,30,IRK,4,3,SQP_RTI,PARTIAL_CONDENSING_HPIPM,GAUSS_NEWTON,5,0.050000,0.010000,10,1,baseline,0.05,1,1,1,1,5.2129,5.2129,5.2129,5.2129,11.8023,11.8023,11.8023,1e+09,NaN,NaN,0.687386,0.516457,0,0.5,0.04,100,0,0,36.4752,1,18,"C:\Users\mariujf\Maggy2026V\NMPCProject\experiments\solver_tuning\results\reduced10\2\reduced10_2_irk_rti_pch_gn_N5_T050_n5.mat"
714ee83c-0b6f-f1f8-2e2d-5eb2348a1878,2026-05-10_14-00-37,reduced10,2,irk_rti_pch_gn_N5_T100_n10,10,30,IRK,4,3,SQP_RTI,PARTIAL_CONDENSING_HPIPM,GAUSS_NEWTON,5,0.100000,0.020000,10,1,baseline,0.05,1,1,1,1,10.5884,10.5884,10.5884,10.5884,16.0722,16.0722,16.0722,1e+09,NaN,NaN,0.687386,0.516457,0,0.5,0.0537847,100,0,0,68.6671,1,9,"C:\Users\mariujf\Maggy2026V\NMPCProject\experiments\solver_tuning\results\reduced10\2\reduced10_2_irk_rti_pch_gn_N5_T100_n10.mat"
6ec8470e-19d1-7fb9-3d31-597f8eea8c4e,2026-05-10_14-02-32,reduced10,2,irk_rti_pch_gn_N5_T100_n15,15,30,IRK,4,3,SQP_RTI,PARTIAL_CONDENSING_HPIPM,GAUSS_NEWTON,5,0.100000,0.020000,10,1,baseline,0.05,1,1,1,1,24.245,24.245,24.245,24.245,35.4189,35.4189,35.4189,1e+09,NaN,NaN,0.687386,0.516457,0,0.5,0.0557725,100,0,0,114.433,1,8,"C:\Users\mariujf\Maggy2026V\NMPCProject\experiments\solver_tuning\results\reduced10\2\reduced10_2_irk_rti_pch_gn_N5_T100_n15.mat"
6bd862b0-6173-47dd-2e0e-20950404c0ca,2026-05-10_14-06-11,reduced10,2,irk_rti_pch_gn_N5_T100_n20,20,30,IRK,4,3,SQP_RTI,PARTIAL_CONDENSING_HPIPM,GAUSS_NEWTON,5,0.100000,0.020000,10,1,baseline,0.05,1,1,1,1,20.4616,20.4616,20.4616,20.4616,26.2311,26.2311,26.2311,1e+09,NaN,NaN,0.687386,0.516457,0,0.5,0.0557808,100,0,0,218.317,1,8,"C:\Users\mariujf\Maggy2026V\NMPCProject\experiments\solver_tuning\results\reduced10\2\reduced10_2_irk_rti_pch_gn_N5_T100_n20.mat"
daf296d3-821c-da7a-af0d-1b38808004e8,2026-05-10_13-59-28,reduced10,2,irk_rti_pch_gn_N5_T100_n5,5,30,IRK,4,3,SQP_RTI,PARTIAL_CONDENSING_HPIPM,GAUSS_NEWTON,5,0.100000,0.020000,10,1,baseline,0.05,1,4,1,0,9.6314,21.39,24.6157,25.4221,11.9214,31.6643,32.7105,1e+09,NaN,NaN,1.56635e+12,1.72127e+19,2.31791e+17,1.525e+12,0.32,100,0,0,36.6939,1,14,"C:\Users\mariujf\Maggy2026V\NMPCProject\experiments\solver_tuning\results\reduced10\2\reduced10_2_irk_rti_pch_gn_N5_T100_n5.mat"
fa318d34-0b36-9507-4743-8acd717d1e01,2026-05-10_14-16-41,reduced10,2,irk_rti_pch_gn_N5_T150_n10,10,30,IRK,4,3,SQP_RTI,PARTIAL_CONDENSING_HPIPM,GAUSS_NEWTON,5,0.150000,0.030000,10,1,baseline,0.05,1,1,1,1,10.403,10.403,10.403,10.403,16.7094,16.7094,16.7094,1e+09,NaN,NaN,0.687386,0.516457,0,0.5,0.0708928,100,0,0,68.275,1,7,"C:\Users\mariujf\Maggy2026V\NMPCProject\experiments\solver_tuning\results\reduced10\2\reduced10_2_irk_rti_pch_gn_N5_T150_n10.mat"
6143c3cc-eb1a-b154-f87a-204ca57b6308,2026-05-10_14-18-36,reduced10,2,irk_rti_pch_gn_N5_T150_n15,15,30,IRK,4,3,SQP_RTI,PARTIAL_CONDENSING_HPIPM,GAUSS_NEWTON,5,0.150000,0.030000,10,1,baseline,0.05,1,1,1,1,15.4268,15.4268,15.4268,15.4268,20.356,20.356,20.356,1e+09,NaN,NaN,0.687386,0.516457,0,0.5,0.0712276,100,0,0,114.64,1,7,"C:\Users\mariujf\Maggy2026V\NMPCProject\experiments\solver_tuning\results\reduced10\2\reduced10_2_irk_rti_pch_gn_N5_T150_n15.mat"
8ff532c7-64d8-571a-5b42-5f7f1d88804f,2026-05-10_14-22-12,reduced10,2,irk_rti_pch_gn_N5_T150_n20,20,30,IRK,4,3,SQP_RTI,PARTIAL_CONDENSING_HPIPM,GAUSS_NEWTON,5,0.150000,0.030000,10,1,baseline,0.05,1,1,1,1,20.5088,20.5088,20.5088,20.5088,26.2323,26.2323,26.2323,1e+09,NaN,NaN,0.687386,0.516457,0,0.5,0.0712299,100,0,0,215.701,1,7,"C:\Users\mariujf\Maggy2026V\NMPCProject\experiments\solver_tuning\results\reduced10\2\reduced10_2_irk_rti_pch_gn_N5_T150_n20.mat"
8144b8dc-c2d7-44d9-3191-106c6ce5b3bf,2026-05-10_14-15-32,reduced10,2,irk_rti_pch_gn_N5_T150_n5,5,30,IRK,4,3,SQP_RTI,PARTIAL_CONDENSING_HPIPM,GAUSS_NEWTON,5,0.150000,0.030000,10,1,baseline,0.05,1,3,1,0,5.59457,6.57688,6.73242,6.7713,7.79717,10.5031,10.6104,1e+09,NaN,NaN,1213.69,320089,129381,911.118,0.12,33.3333,0,0,36.653,1,80.3333,"C:\Users\mariujf\Maggy2026V\NMPCProject\experiments\solver_tuning\results\reduced10\2\reduced10_2_irk_rti_pch_gn_N5_T150_n5.mat"
3d6ded77-c353-611f-af9a-b2e99724f649,2026-05-10_17-41-04,reduced10,2,irk_sqp_fch_gn_N10_T050_n10,10,30,IRK,4,3,SQP,FULL_CONDENSING_HPIPM,GAUSS_NEWTON,10,0.050000,0.005000,10,1,baseline,0.05,1,1,1,0,894.968,894.968,894.968,894.968,915.284,915.284,915.284,1e+09,NaN,NaN,0.687386,0.516457,0,0.5,0.0138224,100,0,0,69.3809,50,6,"C:\Users\mariujf\Maggy2026V\NMPCProject\experiments\solver_tuning\results\reduced10\2\reduced10_2_irk_sqp_fch_gn_N10_T050_n10.mat"
c80689d6-1819-e2d1-41eb-76a854afc1bb,2026-05-10_17-43-01,reduced10,2,irk_sqp_fch_gn_N10_T050_n15,15,30,IRK,4,3,SQP,FULL_CONDENSING_HPIPM,GAUSS_NEWTON,10,0.050000,0.005000,10,1,baseline,0.05,1,1,1,0,1320.1,1320.1,1320.1,1320.1,1326.58,1326.58,1326.58,1e+09,NaN,NaN,0.687386,0.516457,0,0.5,0.0112144,100,0,0,115.489,50,5,"C:\Users\mariujf\Maggy2026V\NMPCProject\experiments\solver_tuning\results\reduced10\2\reduced10_2_irk_sqp_fch_gn_N10_T050_n15.mat"
cd87cd99-e06b-1664-aafc-809e55e796ab,2026-05-10_17-46-40,reduced10,2,irk_sqp_fch_gn_N10_T050_n20,20,30,IRK,4,3,SQP,FULL_CONDENSING_HPIPM,GAUSS_NEWTON,10,0.050000,0.005000,10,1,baseline,0.05,1,1,1,0,1687.68,1687.68,1687.68,1687.68,1695.94,1695.94,1695.94,1e+09,NaN,NaN,0.687386,0.516457,0,0.5,0.0112096,100,0,0,216.442,50,5,"C:\Users\mariujf\Maggy2026V\NMPCProject\experiments\solver_tuning\results\reduced10\2\reduced10_2_irk_sqp_fch_gn_N10_T050_n20.mat"
3bca4edb-5b78-3779-ad62-bc6b02905b1d,2026-05-10_17-39-53,reduced10,2,irk_sqp_fch_gn_N10_T050_n5,5,30,IRK,4,3,SQP,FULL_CONDENSING_HPIPM,GAUSS_NEWTON,10,0.050000,0.005000,10,1,baseline,0.05,1,1,1,0,31.5017,31.5017,31.5017,31.5017,41.401,41.401,41.401,1e+09,NaN,NaN,0.687386,0.516457,0,0.5,0.02,100,0,0,37.4581,3,34,"C:\Users\mariujf\Maggy2026V\NMPCProject\experiments\solver_tuning\results\reduced10\2\reduced10_2_irk_sqp_fch_gn_N10_T050_n5.mat"
100801fe-c635-ae9a-1ed9-b820296f1ec2,2026-05-10_17-48-29,reduced10,2,irk_sqp_fch_gn_N10_T100_n10,10,30,IRK,4,3,SQP,FULL_CONDENSING_HPIPM,GAUSS_NEWTON,10,0.100000,0.010000,10,1,baseline,0.05,1,1,1,1,380.473,380.473,380.473,380.473,398.236,398.236,398.236,1e+09,NaN,NaN,0.687386,0.516457,0,0.5,0.0285297,100,0,0,70.0746,18,5,"C:\Users\mariujf\Maggy2026V\NMPCProject\experiments\solver_tuning\results\reduced10\2\reduced10_2_irk_sqp_fch_gn_N10_T100_n10.mat"
ae5f2513-0ecd-228b-03c8-3069122409b1,2026-05-10_17-50-25,reduced10,2,irk_sqp_fch_gn_N10_T100_n15,15,30,IRK,4,3,SQP,FULL_CONDENSING_HPIPM,GAUSS_NEWTON,10,0.100000,0.010000,10,1,baseline,0.05,1,1,1,1,440.737,440.737,440.737,440.737,458.294,458.294,458.294,1e+09,NaN,NaN,0.687386,0.516457,0,0.5,0.031666,100,0,0,115.155,15,5,"C:\Users\mariujf\Maggy2026V\NMPCProject\experiments\solver_tuning\results\reduced10\2\reduced10_2_irk_sqp_fch_gn_N10_T100_n15.mat"
4ed08407-64bd-fec5-7089-26c4c72ebdbd,2026-05-10_17-54-03,reduced10,2,irk_sqp_fch_gn_N10_T100_n20,20,30,IRK,4,3,SQP,FULL_CONDENSING_HPIPM,GAUSS_NEWTON,10,0.100000,0.010000,10,1,baseline,0.05,1,1,1,1,635.028,635.028,635.028,635.028,643.87,643.87,643.87,1e+09,NaN,NaN,0.687386,0.516457,0,0.5,0.0316608,100,0,0,217.219,17,5,"C:\Users\mariujf\Maggy2026V\NMPCProject\experiments\solver_tuning\results\reduced10\2\reduced10_2_irk_sqp_fch_gn_N10_T100_n20.mat"
5a1834eb-431c-1941-266a-522e9829275b,2026-05-10_17-47-18,reduced10,2,irk_sqp_fch_gn_N10_T100_n5,5,30,IRK,4,3,SQP,FULL_CONDENSING_HPIPM,GAUSS_NEWTON,10,0.100000,0.010000,10,1,baseline,0.05,1,1,1,0,19.1056,19.1056,19.1056,19.1056,25.4366,25.4366,25.4366,1e+09,NaN,NaN,0.687386,0.516457,0,0.5,0.04,100,0,0,37.6946,2,55,"C:\Users\mariujf\Maggy2026V\NMPCProject\experiments\solver_tuning\results\reduced10\2\reduced10_2_irk_sqp_fch_gn_N10_T100_n5.mat"
064b3cab-9927-ed1b-559c-716a1961b714,2026-05-10_17-55-53,reduced10,2,irk_sqp_fch_gn_N10_T150_n10,10,30,IRK,4,3,SQP,FULL_CONDENSING_HPIPM,GAUSS_NEWTON,10,0.150000,0.015000,10,1,baseline,0.05,1,1,1,1,686.324,686.324,686.324,686.324,694.357,694.357,694.357,1e+09,NaN,NaN,0.687386,0.516457,0,0.5,0.048438,100,0,0,69.5997,37,6,"C:\Users\mariujf\Maggy2026V\NMPCProject\experiments\solver_tuning\results\reduced10\2\reduced10_2_irk_sqp_fch_gn_N10_T150_n10.mat"
b8bdc850-f129-0c2d-cce3-777f47750b72,2026-05-10_17-57-50,reduced10,2,irk_sqp_fch_gn_N10_T150_n15,15,30,IRK,4,3,SQP,FULL_CONDENSING_HPIPM,GAUSS_NEWTON,10,0.150000,0.015000,10,1,baseline,0.05,1,1,1,1,1112.68,1112.68,1112.68,1112.68,1130.77,1130.77,1130.77,1e+09,NaN,NaN,0.687386,0.516457,0,0.5,0.0461507,100,0,0,115.783,41,6,"C:\Users\mariujf\Maggy2026V\NMPCProject\experiments\solver_tuning\results\reduced10\2\reduced10_2_irk_sqp_fch_gn_N10_T150_n15.mat"
c99ce62c-c693-d663-582b-30f160e1419f,2026-05-10_18-01-31,reduced10,2,irk_sqp_fch_gn_N10_T150_n20,20,30,IRK,4,3,SQP,FULL_CONDENSING_HPIPM,GAUSS_NEWTON,10,0.150000,0.015000,10,1,baseline,0.05,1,1,1,1,1480.56,1480.56,1480.56,1480.56,1488.43,1488.43,1488.43,1e+09,NaN,NaN,0.687386,0.516457,0,0.5,0.0461283,100,0,0,219.212,41,6,"C:\Users\mariujf\Maggy2026V\NMPCProject\experiments\solver_tuning\results\reduced10\2\reduced10_2_irk_sqp_fch_gn_N10_T150_n20.mat"
166f786d-4af6-6827-6e24-df0bb50e03a8,2026-05-10_17-54-42,reduced10,2,irk_sqp_fch_gn_N10_T150_n5,5,30,IRK,4,3,SQP,FULL_CONDENSING_HPIPM,GAUSS_NEWTON,10,0.150000,0.015000,10,1,baseline,0.05,1,1,1,0,17.4524,17.4524,17.4524,17.4524,24.4627,24.4627,24.4627,1e+09,NaN,NaN,0.687386,0.516457,0,0.5,0.06,100,0,0,37.7425,2,2,"C:\Users\mariujf\Maggy2026V\NMPCProject\experiments\solver_tuning\results\reduced10\2\reduced10_2_irk_sqp_fch_gn_N10_T150_n5.mat"
7d166831-bc23-4cc6-cea0-e9e5c3de558e,2026-05-10_18-03-21,reduced10,2,irk_sqp_fch_gn_N10_T200_n10,10,30,IRK,4,3,SQP,FULL_CONDENSING_HPIPM,GAUSS_NEWTON,10,0.200000,0.020000,10,1,baseline,0.05,1,1,1,1,386.454,386.454,386.454,386.454,393.544,393.544,393.544,1e+09,NaN,NaN,0.687386,0.516457,0,0.5,0.0487394,100,0,0,69.9284,18,6,"C:\Users\mariujf\Maggy2026V\NMPCProject\experiments\solver_tuning\results\reduced10\2\reduced10_2_irk_sqp_fch_gn_N10_T200_n10.mat"
b8260899-9d99-1cb8-0cf4-0e2206b6f497,2026-05-10_18-05-17,reduced10,2,irk_sqp_fch_gn_N10_T200_n15,15,30,IRK,4,3,SQP,FULL_CONDENSING_HPIPM,GAUSS_NEWTON,10,0.200000,0.020000,10,1,baseline,0.05,1,1,1,1,503.485,503.485,503.485,503.485,510.108,510.108,510.108,1e+09,NaN,NaN,0.687386,0.516457,0,0.5,0.0489726,100,0,0,115.891,18,6,"C:\Users\mariujf\Maggy2026V\NMPCProject\experiments\solver_tuning\results\reduced10\2\reduced10_2_irk_sqp_fch_gn_N10_T200_n15.mat"
8674c199-96fe-bd28-51c5-d91f7e5f1d65,2026-05-10_18-08-57,reduced10,2,irk_sqp_fch_gn_N10_T200_n20,20,30,IRK,4,3,SQP,FULL_CONDENSING_HPIPM,GAUSS_NEWTON,10,0.200000,0.020000,10,1,baseline,0.05,1,1,1,1,680.879,680.879,680.879,680.879,701.619,701.619,701.619,1e+09,NaN,NaN,0.687386,0.516457,0,0.5,0.0489882,100,0,0,217.97,18,6,"C:\Users\mariujf\Maggy2026V\NMPCProject\experiments\solver_tuning\results\reduced10\2\reduced10_2_irk_sqp_fch_gn_N10_T200_n20.mat"
057e4b14-3d8c-33dc-5924-89821fd33157,2026-05-10_18-02-10,reduced10,2,irk_sqp_fch_gn_N10_T200_n5,5,30,IRK,4,3,SQP,FULL_CONDENSING_HPIPM,GAUSS_NEWTON,10,0.200000,0.020000,10,1,baseline,0.05,1,1,1,0,10.2935,10.2935,10.2935,10.2935,15.871,15.871,15.871,1e+09,NaN,NaN,0.687386,0.516457,0,0.5,0,0,0,0,38.0138,1,30,"C:\Users\mariujf\Maggy2026V\NMPCProject\experiments\solver_tuning\results\reduced10\2\reduced10_2_irk_sqp_fch_gn_N10_T200_n5.mat"
68d99609-50cc-25b9-fdd4-1b84559109b7,2026-05-10_18-10-46,reduced10,2,irk_sqp_fch_gn_N10_T300_n10,10,30,IRK,4,3,SQP,FULL_CONDENSING_HPIPM,GAUSS_NEWTON,10,0.300000,0.030000,10,1,baseline,0.05,1,1,1,1,435.266,435.266,435.266,435.266,440.452,440.452,440.452,1e+09,NaN,NaN,0.687386,0.516457,0,0.5,0.0754688,100,0,0,69.7138,21,6,"C:\Users\mariujf\Maggy2026V\NMPCProject\experiments\solver_tuning\results\reduced10\2\reduced10_2_irk_sqp_fch_gn_N10_T300_n10.mat"
ec225f86-fd39-8b1f-9035-301a372a7c3d,2026-05-10_18-12-43,reduced10,2,irk_sqp_fch_gn_N10_T300_n15,15,30,IRK,4,3,SQP,FULL_CONDENSING_HPIPM,GAUSS_NEWTON,10,0.300000,0.030000,10,1,baseline,0.05,1,1,1,1,562.099,562.099,562.099,562.099,579.305,579.305,579.305,1e+09,NaN,NaN,0.687386,0.516457,0,0.5,0.0766091,100,0,0,116.278,19,6,"C:\Users\mariujf\Maggy2026V\NMPCProject\experiments\solver_tuning\results\reduced10\2\reduced10_2_irk_sqp_fch_gn_N10_T300_n15.mat"
3831efd6-4712-f3fe-d09f-597f0587574c,2026-05-10_18-16-23,reduced10,2,irk_sqp_fch_gn_N10_T300_n20,20,30,IRK,4,3,SQP,FULL_CONDENSING_HPIPM,GAUSS_NEWTON,10,0.300000,0.030000,10,1,baseline,0.05,1,1,1,1,677.105,677.105,677.105,677.105,683.429,683.429,683.429,1e+09,NaN,NaN,0.687386,0.516457,0,0.5,0.0766048,100,0,0,218.495,19,6,"C:\Users\mariujf\Maggy2026V\NMPCProject\experiments\solver_tuning\results\reduced10\2\reduced10_2_irk_sqp_fch_gn_N10_T300_n20.mat"
cff1aab5-61bc-b803-6b2b-0e5195c24c7f,2026-05-10_18-09-35,reduced10,2,irk_sqp_fch_gn_N10_T300_n5,5,30,IRK,4,3,SQP,FULL_CONDENSING_HPIPM,GAUSS_NEWTON,10,0.300000,0.030000,10,1,baseline,0.05,1,1,1,0,9.654,9.654,9.654,9.654,15.9884,15.9884,15.9884,1e+09,NaN,NaN,0.687386,0.516457,0,0.5,0,0,0,0,37.9258,1,20,"C:\Users\mariujf\Maggy2026V\NMPCProject\experiments\solver_tuning\results\reduced10\2\reduced10_2_irk_sqp_fch_gn_N10_T300_n5.mat"
5df495b5-fea7-6f64-b22c-0437270ce648,2026-05-10_18-18-12,reduced10,2,irk_sqp_fch_gn_N15_T100_n10,10,30,IRK,4,3,SQP,FULL_CONDENSING_HPIPM,GAUSS_NEWTON,15,0.100000,0.006667,10,1,baseline,0.05,1,1,1,1,359.185,359.185,359.185,359.185,364.749,364.749,364.749,1e+09,NaN,NaN,0.687386,0.516457,0,0.5,0.021395,100,0,0,69.7885,11,5,"C:\Users\mariujf\Maggy2026V\NMPCProject\experiments\solver_tuning\results\reduced10\2\reduced10_2_irk_sqp_fch_gn_N15_T100_n10.mat"
0bdf0781-930e-5724-3824-e76baede5f24,2026-05-10_18-20-09,reduced10,2,irk_sqp_fch_gn_N15_T100_n15,15,30,IRK,4,3,SQP,FULL_CONDENSING_HPIPM,GAUSS_NEWTON,15,0.100000,0.006667,10,1,baseline,0.05,1,1,1,1,555.134,555.134,555.134,555.134,561.659,561.659,561.659,1e+09,NaN,NaN,0.687386,0.516457,0,0.5,0.0223406,100,0,0,115.617,12,5,"C:\Users\mariujf\Maggy2026V\NMPCProject\experiments\solver_tuning\results\reduced10\2\reduced10_2_irk_sqp_fch_gn_N15_T100_n15.mat"
66af3478-3cd9-e265-ebd6-c81a3dee9566,2026-05-10_18-23-47,reduced10,2,irk_sqp_fch_gn_N15_T100_n20,20,30,IRK,4,3,SQP,FULL_CONDENSING_HPIPM,GAUSS_NEWTON,15,0.100000,0.006667,10,1,baseline,0.05,1,1,1,1,639.997,639.997,639.997,639.997,658.933,658.933,658.933,1e+09,NaN,NaN,0.687386,0.516457,0,0.5,0.0223437,100,0,0,217.69,12,5,"C:\Users\mariujf\Maggy2026V\NMPCProject\experiments\solver_tuning\results\reduced10\2\reduced10_2_irk_sqp_fch_gn_N15_T100_n20.mat"
626717e1-f820-30a6-2a24-81cc821b0d2d,2026-05-10_18-17-01,reduced10,2,irk_sqp_fch_gn_N15_T100_n5,5,30,IRK,4,3,SQP,FULL_CONDENSING_HPIPM,GAUSS_NEWTON,15,0.100000,0.006667,10,1,baseline,0.05,1,1,1,0,26.5819,26.5819,26.5819,26.5819,31.7266,31.7266,31.7266,1e+09,NaN,NaN,0.687386,0.516457,0,0.5,0.0266667,100,0,0,37.9539,2,25,"C:\Users\mariujf\Maggy2026V\NMPCProject\experiments\solver_tuning\results\reduced10\2\reduced10_2_irk_sqp_fch_gn_N15_T100_n5.mat"
6b2fef8f-1b05-8802-9f06-47c432a0688c,2026-05-10_18-25-37,reduced10,2,irk_sqp_fch_gn_N15_T150_n10,10,30,IRK,4,3,SQP,FULL_CONDENSING_HPIPM,GAUSS_NEWTON,15,0.150000,0.010000,10,1,baseline,0.05,1,1,1,1,535.82,535.82,535.82,535.82,543.111,543.111,543.111,1e+09,NaN,NaN,0.687386,0.516457,0,0.5,0.0311303,100,0,0,69.6324,18,7,"C:\Users\mariujf\Maggy2026V\NMPCProject\experiments\solver_tuning\results\reduced10\2\reduced10_2_irk_sqp_fch_gn_N15_T150_n10.mat"
5cd32972-e4be-70c3-ab99-35de789d0cc7,2026-05-10_18-27-35,reduced10,2,irk_sqp_fch_gn_N15_T150_n15,15,30,IRK,4,3,SQP,FULL_CONDENSING_HPIPM,GAUSS_NEWTON,15,0.150000,0.010000,10,1,baseline,0.05,1,1,1,0,1925.8,1925.8,1925.8,1925.8,1933.39,1933.39,1933.39,1e+09,NaN,NaN,0.687386,0.516457,0,0.5,0.0328569,100,0,0,116.04,50,6,"C:\Users\mariujf\Maggy2026V\NMPCProject\experiments\solver_tuning\results\reduced10\2\reduced10_2_irk_sqp_fch_gn_N15_T150_n15.mat"
7ef5450c-af26-bf7c-6442-8f0fbb749c93,2026-05-10_18-31-15,reduced10,2,irk_sqp_fch_gn_N15_T150_n20,20,30,IRK,4,3,SQP,FULL_CONDENSING_HPIPM,GAUSS_NEWTON,15,0.150000,0.010000,10,1,baseline,0.05,1,1,1,0,2476.89,2476.89,2476.89,2476.89,2484.6,2484.6,2484.6,1e+09,NaN,NaN,0.687386,0.516457,0,0.5,0.0328472,100,0,0,216.801,50,6,"C:\Users\mariujf\Maggy2026V\NMPCProject\experiments\solver_tuning\results\reduced10\2\reduced10_2_irk_sqp_fch_gn_N15_T150_n20.mat"
33ac2087-b00b-e926-c03d-d2aa39a16301,2026-05-10_18-24-26,reduced10,2,irk_sqp_fch_gn_N15_T150_n5,5,30,IRK,4,3,SQP,FULL_CONDENSING_HPIPM,GAUSS_NEWTON,15,0.150000,0.010000,10,1,baseline,0.05,1,1,1,0,37.4986,37.4986,37.4986,37.4986,42.9295,42.9295,42.9295,1e+09,NaN,NaN,0.687386,0.516457,0,0.5,0.04,100,0,0,38.0584,2,62,"C:\Users\mariujf\Maggy2026V\NMPCProject\experiments\solver_tuning\results\reduced10\2\reduced10_2_irk_sqp_fch_gn_N15_T150_n5.mat"
710fc720-91c8-0566-8324-685538473aff,2026-05-10_18-33-05,reduced10,2,irk_sqp_fch_gn_N15_T200_n10,10,30,IRK,4,3,SQP,FULL_CONDENSING_HPIPM,GAUSS_NEWTON,15,0.200000,0.013333,10,1,baseline,0.05,1,1,1,1,578.354,578.354,578.354,578.354,595.25,595.25,595.25,1e+09,NaN,NaN,0.687386,0.516457,0,0.5,0.0454336,100,0,0,70.0433,20,5,"C:\Users\mariujf\Maggy2026V\NMPCProject\experiments\solver_tuning\results\reduced10\2\reduced10_2_irk_sqp_fch_gn_N15_T200_n10.mat"
7044eb7e-51ac-48ca-5d20-7fd3d0433c1d,2026-05-10_18-35-05,reduced10,2,irk_sqp_fch_gn_N15_T200_n15,15,30,IRK,4,3,SQP,FULL_CONDENSING_HPIPM,GAUSS_NEWTON,15,0.200000,0.013333,10,1,baseline,0.05,1,1,1,1,1328.28,1328.28,1328.28,1328.28,1338.07,1338.07,1338.07,1e+09,NaN,NaN,0.687386,0.516457,0,0.5,0.0411791,100,0,0,118.217,26,7,"C:\Users\mariujf\Maggy2026V\NMPCProject\experiments\solver_tuning\results\reduced10\2\reduced10_2_irk_sqp_fch_gn_N15_T200_n15.mat"
05b34d16-4c4d-d370-22ea-d088dc708d8d,2026-05-10_18-38-47,reduced10,2,irk_sqp_fch_gn_N15_T200_n20,20,30,IRK,4,3,SQP,FULL_CONDENSING_HPIPM,GAUSS_NEWTON,15,0.200000,0.013333,10,1,baseline,0.05,1,1,1,1,1321.36,1321.36,1321.36,1321.36,1329.13,1329.13,1329.13,1e+09,NaN,NaN,0.687386,0.516457,0,0.5,0.0411901,100,0,0,220.191,26,7,"C:\Users\mariujf\Maggy2026V\NMPCProject\experiments\solver_tuning\results\reduced10\2\reduced10_2_irk_sqp_fch_gn_N15_T200_n20.mat"
94cb1213-5fce-0899-67f8-a86f9342f9d8,2026-05-10_18-31-54,reduced10,2,irk_sqp_fch_gn_N15_T200_n5,5,30,IRK,4,3,SQP,FULL_CONDENSING_HPIPM,GAUSS_NEWTON,15,0.200000,0.013333,10,1,baseline,0.05,1,1,1,0,20.2344,20.2344,20.2344,20.2344,28.1955,28.1955,28.1955,1e+09,NaN,NaN,0.687386,0.516457,0,0.5,0,0,0,0,38.0829,1,24,"C:\Users\mariujf\Maggy2026V\NMPCProject\experiments\solver_tuning\results\reduced10\2\reduced10_2_irk_sqp_fch_gn_N15_T200_n5.mat"
d1da08c5-8423-a740-c10e-47ad9a61e387,2026-05-10_18-40-36,reduced10,2,irk_sqp_fch_gn_N15_T300_n10,10,30,IRK,4,3,SQP,FULL_CONDENSING_HPIPM,GAUSS_NEWTON,15,0.300000,0.020000,10,1,baseline,0.05,1,1,1,1,539.63,539.63,539.63,539.63,545.94,545.94,545.94,1e+09,NaN,NaN,0.687386,0.516457,0,0.5,0.0487438,100,0,0,69.9716,18,7,"C:\Users\mariujf\Maggy2026V\NMPCProject\experiments\solver_tuning\results\reduced10\2\reduced10_2_irk_sqp_fch_gn_N15_T300_n10.mat"
a4aac93b-7dbb-6749-e09f-b54bd39402bb,2026-05-10_18-42-34,reduced10,2,irk_sqp_fch_gn_N15_T300_n15,15,30,IRK,4,3,SQP,FULL_CONDENSING_HPIPM,GAUSS_NEWTON,15,0.300000,0.020000,10,1,baseline,0.05,1,1,1,1,1192.11,1192.11,1192.11,1192.11,1197.7,1197.7,1197.7,1e+09,NaN,NaN,0.687386,0.516457,0,0.5,0.0489861,100,0,0,116.182,29,7,"C:\Users\mariujf\Maggy2026V\NMPCProject\experiments\solver_tuning\results\reduced10\2\reduced10_2_irk_sqp_fch_gn_N15_T300_n15.mat"
18768b14-db31-43ac-c68a-a34eb99de507,2026-05-10_18-46-16,reduced10,2,irk_sqp_fch_gn_N15_T300_n20,20,30,IRK,4,3,SQP,FULL_CONDENSING_HPIPM,GAUSS_NEWTON,15,0.300000,0.020000,10,1,baseline,0.05,1,1,1,1,1157.38,1157.38,1157.38,1157.38,1164.83,1164.83,1164.83,1e+09,NaN,NaN,0.687386,0.516457,0,0.5,0.0490016,100,0,0,220.116,22,7,"C:\Users\mariujf\Maggy2026V\NMPCProject\experiments\solver_tuning\results\reduced10\2\reduced10_2_irk_sqp_fch_gn_N15_T300_n20.mat"
04be8200-b6b1-b29f-e4b9-b380eff202c9,2026-05-10_18-39-25,reduced10,2,irk_sqp_fch_gn_N15_T300_n5,5,30,IRK,4,3,SQP,FULL_CONDENSING_HPIPM,GAUSS_NEWTON,15,0.300000,0.020000,10,1,baseline,0.05,1,1,1,0,18.2897,18.2897,18.2897,18.2897,24.1682,24.1682,24.1682,1e+09,NaN,NaN,0.687386,0.516457,0,0.5,0,0,0,0,37.838,1,16,"C:\Users\mariujf\Maggy2026V\NMPCProject\experiments\solver_tuning\results\reduced10\2\reduced10_2_irk_sqp_fch_gn_N15_T300_n5.mat"
771b16fc-81b9-1396-2aa1-bf6955a64e18,2026-05-10_18-48-07,reduced10,2,irk_sqp_fch_gn_N20_T100_n10,10,30,IRK,4,3,SQP,FULL_CONDENSING_HPIPM,GAUSS_NEWTON,20,0.100000,0.005000,10,1,baseline,0.05,1,1,1,1,1289.67,1289.67,1289.67,1289.67,1295.2,1295.2,1295.2,1e+09,NaN,NaN,0.687386,0.516457,0,0.5,0.0169752,100,0,0,70.155,36,5,"C:\Users\mariujf\Maggy2026V\NMPCProject\experiments\solver_tuning\results\reduced10\2\reduced10_2_irk_sqp_fch_gn_N20_T100_n10.mat"
d1a2fb67-f80e-939d-3bc5-4ac6ac7b92e0,2026-05-10_18-50-06,reduced10,2,irk_sqp_fch_gn_N20_T100_n15,15,30,IRK,4,3,SQP,FULL_CONDENSING_HPIPM,GAUSS_NEWTON,20,0.100000,0.005000,10,1,baseline,0.05,1,1,1,1,1506.09,1506.09,1506.09,1506.09,1512.58,1512.58,1512.58,1e+09,NaN,NaN,0.687386,0.516457,0,0.5,0.017357,100,0,0,116.591,29,5,"C:\Users\mariujf\Maggy2026V\NMPCProject\experiments\solver_tuning\results\reduced10\2\reduced10_2_irk_sqp_fch_gn_N20_T100_n15.mat"
331ff54c-560e-2650-5410-1cf3c59ccae5,2026-05-10_18-53-47,reduced10,2,irk_sqp_fch_gn_N20_T100_n20,20,30,IRK,4,3,SQP,FULL_CONDENSING_HPIPM,GAUSS_NEWTON,20,0.100000,0.005000,10,1,baseline,0.05,1,1,1,1,2043.2,2043.2,2043.2,2043.2,2048.83,2048.83,2048.83,1e+09,NaN,NaN,0.687386,0.516457,0,0.5,0.0173492,100,0,0,218.473,29,5,"C:\Users\mariujf\Maggy2026V\NMPCProject\experiments\solver_tuning\results\reduced10\2\reduced10_2_irk_sqp_fch_gn_N20_T100_n20.mat"
c49a34f3-0b15-274f-b7e3-20ee3885741c,2026-05-10_18-46-55,reduced10,2,irk_sqp_fch_gn_N20_T100_n5,5,30,IRK,4,3,SQP,FULL_CONDENSING_HPIPM,GAUSS_NEWTON,20,0.100000,0.005000,10,1,baseline,0.05,1,1,1,0,58.3695,58.3695,58.3695,58.3695,66.2641,66.2641,66.2641,1e+09,NaN,NaN,0.687386,0.516457,0,0.5,0.02,100,0,0,38.2604,2,44,"C:\Users\mariujf\Maggy2026V\NMPCProject\experiments\solver_tuning\results\reduced10\2\reduced10_2_irk_sqp_fch_gn_N20_T100_n5.mat"
30ba6595-56c5-ec35-d6a1-a128dd90375e,2026-05-10_18-55-37,reduced10,2,irk_sqp_fch_gn_N20_T150_n10,10,30,IRK,4,3,SQP,FULL_CONDENSING_HPIPM,GAUSS_NEWTON,20,0.150000,0.007500,10,1,baseline,0.05,1,1,1,1,398.414,398.414,398.414,398.414,403.692,403.692,403.692,1e+09,NaN,NaN,0.687386,0.516457,0,0.5,0.0214955,100,0,0,70.2452,9,6,"C:\Users\mariujf\Maggy2026V\NMPCProject\experiments\solver_tuning\results\reduced10\2\reduced10_2_irk_sqp_fch_gn_N20_T150_n10.mat"
109dad91-88fd-8470-4176-da52d2bd043e,2026-05-10_18-57-34,reduced10,2,irk_sqp_fch_gn_N20_T150_n15,15,30,IRK,4,3,SQP,FULL_CONDENSING_HPIPM,GAUSS_NEWTON,20,0.150000,0.007500,10,1,baseline,0.05,1,1,1,1,614.349,614.349,614.349,614.349,635.208,635.208,635.208,1e+09,NaN,NaN,0.687386,0.516457,0,0.5,0.0210254,100,0,0,116.592,10,5,"C:\Users\mariujf\Maggy2026V\NMPCProject\experiments\solver_tuning\results\reduced10\2\reduced10_2_irk_sqp_fch_gn_N20_T150_n15.mat"
7986f1b1-7568-d997-8919-6f210641811d,2026-05-10_19-01-14,reduced10,2,irk_sqp_fch_gn_N20_T150_n20,20,30,IRK,4,3,SQP,FULL_CONDENSING_HPIPM,GAUSS_NEWTON,20,0.150000,0.007500,10,1,baseline,0.05,1,1,1,1,727.634,727.634,727.634,727.634,733.757,733.757,733.757,1e+09,NaN,NaN,0.687386,0.516457,0,0.5,0.0210277,100,0,0,217.906,10,5,"C:\Users\mariujf\Maggy2026V\NMPCProject\experiments\solver_tuning\results\reduced10\2\reduced10_2_irk_sqp_fch_gn_N20_T150_n20.mat"
964a1445-3162-c680-5a77-d6c52246b2b9,2026-05-10_18-54-26,reduced10,2,irk_sqp_fch_gn_N20_T150_n5,5,30,IRK,4,3,SQP,FULL_CONDENSING_HPIPM,GAUSS_NEWTON,20,0.150000,0.007500,10,1,baseline,0.05,1,12,1,0,21.6249,33.2414,45.5194,48.5889,22.5217,46.0177,49.0457,1.0003e+09,NaN,NaN,108968,2.29783e+10,1.0022e+07,75361.3,0.3,83.3333,0,0,38.0174,1.08333,11.0833,"C:\Users\mariujf\Maggy2026V\NMPCProject\experiments\solver_tuning\results\reduced10\2\reduced10_2_irk_sqp_fch_gn_N20_T150_n5.mat"
ac6fe9bb-c192-2b23-f6c9-59279936bb3c,2026-05-10_19-03-04,reduced10,2,irk_sqp_fch_gn_N20_T200_n10,10,30,IRK,4,3,SQP,FULL_CONDENSING_HPIPM,GAUSS_NEWTON,20,0.200000,0.010000,10,1,baseline,0.05,1,1,1,1,714.542,714.542,714.542,714.542,734.758,734.758,734.758,1e+09,NaN,NaN,0.687386,0.516457,0,0.5,0.0311381,100,0,0,70.433,19,8,"C:\Users\mariujf\Maggy2026V\NMPCProject\experiments\solver_tuning\results\reduced10\2\reduced10_2_irk_sqp_fch_gn_N20_T200_n10.mat"
deed5559-7689-2ab9-7765-74d420b8a3d2,2026-05-10_19-05-04,reduced10,2,irk_sqp_fch_gn_N20_T200_n15,15,30,IRK,4,3,SQP,FULL_CONDENSING_HPIPM,GAUSS_NEWTON,20,0.200000,0.010000,10,1,baseline,0.05,1,1,1,0,2519.3,2519.3,2519.3,2519.3,2526.4,2526.4,2526.4,1e+09,NaN,NaN,0.687386,0.516457,0,0.5,0.0328598,100,0,0,116.669,50,6,"C:\Users\mariujf\Maggy2026V\NMPCProject\experiments\solver_tuning\results\reduced10\2\reduced10_2_irk_sqp_fch_gn_N20_T200_n15.mat"
e5806d6b-2d04-4b7e-0f09-0f6706d38ceb,2026-05-10_19-08-45,reduced10,2,irk_sqp_fch_gn_N20_T200_n20,20,30,IRK,4,3,SQP,FULL_CONDENSING_HPIPM,GAUSS_NEWTON,20,0.200000,0.010000,10,1,baseline,0.05,1,1,1,0,3369.61,3369.61,3369.61,3369.61,3377.16,3377.16,3377.16,1e+09,NaN,NaN,0.687386,0.516457,0,0.5,0.0328501,100,0,0,217.003,50,6,"C:\Users\mariujf\Maggy2026V\NMPCProject\experiments\solver_tuning\results\reduced10\2\reduced10_2_irk_sqp_fch_gn_N20_T200_n20.mat"
e061e882-4903-21f8-0008-516587b5d444,2026-05-10_19-01-53,reduced10,2,irk_sqp_fch_gn_N20_T200_n5,5,30,IRK,4,3,SQP,FULL_CONDENSING_HPIPM,GAUSS_NEWTON,20,0.200000,0.010000,10,1,baseline,0.05,1,1,1,0,29.6531,29.6531,29.6531,29.6531,37.1713,37.1713,37.1713,1e+09,NaN,NaN,0.687386,0.516457,0,0.5,0,0,0,0,38.5737,1,52,"C:\Users\mariujf\Maggy2026V\NMPCProject\experiments\solver_tuning\results\reduced10\2\reduced10_2_irk_sqp_fch_gn_N20_T200_n5.mat"
9238c439-eb90-35d6-9bad-77399de033fd,2026-05-10_19-10-36,reduced10,2,irk_sqp_fch_gn_N20_T300_n10,10,30,IRK,4,3,SQP,FULL_CONDENSING_HPIPM,GAUSS_NEWTON,20,0.300000,0.015000,10,1,baseline,0.05,1,1,1,1,1264.75,1264.75,1264.75,1264.75,1270.12,1270.12,1270.12,1e+09,NaN,NaN,0.687386,0.516457,0,0.5,0.0484335,100,0,0,70.1212,35,7,"C:\Users\mariujf\Maggy2026V\NMPCProject\experiments\solver_tuning\results\reduced10\2\reduced10_2_irk_sqp_fch_gn_N20_T300_n10.mat"
ad77046e-3a02-ea1a-c4b8-888711813317,2026-05-10_19-12-35,reduced10,2,irk_sqp_fch_gn_N20_T300_n15,15,30,IRK,4,3,SQP,FULL_CONDENSING_HPIPM,GAUSS_NEWTON,20,0.300000,0.015000,10,1,baseline,0.05,1,1,1,1,2070.07,2070.07,2070.07,2070.07,2076.9,2076.9,2076.9,1e+09,NaN,NaN,0.687386,0.516457,0,0.5,0.046152,100,0,0,116.326,39,7,"C:\Users\mariujf\Maggy2026V\NMPCProject\experiments\solver_tuning\results\reduced10\2\reduced10_2_irk_sqp_fch_gn_N20_T300_n15.mat"
0313f771-d50b-71ff-fd91-cb567d15216e,2026-05-10_19-16-17,reduced10,2,irk_sqp_fch_gn_N20_T300_n20,20,30,IRK,4,3,SQP,FULL_CONDENSING_HPIPM,GAUSS_NEWTON,20,0.300000,0.015000,10,1,baseline,0.05,1,1,1,1,2717.64,2717.64,2717.64,2717.64,2740.24,2740.24,2740.24,1e+09,NaN,NaN,0.687386,0.516457,0,0.5,0.0461296,100,0,0,219.231,39,7,"C:\Users\mariujf\Maggy2026V\NMPCProject\experiments\solver_tuning\results\reduced10\2\reduced10_2_irk_sqp_fch_gn_N20_T300_n20.mat"
90244df9-c127-abcd-f099-7c3384a1ca09,2026-05-10_19-09-24,reduced10,2,irk_sqp_fch_gn_N20_T300_n5,5,30,IRK,4,3,SQP,FULL_CONDENSING_HPIPM,GAUSS_NEWTON,20,0.300000,0.015000,10,1,baseline,0.05,1,1,1,0,20.1818,20.1818,20.1818,20.1818,25.3326,25.3326,25.3326,1e+09,NaN,NaN,0.687386,0.516457,0,0.5,0,0,0,0,38.2284,1,23,"C:\Users\mariujf\Maggy2026V\NMPCProject\experiments\solver_tuning\results\reduced10\2\reduced10_2_irk_sqp_fch_gn_N20_T300_n5.mat"
1f2afbea-97d5-4500-6e97-ee3682041068,2026-05-10_19-18-10,reduced10,2,irk_sqp_fch_gn_N30_T150_n10,10,30,IRK,4,3,SQP,FULL_CONDENSING_HPIPM,GAUSS_NEWTON,30,0.150000,0.005000,10,1,baseline,0.05,1,1,1,0,2514.73,2514.73,2514.73,2514.73,2521.78,2521.78,2521.78,1e+09,NaN,NaN,0.687386,0.516457,0,0.5,0.0172176,100,0,0,70.5255,50,5,"C:\Users\mariujf\Maggy2026V\NMPCProject\experiments\solver_tuning\results\reduced10\2\reduced10_2_irk_sqp_fch_gn_N30_T150_n10.mat"
a8bb72fc-25ac-c675-8800-1680e684de3f,2026-05-10_19-20-10,reduced10,2,irk_sqp_fch_gn_N30_T150_n15,15,30,IRK,4,3,SQP,FULL_CONDENSING_HPIPM,GAUSS_NEWTON,30,0.150000,0.005000,10,1,baseline,0.05,1,1,1,0,3767.88,3767.88,3767.88,3767.88,3774.39,3774.39,3774.39,1e+09,NaN,NaN,0.687386,0.516457,0,0.5,0.0176255,100,0,0,116.133,50,5,"C:\Users\mariujf\Maggy2026V\NMPCProject\experiments\solver_tuning\results\reduced10\2\reduced10_2_irk_sqp_fch_gn_N30_T150_n15.mat"
0e69a3da-e3a6-5904-aaae-74577266045c,2026-05-10_19-23-54,reduced10,2,irk_sqp_fch_gn_N30_T150_n20,20,30,IRK,4,3,SQP,FULL_CONDENSING_HPIPM,GAUSS_NEWTON,30,0.150000,0.005000,10,1,baseline,0.05,1,1,1,0,5028.38,5028.38,5028.38,5028.38,5034.24,5034.24,5034.24,1e+09,NaN,NaN,0.687386,0.516457,0,0.5,0.0176146,100,0,0,217.961,50,5,"C:\Users\mariujf\Maggy2026V\NMPCProject\experiments\solver_tuning\results\reduced10\2\reduced10_2_irk_sqp_fch_gn_N30_T150_n20.mat"
3655d4c3-52e3-bd1f-28ed-bb410dbeb6e2,2026-05-10_19-16-56,reduced10,2,irk_sqp_fch_gn_N30_T150_n5,5,30,IRK,4,3,SQP,FULL_CONDENSING_HPIPM,GAUSS_NEWTON,30,0.150000,0.005000,10,1,baseline,0.05,1,1,1,0,99.732,99.732,99.732,99.732,107.167,107.167,107.167,1e+09,NaN,NaN,0.687386,0.516457,0,0.5,0.02,100,0,0,38.2533,2,47,"C:\Users\mariujf\Maggy2026V\NMPCProject\experiments\solver_tuning\results\reduced10\2\reduced10_2_irk_sqp_fch_gn_N30_T150_n5.mat"
b0632be5-024f-2b48-34d5-e6d0b58a21c6,2026-05-10_19-25-44,reduced10,2,irk_sqp_fch_gn_N30_T200_n10,10,30,IRK,4,3,SQP,FULL_CONDENSING_HPIPM,GAUSS_NEWTON,30,0.200000,0.006667,10,1,baseline,0.05,1,1,1,1,695.456,695.456,695.456,695.456,702.325,702.325,702.325,1e+09,NaN,NaN,0.687386,0.516457,0,0.5,0.0204236,100,0,0,70.5358,12,7,"C:\Users\mariujf\Maggy2026V\NMPCProject\experiments\solver_tuning\results\reduced10\2\reduced10_2_irk_sqp_fch_gn_N30_T200_n10.mat"
6cdaa954-5287-98f1-35ec-308a3554b69d,2026-05-10_19-27-43,reduced10,2,irk_sqp_fch_gn_N30_T200_n15,15,30,IRK,4,3,SQP,FULL_CONDENSING_HPIPM,GAUSS_NEWTON,30,0.200000,0.006667,10,1,baseline,0.05,1,1,1,1,1112.56,1112.56,1112.56,1112.56,1117.92,1117.92,1117.92,1e+09,NaN,NaN,0.687386,0.516457,0,0.5,0.0211417,100,0,0,116.587,13,6,"C:\Users\mariujf\Maggy2026V\NMPCProject\experiments\solver_tuning\results\reduced10\2\reduced10_2_irk_sqp_fch_gn_N30_T200_n15.mat"
40b0451f-7b54-387e-5acb-a342bfef7e0f,2026-05-10_19-31-23,reduced10,2,irk_sqp_fch_gn_N30_T200_n20,20,30,IRK,4,3,SQP,FULL_CONDENSING_HPIPM,GAUSS_NEWTON,30,0.200000,0.006667,10,1,baseline,0.05,1,1,1,1,1489.71,1489.71,1489.71,1489.71,1497.09,1497.09,1497.09,1e+09,NaN,NaN,0.687386,0.516457,0,0.5,0.0211462,100,0,0,217.835,13,6,"C:\Users\mariujf\Maggy2026V\NMPCProject\experiments\solver_tuning\results\reduced10\2\reduced10_2_irk_sqp_fch_gn_N30_T200_n20.mat"
dc85f015-7a90-91e0-fe27-67753847ddd2,2026-05-10_19-24-33,reduced10,2,irk_sqp_fch_gn_N30_T200_n5,5,30,IRK,4,3,SQP,FULL_CONDENSING_HPIPM,GAUSS_NEWTON,30,0.200000,0.006667,10,1,baseline,0.05,1,1,1,0,46.3292,46.3292,46.3292,46.3292,53.8214,53.8214,53.8214,1e+09,NaN,NaN,0.687386,0.516457,0,0.5,0,0,0,0,38.3246,1,22,"C:\Users\mariujf\Maggy2026V\NMPCProject\experiments\solver_tuning\results\reduced10\2\reduced10_2_irk_sqp_fch_gn_N30_T200_n5.mat"
9d2548ad-8214-89f3-0d59-6fe437feeb18,2026-05-10_19-33-14,reduced10,2,irk_sqp_fch_gn_N30_T300_n10,10,30,IRK,4,3,SQP,FULL_CONDENSING_HPIPM,GAUSS_NEWTON,30,0.300000,0.010000,10,1,baseline,0.05,1,1,1,1,1160.31,1160.31,1160.31,1160.31,1166.01,1166.01,1166.01,1e+09,NaN,NaN,0.687386,0.516457,0,0.5,0.0311404,100,0,0,70.3078,19,8,"C:\Users\mariujf\Maggy2026V\NMPCProject\experiments\solver_tuning\results\reduced10\2\reduced10_2_irk_sqp_fch_gn_N30_T300_n10.mat"
b1031dad-5c10-4e59-4d60-8fbacbcd784e,2026-05-10_19-35-14,reduced10,2,irk_sqp_fch_gn_N30_T300_n15,15,30,IRK,4,3,SQP,FULL_CONDENSING_HPIPM,GAUSS_NEWTON,30,0.300000,0.010000,10,1,baseline,0.05,1,1,1,0,3898.72,3898.72,3898.72,3898.72,3903.98,3903.98,3903.98,1e+09,NaN,NaN,0.687386,0.516457,0,0.5,0.0328611,100,0,0,116.289,50,7,"C:\Users\mariujf\Maggy2026V\NMPCProject\experiments\solver_tuning\results\reduced10\2\reduced10_2_irk_sqp_fch_gn_N30_T300_n15.mat"
ca8a6b34-bd51-5b86-f327-c0090503c152,2026-05-10_19-39-00,reduced10,2,irk_sqp_fch_gn_N30_T300_n20,20,30,IRK,4,3,SQP,FULL_CONDENSING_HPIPM,GAUSS_NEWTON,30,0.300000,0.010000,10,1,baseline,0.05,1,1,1,0,5050.94,5050.94,5050.94,5050.94,5056.43,5056.43,5056.43,1e+09,NaN,NaN,0.687386,0.516457,0,0.5,0.0328514,100,0,0,220.357,50,7,"C:\Users\mariujf\Maggy2026V\NMPCProject\experiments\solver_tuning\results\reduced10\2\reduced10_2_irk_sqp_fch_gn_N30_T300_n20.mat"
9e0d51c7-4d70-244c-d826-49c4e8a91cfb,2026-05-10_19-32-02,reduced10,2,irk_sqp_fch_gn_N30_T300_n5,5,30,IRK,4,3,SQP,FULL_CONDENSING_HPIPM,GAUSS_NEWTON,30,0.300000,0.010000,10,1,baseline,0.05,1,1,1,0,57.8327,57.8327,57.8327,57.8327,65.9233,65.9233,65.9233,1e+09,NaN,NaN,0.687386,0.516457,0,0.5,0,0,0,0,38.4988,1,44,"C:\Users\mariujf\Maggy2026V\NMPCProject\experiments\solver_tuning\results\reduced10\2\reduced10_2_irk_sqp_fch_gn_N30_T300_n5.mat"
eabbac10-1d21-f5d1-1e8f-7e0e5c7f7851,2026-05-10_17-18-53,reduced10,2,irk_sqp_fch_gn_N5_T050_n10,10,30,IRK,4,3,SQP,FULL_CONDENSING_HPIPM,GAUSS_NEWTON,5,0.050000,0.010000,10,1,baseline,0.05,1,1,1,0,502.578,502.578,502.578,502.578,522.696,522.696,522.696,1e+09,NaN,NaN,0.687386,0.516457,0,0.5,0.0304224,100,0,0,69.3468,50,7,"C:\Users\mariujf\Maggy2026V\NMPCProject\experiments\solver_tuning\results\reduced10\2\reduced10_2_irk_sqp_fch_gn_N5_T050_n10.mat"
0f0c547b-43b7-3ef4-f29a-084ee7f95e55,2026-05-10_17-20-50,reduced10,2,irk_sqp_fch_gn_N5_T050_n15,15,30,IRK,4,3,SQP,FULL_CONDENSING_HPIPM,GAUSS_NEWTON,5,0.050000,0.010000,10,1,baseline,0.05,1,1,1,0,697.754,697.754,697.754,697.754,703.755,703.755,703.755,1e+09,NaN,NaN,0.687386,0.516457,0,0.5,0.0300469,100,0,0,115.308,50,5,"C:\Users\mariujf\Maggy2026V\NMPCProject\experiments\solver_tuning\results\reduced10\2\reduced10_2_irk_sqp_fch_gn_N5_T050_n15.mat"
a99cf420-1818-af70-6995-1c9e7de87628,2026-05-10_17-24-30,reduced10,2,irk_sqp_fch_gn_N5_T050_n20,20,30,IRK,4,3,SQP,FULL_CONDENSING_HPIPM,GAUSS_NEWTON,5,0.050000,0.010000,10,1,baseline,0.05,1,1,1,0,886.491,886.491,886.491,886.491,893.684,893.684,893.684,1e+09,NaN,NaN,0.687386,0.516457,0,0.5,0.0300449,100,0,0,218.657,50,5,"C:\Users\mariujf\Maggy2026V\NMPCProject\experiments\solver_tuning\results\reduced10\2\reduced10_2_irk_sqp_fch_gn_N5_T050_n20.mat"
2cbe5e5d-899c-ed29-bfc6-25d100bd2083,2026-05-10_17-17-43,reduced10,2,irk_sqp_fch_gn_N5_T050_n5,5,30,IRK,4,3,SQP,FULL_CONDENSING_HPIPM,GAUSS_NEWTON,5,0.050000,0.010000,10,1,baseline,0.05,1,1,1,0,9.5147,9.5147,9.5147,9.5147,15.3213,15.3213,15.3213,1e+09,NaN,NaN,0.687386,0.516457,0,0.5,0.04,100,0,0,37.7466,2,61,"C:\Users\mariujf\Maggy2026V\NMPCProject\experiments\solver_tuning\results\reduced10\2\reduced10_2_irk_sqp_fch_gn_N5_T050_n5.mat"
6d4fcdc3-ec4f-dde1-7fe9-95a0ecbc2a86,2026-05-10_17-26-18,reduced10,2,irk_sqp_fch_gn_N5_T100_n10,10,30,IRK,4,3,SQP,FULL_CONDENSING_HPIPM,GAUSS_NEWTON,5,0.100000,0.020000,10,1,baseline,0.05,1,1,1,1,298.434,298.434,298.434,298.434,311.267,311.267,311.267,1e+09,NaN,NaN,0.687386,0.516457,0,0.5,0.0486929,100,0,0,69.5847,31,6,"C:\Users\mariujf\Maggy2026V\NMPCProject\experiments\solver_tuning\results\reduced10\2\reduced10_2_irk_sqp_fch_gn_N5_T100_n10.mat"
5fd64268-d49a-11f7-47f1-8e179e7468e7,2026-05-10_17-28-15,reduced10,2,irk_sqp_fch_gn_N5_T100_n15,15,30,IRK,4,3,SQP,FULL_CONDENSING_HPIPM,GAUSS_NEWTON,5,0.100000,0.020000,10,1,baseline,0.05,1,1,1,1,433.954,433.954,433.954,433.954,452.641,452.641,452.641,1e+09,NaN,NaN,0.687386,0.516457,0,0.5,0.0481626,100,0,0,115.747,29,5,"C:\Users\mariujf\Maggy2026V\NMPCProject\experiments\solver_tuning\results\reduced10\2\reduced10_2_irk_sqp_fch_gn_N5_T100_n15.mat"
42286aaf-61ce-18a9-219b-9c22a7fcd74b,2026-05-10_17-31-53,reduced10,2,irk_sqp_fch_gn_N5_T100_n20,20,30,IRK,4,3,SQP,FULL_CONDENSING_HPIPM,GAUSS_NEWTON,5,0.100000,0.020000,10,1,baseline,0.05,1,1,1,1,558.905,558.905,558.905,558.905,564.481,564.481,564.481,1e+09,NaN,NaN,0.687386,0.516457,0,0.5,0.0481792,100,0,0,216.771,29,5,"C:\Users\mariujf\Maggy2026V\NMPCProject\experiments\solver_tuning\results\reduced10\2\reduced10_2_irk_sqp_fch_gn_N5_T100_n20.mat"
e086a905-4728-a83c-a539-e5b0e1e055cd,2026-05-10_17-25-08,reduced10,2,irk_sqp_fch_gn_N5_T100_n5,5,30,IRK,4,3,SQP,FULL_CONDENSING_HPIPM,GAUSS_NEWTON,5,0.100000,0.020000,10,1,baseline,0.05,1,1,1,0,9.5068,9.5068,9.5068,9.5068,18.005,18.005,18.005,1e+09,NaN,NaN,0.687386,0.516457,0,0.5,0.08,100,0,0,37.4417,2,22,"C:\Users\mariujf\Maggy2026V\NMPCProject\experiments\solver_tuning\results\reduced10\2\reduced10_2_irk_sqp_fch_gn_N5_T100_n5.mat"
c75d971a-1c54-a403-126f-5da8498cbdce,2026-05-10_17-33-41,reduced10,2,irk_sqp_fch_gn_N5_T150_n10,10,30,IRK,4,3,SQP,FULL_CONDENSING_HPIPM,GAUSS_NEWTON,5,0.150000,0.030000,10,1,baseline,0.05,1,1,1,1,190.492,190.492,190.492,190.492,197.249,197.249,197.249,1e+09,NaN,NaN,0.687386,0.516457,0,0.5,0.0756688,100,0,0,69.3844,18,5,"C:\Users\mariujf\Maggy2026V\NMPCProject\experiments\solver_tuning\results\reduced10\2\reduced10_2_irk_sqp_fch_gn_N5_T150_n10.mat"
1126c1d5-3d9f-3b1c-0311-21e9359a36d4,2026-05-10_17-35-37,reduced10,2,irk_sqp_fch_gn_N5_T150_n15,15,30,IRK,4,3,SQP,FULL_CONDENSING_HPIPM,GAUSS_NEWTON,5,0.150000,0.030000,10,1,baseline,0.05,1,1,1,1,235.718,235.718,235.718,235.718,243.727,243.727,243.727,1e+09,NaN,NaN,0.687386,0.516457,0,0.5,0.0767785,100,0,0,115.319,17,5,"C:\Users\mariujf\Maggy2026V\NMPCProject\experiments\solver_tuning\results\reduced10\2\reduced10_2_irk_sqp_fch_gn_N5_T150_n15.mat"
e7e2471c-18db-c866-aae2-9cd85802b0ba,2026-05-10_17-39-15,reduced10,2,irk_sqp_fch_gn_N5_T150_n20,20,30,IRK,4,3,SQP,FULL_CONDENSING_HPIPM,GAUSS_NEWTON,5,0.150000,0.030000,10,1,baseline,0.05,1,1,1,1,372.511,372.511,372.511,372.511,379.318,379.318,379.318,1e+09,NaN,NaN,0.687386,0.516457,0,0.5,0.0767736,100,0,0,217.026,17,5,"C:\Users\mariujf\Maggy2026V\NMPCProject\experiments\solver_tuning\results\reduced10\2\reduced10_2_irk_sqp_fch_gn_N5_T150_n20.mat"
7ff44ea4-2b75-0c7b-39cf-5df1915e91d8,2026-05-10_17-32-31,reduced10,2,irk_sqp_fch_gn_N5_T150_n5,5,30,IRK,4,3,SQP,FULL_CONDENSING_HPIPM,GAUSS_NEWTON,5,0.150000,0.030000,10,1,baseline,0.05,1,1,1,0,5.0759,5.0759,5.0759,5.0759,11.3518,11.3518,11.3518,1e+09,NaN,NaN,0.687386,0.516457,0,0.5,0,0,0,0,37.7049,1,17,"C:\Users\mariujf\Maggy2026V\NMPCProject\experiments\solver_tuning\results\reduced10\2\reduced10_2_irk_sqp_fch_gn_N5_T150_n5.mat"
9d26a6ee-99f1-cc3c-9c46-60922cb50f56,2026-05-10_19-54-29,reduced10,3a,d_avel_s0p2,10,30,IRK,4,3,SQP_RTI,PARTIAL_CONDENSING_HPIPM,GAUSS_NEWTON,20,0.150000,0.007500,10,1,d_avel_ss0p2,0.2,1,1,1,1,38.4328,38.4328,38.4328,38.4328,50.1551,50.1551,50.1551,1e+09,NaN,NaN,0,0,0,0,9.39641e-06,0,0,0,70.6599,1,5,"C:\Users\mariujf\Maggy2026V\NMPCProject\experiments\solver_tuning\results\reduced10\3a\reduced10_3a_d_avel_s0p2.mat"
27006227-0359-f722-5174-f4a2076965ad,2026-05-10_19-55-41,reduced10,3a,d_avel_s0p5,10,30,IRK,4,3,SQP_RTI,PARTIAL_CONDENSING_HPIPM,GAUSS_NEWTON,20,0.150000,0.007500,10,1,d_avel_ss0p5,0.5,1,1,1,1,43.9055,43.9055,43.9055,43.9055,51.9495,51.9495,51.9495,1e+09,NaN,NaN,0,0,0,0,5.87514e-05,0,0,0,71.1758,1,5,"C:\Users\mariujf\Maggy2026V\NMPCProject\experiments\solver_tuning\results\reduced10\3a\reduced10_3a_d_avel_s0p5.mat"
471e5ca2-c7cb-7217-0eac-0c4987e3c44a,2026-05-10_19-56-53,reduced10,3a,d_avel_s1,10,30,IRK,4,3,SQP_RTI,PARTIAL_CONDENSING_HPIPM,GAUSS_NEWTON,20,0.150000,0.007500,10,1,d_avel_ss1,1,1,1,1,1,47.985,47.985,47.985,47.985,55.2802,55.2802,55.2802,1e+09,NaN,NaN,0,0,0,0,0.000235346,0,0,0,70.7098,1,5,"C:\Users\mariujf\Maggy2026V\NMPCProject\experiments\solver_tuning\results\reduced10\3a\reduced10_3a_d_avel_s1.mat"
e96b5906-123f-dae7-1827-8cb0ea5f85a2,2026-05-10_19-40-13,reduced10,3a,d_legacy_s0p2,10,30,IRK,4,3,SQP_RTI,PARTIAL_CONDENSING_HPIPM,GAUSS_NEWTON,20,0.150000,0.007500,10,1,d_legacy_ss0p2,0.2,1,1,1,1,48.5523,48.5523,48.5523,48.5523,57.8587,57.8587,57.8587,1e+09,NaN,NaN,2.74955,2.06583,0,2,0.03,100,0,0,70.4423,1,59,"C:\Users\mariujf\Maggy2026V\NMPCProject\experiments\solver_tuning\results\reduced10\3a\reduced10_3a_d_legacy_s0p2.mat"
0d4d70df-b0f1-42e9-e55a-75af3b653229,2026-05-10_19-41-24,reduced10,3a,d_legacy_s0p5,10,30,IRK,4,3,SQP_RTI,PARTIAL_CONDENSING_HPIPM,GAUSS_NEWTON,20,0.150000,0.007500,10,1,d_legacy_ss0p5,0.5,1,1,1,1,45.5002,45.5002,45.5002,45.5002,53.6921,53.6921,53.6921,1e+09,NaN,NaN,6.87386,5.16457,0,5,0.03,100,0,0,70.5571,1,39,"C:\Users\mariujf\Maggy2026V\NMPCProject\experiments\solver_tuning\results\reduced10\3a\reduced10_3a_d_legacy_s0p5.mat"
d985bdda-a986-1b6a-d60f-7475a68fe788,2026-05-10_19-42-36,reduced10,3a,d_legacy_s1,10,30,IRK,4,3,SQP_RTI,PARTIAL_CONDENSING_HPIPM,GAUSS_NEWTON,20,0.150000,0.007500,10,1,d_legacy_ss1,1,1,1,1,1,39.7125,39.7125,39.7125,39.7125,47.1487,47.1487,47.1487,1e+09,NaN,NaN,13.7477,10.3291,0,10,0.03,100,0,0,71.0586,1,31,"C:\Users\mariujf\Maggy2026V\NMPCProject\experiments\solver_tuning\results\reduced10\3a\reduced10_3a_d_legacy_s1.mat"
a63cbc93-b5ee-1af7-f567-6c778f631949,2026-05-10_19-50-55,reduced10,3a,d_lvel_s0p2,10,30,IRK,4,3,SQP_RTI,PARTIAL_CONDENSING_HPIPM,GAUSS_NEWTON,20,0.150000,0.007500,10,1,d_lvel_ss0p2,0.2,1,1,1,1,53.0099,53.0099,53.0099,53.0099,60.5882,60.5882,60.5882,1e+09,NaN,NaN,0,0,0,0,0.03,100,0,0,70.7177,1,28,"C:\Users\mariujf\Maggy2026V\NMPCProject\experiments\solver_tuning\results\reduced10\3a\reduced10_3a_d_lvel_s0p2.mat"
7bad2753-4ef7-2183-57f0-a9be8425cbf2,2026-05-10_19-52-07,reduced10,3a,d_lvel_s0p5,10,30,IRK,4,3,SQP_RTI,PARTIAL_CONDENSING_HPIPM,GAUSS_NEWTON,20,0.150000,0.007500,10,1,d_lvel_ss0p5,0.5,1,1,1,1,48.9211,48.9211,48.9211,48.9211,56.8358,56.8358,56.8358,1e+09,NaN,NaN,0,0,0,0,0.03,100,0,0,70.7752,1,34,"C:\Users\mariujf\Maggy2026V\NMPCProject\experiments\solver_tuning\results\reduced10\3a\reduced10_3a_d_lvel_s0p5.mat"
939b111e-3f9c-e89f-e3b6-fd6352dbfcc7,2026-05-10_19-53-18,reduced10,3a,d_lvel_s1,10,30,IRK,4,3,SQP_RTI,PARTIAL_CONDENSING_HPIPM,GAUSS_NEWTON,20,0.150000,0.007500,10,1,d_lvel_ss1,1,1,1,1,1,68.6107,68.6107,68.6107,68.6107,76.7552,76.7552,76.7552,1e+09,NaN,NaN,0,0,0,0,0.03,100,0,0,70.8581,1,200,"C:\Users\mariujf\Maggy2026V\NMPCProject\experiments\solver_tuning\results\reduced10\3a\reduced10_3a_d_lvel_s1.mat"
81f62542-4a7b-804a-2451-680897d5cf33,2026-05-10_19-47-21,reduced10,3a,d_ori_s0p2,10,30,IRK,4,3,SQP_RTI,PARTIAL_CONDENSING_HPIPM,GAUSS_NEWTON,20,0.150000,0.007500,10,1,d_ori_ss0p2,0.2,1,1,1,1,50.2153,50.2153,50.2153,50.2153,57.3633,57.3633,57.3633,1e+09,NaN,NaN,0,2.836,0,0,0.03,100,0,0,70.6257,1,11,"C:\Users\mariujf\Maggy2026V\NMPCProject\experiments\solver_tuning\results\reduced10\3a\reduced10_3a_d_ori_s0p2.mat"
7879ac93-c1d6-2e9e-9ea0-c5196bcc7061,2026-05-10_19-48-33,reduced10,3a,d_ori_s0p5,10,30,IRK,4,3,SQP_RTI,PARTIAL_CONDENSING_HPIPM,GAUSS_NEWTON,20,0.150000,0.007500,10,1,d_ori_ss0p5,0.5,1,1,1,1,43.3646,43.3646,43.3646,43.3646,51.6798,51.6798,51.6798,1e+09,NaN,NaN,0,7.08999,0,0,0.02359,100,0,0,70.7052,1,15,"C:\Users\mariujf\Maggy2026V\NMPCProject\experiments\solver_tuning\results\reduced10\3a\reduced10_3a_d_ori_s0p5.mat"
7d203782-d539-8065-1a4c-5d46d2201f72,2026-05-10_19-49-44,reduced10,3a,d_ori_s1,10,30,IRK,4,3,SQP_RTI,PARTIAL_CONDENSING_HPIPM,GAUSS_NEWTON,20,0.150000,0.007500,10,1,d_ori_ss1,1,1,1,1,1,58.1448,58.1448,58.1448,58.1448,66.2785,66.2785,66.2785,1e+09,NaN,NaN,0,14.18,0,0,0.0232663,100,0,0,70.702,1,20,"C:\Users\mariujf\Maggy2026V\NMPCProject\experiments\solver_tuning\results\reduced10\3a\reduced10_3a_d_ori_s1.mat"
1c579a94-0431-1759-e7da-8c30a4ea3c62,2026-05-10_19-43-47,reduced10,3a,d_pos_s0p2,10,30,IRK,4,3,SQP_RTI,PARTIAL_CONDENSING_HPIPM,GAUSS_NEWTON,20,0.150000,0.007500,10,1,d_pos_ss0p2,0.2,1,1,1,1,61.9734,61.9734,61.9734,61.9734,69.6866,69.6866,69.6866,1e+09,NaN,NaN,1.73205,0,0,1,0.03,100,0,0,70.7197,1,33,"C:\Users\mariujf\Maggy2026V\NMPCProject\experiments\solver_tuning\results\reduced10\3a\reduced10_3a_d_pos_s0p2.mat"
9edd1438-a54f-2d21-9e71-f867ab5054f1,2026-05-10_19-44-59,reduced10,3a,d_pos_s0p5,10,30,IRK,4,3,SQP_RTI,PARTIAL_CONDENSING_HPIPM,GAUSS_NEWTON,20,0.150000,0.007500,10,1,d_pos_ss0p5,0.5,1,1,1,1,43.7023,43.7023,43.7023,43.7023,49.7772,49.7772,49.7772,1e+09,NaN,NaN,4.33013,0,0,2.5,0.03,100,0,0,70.9816,1,31,"C:\Users\mariujf\Maggy2026V\NMPCProject\experiments\solver_tuning\results\reduced10\3a\reduced10_3a_d_pos_s0p5.mat"
75380663-85ea-fd3b-b92e-659e973a92bb,2026-05-10_19-46-10,reduced10,3a,d_pos_s1,10,30,IRK,4,3,SQP_RTI,PARTIAL_CONDENSING_HPIPM,GAUSS_NEWTON,20,0.150000,0.007500,10,1,d_pos_ss1,1,1,1,1,1,53.2291,53.2291,53.2291,53.2291,62.4203,62.4203,62.4203,1e+09,NaN,NaN,8.66025,0,0,5,0.03,100,0,0,70.8283,1,28,"C:\Users\mariujf\Maggy2026V\NMPCProject\experiments\solver_tuning\results\reduced10\3a\reduced10_3a_d_pos_s1.mat"
9d58eeb3-c815-c141-5382-85a0a54482e0,2026-05-10_19-58-04,reduced10,3a,d_yaw_s0p2,10,30,IRK,4,3,SQP_RTI,PARTIAL_CONDENSING_HPIPM,GAUSS_NEWTON,20,0.150000,0.007500,10,1,d_yaw_ss0p2,0.2,1,1,1,1,42.8017,42.8017,42.8017,42.8017,49.9862,49.9862,49.9862,1e+09,NaN,NaN,1.73205,1.62057,2.29183,1,0.03,100,0,0,70.7964,1,33,"C:\Users\mariujf\Maggy2026V\NMPCProject\experiments\solver_tuning\results\reduced10\3a\reduced10_3a_d_yaw_s0p2.mat"
a97f3b37-fb89-15fe-69a5-fc3b7c399ca3,2026-05-10_19-59-15,reduced10,3a,d_yaw_s0p5,10,30,IRK,4,3,SQP_RTI,PARTIAL_CONDENSING_HPIPM,GAUSS_NEWTON,20,0.150000,0.007500,10,1,d_yaw_ss0p5,0.5,1,1,1,1,48.8288,48.8288,48.8288,48.8288,56.3995,56.3995,56.3995,1e+09,NaN,NaN,4.33013,4.05142,5.72958,2.5,0.03,100,0,0,70.7584,1,37,"C:\Users\mariujf\Maggy2026V\NMPCProject\experiments\solver_tuning\results\reduced10\3a\reduced10_3a_d_yaw_s0p5.mat"
02dfc4bf-bdd6-37a4-65b6-433714213859,2026-05-10_20-00-27,reduced10,3a,d_yaw_s1,10,30,IRK,4,3,SQP_RTI,PARTIAL_CONDENSING_HPIPM,GAUSS_NEWTON,20,0.150000,0.007500,10,1,d_yaw_ss1,1,1,1,1,1,42.4772,42.4772,42.4772,42.4772,49.0017,49.0017,49.0017,1e+09,NaN,NaN,8.66025,8.10285,11.4592,5,0.03,100,0,0,70.7399,1,29,"C:\Users\mariujf\Maggy2026V\NMPCProject\experiments\solver_tuning\results\reduced10\3a\reduced10_3a_d_yaw_s1.mat"
caded680-aff6-14d8-ce5f-228091e5931e,2026-05-10_20-04-05,reduced10,3b,irk_rti_fch_gn_timing,10,30,IRK,4,3,SQP_RTI,FULL_CONDENSING_HPIPM,GAUSS_NEWTON,20,0.200000,0.010000,10,1,baseline,0.05,5,1,1,1,34.6475,34.6475,34.6475,34.6475,36.3134,36.3134,36.3134,1e+09,NaN,NaN,0.687386,0.516457,0,0.5,0.0387749,100,0,0,70.9678,1,9,"C:\Users\mariujf\Maggy2026V\NMPCProject\experiments\solver_tuning\results\reduced10\3b\reduced10_3b_irk_rti_fch_gn_timing.mat"
7c2783ea-d6c9-69c4-66f4-f3e355c8223d,2026-05-10_20-01-38,reduced10,3b,irk_rti_pch_gn_timing,10,30,IRK,4,3,SQP_RTI,PARTIAL_CONDENSING_HPIPM,GAUSS_NEWTON,20,0.200000,0.010000,10,1,baseline,0.05,5,1,1,1,42.1985,42.1985,42.1985,42.1985,44.3531,44.3531,44.3531,1e+09,NaN,NaN,0.687386,0.516457,0,0.5,0.0387749,100,0,0,70.8012,1,8,"C:\Users\mariujf\Maggy2026V\NMPCProject\experiments\solver_tuning\results\reduced10\3b\reduced10_3b_irk_rti_pch_gn_timing.mat"
b208ec3a-7cce-8175-012f-303fc7969c5f,2026-05-10_20-02-53,reduced10,3b,irk_sqp_fch_gn_timing,10,30,IRK,4,3,SQP,FULL_CONDENSING_HPIPM,GAUSS_NEWTON,20,0.200000,0.010000,10,1,baseline,0.05,5,1,1,1,663.797,663.797,663.797,663.797,665.794,665.794,665.794,1e+09,NaN,NaN,0.687386,0.516457,0,0.5,0.0311381,100,0,0,70.9791,19,8,"C:\Users\mariujf\Maggy2026V\NMPCProject\experiments\solver_tuning\results\reduced10\3b\reduced10_3b_irk_sqp_fch_gn_timing.mat"
a21ee7c9-a16b-03a4-5104-1ca3a1240f8a,2026-05-08_16-22-48,reduced10,P0,ERK_n10,10,30,ERK,4,10,SQP_RTI,PARTIAL_CONDENSING_HPIPM,GAUSS_NEWTON,20,0.200000,0.010000,1,50,baseline,0.05,1,1,1,1,53.4572,53.4572,53.4572,53.4572,58.2003,58.2003,58.2003,1e+09,NaN,NaN,0.687386,0.516457,0,0.5,0.0273626,100,0,0,79.2634,1,8,"C:\Users\mariujf\Maggy2026V\NMPCProject\experiments\solver_tuning\results\reduced10\P0\reduced10_P0_ERK_n10.mat"
0deb4290-96cf-7acf-32da-3d2fc7ba9e08,2026-05-08_16-18-46,reduced10,P0,ERK_n2,10,30,ERK,4,2,SQP_RTI,PARTIAL_CONDENSING_HPIPM,GAUSS_NEWTON,20,0.200000,0.010000,1,50,baseline,0.05,1,9,1,0,11.772,13.739,13.9222,13.968,12.7037,18.2872,18.622,1e+09,NaN,NaN,35.5793,744.405,32.2816,16.5791,0,0,0,0,80.7923,1,10.8889,"C:\Users\mariujf\Maggy2026V\NMPCProject\experiments\solver_tuning\results\reduced10\P0\reduced10_P0_ERK_n2.mat"
24e5b754-66c9-765e-b510-66b503ae131b,2026-05-08_16-20-07,reduced10,P0,ERK_n3,10,30,ERK,4,3,SQP_RTI,PARTIAL_CONDENSING_HPIPM,GAUSS_NEWTON,20,0.200000,0.010000,1,50,baseline,0.05,1,9,1,0,16.5763,18.2606,19.1172,19.3314,17.6012,24.0282,24.5682,1.00004e+09,NaN,NaN,46.0918,10185.2,3072.66,25.6085,0,0,0,0,80.4667,1,7.66667,"C:\Users\mariujf\Maggy2026V\NMPCProject\experiments\solver_tuning\results\reduced10\P0\reduced10_P0_ERK_n3.mat"
9750722d-ed37-184a-601b-8bc61c96e78a,2026-05-08_16-21-28,reduced10,P0,ERK_n5,10,30,ERK,4,5,SQP_RTI,PARTIAL_CONDENSING_HPIPM,GAUSS_NEWTON,20,0.200000,0.010000,1,50,baseline,0.05,1,1,1,1,28.5804,28.5804,28.5804,28.5804,33.1544,33.1544,33.1544,1e+09,NaN,NaN,0.687386,0.516457,0,0.5,0.0319519,100,0,0,80.2481,1,8,"C:\Users\mariujf\Maggy2026V\NMPCProject\experiments\solver_tuning\results\reduced10\P0\reduced10_P0_ERK_n5.mat"
40b63858-3c5d-cf64-b3d1-e0e5b604a93c,2026-05-08_16-23-41,reduced10,P0,GNSF_dropin,10,30,GNSF,4,5,SQP_RTI,PARTIAL_CONDENSING_HPIPM,GAUSS_NEWTON,20,0.200000,0.010000,1,50,baseline,0.05,1,1,1,1,56.5382,56.5382,56.5382,56.5382,61.2102,61.2102,61.2102,1e+09,NaN,NaN,0.687386,0.516457,0,0.5,0.0341587,100,0,0,53.0628,1,9,"C:\Users\mariujf\Maggy2026V\NMPCProject\experiments\solver_tuning\results\reduced10\P0\reduced10_P0_GNSF_dropin.mat"
078e78ea-adae-1d62-3c6e-4a012c3952de,2026-05-08_16-06-01,reduced10,P0,IRK_s2_n10,10,30,IRK,2,10,SQP_RTI,PARTIAL_CONDENSING_HPIPM,GAUSS_NEWTON,20,0.200000,0.010000,1,50,baseline,0.05,1,300,0,1,55.0293,56.0892,58.239,59.2061,55.1402,58.3425,64.9599,27.5509,1070,770,0.773798,0.782271,0.00438792,0.737888,0.283279,3.33333,0,0,68.0814,1,5.08333,"C:\Users\mariujf\Maggy2026V\NMPCProject\experiments\solver_tuning\results\reduced10\P0\reduced10_P0_IRK_s2_n10.mat"
5acd56ca-e557-8ba1-bfd1-1ff774071322,2026-05-08_16-02-02,reduced10,P0,IRK_s2_n2,10,30,IRK,2,2,SQP_RTI,PARTIAL_CONDENSING_HPIPM,GAUSS_NEWTON,20,0.200000,0.010000,1,50,baseline,0.05,1,65,1,0,4.342,10.03,21.0341,23.6956,4.57097,21.1316,23.7566,1.00018e+09,NaN,NaN,12.2451,719,16.4585,12.2046,1.99993,100,0,0,71.0711,1,24.4923,"C:\Users\mariujf\Maggy2026V\NMPCProject\experiments\solver_tuning\results\reduced10\P0\reduced10_P0_IRK_s2_n2.mat"
a9d0b422-eb40-a8fa-b0aa-da8d77c8755e,2026-05-08_16-03-11,reduced10,P0,IRK_s2_n3,10,30,IRK,2,3,SQP_RTI,PARTIAL_CONDENSING_HPIPM,GAUSS_NEWTON,20,0.200000,0.010000,1,50,baseline,0.05,1,39,1,0,17.9936,20.3651,26.8907,27.18,18.3194,26.9521,27.2404,1.00012e+09,NaN,NaN,10.0325,195.367,6.70457,9.97342,1.3583,100,0,0,67.9482,1,18.641,"C:\Users\mariujf\Maggy2026V\NMPCProject\experiments\solver_tuning\results\reduced10\P0\reduced10_P0_IRK_s2_n3.mat"
ce5cd323-30c0-0692-0e8b-24972be2a037,2026-05-08_16-04-32,reduced10,P0,IRK_s2_n5,10,30,IRK,2,5,SQP_RTI,PARTIAL_CONDENSING_HPIPM,GAUSS_NEWTON,20,0.200000,0.010000,1,50,baseline,0.05,1,300,0,1,27.7921,28.3656,29.3355,31.1086,27.8875,29.7053,35.8084,36.1005,1090,840,0.687386,0.891771,1.03295,0.5,0.494044,5.66667,0,0,68.1148,1,5.19667,"C:\Users\mariujf\Maggy2026V\NMPCProject\experiments\solver_tuning\results\reduced10\P0\reduced10_P0_IRK_s2_n5.mat"
414f4e4a-03fa-9665-f66a-d98f0208a24f,2026-05-08_16-11-29,reduced10,P0,IRK_s3_n10,10,30,IRK,3,10,SQP_RTI,PARTIAL_CONDENSING_HPIPM,GAUSS_NEWTON,20,0.200000,0.010000,1,50,baseline,0.05,1,300,0,1,81.3067,82.7174,85.6094,86.5251,81.4218,86.0913,90.5964,27.6547,1070,770,0.769301,0.782662,0.00401774,0.739759,0.279471,3,0,0,69.4531,1,5.06,"C:\Users\mariujf\Maggy2026V\NMPCProject\experiments\solver_tuning\results\reduced10\P0\reduced10_P0_IRK_s3_n10.mat"
cd154cb4-c68f-8d82-8e00-bb0bc60ce69d,2026-05-08_16-07-15,reduced10,P0,IRK_s3_n2,10,30,IRK,3,2,SQP_RTI,PARTIAL_CONDENSING_HPIPM,GAUSS_NEWTON,20,0.200000,0.010000,1,50,baseline,0.05,1,163,1,0,17.4278,17.7321,26.0284,36.7474,17.5422,29.3399,36.8559,1.00011e+09,NaN,NaN,12.9681,296.989,39.4435,12.9461,5.1597,98.773,0,0,68.5028,1,12.4663,"C:\Users\mariujf\Maggy2026V\NMPCProject\experiments\solver_tuning\results\reduced10\P0\reduced10_P0_IRK_s3_n2.mat"
235ecb48-307d-076a-209c-223c20d8ef6d,2026-05-08_16-08-25,reduced10,P0,IRK_s3_n3,10,30,IRK,3,3,SQP_RTI,PARTIAL_CONDENSING_HPIPM,GAUSS_NEWTON,20,0.200000,0.010000,1,50,baseline,0.05,1,51,1,0,25.104,26.2364,27.9046,29.1472,25.332,30.5395,34.0105,1.00005e+09,NaN,NaN,3.88261,283.424,40.388,3.84063,0.599526,29.4118,0,0,68.421,1,6.86275,"C:\Users\mariujf\Maggy2026V\NMPCProject\experiments\solver_tuning\results\reduced10\P0\reduced10_P0_IRK_s3_n3.mat"
45f2f153-a35d-df5e-5df8-3c772ff48baf,2026-05-08_16-09-51,reduced10,P0,IRK_s3_n5,10,30,IRK,3,5,SQP_RTI,PARTIAL_CONDENSING_HPIPM,GAUSS_NEWTON,20,0.200000,0.010000,1,50,baseline,0.05,1,300,0,1,41.308,42.3094,43.8427,52.3288,41.4235,44.06,60.7957,29.0989,1070,770,0.784677,0.785624,0.969178,0.755886,0.281473,3.33333,0,0,68.5791,1,5.08,"C:\Users\mariujf\Maggy2026V\NMPCProject\experiments\solver_tuning\results\reduced10\P0\reduced10_P0_IRK_s3_n5.mat"
69e20e45-63d8-7977-d348-4dbbd26090d0,2026-05-08_16-17-25,reduced10,P0,IRK_s4_n10,10,30,IRK,4,10,SQP_RTI,PARTIAL_CONDENSING_HPIPM,GAUSS_NEWTON,20,0.200000,0.010000,1,50,baseline,0.05,1,300,0,1,108.681,110.73,113.442,115.388,108.809,115.158,117.953,27.6582,1070,770,0.769339,0.782702,0.00404111,0.739863,0.279468,3,0,0,68.4445,1,5.06667,"C:\Users\mariujf\Maggy2026V\NMPCProject\experiments\solver_tuning\results\reduced10\P0\reduced10_P0_IRK_s4_n10.mat"
5bfa1d33-8a73-6a9a-8460-e2d8263e6f46,2026-05-08_16-12-48,reduced10,P0,IRK_s4_n2,10,30,IRK,4,2,SQP_RTI,PARTIAL_CONDENSING_HPIPM,GAUSS_NEWTON,20,0.200000,0.010000,1,50,baseline,0.05,1,300,0,1,22.269,22.7746,23.7403,25.8809,22.3621,23.9615,30.7354,30.4363,1060,770,0.687386,0.819022,0.00744133,0.592769,0.310149,3.33333,0,0,68.3952,1,5.09667,"C:\Users\mariujf\Maggy2026V\NMPCProject\experiments\solver_tuning\results\reduced10\P0\reduced10_P0_IRK_s4_n2.mat"
0f1d618b-b8ed-1859-aacc-4be0993b26df,2026-05-08_16-14-11,reduced10,P0,IRK_s4_n3,10,30,IRK,4,3,SQP_RTI,PARTIAL_CONDENSING_HPIPM,GAUSS_NEWTON,20,0.200000,0.010000,1,50,baseline,0.05,1,300,0,1,33.1065,33.8265,34.2066,40.952,33.2027,35.2571,41.6291,27.5571,1070,770,0.770964,0.781842,0.00440661,0.737778,0.281229,3.33333,0,0,68.1223,1,5.08,"C:\Users\mariujf\Maggy2026V\NMPCProject\experiments\solver_tuning\results\reduced10\P0\reduced10_P0_IRK_s4_n3.mat"
6fb6033f-3aa1-4380-82ea-370f589abf70,2026-05-08_16-15-39,reduced10,P0,IRK_s4_n5,10,30,IRK,4,5,SQP_RTI,PARTIAL_CONDENSING_HPIPM,GAUSS_NEWTON,20,0.200000,0.010000,1,50,baseline,0.05,1,300,0,1,54.5366,55.6781,57.4197,59.7504,54.6441,57.525,64.9484,27.654,1070,770,0.7693,0.782655,0.00401286,0.739736,0.279475,3,0,0,68.2458,1,5.06,"C:\Users\mariujf\Maggy2026V\NMPCProject\experiments\solver_tuning\results\reduced10\P0\reduced10_P0_IRK_s4_n5.mat"
