t,x,y,z,alpha,beta,x_dot,y_dot,z_dot,alpha_dot,beta_dot,x_est,y_est,z_est,x_dot_est,y_dot_est,z_dot_est,err_x,err_y,err_z,err_x_dot,err_y_dot,err_z_dot,x_std,y_std,z_std,x_dot_std,y_dot_std,z_dot_std,bx,by,bz,bx_est,by_est,bz_est,bx_std,by_std,bz_std,nis,nees,cond_P,det_P,cond_S,det_S,runtime,filterVariant,nx,useSRformulation,RK4Iterations,updateJacobians,updateQ,cubature
0,0.3,-0.3,31.119178665731,1,1,0,0,0,0,0,0,0,30.119178665731,0,0,0,-0.3,0.3,-1,0,0,0,0,0,0,0,0,0,-0.00189438033401451,0.00187082593548675,-0.0108409137544472,0,0,0,0,0,0,0,0,0,0,0,0,0,0,6,0,0,1,0,0
0.005,0.268170921938716,-0.267951213633583,31.083047198672,2.39471827702708,2.41337902891314,-12.5374590164552,12.626173290358,-14.2993598704636,-6668.82661942291,-6690.26807911332,4.10827439133846,-3.12401646185551,16.3304292306099,-8664.66368611247,8664.13130403727,-8777.15916451393,3.84010346939974,-2.85606524822192,-14.7526179680621,-8652.12622709602,8651.50513074691,-8762.85980464347,0.284314994111406,0.284270366513964,0.14641804820824,69.73419742356,69.7341715244321,69.6993114122114,-1.71926893254337,1.97433738602416,10.7157135089441,11.7358183781584,-11.880358531823,16.6995595096929,0.360889328407631,0.360931227885491,0.700777343137354,2942.36351147258,56750.2382544751,226997.04669488,1.60004878637242e-29,3.77115483210173,8.33145583335729e-21,946.55,0,6,0,0,1,0,0
0.01,0.258938020945298,-0.257737848441894,30.9748028013864,4.44943003770763,4.48506399136533,9.16065976730538,-8.85600258570305,-28.7556803664636,-703.803206516405,-669.130230448313,-17.835528824053,17.9846347314609,14.5647412542591,3434.85072890385,-3473.2396079749,-16328.7718298912,-18.0944668449983,18.2423725799028,-16.4100615471273,3425.69006913654,-3464.3836053892,-16300.0161495248,0.226677806204645,0.226645609752844,0.127786183292596,95.0736265178547,95.0727521173812,89.3530330797804,2.10161358326856,-2.29763378357457,10.5503912710403,-12.3103189277305,12.5525960150998,5.87888550475781,0.155577014143689,0.155581740783873,0.198495882204458,18259.6486041481,59581.4391069431,602992.375837702,2.24198041222365e-29,1.62790914406494,2.30837740383123e-23,26.804,0,6,0,0,1,0,0
0.015,0.299179724333251,-0.29664130562919,30.8017577878516,5.46458072619099,5.51390318303188,7.10244885948709,-6.87011046452481,-39.9247760253816,-1290.82381791069,-1312.6197638665,-1.50196712961849,2.16108549150359,13.9002821400037,1172.75534545829,-1352.20585721961,-23363.808218483,-1.80114685395174,2.45772679713278,-16.9014756478478,1165.6528965988,-1345.33574675509,-23323.8834424576,0.213378458495578,0.213351873637087,0.126438965325518,110.784002332893,110.781821957404,99.5542196103416,-0.491307226640957,0.545725591434733,10.5852123130574,-2.06776258723535,2.25122458544071,5.07369880500734,0.144339418261984,0.144344710039531,0.192647960590959,1079.73569736165,58866.4940348807,869810.898946437,3.23114836223665e-29,1.78147866762777,1.61099570450221e-23,28.554,0,6,0,0,1,0,0
0.02,0.339483971272817,-0.335484792754836,30.5823265243794,6.41524989885031,6.49473294703131,9.197731858319,-8.84092681850495,-47.1591230181829,-548.18530470797,-568.18608157893,1.99230640024146,-1.32389441394675,13.3442890904849,-90.6814041013061,-153.812396803888,-29749.1669306546,1.65282242896864,-0.988409621191915,-17.2380374338944,-99.8791359596251,-144.971469985383,-29702.0078076364,0.210150444493677,0.210126010738824,0.126354635405255,121.338624541929,121.33521917606,106.746510107996,-0.0915759731393203,0.155746668384432,10.4857557846625,0.850088350603088,-0.61475719841028,3.82361363881134,0.14204767355119,0.142053514664431,0.192301488716219,1271.8024661744,79424.230697832,1045154.42627229,4.57900961080646e-29,1.83282048631213,1.50567341211311e-23,27.681,0,6,0,0,1,0,0
0.025,0.383341475369376,-0.377445809834837,30.3388564203688,7.09971231652749,7.2138981928925,8.49012434203507,-8.08227002044078,-49.4301307460559,-419.464788101452,-448.556231417054,7.59539195514286,-7.11042960888243,12.7055566294265,-4662.45309869499,4211.96202509218,-35909.8001267118,7.21205047977348,-6.73298379904759,-17.6332997909423,-4670.94322303702,4220.04429511262,-35860.3699959657,0.209394666266058,0.209370948361999,0.126353222373776,129.052964454872,129.048679697792,112.879897035989,-0.627096174396414,0.496265358199075,10.1759114752222,4.3969706484215,-4.10181603157962,3.14662910060042,0.141531575338006,0.141537672217992,0.192295892820578,3641.41099172838,110423.154712552,1171659.60598884,6.29473822225892e-29,1.84610555798416,1.48382915682549e-23,26.613,0,6,0,0,1,0,0
0.03,0.422957657364727,-0.414976648706065,30.0962705359778,7.63181210308953,7.78348656718326,7.48557917541346,-7.05207437900125,-46.7783817175355,-349.786173451684,-383.089984228289,11.507162939955,-11.1427188184701,12.4890498556345,-10770.9744959692,10108.7571593394,-41945.8232873526,11.0842052825903,-10.727742169764,-17.6072206803433,-10778.4600751446,10115.8092337184,-41899.044905635,0.209237148370569,0.209213639563921,0.126354760731129,135.21265029906,135.207839365533,118.515463881685,-0.616262420910363,0.452959698032516,10.1754363306261,6.83657624229909,-6.59190932588923,2.71014675976105,0.141424950560822,0.141431139759701,0.192302252991832,6749.02611584013,156137.599101241,1273712.0471002,8.39590034962354e-29,1.84901287338947,1.479462518289e-23,27.199,0,6,0,0,1,0,0
0.035,0.457087367683706,-0.447004315764923,29.8782804419754,8.04626618658762,8.23426286567211,6.2804411250593,-5.86546089277495,-39.6499520931566,-324.570589066879,-359.768373585719,14.3191141430616,-13.7603190089177,12.3188809578674,-18046.1610403433,17233.2763827898,-48280.9430576634,13.8620267753779,-13.3133146931527,-17.559399484108,-18052.4414814683,17239.1418436826,-48241.2931055703,0.209215798808938,0.209192340158772,0.126355624997795,140.506704339007,140.50163052857,123.828087684022,-0.598617010153458,0.589462572962885,9.98461265430213,8.56554070700269,-8.35092831475954,2.98833743736346,0.141410523762148,0.141416740033022,0.192305808187845,9501.34145808111,219005.620213433,1363619.17548319,1.09066847162294e-28,1.84945859338824,1.47891417089123e-23,34.137,0,6,0,0,1,0,0
0.04,0.485190230764257,-0.473198068223842,29.7050984917837,8.37602086608747,8.59633259787456,5.06010807761461,-4.70403621566149,-28.9959644226226,-312.651807404199,-347.161141780637,16.6176165806441,-15.4640458661703,12.5007158825357,-25992.0804483015,25129.0204645432,-55106.4539504914,16.1324263498798,-14.9908477979464,-17.2043826092479,-25997.1405563791,25133.7245007589,-55077.4579860688,0.209220664439447,0.209197211964029,0.126356192023914,145.294238230777,145.289070430922,128.886013653247,-0.309018032566793,0.623793126299008,9.99776786332124,9.7298182175608,-9.44840446904916,3.68674301376209,0.14141381131746,0.141420033160047,0.192308135642834,11170.4508730225,299243.370969315,1447463.80155854,1.38548575722707e-28,1.84941736455517,1.47908762178105e-23,27.284,0,6,0,0,1,0,0
0.045,0.507469732763819,-0.493931211464144,29.5911948700113,8.65209624716291,8.89909024032726,3.9361384024727,-3.66720991787035,-16.1454943031938,-298.374016442329,-329.312710076255,17.8281776380878,-16.5534205318484,12.7552086978961,-34547.3806622327,33489.298843005,-62725.1341569413,17.3207079053239,-16.0594893203843,-16.8359861721151,-34551.3168006352,33492.9660529229,-62708.9886626381,0.209227850519965,0.209204394530286,0.126356667577337,149.761043494423,149.755880369196,133.725594553364,-0.406864532641851,0.601211557940154,9.89700622217685,10.5840295884423,-10.1125164258328,4.92373646928967,0.141418667211308,0.141424888819867,0.192310086858599,12431.9470924525,396920.739906301,1528234.35489305,1.72692847147546e-28,1.84932787816154,1.47932080226576e-23,27.902,0,6,0,0,1,0,0
0.05,0.524611903040439,-0.509985762290046,29.5438123378149,8.89820927763289,9.16526926648958,2.99010435869427,-2.81905472880216,-2.63115944066997,-272.521513274371,-296.685348793547,17.8188099546265,-16.7813392579298,13.1781432748986,-43568.4658978514,42217.7878290991,-71235.4334002353,17.294198051586,-16.2713534956398,-16.3656690629163,-43571.4560022101,42220.6068838279,-71232.8022407947,0.209233404420081,0.209209944194667,0.126357115714936,154.004465202848,153.999360105354,138.3716798292,-0.822703362373671,0.825947885486228,9.88047375206573,10.9616322801459,-10.4719640257772,6.36978771910115,0.14142242065595,0.141428641039038,0.192311925979747,13646.1171246414,510518.454493451,1607390.66379626,2.11785677039806e-28,1.84926507823509,1.47950613244494e-23,26.677,0,6,0,0,1,0,0
0.055,0.537596451320112,-0.522355431504022,29.5624887688815,9.13174551071179,9.41194532084242,2.25825322565015,-2.18032679465964,10.0328916638227,-229.525508235318,-243.664295840734,18.3338941820749,-17.1691399803572,13.6849230282165,-52411.5736753545,50894.2019768129,-80683.1823155593,17.7962977307548,-16.6467845488531,-15.877565740665,-52413.8319285802,50896.3823036076,-80693.2152072231,0.209237411259578,0.209213947818461,0.126357554587121,158.077209900475,158.072189143738,142.843633017208,-0.380445410667064,0.565644348429484,9.90760084655878,10.8553311212108,-10.4744750932073,7.9339240641148,0.14142512883573,0.141431348202058,0.192313727524853,12504.0591233461,641021.179501446,1685638.62925307,2.56104512409681e-28,1.8492288974654,1.47964716293291e-23,27.691,0,6,0,0,1,0,0
0.06,0.547471555110653,-0.532039477448793,29.6396714412935,9.35971455019045,9.6459650675158,1.7319617942906,-1.73248876132303,20.5576500020042,-165.873157322158,-167.357448297252,18.0764720058786,-17.1457188754757,14.4827390113305,-61414.7626754389,59633.5533387214,-90921.2548577558,17.529000450768,-16.6136793980269,-15.156932429963,-61416.4946372332,59635.2858274827,-90941.8125077578,0.209240447727874,0.209216982056919,0.12635798923058,162.009406006557,162.004480594306,147.157428147521,-0.605151240574869,0.597077373774028,10.2132231533287,10.9009285748288,-10.5008824037188,9.4200856896285,0.141427181311736,0.14143340002594,0.192315512021734,12790.5682686859,785051.406741572,1763313.1033091,3.0591615000772e-28,1.8492095392194,1.47976050673762e-23,26.052,0,6,0,0,1,0,0
0.065,0.55512051719328,-0.539840562147794,29.7622461031049,9.57725878443939,9.86232433914747,1.35397963154509,-1.4152628510912,28.0312894640155,-83.1527424649202,-71.3162117886983,17.6676150233798,-17.0102562013441,15.188576281517,-70404.7217720591,68348.4389828306,-101893.331061909,17.1124945061865,-16.4704156391963,-14.5736698215879,-70406.0757516907,68349.8542456817,-101921.362351373,0.20924294190069,0.209219474666356,0.126358421040552,165.819604033608,165.814776681503,151.326590231417,-0.680907242742768,0.56845759345629,10.4357831504039,10.6937484195954,-10.3903232010342,10.8371188246346,0.141428867332435,0.141435085676536,0.192317285083216,12477.830093615,942460.932862854,1840567.21589915,3.61476246561263e-28,1.84919954550041,1.47985834971085e-23,26.509,0,6,0,0,1,0,0
0.07,0.561078030453283,-0.546205155077901,29.9136238187893,9.77628854787604,10.0536115877677,1.04214850262629,-1.14626466628206,31.9875255558246,13.3485640044248,37.1881485636038,17.4689186013304,-16.8976612858872,15.5651859554959,-79328.6701907196,77042.5741537518,-113436.656604633,16.9078405708771,-16.3514561308093,-14.3484378632933,-79329.7123392222,77043.7204184181,-113468.644130189,0.209245145041529,0.209221676645571,0.126358850405244,169.520259222805,169.515528379259,155.362738202212,-0.606382399738242,0.521835726047865,10.477306582268,10.4731714487358,-10.2684056759921,11.8420926597195,0.141430356697186,0.141436574852555,0.192319048234329,12012.1586758502,1112265.72923976,1917465.96093847,4.23029391505139e-28,1.84919450447217,1.47994781793536e-23,26.29,0,6,0,0,1,0,0
0.075,0.56551065622602,-0.551216002009793,30.0759543251928,9.93388521548281,10.1973534009997,0.731265442842719,-0.86210293774384,32.3876831692911,113.709570490172,144.708645530799,17.17570822868,-16.6220914674318,15.8110742311748,-88327.7482399179,85812.115476392,-125228.882410306,16.610197572454,-16.070875465422,-14.2648800940179,-88328.4795053608,85812.9775793298,-125261.270093475,0.20924719303057,0.209223723703594,0.126359277433015,173.120482405534,173.115844479794,159.275955090656,-0.706524789535811,0.624192734968109,10.5863056389159,10.3589523082846,-10.1776321492528,12.2413592035037,0.141431741238543,0.141437959313207,0.192320801882197,12033.4791322248,1291412.28212516,1994032.34737482,4.90809336742631e-28,1.84919202214454,1.48003275888096e-23,27.261,0,6,0,0,1,0,0
0.08,0.56826850549253,-0.554641652358865,30.2321450149603,10.0319919791665,10.2778499181354,0.360764539230844,-0.501127677180219,29.5653851255947,196.524231128679,227.61932416456,17.0315665497304,-16.4711699758653,15.9235761973843,-97376.0292044208,94620.0339995706,-137007.106368716,16.4632980442379,-15.9165283235064,-14.308568817576,-97376.3899689601,94620.5351272478,-137036.671753842,0.209249156788801,0.209225686660391,0.126359702153589,176.627439385836,176.622889946397,163.075062715553,-0.711156899396095,0.625582193999776,10.7126811398498,10.245042105677,-10.0603492597141,12.1708177833687,0.141433068889862,0.141439286945658,0.192322546128684,11771.2027140892,1477810.59600277,2070270.03743495,5.65039244587084e-28,1.84919084684188,1.48011517902479e-23,27.87,0,6,0,0,1,0,0
0.085,0.569092191686172,-0.556129630581922,30.3674646517379,10.0580415199528,10.2859328431607,-0.051744935799298,-0.0773770039834507,24.1186653153877,248.029817183791,272.477882954964,17.144055514207,-16.0729493159722,15.7452680725089,-106396.661423886,103549.562885365,-148583.258893329,16.5749633225208,-15.5168196853903,-14.6221965792289,-106396.609678951,103549.640262369,-148607.377558645,0.209251072717457,0.209227601860063,0.126360124574208,180.047079086199,180.042613484087,166.767834025163,-0.558013596247161,0.813117859139351,10.6991894477972,10.1608517165386,-9.96780433789096,11.6730712728355,0.141434364254455,0.141440582325941,0.192324280992736,11582.2819438911,1667830.61539194,2146174.33913805,6.45931916118915e-28,1.84919033547157,1.48019610769572e-23,26.179,0,6,0,0,1,0,0
0.09,0.567872569510876,-0.555468296865213,30.4706366585324,10.0116702402202,10.2251136458409,-0.462744827233726,0.365727897473703,16.8174415473096,260.872984779393,274.526416979754,17.060442895713,-16.0159602396857,15.5174645623837,-115449.553431839,112356.035484204,-159693.059267601,16.4925703262021,-15.4604919428205,-14.9531720961487,-115449.090687012,112355.669756307,-159709.876709148,0.209252959345828,0.209229487800316,0.126360544695561,183.384525571311,183.380139249351,170.361160927728,-0.566399658276412,0.636586343532621,10.7843414202947,10.1238686253309,-9.75379019397767,10.7111930408228,0.141435639856293,0.141441857962451,0.19232600647127,11109.3753415001,1857072.4291005,2221737.44997477,7.33689996045979e-28,1.84919016043584,1.48027606862583e-23,27.514,0,6,0,0,1,0,0
0.095,0.564748094028826,-0.552706891290981,30.5344677377607,9.90505501818306,10.1104693950341,-0.81630330384187,0.766587142794194,8.51115846133857,239.485257387004,242.001872970539,16.796859937886,-15.904698862808,15.1516590782833,-124433.728104673,121075.149930714,-170234.907434559,16.2321118438572,-15.351991971517,-15.3828086594774,-124432.91180137,121074.383343572,-170243.41859302,0.209254826065635,0.209231353855643,0.126360962516433,186.644299507722,186.639988142047,173.861188899672,-0.556324994447096,0.548479342762543,10.8014246668613,9.96774748589456,-9.60776009903976,9.53771762671122,0.141436902043138,0.141443120194228,0.192327722555878,10731.8153823504,2041558.87427244,2296950.87922406,8.28506159238761e-28,1.84919015556231,1.48035532712984e-23,27.558,0,6,0,0,1,0,0
0.1,0.560094260851796,-0.548173545410402,30.5560474826605,9.75726353193914,9.96189279099483,-1.07384551861297,1.07521056217944,0.0520279954099084,195.161967934237,189.153348434389,16.2626377136008,-15.1821760071454,14.6829230270337,-133305.494862426,129807.030711808,-180137.87501003,15.7025434527491,-14.634002461735,-15.8731244556269,-133304.421016907,129805.955501246,-180137.927038025,0.209256677625811,0.209233204765661,0.126361378035126,189.830451302621,189.826210856795,177.273426183559,-0.614351132283358,0.80193405730211,10.7761222371307,9.71231178674079,-9.40355594659657,8.19294931752281,0.141438154024498,0.141444372225962,0.192329429237428,10709.2811770149,2217951.38462856,2371806.50121508,9.30563285025447e-28,1.84919023673908,1.48043401724836e-23,31.373,0,6,0,0,1,0,0
0.105,0.554412655830827,-0.542382009332248,30.5366014435278,9.58575069788321,9.79535358852719,-1.22453091948839,1.26806037827877,-7.76858430473345,142.834085522179,132.151128863821,15.3972272429146,-14.5666498093628,14.1320873099046,-142053.570854166,138293.127439778,-189403.684858488,14.8428145870838,-14.0242678000305,-16.4045141336231,-142052.346323246,138291.859379399,-189395.916274183,0.209258516423876,0.209235042922882,0.126361791249913,192.946647128725,192.942473863883,180.60283323648,-0.782405742795059,0.748172123313644,10.6909771886151,9.34965456289408,-8.97107715441037,6.79902182606513,0.141439397420406,0.141445615675047,0.192331126507332,10251.1808826265,2385367.25418031,2446296.95679186,1.04003462406452e-27,1.84919036143372,1.48051220654896e-23,27.839,0,6,0,0,1,0,0
0.11,0.548161101650259,-0.535857798010554,30.4810582304182,9.4061474215569,9.62376601651938,-1.29789022465563,1.36497939317451,-14.270450851359,90.4236853475452,78.6772890009071,14.9601921589955,-14.1903989800213,13.6525219774851,-150471.669495805,146512.62014669,-198052.753799101,14.4120310573452,-13.6545411820107,-16.828536252933,-150470.37160558,146511.255167297,-198038.483348249,0.209260343668585,0.209236869533379,0.126362202159209,195.996228746227,195.992119210284,183.853896637264,-0.572430315043248,0.586496599511798,10.6671137669318,8.89160313276796,-8.58857681276512,5.45534251080789,0.141440633047298,0.141446851356485,0.1923328143579,9404.63432233117,2544651.73810615,2520415.75467121,1.15708396112089e-27,1.84919050814702,1.48058992900248e-23,26.764,0,6,0,0,1,0,0
0.115,0.541654691466736,-0.529017472652313,30.3973641631615,9.2282880863626,9.45410608971261,-1.32250649716865,1.39069153447422,-18.9352269656776,44.1764255283505,33.9442681450794,14.6243871462659,-13.937436390639,13.1120859047687,-158695.569616522,154529.056496588,-206243.240407518,14.0827324547991,-13.4084189179867,-17.2852782583927,-158694.247110025,154527.665805054,-206224.305180552,0.20926215996845,0.209238685204239,0.126362610761627,198.982257933709,198.978208941624,187.030690634762,-0.466628149533182,0.445911530380733,10.5180468409339,8.59893696541425,-8.3053347718649,4.34013018348735,0.141441861315842,0.141448079680168,0.19233449278243,8951.16931586069,2697263.65572813,2594157.23967136,1.28186577587902e-27,1.84919066601044,1.4806672016241e-23,26.749,0,6,0,0,1,0,0
0.12,0.535061539863686,-0.52213489639663,30.295586264397,9.05959806412728,9.29132658079876,-1.32932087899834,1.37834554207868,-21.4399513340735,7.3302553518831,0.177676856356073,14.0802194438164,-13.4400257962485,12.8657477460158,-166860.860046323,162494.03565605,-214015.073190911,13.5451579039527,-12.9178908998519,-17.4298385183813,-166859.530725444,162492.657310508,-213993.633239577,0.209263965629303,0.209240490240533,0.126363017056005,201.907551271397,201.903559882559,190.136928775084,-0.569999048500113,0.542427556352859,10.5917761084686,8.36280396297691,-8.08699602778626,3.40599219636026,0.141443082432083,0.141449300851722,0.192336161775232,9087.43976287733,2844214.03679426,2667516.51505626,1.41452540308942e-27,1.84919082952624,1.48074403288663e-23,27.244,0,6,0,0,1,0,0
0.125,0.528422707128854,-0.515339949535743,30.1868676415181,8.90135440000777,9.13551626205346,-1.33865915021722,1.35294403938494,-21.6825112621803,-19.3225080487237,-22.7704308447633,13.7009191880655,-12.9608169294283,12.4371047737943,-174876.791230874,170351.70451446,-221686.140298177,13.1724964809366,-12.4454769798926,-17.7497628677238,-174875.452571724,170350.35157042,-221664.457786915,0.209265760804634,0.209242284795348,0.126363421041416,204.774708444678,204.770771940359,193.176007496344,-0.507371324835268,0.56402583389928,10.3559063672736,8.06652126693682,-7.80102414813053,2.91676069392909,0.141444296499076,0.141450514973978,0.192337821331625,8648.94549970597,2989237.06209858,2740489.35004931,1.55519919279406e-27,1.84919099590938,1.48082042697141e-23,27.588,0,6,0,0,1,0,0
0.13,0.521692701324956,-0.508646905077595,30.0823087349162,8.75569290748471,8.98818704656221,-1.36491031997916,1.33594145419851,-19.7844759905667,-36.813326054579,-36.1469620697765,13.3001885685603,-12.4910430445854,12.3753873495435,-182817.375815055,178125.267017134,-229253.297277721,12.7784958672353,-11.9823961395078,-17.7069213853727,-182816.010904735,178123.93107568,-229233.51280173,0.209267545571525,0.209244068945555,0.126363822717171,207.586135903685,207.582251765881,196.151043168441,-0.532136401605689,0.601936960770191,10.4379140218211,7.83517415395898,-7.53386774157425,2.5453624361307,0.141445503568222,0.141451722098219,0.192339471447929,8472.05731201011,3133237.51608871,2813072.09237659,1.70401467102736e-27,1.84919116374495,1.48089638591526e-23,25.934,0,6,0,0,1,0,0
0.135,0.514796679514854,-0.502011782124979,29.9918708719955,8.62408864766846,8.85062380189099,-1.40536421039418,1.3292007657319,-16.0789245718668,-44.5859379139367,-39.6763452832839,12.7671460781448,-12.1666281422808,12.0724628188627,-190709.282692367,185768.290475695,-237061.766777086,12.25234939863,-11.6646163601558,-17.9194080531328,-190707.877328156,185766.96127493,-237045.687852514,0.209269319968999,0.209245842730063,0.126364222082818,210.344067007986,210.340232900136,199.064903744431,-0.629161514978,0.542769710309745,10.1417074887322,7.5880736008253,-7.26853895043511,2.64242115510577,0.141446703665194,0.141452922250052,0.19234111212146,7926.56235032706,3279238.0071654,2885261.58706717,1.86109070117475e-27,1.84919133230996,1.48097191069457e-23,26.91,0,6,0,0,1,0,0
0.14,0.507685327710229,-0.495396390041242,29.9234061716899,8.50685614186712,8.72341341854967,-1.45240298712507,1.32847421669817,-11.0684966038635,-42.4539233300617,-33.2907001481254,12.3993261736751,-11.7213523889585,12.1892053076503,-198442.977104982,193352.479449614,-245028.725606575,11.8916408459649,-11.2259559989173,-17.7342008640396,-198441.524701995,193351.150975398,-245017.657109971,0.209271084017376,0.209247606169131,0.126364619138144,213.050579397096,213.04679314677,201.920235952213,-0.562774859156156,0.607009834425689,10.2497564908859,7.28720018158845,-7.0471481607507,2.74679795142973,0.141447896803023,0.141454115442475,0.192342743350514,7512.31779680122,3426957.80510228,2957055.11230279,2.02653764604126e-27,1.84919150123097,1.48104700177248e-23,26.652,0,6,0,0,1,0,0
0.145,0.500347633824201,-0.488785457376807,29.8819666219498,8.40369859301891,8.60646774845562,-1.49810600624693,1.32869359366528,-5.36220150952605,-30.859962350597,-17.5658614287774,11.846336030122,-11.3152458123818,12.2659575968124,-206111.053597587,200814.660755685,-253383.961423971,11.3459883962978,-10.826460355005,-17.6160090251374,-206109.555491581,200813.332062091,-253378.599222461,0.209272837728037,0.209249359274111,0.12636501388317,215.70761010414,215.703869687615,204.719488771749,-0.663468296061033,0.594842222366353,10.1804969340133,7.02999143791323,-6.77811039929933,3.25377517742666,0.1414490829887,0.141455301682461,0.192344365134363,6956.30833858719,3578031.17499402,3028450.31736247,2.2004575306063e-27,1.8491916703111,1.48112165937498e-23,25.86,0,6,0,0,1,0,0
0.15,0.492808116341649,-0.482185216613157,29.8694513491476,8.31307550074332,8.49849461047183,-1.53593424905294,1.3261253541361,0.39922529710864,-10.7434988332371,6.58522015594843,11.5959917660002,-11.1539742656452,12.5440293044844,-213543.975344873,208078.344634654,-262089.080281204,11.1031836496585,-10.6717890490321,-17.3254220446632,-213542.439410624,208077.0185093,-262089.479506501,0.209274581108358,0.209251102052358,0.126365406318147,218.316968794237,218.313272322789,207.464933800117,-0.487784107582944,0.422878004176855,10.2993111171835,6.70138954422709,-6.51686921389918,3.77900306667689,0.141450262226513,0.141456480974287,0.192345977473236,6125.38687303908,3732455.3033127,3099445.17749526,2.38294420539687e-27,1.84919183944273,1.48119588363003e-23,26.243,0,6,0,0,1,0,0
0.155,0.485111605962395,-0.475609588184447,29.8846325717545,8.23229612279628,8.3970938894461,-1.56411317146744,1.32126433483235,5.6199878043209,17.1048448052457,38.3892360316002,10.9405774127347,-10.8227855944093,12.8020421349907,-220956.173442048,215267.155710838,-271204.294148731,10.4554658067723,-10.3471760062249,-17.0825904367638,-220954.609328876,215265.834446503,-271209.914136535,0.209276314164184,0.20925283450971,0.126365796443559,220.880349421441,220.876695129162,210.15868299452,-0.68299943929744,0.445133235944491,10.3495214476074,6.4714948784737,-6.33644483537,4.42337028598184,0.141451434519717,0.141457653321205,0.192347580368315,5793.39503079306,3889923.43415007,3170037.95255331,2.5740835103869e-27,1.84919200856341,1.48126967463758e-23,27.748,0,6,0,0,1,0,0
0.16,0.477292853599544,-0.469051699370866,29.9235592215828,8.15525162101553,8.29647142454567,-1.58824640358385,1.32182225734129,9.81428428807631,49.9526917880896,74.062512904018,10.3915829540342,-10.4212964429943,12.739563831933,-228187.18155618,222349.607705237,-280771.739492762,9.91429010043463,-9.95224474362343,-17.1839953896498,-228185.593309777,222348.28588298,-280781.55377705,0.20927803690108,0.209254556651724,0.126366184260117,223.399340537905,223.39572677087,212.80270419465,-0.667411251813635,0.458136671581078,10.1336259252796,6.10617079098341,-6.09913694675529,4.9707269334445,0.141452599871386,0.141458818726285,0.192349173821719,5152.04169508243,4050763.88982974,3240227.15117766,2.77395343931736e-27,1.8491921776336,1.48134303250465e-23,28.641,0,6,0,0,1,0,0
0.165,0.469351067902637,-0.462452641958433,29.9802175511131,8.07613806651157,8.19169792032331,-1.61671984579102,1.34075674755421,12.6520744162582,85.0389250183573,110.693155763597,9.93783062557925,-9.98753013272049,12.9464369080616,-235246.96400336,229319.556129197,-290515.750059011,9.46847955767662,-9.52507749076206,-17.0337806430514,-235245.347283514,229318.21537245,-290528.402133427,0.209279749324953,0.209256268484302,0.126366569768754,225.875434445453,225.871859652071,215.398834755104,-0.634493514597933,0.474589371152321,10.2853809690471,5.78564718117301,-5.8422999095322,5.17078068263043,0.141453758284827,0.141459977192832,0.192350757836495,4751.45754608375,4212772.33077651,3310011.50352546,2.98262430432583e-27,1.84919234662544,1.48141595736282e-23,26.793,0,6,0,0,1,0,0
0.17,0.461243527312761,-0.455695142587204,30.0473672050603,7.98745784731691,8.07662447952292,-1.65771025938248,1.38833356711775,13.9767306753779,118.019797727698,142.883403919075,9.18468760611815,-9.54854407918926,13.074631381676,-242267.766005352,236171.336281165,-300437.725562095,8.72344407880538,-9.09284893660205,-16.9727358233843,-242266.108295093,236169.947947598,-300451.70229277,0.209281451442359,0.209257970013998,0.126366952970628,228.310035346854,228.306498069245,217.948793561858,-0.841652288591889,0.486905731126046,10.3365263452211,5.50281243315307,-5.57720324024707,5.39880255046086,0.141454909763792,0.141461128724598,0.192352332416607,4499.09508341566,4375298.4171927,3379389.93703563,3.20015890077192e-27,1.84919251551706,1.48148844937673e-23,26.004,0,6,0,0,1,0,0
0.175,0.452904128058934,-0.448627052102344,30.11740887679,7.88292051989394,7.94689552122452,-1.71209541783186,1.46801332994245,13.8015799096651,145.02897606292,166.38386073689,9.24797519007068,-9.08306369225352,13.321298304874,-248892.539938819,242907.817250227,-310355.973835154,8.79507106201175,-8.63443664015117,-16.796110571916,-248890.827843401,242906.349236897,-310369.775415063,0.209283143260656,0.209259661248164,0.126367333867112,230.704466628433,230.700965494723,220.454191661023,-0.396723956659597,0.513590366360026,10.5739425011311,5.11984811372379,-5.30925239199321,5.4029596575157,0.141456054312579,0.14146227332588,0.192353897566922,3929.51089137364,4536761.98995254,3448361.55401375,3.42661267214485e-27,1.8491926842897,1.48156050874819e-23,26.324,0,6,0,0,1,0,0
0.18,0.444276370047208,-0.441100156556109,30.1831830506767,7.75823080786339,7.8005265897182,-1.77488636850963,1.57450803103958,12.2866319035709,162.912653091955,178.086541923263,8.90174341506741,-9.09373005013462,13.4616884834648,-255502.125279462,249356.986799184,-320227.809777934,8.4574670450202,-8.65262989357851,-16.7214945672119,-255500.350393094,249355.412291153,-320240.096409838,0.209284824788067,0.209261342195021,0.126367712459799,233.059977385178,233.056511102575,222.916541690979,-0.500151532361472,0.201808915103037,10.7200320654485,5.01265716966009,-5.02668300497991,5.33350015786284,0.141457191936077,0.141463411001568,0.192355453293201,3660.31105447436,4695627.3275555,3516925.61547263,3.66203387494136e-27,1.84919285292632,1.48163213571793e-23,26.956,0,6,0,0,1,0,0
0.185,0.435341286349585,-0.433014042954926,30.2386218587289,7.61231440520939,7.6386664744002,-1.83586403163827,1.69372342005712,9.70390889576616,170.206823035853,177.364243186337,8.33306565266382,-8.49820363546143,13.2056723961822,-262017.925917921,255845.940543863,-330046.531551138,7.89772436631423,-8.0651895925065,-17.0329494625467,-262016.090053889,255844.246820443,-330056.235460034,0.209286496033715,0.209263012863688,0.126368088750493,235.377748282762,235.374315631335,225.337266278566,-0.598234569687377,0.449743073434413,10.5630998881757,4.75849570088899,-4.89789607801761,5.05147503179226,0.141458322639789,0.141464541757163,0.192356999602087,3675.33275269947,4850415.86526077,3585081.52565385,3.90646374340393e-27,1.8491930214108,1.48170333056625e-23,27.21,0,6,0,0,1,0,0
0.19,0.426134185926311,-0.424352383408193,30.2792119640979,7.44673975395462,7.46421167823958,-1.88354286218788,1.80595948780268,6.39761750436855,168.554152236381,167.279393385999,8.11410595434561,-7.70688764647378,13.1043373549937,-268235.866449549,262221.799899755,-339559.366399704,7.6879717684193,-7.28253526306559,-17.1748746091042,-268233.982906686,262219.993940268,-339565.764017208,0.209288157007626,0.209264673264187,0.126368462741208,237.658896837199,237.655496664269,227.717705535188,-0.373479507717192,0.608497254464538,10.682593938108,4.42171775776898,-4.55123010422332,4.39431925358315,0.141459446429832,0.141465665598784,0.19235853650109,3539.22330064574,4998799.95260447,3652828.81717419,4.15993665401197e-27,1.84919318972763,1.48177409361309e-23,26.338,0,6,0,0,1,0,0
0.195,0.416723166692632,-0.415182509030196,30.3022599699797,7.26657349143882,7.28254640567146,-1.91634238743245,1.8972691012137,2.74554846034448,156.181327719458,147.700607845648,7.29369384032334,-7.40369749626428,12.8665783700281,-274452.72272432,268256.468453854,-348813.282597697,6.87697067363071,-6.98851498723409,-17.4356815999515,-274450.806381932,268254.571184753,-348816.028146157,0.209289807720729,0.209266323407443,0.126368834434167,239.904482181398,239.901113396471,230.059123768023,-0.668295758112757,0.365547556017328,10.6453233262104,4.20129706270626,-4.13414301996319,3.78477880738812,0.141460563312941,0.141466782533165,0.192360063998581,3458.92878008147,5140427.94637519,3720167.14444611,4.42248028962176e-27,1.84919335786169,1.48184442521775e-23,25.994,0,6,0,0,1,0,0
0.2,0.407218285947494,-0.405675889312302,30.3069611626578,7.07733497801025,7.09746909862187,-1.91935584997752,1.93996330554188,-0.880484073359438,140.008224561006,127.182632402841,6.84206286527773,-6.69121086277058,12.421624705101,-280333.580211738,274216.590334971,-357814.914340822,6.43484457933023,-6.28553497345828,-17.8853364575568,-280331.660855888,274214.650371665,-357814.033856749,0.209291448184848,0.209267963305275,0.126369203831795,242.115509378315,242.112170948496,232.362715504565,-0.491558386288214,0.551446862092468,10.4612114906253,3.76506599369361,-3.87360644197315,3.06048513250461,0.141461673296461,0.141467892567651,0.192361582103775,3354.79501437491,5274723.0478524,3787096.26748804,4.69411580315372e-27,1.84919352579817,1.48191432577854e-23,26.954,0,6,0,0,1,0,0
0.205,0.39772596579047,-0.396063313315967,30.2943039552356,6.88567251297513,6.91262318778374,-1.90930581512793,1.93812393517365,-4.14049921027241,119.266857037282,105.874258042869,6.34525346603825,-6.17546717303522,12.2472578757472,-286031.396145504,279926.245559859,-366422.649063289,5.94752750024778,-5.77940385971926,-18.0470460794884,-286029.486839689,279924.307435924,-366418.508564078,0.209293078412692,0.209269592970387,0.126369570936721,244.292933332354,244.289624278181,234.629610914473,-0.491178192936968,0.480598523821911,10.571381600992,3.46884308649936,-3.48548038505653,2.22009837705669,0.141462776388339,0.14146899571019,0.192363090826722,3444.70904776746,5401169.44148458,3853616.04789618,4.97485798072874e-27,1.84919369352254,1.48198379573228e-23,29.262,0,6,0,0,1,0,0
0.21,0.388306790289805,-0.386578126120754,30.2668320515222,6.69836505895476,6.73076523407504,-1.88808312370145,1.88675605935933,-6.75708338379627,96.6087353734777,86.8709258843404,5.93158310635396,-5.73885340339433,11.876356337347,-291509.480872174,285430.950394003,-374825.770618302,5.54327631606415,-5.35227527727357,-18.3904757141752,-291507.59278905,285429.063637944,-374819.013534918,0.209294698417841,0.209271212416355,0.126369935751771,246.437662343815,246.434381735477,236.860880700832,-0.421057217435697,0.430638921977388,10.4153552647085,3.15903878882091,-3.17042519938037,1.62252732659823,0.141463872597119,0.141470091969325,0.192364590178293,3368.53403274694,5521401.90011123,3919726.4404747,5.26471540415838e-27,1.84919386102048,1.48205283555382e-23,27.783,0,6,0,0,1,0,0
0.215,0.379003446576872,-0.377454057190567,30.2282872493647,6.52104805753051,6.55336067487075,-1.8612141538113,1.7909068193281,-8.5322322215921,74.162554428748,71.9657486667559,5.49590321283921,-5.2727477777188,11.8446664800931,-296813.804877466,290781.846920589,-382908.016184839,5.11689976626234,-4.89529372052823,-18.3836207692716,-296811.943663312,290780.05601377,-382899.483952617,0.209296308214737,0.209272821657614,0.126370298279969,248.550561345435,248.54730829932,239.057540522949,-0.408649225816885,0.440991718030472,10.5990172135814,2.88635782617711,-2.89286477179186,0.975011025008382,0.141464961931931,0.141471181354188,0.192366080170172,3591.55877029472,5635161.86254525,3985427.48445389,5.56369061269716e-27,1.84919402827792,1.48212144575551e-23,27.962,0,6,0,0,1,0,0
0.22,0.369829939081795,-0.368878718517303,30.1831791541582,6.35853060510955,6.38156766776531,-1.83478373558277,1.66419199155647,-9.35950927480543,52.6768739143121,61.0403871915751,4.88492693585756,-5.10369080720443,11.5283372082086,-302008.432724099,295893.810813954,-390942.021984668,4.51509699677576,-4.73481208868713,-18.6548419459496,-302006.597940364,295892.146621962,-390932.662475393,0.209297907818667,0.209274420709447,0.126370658524529,250.632454855065,250.629228530617,241.220555004389,-0.514735710574124,0.257075042697707,10.4030522349206,2.61240769241445,-2.6179400107033,0.659899467573609,0.141466044402486,0.141472263874489,0.192367560814839,3458.01540515919,5745221.75575961,4050719.30204139,5.87178026396801e-27,1.84919419528099,1.48218962688665e-23,27.492,0,6,0,0,1,0,0
0.225,0.360786085818309,-0.360975055536555,30.1363111269959,6.21303460385863,6.21539390586499,-1.80845297558594,1.51912922142912,-9.22918804929479,34.4124691251376,55.1460283530594,4.49746441623613,-4.62146524367727,11.5164140830762,-306970.907695765,300977.601133678,-398810.957036714,4.13667833041782,-4.26049018814072,-18.6198970439197,-306969.099242789,300976.082004456,-398801.727848664,0.209299497245756,0.209276009587971,0.126371016488857,252.684129674349,252.680929271188,243.350841372821,-0.420317451567925,0.396882785083666,10.534558955476,2.28445811643295,-2.45300339565542,0.254636162662651,0.141467120019062,0.141473339540507,0.192369032125561,3618.91341097493,5851365.56143193,4115602.0869894,6.18897529397529e-27,1.84919436201605,1.48225737953294e-23,26.252,0,6,0,0,1,0,0
0.23,0.35186130674591,-0.353783290339181,30.0923068761071,6.08557788700835,6.05501792152914,-1.7867153488924,1.37655793462843,-8.22268345692731,19.6407612259476,53.0482301641243,4.08607214668434,-3.96806563567497,11.2261653615949,-311793.690763223,306003.692479445,-406777.342309743,3.73421083993843,-3.61428234533579,-18.8661415145122,-311791.904047874,306002.315921511,-406769.119626286,0.209301076512948,0.209277588310126,0.126371372176545,254.706337359575,254.703162114863,245.449272772174,-0.424139126838078,0.558826863383032,10.3017213670541,2.03783325961365,-2.19131906924617,0.160524741314253,0.141468188792502,0.141474408363083,0.192370494116379,3452.54660606942,5956232.49798937,4180076.10612215,6.51526107612298e-27,1.84919452846969,1.48232470431595e-23,33.075,0,6,0,0,1,0,0
0.235,0.343038313426608,-0.347258236674194,30.0551779768025,5.97575341649695,5.90064775958063,-1.7676498265367,1.25002947712243,-6.50171957257363,9.49779768158188,53.5789625460164,3.80881722290502,-3.70707895883973,11.2277034488151,-316427.283068172,310793.399666608,-414718.286303429,3.46577890947841,-3.35982072216554,-18.8274745279874,-316425.515418345,310792.149637131,-414711.784583856,0.209302645637995,0.209279156893656,0.126371725591369,256.699796487778,256.6966456738,247.516681282461,-0.335628722615225,0.401633298772213,10.38693678742,1.78623415873908,-1.87461153489671,-0.0369385422221143,0.141469250734196,0.14147547035361,0.192371946802099,3413.51230146668,6059523.16609105,4244141.69059748,6.85061757915869e-27,1.84919469462868,1.48239160189257e-23,26.78,0,6,0,0,1,0,0
0.24,0.334316717971396,-0.341298440880843,30.0279695596221,5.88039824691389,5.75170280614494,-1.74637921879429,1.1487548085332,-4.28804039179765,6.0026138462918,58.6876596641021,3.54524352503234,-3.43107806243417,11.1615030165836,-320906.670685352,315479.149188214,-422800.632843784,3.21092680706095,-3.08977962155333,-18.8664665430385,-320904.924306133,315478.000433405,-422796.344803393,0.209304204639445,0.209280715357104,0.126372076737286,258.665194738435,258.662067660378,249.55386067819,-0.279659668274935,0.389128659802656,10.3167191942195,1.57670138173854,-1.69278796148451,0.0326615731828956,0.141470305856083,0.141476525524026,0.192373390198273,3241.02409442828,6162644.12817855,4307799.23544892,7.19501952396726e-27,1.84919486048004,1.48245807295445e-23,27.691,0,6,0,0,1,0,0
0.245,0.325686232060581,-0.335748408208528,30.0125275177884,5.79579478073971,5.60661983113411,-1.73170451532253,1.08530484722997,-1.83623720375874,8.23336527445176,65.3956459947289,3.23082345651633,-3.26123125235923,10.9599456521067,-325262.588592671,320027.651297465,-431076.953257149,2.90513722445574,-2.92548284415071,-19.0525818656816,-325260.856888155,320026.565992618,-431075.117019946,0.209305753536629,0.209282263719791,0.126372425618431,260.603190808761,260.600086802668,251.561568952482,-0.269757701171572,0.305305598269638,10.1266652744967,1.37844464869158,-1.51020072229403,0.0963858701689011,0.141471354170633,0.141477573886803,0.192374824321195,3014.09748431807,6266365.66168247,4371049.19384068,7.54843653914099e-27,1.849195026011,1.48252411822744e-23,26.232,0,6,0,0,1,0,0
0.25,0.317115797495664,-0.330423401710105,30.0093922415761,5.71784804879966,5.46570425440684,-1.72301336543009,1.05879328786021,0.592906863164365,16.6232909042267,73.7263535527243,2.59908744033729,-2.92313052088723,11.0617808088572,-329577.921994487,324524.18477383,-439413.321523579,2.28197164284162,-2.59270711917712,-18.9476114327189,-329576.198981121,324523.125980543,-439413.914430442,0.209307292349645,0.20928380200181,0.126372772239115,262.514416178558,262.511334609444,253.540530630771,-0.458565554163686,0.368994193321666,10.2458356665124,1.1624666545683,-1.36234780119937,0.0787460794844644,0.141472395690844,0.141478615454937,0.192376249187884,3069.3808241006,6369658.78642388,4433892.07586354,7.91083331525634e-27,1.84919519120899,1.48258973847106e-23,28.794,0,6,0,0,1,0,0
0.255,0.308581795806055,-0.325150958788132,30.0178474809211,5.64155603497497,5.32652493839651,-1.7179278853041,1.06519002887767,2.75995645518099,30.4736767704898,83.6046108755319,2.23321370354359,-2.56452567777612,11.3053479543771,-333653.865231393,328918.314208824,-447854.586159209,1.92463190773753,-2.23937471898799,-18.7124995265441,-333652.147303508,328917.249018796,-447857.346115664,0.209308821099347,0.209285330224008,0.126373116603821,264.399476738808,264.396416998922,255.491438895114,-0.355442844194139,0.388585523063904,10.427577697689,0.833105741679687,-1.15678091154177,0.252423558938708,0.14147343043023,0.141479650241944,0.192377664816071,2983.90135728671,6472816.38916557,4496328.44319207,8.28216975779032e-27,1.84919535606166,1.48265493447792e-23,27.522,0,6,0,0,1,0,0
0.26,0.300054386647407,-0.3197818567644,30.0360843107428,5.5623674441719,5.18710220706792,-1.72126574799466,1.09905039362525,4.47195874487737,48.1494999624247,93.948962975839,1.67041606513541,-2.2091244804451,11.3395289849126,-337643.743143406,333204.519043538,-456489.828061547,1.37036167848801,-1.8893426236807,-18.6965553258302,-337642.021877658,333203.419993145,-456494.300020292,0.209310339807333,0.209286848407972,0.126373458717199,266.258954296631,266.255915803844,257.414957537716,-0.475751477878317,0.401594494695755,10.3873275761222,0.596144840643207,-0.946368374450538,0.486317618364521,0.141474458402813,0.141480678261846,0.192379071224193,2793.87047625403,6576343.402819,4558358.9100942,8.66240113861259e-27,1.84919552055689,1.48271970707321e-23,27.319,0,6,0,0,1,0,0
0.265,0.291486831531396,-0.314199457959826,30.0614770026671,5.47626319438042,5.04534670133452,-1.73490264997403,1.15252796961912,5.59803360905618,66.9473025196161,103.181557583768,1.21406294687021,-2.00660620586618,11.2556728614537,-341446.034040964,337336.898573081,-465248.547697325,0.922576115338813,-1.69240674790635,-18.8058041412134,-341444.299138314,337335.746045112,-465254.145730934,0.209311848495929,0.209288356576022,0.12637379858407,268.093407967877,268.090390164196,259.311722760142,-0.456725294110703,0.315713829501435,10.308599503706,0.294129921520974,-0.739740729885142,0.518963504979581,0.141475479623114,0.141481699529164,0.192380468431375,2671.1742968259,6679537.23803767,4619984.13884213,9.05147824599224e-27,1.84919568468277,1.48278405711409e-23,31.9,0,6,0,0,1,0,0
0.27,0.282835134476633,-0.308329734921929,30.0909169357043,5.3807460962559,4.89967594289214,-1.75578103483543,1.21610125369232,6.07747834502729,84.1426031141444,110.838213843753,0.959788208850206,-1.74555316494239,11.283453443462,-345023.67580382,341386.834089557,-474006.261188405,0.676953074373573,-1.43722343002046,-18.8074634922423,-345021.920022785,341385.617988303,-474012.33866675,0.209313347188177,0.209289854751192,0.126374136209414,269.903375467426,269.900377817617,261.182344832852,-0.336536723662009,0.323666696419012,10.3837439902466,0.0281594559021002,-0.587212021266905,0.404090055367839,0.141476494106146,0.141482714058913,0.192381856457419,2738.00054792595,6781151.47265558,4681204.83656144,9.44934753306146e-27,1.84919584842758,1.48284798548918e-23,27.575,0,6,0,0,1,0,0
0.275,0.274070286007721,-0.302145768030201,30.1211660896121,5.27488213465391,4.74904382488184,-1.78088902884406,1.28013731012695,5.91949640810239,97.3037687561879,116.211517784505,0.871044887658712,-1.14016349732999,11.3565087166663,-348385.507816041,345446.99193296,-482733.856865304,0.596974601650991,-0.838017729299792,-18.7646573729458,-348383.726927012,345445.711795649,-482739.776361712,0.209314835907822,0.209291342957219,0.126374471598373,271.689374306223,271.686396296525,263.027409628058,-0.172664291812069,0.543982607975444,10.4930410623188,-0.169250306810537,-0.41470020244513,0.296715878384298,0.141477501867402,0.141483721866585,0.192383235322796,2854.95589834757,6880591.82314883,4742021.75612944,9.855951264681e-27,1.84919601177984,1.482911493118e-23,32.5,0,6,0,0,1,0,0
0.28,0.26518174699476,-0.295664077752389,30.1491903772469,5.15936829585248,4.59324693881527,-1.80576292281343,1.33663422942975,5.1955455463122,104.669496441059,118.627930204159,0.292713823936606,-1.32540929257295,11.193159607059,-351744.834655294,349137.003538672,-491475.985696457,0.0275320769418457,-1.02974521482056,-18.9560307701879,-351743.028892371,349135.666904442,-491481.181242003,0.209316314679302,0.209292821218529,0.126374804756247,273.451902903132,273.448944040075,264.847480037542,-0.392559440855162,0.109695371047526,10.3844753574187,-0.31004090133764,-0.122307353124653,0.155420644678902,0.141478502922849,0.141484722968148,0.192384605048629,2829.85605164987,6977815.58260097,4802435.69264714,1.02712276626552e-26,1.84919617472829,1.48297458095042e-23,29.257,0,6,0,0,1,0,0
0.285,0.256185267407684,-0.288936005803371,30.1724391519549,5.03605722683004,4.43277811538916,-1.8242819548565,1.37952311320231,4.02575410665326,106.10829464863,118.203958010464,-0.0193023948471384,-0.604802477310578,11.2825057742747,-354847.311882594,353009.671342442,-500028.322406368,-0.275487662254822,-0.315866471507207,-18.8899333776803,-354845.487600639,353008.291819329,-500032.348160475,0.209317783527728,0.209294289560228,0.12637513568849,275.191441618908,275.188501428201,266.64309728577,-0.267652796944203,0.551577549883482,10.5898848163219,-0.616945130375989,-0.0964516948050669,-0.206628201265713,0.141479497288917,0.141485717380033,0.192385965656683,3177.57593561011,7070900.52106538,4862447.48101239,1.06951110492471e-26,1.84919633726185,1.48303724996611e-23,27.056,0,6,0,0,1,0,0
0.29,0.247120951287929,-0.282029483200391,30.1890493096144,4.90733205971283,4.26881140698105,-1.83280753072864,1.40825371948917,2.56261856646001,102.819765742725,115.50058526148,-0.45782573191504,-0.363100578909658,11.0367758549396,-357823.702376778,356595.788270905,-508555.557490966,-0.704946683202969,-0.0810710957092663,-19.1522734546748,-357821.869569248,356594.380017186,-508558.120109532,0.209319242478879,0.209295748008083,0.126375464400708,276.908453718822,276.905531744327,268.414782147614,-0.316409945059021,0.354670971842785,10.4295909023543,-0.832431060728023,0.243663451229561,-0.434291381083444,0.141480484982492,0.141486705119127,0.192387317169354,3204.34154909596,7160766.71954154,4922057.99723394,1.11275319889477e-26,1.84919649936968,1.48309950117397e-23,34.81,0,6,0,0,1,0,0
0.295,0.238039710936258,-0.275001884915575,30.1979621448705,4.7763989315203,4.10403978835927,-1.83056802578312,1.42765197899899,0.9727259754491,94.2396238022715,108.305371686533,-0.660145691878952,0.0191482288783869,11.1210733119805,-360557.389340064,360094.896079669,-516817.26469985,-0.898185402815209,0.294150113793962,-19.07688883289,-360555.558772038,360093.468427691,-516818.237425825,0.209320691559182,0.209297196588512,0.126375790898655,278.603386269866,278.600482072637,270.163036078987,-0.171372365408228,0.412563842295321,10.6689555913567,-1.08528431895321,0.422383020775069,-0.915016113592142,0.141481466020907,0.141487686202762,0.192388659609656,3670.29878803881,7245514.41994765,4981268.15265956,1.15684174284551e-26,1.84919666104115,1.48316133561163e-23,30.372,0,6,0,0,1,0,0
0.3,0.229026293455916,-0.267911007603442,30.1989481885883,4.64516939702846,3.94069243733153,-1.80482149341471,1.43292554906002,-0.581516119259331,85.4975119855037,100.720964082666,-1.28688684586413,-0.00293081486545327,10.7178346061439,-363256.396760277,363305.697969622,-525081.783733388,-1.51591313932005,0.264980192737989,-19.4811135824444,-363254.591938784,363304.265044073,-525081.202217269,0.209322130795704,0.209298635328574,0.126376115188233,280.276670977878,280.273784135265,271.888342267889,-0.380037168178585,0.135931848873692,10.3686815806857,-1.2645630646534,0.659050192671004,-1.17233429183935,0.141482440421932,0.14148866064871,0.19238999300121,3654.32369870926,7326781.29729043,5040078.89607824,1.2017690834822e-26,1.84919682226583,1.48322275434486e-23,28.194,0,6,0,0,1,0,0
0.305,0.220175975603495,-0.260794913763239,30.1925536344733,4.51441857803131,3.78066538108063,-1.76422556193942,1.43705201053379,-1.95477047190624,77.5490677637777,92.4047850193479,-1.6132766145714,0.318206385092211,10.6256251014351,-365692.279487321,366481.687458528,-533089.128138213,-1.83345259017489,0.57900129885545,-19.5669285330382,-365690.515261759,366480.250406517,-533087.173367741,0.209323560216138,0.20930006425595,0.126376437275485,281.928724969417,281.925855074228,273.591166612581,-0.256959892268392,0.233438036152256,10.4809497434069,-1.57734588610168,0.753811522941257,-1.75333659966575,0.141483408203767,0.141489628475172,0.192391317368231,4149.19854392731,7402878.48836823,5098491.21211579,1.24752723317348e-26,1.8491969830335,1.48328375846706e-23,28.351,0,6,0,0,1,0,0
0.31,0.211552024329555,-0.25364350443492,30.1799809329947,4.38432640607979,3.62585352319764,-1.71299611688895,1.44650927569908,-3.03199629080941,71.2179229539981,83.4484231755186,-1.87339379041418,0.698018092950119,10.3010717336542,-367950.788040791,369527.886220818,-541039.959905754,-2.08494581474374,0.951661597385039,-19.8789091993405,-367949.075044674,369526.439711543,-541036.927909463,0.209324979848788,0.209301483398935,0.126376757166594,283.55995152277,283.557098182489,275.271958632964,-0.194562923744063,0.254726140409116,10.2908191529813,-1.78442907855122,0.964699541225022,-2.0918623016615,0.141484369385032,0.141490589700767,0.192392632735517,4299.7022590017,7475508.08923572,5156506.11765074,1.29410788338863e-26,1.84919714333415,1.48334434909868e-23,26.617,0,6,0,0,1,0,0
0.315,0.203203761648741,-0.246429236958025,30.1629163223865,4.25433953892668,3.47748954793203,-1.65259415540205,1.46193209230824,-3.73632106953229,67.882391650232,75.3620408186149,-2.08661677048103,1.16467909142158,10.1954518677956,-370041.466558788,372452.184067024,-548809.072491305,-2.28982053212977,1.4111083283796,-19.9674644545909,-370039.813964632,372450.722134932,-548805.336170236,0.20932638972256,0.209302892786424,0.126377074867882,285.170740752073,285.167903588131,276.931152320654,-0.129511763129194,0.314749542550607,10.3518352337918,-1.96484926153807,1.19526796109403,-2.55111563927458,0.141485323984759,0.14149154434453,0.192393939128438,4711.77503561979,7543961.04317996,5214124.66267073,1.34150241794108e-26,1.84919730315799,1.48340452738674e-23,34.211,0,6,0,0,1,0,0
0.32,0.19516374191582,-0.239121467880421,30.1433292692208,4.12363797034444,3.33616786197932,-1.58837678450704,1.48398457088817,-4.03231179644342,67.3991371244468,68.499043674872,-2.28335080752105,1.25585945199286,10.0924595023525,-371982.951668243,375104.158623874,-556500.732309196,-2.47851454943687,1.49498091987328,-20.0508697668683,-371981.363291458,375102.674639303,-556496.6999974,0.209327789866947,0.209304292447899,0.126377390385804,286.761470248164,286.758648895247,278.569166932682,-0.0755790669598911,0.0958006140544782,10.3473075844,-2.12539535883625,1.45203983054163,-2.81590010779036,0.141486272022386,0.141492492425896,0.192395236572921,4990.72985791841,7609345.19509178,5271347.92968077,1.38970192603495e-26,1.84919746249543,1.48346429450423e-23,28.564,0,6,0,0,1,0,0
0.325,0.187442723518775,-0.231696346443536,30.1232641742764,3.99157254910951,3.20195045114451,-1.52378298365057,1.50924540407012,-3.92574714341702,69.3632440456936,63.2965735518027,-2.74361125197618,1.77880627425131,10.1031801701507,-373876.144009117,377758.68897154,-564110.266338871,-2.93105397549495,2.01050262069484,-20.0200840041256,-373874.620226133,377757.179726136,-564106.340591727,0.209329180312014,0.209305682413417,0.126377703726947,288.332505679436,288.329699784846,280.186407733347,-0.212413280888894,0.300704233914037,10.4318571379164,-2.2758389121617,1.57694767533023,-3.03327143576744,0.141487213517741,0.141493433964697,0.192396525095444,5200.37116187409,7672084.85917842,5328177.0301962,1.43869721511188e-26,1.84919762133709,1.48352365164959e-23,28.436,0,6,0,0,1,0,0
0.33,0.180037353100134,-0.224151143627662,30.1046437185584,3.85789901839549,3.07451295045761,-1.4610620860946,1.53257821405378,-3.45920144889574,72.8398976746526,59.740353946909,-3.34716865998727,1.94782706538226,10.1134697215641,-375687.857252532,380156.133243941,-571707.134332388,-3.5272060130874,2.17197820900992,-19.9911739969943,-375686.396190446,380154.600665727,-571703.675130939,0.209330561088391,0.209307062713595,0.126378014898027,289.884201355723,289.881410578772,281.783266688266,-0.361816843796938,0.123439585377603,10.474817979495,-2.51255750169702,1.84611266062498,-3.13201903661423,0.141488148491042,0.141494368981152,0.192397804723018,5389.62752845807,7732969.78432549,5384613.10582642,1.48847882349547e-26,1.84919777967378,1.48358260004623e-23,31.451,0,6,0,0,1,0,0
0.335,0.172937553261937,-0.216511238883851,30.0891003748973,3.72297141597124,2.95336673950071,-1.40065633255287,1.5477229710866,-2.70525875308821,76.845045829281,57.6939125050288,-3.67253825273754,2.37097584069039,10.0078218149655,-377283.333682134,382505.745305161,-579356.447272948,-3.84547580599948,2.58748707957424,-20.0812785599318,-377281.933025802,382504.19758219,-579353.742014194,0.209331932227258,0.209308433379601,0.126378323905886,291.416900757926,291.414124769367,283.360123114337,-0.279151030748206,0.24296134012239,10.4040108068781,-2.79388652375719,1.99060474297562,-3.19632231261587,0.141489076962885,0.141495297495856,0.192399075483182,5475.38399267084,7792793.07467722,5440657.3266698,1.53903703283114e-26,1.84919793749652,1.48364114094192e-23,27.929,0,6,0,0,1,0,0
0.34,0.166133383245879,-0.208830963344717,30.0778487965299,3.58757331462782,2.83787675002365,-1.34204929338306,1.54921117189124,-1.75706788416773,80.6337943155748,56.9734564806565,-4.0069827570535,2.81445144226492,9.88115081107209,-378766.962617254,384732.990849285,-587045.343131347,-4.17311614029938,3.02328240560964,-20.1966979854578,-378765.62056796,384731.441638113,-587043.586063463,0.209333293760331,0.209309794443141,0.126378630757489,292.930937035893,292.928175517392,284.917344288976,-0.30396787081278,0.293636650484181,10.3347063570778,-2.97460358739154,2.21863515462438,-3.31202097139767,0.141489998954235,0.141496219529775,0.192400337403985,5583.03517753816,7851755.26110979,5496310.89038708,1.59036188031909e-26,1.84919809479656,1.48369927560832e-23,25.51,0,6,0,0,1,0,0
0.345,0.159613963052672,-0.201184683939823,30.0716075154154,3.45293432788405,2.7275417935036,-1.28608216081181,1.5343506491573,-0.718228203670107,82.7261048621187,56.6085683080981,-3.78119437228505,3.12602155558538,9.95272152019331,-379955.258259975,386792.756904136,-594710.950896872,-3.94080833533772,3.32720623952521,-20.1188859952221,-379953.972177814,386791.222553487,-594710.232668668,0.20933464571985,0.209311145936445,0.126378935459921,294.426633476844,294.423886120471,286.455286021704,0.0436283736654505,0.253727141275034,10.4560715316067,-3.15305034225513,2.44926594402764,-3.42717379264618,0.141490914486417,0.141497135104236,0.192401590513979,5971.04194910731,7909488.05432782,5551575.02104644,1.64244317073863e-26,1.84919825156531,1.48375700534042e-23,26.289,0,6,0,0,1,0,0
0.35,0.153368227021018,-0.193661301164598,30.0705721617681,3.32113361646695,2.62228994408994,-1.23190849821783,1.49986166142723,0.307519052370288,81.8190636311376,55.7566610860845,-4.21319690524744,3.52698656353762,9.96323937869362,-381264.679107539,388762.634385468,-602444.37369623,-4.36656513226846,3.72064786470221,-20.1073327830745,-381263.447199041,388761.134523806,-602444.681215283,0.20933598813857,0.209312487892254,0.126379238020385,295.904303946426,295.901570454189,287.974293190873,-0.246932292335782,0.322113622554876,10.4607404594016,-3.13781190238787,2.63231726188312,-3.39935868978842,0.141491823581111,0.141498044240919,0.192402834842209,5885.16917381808,7967079.99555092,5606450.96901167,1.69527048826212e-26,1.84919840779442,1.48381433145606e-23,27.243,0,6,0,0,1,0,0
0.355,0.147389940043459,-0.186368216700758,30.0744377901177,3.19438009094622,2.52195704420357,-1.17841080560805,1.44154881605425,1.22543796491515,78.5385141547384,54.7592331044945,-4.3364531666495,3.85020062997754,9.8802033001774,-382367.727188922,390584.17449859,-610251.486128506,-4.48384310669296,4.03656884667829,-20.1942344899403,-382366.548778116,390582.732949774,-610252.711566471,0.209337321049745,0.209313820343811,0.126379538446199,297.36425330433,297.361533387725,289.47470024809,-0.1044844054345,0.307053352798785,10.4020911827303,-3.34639705110031,2.84603185073239,-3.42509040169445,0.141492726260341,0.141498946961849,0.192404070418194,6024.81216754509,8024306.77097005,5660940.00881809,1.74883320805709e-26,1.8491985634757,1.48387125529536e-23,27.178,0,6,0,0,1,0,0
0.36,0.141666245296499,-0.1794153510774,30.082464528925,3.07454259112105,2.4260752022539,-1.12938833092657,1.36263125848312,1.95780734540022,73.204294862227,53.695710406155,-4.63875843716478,3.89445501695074,9.89380846418338,-383432.837053251,392193.765335947,-618055.704222942,-4.78042468246128,4.07387036802814,-20.1886560647417,-383431.70766492,392192.402704688,-618057.662030288,0.209338644487119,0.209315143324848,0.126379836744794,298.806777796232,298.804071175824,290.956831692683,-0.192613595099902,0.134216664125406,10.4581937678504,-3.4461900322283,3.02983229212474,-3.52912804663306,0.141493622546467,0.141499843289388,0.192405297271926,6245.84330607487,8080672.32899929,5715043.44071347,1.80312050767523e-26,1.84919871860119,1.48392777822024e-23,27.953,0,6,0,0,1,0,0
0.365,0.136161858046129,-0.172888368728588,30.0935774567384,2.96281061763397,2.33368777402404,-1.09008932077723,1.26969323028959,2.44947795395979,66.4702016520542,52.9898262770994,-4.7309062546495,4.17033995349429,9.85867067305642,-384329.21304138,393770.909943486,-625889.806050032,-4.86706811269563,4.34322832222288,-20.2349067836819,-384328.12295206,393769.640250256,-625892.255527986,0.20933995848491,0.209316456869572,0.126380132923709,300.232165423673,300.229471828702,292.421002518344,-0.078621685800589,0.218242696754031,10.4539302280106,-3.6061699875422,3.11398538806869,-3.59107193851103,0.141494512462179,0.141500733246225,0.192406515433852,6383.46016315322,8136403.03929811,5768762.58668313,1.85812137822727e-26,1.84919887316311,1.48398390161389e-23,26.158,0,6,0,0,1,0,0
0.37,0.13081386101552,-0.166832317633063,30.1064883076507,2.8601502607537,2.24365800521357,-1.06639492292071,1.17251596756285,2.67097105204441,58.2639518507608,52.4935128266504,-5.1216406068307,4.24269079643993,9.67171347786015,-385230.748125189,395174.944255826,-633768.85409997,-5.25245446784622,4.40952311407299,-20.4347748297905,-385229.681730266,395173.771739859,-633771.525071022,0.209341263077804,0.209317761012655,0.12638042699059,301.640696293387,301.638015461389,293.867518633902,-0.238053330224311,0.0918116978229305,10.3249608702919,-3.69239776519174,3.27262546062893,-3.71180831353976,0.141495396030486,0.14150161685537,0.192407724934863,6437.81023415512,8191598.81583033,5822098.79256042,1.91382463534288e-26,1.84919902715388,1.48403962688028e-23,20.475,0,6,0,0,1,0,0
0.375,0.12554298442225,-0.161253907971664,30.1198257465954,2.76675167948451,2.15449119643304,-1.0590296011294,1.0768008057376,2.61878823025412,49.8543940390655,52.8753082336847,-5.51071327888375,4.33172680652736,9.77160664115593,-386030.226117834,396482.088606727,-641521.978926238,-5.636256263306,4.49298071449902,-20.3482191054395,-386029.167088233,396481.011805921,-641524.597714468,0.209342558300935,0.20931905578922,0.126380718953187,303.032642947427,303.029974623884,295.296677260053,-0.295386383631876,0.0476790507204264,10.5090175722383,-3.8813199653294,3.36022111224985,-3.96634632417158,0.14149627327471,0.141502494140147,0.192408925806288,6865.51782837423,8244784.10917445,5875053.42575004,1.97021892991487e-26,1.84919918056612,1.48409495544364e-23,20.12,0,6,0,0,1,0,0
0.38,0.120270213256535,-0.156127622259017,30.1322638850533,2.68194980013272,2.06453586512022,-1.06721055996415,0.989915871403183,2.31441118960689,42.4227490104272,54.5415282525068,-5.81470562410173,4.8136075522737,9.59712301082245,-386696.365133007,397823.42329732,-649321.598507968,-5.93497583735826,4.96973517453271,-20.5351408742308,-386695.297922447,397822.433381448,-649323.912919157,0.209343844189883,0.209320341234833,0.126381008819354,304.408270675387,304.405614613389,296.708767303675,-0.290660559377774,0.266033574743769,10.3743303781281,-4.07208569906216,3.45111313167917,-4.05050846514052,0.141497144218477,0.141503365124183,0.192410118079877,6857.34009845596,8297192.03183012,5927627.87559067,2.02729275862718e-26,1.84919933339262,1.48414988874795e-23,19.347,0,6,0,0,1,0,0
0.385,0.114927122115893,-0.151392573911462,30.1426400016303,2.60424116615273,1.97222148499238,-1.08747510481434,0.91881005985973,1.80103899130882,36.8237421598725,57.4187438098747,-5.78642946530994,5.01941425124314,9.49303462938055,-387144.258815086,398974.442676039,-657031.781558076,-5.90135658742583,5.1708068251546,-20.6496053722497,-387143.171339982,398973.523865979,-657033.582597067,0.209345120780654,0.209321617385489,0.12638129659704,305.767837809864,305.765193769794,298.104069711262,-0.0927431923341693,0.167458694178351,10.3836833584642,-4.23130178795141,3.67355262596226,-4.34452757616651,0.14149800888571,0.141504229831401,0.192411301787796,7346.57660923727,8347491.89062396,5979823.5515742,2.08503447426659e-26,1.84919948562639,1.48420442825646e-23,16.818,0,6,0,0,1,0,0
0.39,0.109469553608007,-0.146959409786674,30.1500517426659,2.53171615817627,1.87668523987537,-1.11348570770558,0.868040774784975,1.13872356359843,33.4912067721221,60.6944272400598,-5.9679796883549,5.20892991357577,9.48203694073019,-387560.967656588,400028.828946699,-664631.303072105,-6.0774492419629,5.35588932336244,-20.6680148019357,-387559.85417088,400027.960905924,-664632.441795669,0.209346388109673,0.209322884277598,0.126381582294292,307.111596006253,307.108963755487,299.482857802884,-0.152523607583754,0.156122285522322,10.4625665178621,-4.27548535208915,3.7982914861441,-4.60515668276302,0.14149886730062,0.141505088286014,0.192412476962612,7662.21771931937,8395713.47732702,6031641.88250253,2.14343229581762e-26,1.84919963726062,1.48425857545119e-23,26.416,0,6,0,0,1,0,0
0.395,0.10389352184131,-0.142727079275121,30.153927496137,2.46183751519993,1.77754667012087,-1.13539068853177,0.837808068193258,0.398593854049652,33.0844914898493,64.3847430796928,-6.15997140447919,5.53718024889929,9.35267487993429,-387879.177088787,401042.987466073,-672184.039561786,-6.2638649263205,5.67990732817441,-20.8012526162027,-387878.041698098,401042.149658005,-672184.43815564,0.20934764621377,0.20932414194798,0.126381865919252,308.439790507877,308.4371698205,300.845397587949,-0.147693535569959,0.247084759708083,10.4117295270687,-4.39060630520308,3.9149577354224,-4.81397428034392,0.1414997194877,0.141505940512515,0.192413643637283,7851.62266252898,8442309.48954033,6083084.3174185,2.20247431834105e-26,1.84919978828867,1.48431233183243e-23,26.254,0,6,0,0,1,0,0
0.4,0.0982323350307926,-0.138593715638354,30.1540660855981,2.39259837879057,1.67583301949887,-1.14794074198524,0.828218740659163,-0.343538907109555,34.4932549824958,66.1649118053627,-6.10478318954643,5.7376672354156,9.25540227947415,-388019.509460178,401933.048380223,-679634.280574179,-6.20301552457722,5.87626095105396,-20.898663806124,-388018.361519436,401932.220161482,-679633.937035272,0.209348895130173,0.209325390433847,0.126382147480151,309.752660397373,309.750051053907,302.19194806398,0.0197932266499028,0.210397981635089,10.4240595295429,-4.50300764165909,4.07442816834012,-5.1074791151703,0.141500565471716,0.141506786535671,0.192414801845149,8303.57979925865,8486832.62619794,6134152.32428522,2.26214852263603e-26,1.8491999387041,1.48436569891826e-23,26.597,0,6,0,0,1,0,0
0.405,0.0925588260451226,-0.134476150626264,30.1506419326266,2.32224877434607,1.57326647230852,-1.14039074999948,0.831595952085446,-1.01449631038707,37.4543057185057,65.8375808962631,-6.32873526545002,5.88192251041647,9.22942207512963,-388163.000319935,402725.251065306,-686970.246162657,-6.42129409149515,6.01639866104273,-20.921219857497,-388161.859929185,402724.419469354,-686969.231666346,0.20935013489649,0.209326629772795,0.12638242698531,311.050438835186,311.047840622334,303.522761499487,-0.0869959964786218,0.181025942297343,10.4892741492756,-4.53022864582493,4.1887428148602,-5.37374677346736,0.141501405277697,0.141507626380514,0.192415951619921,8605.49000754752,8529409.24697931,6184847.38836354,2.32244278468619e-26,1.84920008850067,1.48441867824407e-23,25.998,0,6,0,0,1,0,0
0.41,0.0869794442053908,-0.130325201943816,30.1441762765475,2.24992420429577,1.4724319118205,-1.10992167622293,0.841887122898519,-1.54987705789765,40.893016138869,62.7752194116868,-6.53524832556038,6.16188191326166,9.19349457826784,-388212.941926673,403490.473652112,-694226.680977869,-6.62222776976577,6.29220711520548,-20.9506816982797,-388211.832004996,403489.631764989,-694225.131100811,0.209351365550704,0.209327860002793,0.126382704443134,312.333353285979,312.330765996387,304.838083701969,-0.090820056914901,0.266518493336818,10.5254625446282,-4.64995114169581,4.28060036781271,-5.58278781550868,0.141502238930935,0.141508460072335,0.192417092995671,8872.67884986968,8570411.57317136,6235171.01343058,2.38334488489028e-26,1.84920023767228,1.48447127136208e-23,23.082,0,6,0,0,1,0,0
0.415,0.0816067455152309,-0.126124252069895,30.1354767193871,2.17553769954978,1.37597148644434,-1.05687692922927,0.851964662600123,-1.90049605346151,43.8994628054481,57.1217153302551,-6.51177684660184,6.32632857274708,8.97357199400089,-388099.819154792,404145.021631339,-701474.68687873,-6.59338359211707,6.45245282481697,-21.1619047253862,-388098.762277862,404144.169666676,-701472.786382677,0.209352587131158,0.209329081162172,0.126382979862114,313.60162573369,313.59904916571,306.138154271977,0.053503222132195,0.23021637269001,10.3915081785373,-4.76130080480693,4.41685750020886,-5.78248777750114,0.141503066456968,0.141509287636673,0.192418226006819,9121.5656021392,8610383.35038156,6285124.71849359,2.44484251707793e-26,1.84920038621306,1.48452347984087e-23,20.6,0,6,0,0,1,0,0
0.42,0.0765400807343149,-0.121886324986237,30.1255484280013,2.09976212163969,1.2861547004326,-0.986263031105055,0.856967633403886,-2.03718754983454,45.8883334324656,49.7251572793644,-6.92485564904461,6.37486634424397,8.90702504514022,-388056.6923468,404691.130940601,-708611.74726887,-7.00139572977892,6.49675266923021,-21.218523382861,-388055.706083769,404690.273972967,-708609.71008132,0.209353799676547,0.209330293289612,0.12638325325082,314.855472885917,314.85290684339,307.423206844117,-0.180556419623631,0.157145200497432,10.4350589865324,-4.79054047997336,4.51187632117797,-6.0864110182432,0.141503887881579,0.141510109099313,0.192419350688126,9403.08990878968,8648909.49062899,6334710.04154494,2.50692329731146e-26,1.84920053411729,1.48457530526488e-23,18.649,0,6,0,0,1,0,0
0.425,0.0718443282669462,-0.117640886603658,30.1154860109799,2.02361576278925,1.20445311910091,-0.907005750500412,0.855097073629984,-1.95365994233279,46.3707997477273,41.3476526016782,-6.98006996747074,6.32754924298593,8.76717259999286,-387812.541940296,405136.93159363,-715733.026159867,-7.05191429573768,6.44519012958959,-21.348313410987,-387811.634934546,405136.076496556,-715731.072499925,0.209355003225904,0.209331496424134,0.126383524617903,316.095106368274,316.092550660325,308.693469315795,-0.0254922344595193,0.0601425692906953,10.3708292080344,-4.96807301537288,4.56615649795359,-6.2654227675324,0.141504703230787,0.141510924486275,0.192420467074684,9733.1652240492,8686630.13772167,6383928.53463288,2.56957477247449e-26,1.84920068137943,1.48462674923399e-23,15.505,0,6,0,0,1,0,0
0.43,0.0675422609295013,-0.113420419252959,30.1063559908494,1.94818147206439,1.13133313104457,-0.827202104418487,0.846920508856381,-1.66736359628761,45.4658625514856,33.2907013778984,-7.05204592806588,6.37600624401408,8.72977810125352,-387498.547321012,405547.100926944,-722794.195618218,-7.11958818899538,6.48942666326704,-21.3765778895959,-387497.720118908,405546.254006435,-722792.528254622,0.209356197818593,0.209332690605085,0.126383793972087,317.320732909317,317.318187350149,309.949164064465,-0.00668392268709457,0.0598718762658585,10.4121121322048,-5.02159082195881,4.58797283947541,-6.46944656601484,0.141505512530838,0.141511733823806,0.192421575201903,10001.765929915,8723514.33998563,6432781.76558478,2.63278442864849e-26,1.84920082799412,1.48467781336304e-23,17.263,0,6,0,0,1,0,0
0.435,0.0636173914868925,-0.109249226654518,30.0990827521794,1.87427792077283,1.06624055219547,-0.754651371124749,0.835186441420943,-1.21723685238033,43.7753451445036,26.7594968569158,-7.31043610993708,6.74221445954691,8.70369570518863,-387175.487263467,405995.201341663,-729842.292515481,-7.37405350142398,6.85146368620143,-21.3953870469908,-387174.732612096,405994.366155221,-729841.075278628,0.209357383494295,0.209333875872135,0.126384061322172,318.532554516573,318.530018925285,311.190508154065,-0.109695321205157,0.239804001184642,10.4302649366908,-5.08003921504185,4.64365947613769,-6.58280201546891,0.141506315808201,0.141512537138375,0.192422675105502,10044.3708892742,8760163.69632363,6481271.31548982,2.69653969927852e-26,1.84920097395618,1.48472849928134e-23,17.527,0,6,0,0,1,0,0
0.44,0.0600196854630075,-0.105134580065923,30.0943508811664,1.80221721598447,1.00784926279849,-0.695125907453276,0.82404360625287,-0.659452368902515,41.85120523446,22.3933434344502,-7.43330650262343,6.58286861859208,8.54945502789997,-386735.218437036,406185.859311995,-736937.77726656,-7.49332618808644,6.688003198658,-21.5448958532664,-386734.523311129,406185.035268389,-736937.117814191,0.209358560292999,0.209335052265257,0.12638432667703,319.730768644207,319.728242844609,312.417713531294,-0.0591206595301259,-0.0453149240083343,10.3244952449188,-5.20015688811527,4.80929987667283,-6.67352780181951,0.141507113089558,0.141513334456667,0.192423766821504,10325.8573805149,8796765.7682529,6529398.78295179,2.7608279731293e-26,1.84920111926059,1.48477880863227e-23,16.162,0,6,0,0,1,0,0
0.445,0.0566807545086604,-0.101067614120276,30.0925354677043,1.73178517772758,0.954347914114475,-0.650280261579229,0.815888894335351,-0.0605788896784267,40.5043881331361,20.5841225905827,-7.75252014119802,6.81051263863051,8.57914270825292,-386296.748481877,406432.499566129,-743979.277543362,-7.80920089570668,6.91158025275079,-21.5133927594513,-386296.098201616,406431.683677235,-743979.216964472,0.20935972825499,0.209336219824724,0.126384590045599,320.915568352794,320.91305217324,313.630987212338,-0.192903760606389,0.10834549216946,10.4162355100515,-5.27060240819027,4.7962878182934,-6.84126261780137,0.141507904401799,0.141514125805571,0.192424850386218,10454.1247602417,8833010.24106479,6577165.77546585,2.82563660203314e-26,1.84920126390251,1.48482874307281e-23,21.409,0,6,0,0,1,0,0
0.45,0.0535298441988933,-0.0970311756976804,30.0936697469549,1.66226834235779,0.903794276370989,-0.619422605690256,0.811718629665524,0.510385320040318,40.411793484801,21.2097840894589,-7.95899215842288,6.71432342567268,8.59921018418694,-385758.314622846,406486.452372411,-751036.61325988,-8.01252200262178,6.81135460137036,-21.4944595627679,-385757.695200241,406485.640653781,-751037.1236452,0.209360887420843,0.209337378591095,0.126384851436886,322.087142461653,322.084635734873,314.830531460599,-0.187206751130218,-0.0893092069649375,10.4536303211785,-5.40599895400748,4.91603774187454,-6.88159981498081,0.141508689772011,0.141514911212177,0.192425925836237,10753.6445063255,8869156.41554999,6624573.9186842,2.89095290843123e-26,1.84920140787726,1.48487830427308e-23,24.399,0,6,0,0,1,0,0
0.455,0.0505040293183093,-0.093007143900275,30.0974533943345,1.59320725718124,0.854707811038796,-0.600041223530362,0.810916647029362,0.990164360609622,40.7870749011512,23.1169466888312,-7.91950939186046,7.17594322141835,8.52436988861205,-385081.186550667,406657.036796774,-758135.926152016,-7.97001342117877,7.26895036531863,-21.5730835057225,-385080.586509444,406656.225880127,-758136.916316376,0.209362037831408,0.209338528605206,0.126385110859963,323.245675694149,323.243178257095,316.016543955944,-0.0586117711842668,0.202615871145762,10.4090192536792,-5.49838282569319,4.92290738262853,-6.93249787995797,0.141509469227478,0.14151569070377,0.192426993208423,10739.7361072409,8905704.09198138,6671624.85003153,2.95676419270987e-26,1.84920155118034,1.48492749391591e-23,19.522,0,6,0,0,1,0,0
0.46,0.0475625805964863,-0.0889974257231631,30.1033004218006,1.52420391650868,0.806044586692226,-0.585654439221915,0.806028666812891,1.32874741111961,42.0638202411554,25.8577398674695,-7.84179883345896,7.45626400941629,8.65321192015862,-384341.979817796,406685.609838132,-765164.219675325,-7.88936141405545,7.54526143513946,-21.450088501642,-384341.394163357,406684.803809465,-765165.548422736,0.209363179527803,0.209339669908161,0.126385368323963,324.391348816366,324.388860510064,317.189217955978,0.0061421817182908,0.181664545466964,10.5796903930442,-5.50334227525268,5.12063695559305,-7.05809129899986,0.141510242795668,0.141516464307818,0.1924280525399,11163.9159607974,8941581.59699937,6718320.2150012,3.02305774033339e-26,1.8492016938074,1.48497631369644e-23,23.817,0,6,0,0,1,0,0
0.465,0.0446906191496912,-0.0850311739011669,30.1104203336703,1.45540020788766,0.757414549380402,-0.572275645279172,0.793512817732477,1.49503410290115,43.0612425757726,28.2440845120496,-7.56054338185414,7.53263047177845,8.40126445240487,-383489.836298976,406572.798154895,-772313.815133587,-7.60523400100383,7.61766164567962,-21.7091558812655,-383489.264023331,406572.004642078,-772315.31016769,0.209364312551402,0.209340802541318,0.126385623838077,325.524338769509,325.521859438914,318.348742449781,0.194958101780959,0.0912164316385856,10.3525445453357,-5.49256704768305,5.25138268904864,-7.06004651067766,0.141511010504229,0.14151723205197,0.192429103868046,11162.2721585169,8978243.93960728,6764661.67749307,3.08982082877558e-26,1.84920183575426,1.48502476532162e-23,19.51,0,6,0,0,1,0,0
0.47,0.0418942810709264,-0.081158834443919,30.1179210318418,1.38762374637434,0.709093796601592,-0.555360556285901,0.768264817923131,1.47981599953117,42.9709597098356,29.5629326621767,-7.925793566345,7.61556530419154,8.28504786017118,-382825.228318149,406399.246905087,-779388.522338612,-7.96768784741592,7.69672413863546,-21.8328731716707,-382824.672957592,406398.47864027,-779390.002154612,0.209365436943826,0.209341926546286,0.126385877411558,326.644818796383,326.642348290247,319.49530230454,-0.128055476508515,0.0801726905284123,10.3453592497186,-5.40703218911579,5.30812458589088,-7.34052786816379,0.141511772380982,0.141517993964049,0.192430147230482,11230.9617078432,9014531.78868961,6810650.90660199,3.1570407342515e-26,1.8492019770169,1.48507285050987e-23,25.024,0,6,0,0,1,0,0
0.475,0.039198674362326,-0.0774492365552454,30.124918945213,1.32229716650765,0.661861681616066,-0.531769632421133,0.727924454574558,1.29566583193396,40.8623063203191,29.239945306506,-8.00868218111992,7.34718769093718,8.09720034082984,-382025.530582388,406047.541263863,-786446.462662603,-8.04788085548224,7.42463692749243,-22.0277186043832,-382024.998812756,406046.813339408,-786447.758328435,0.209366552746934,0.209343041964908,0.126386129053711,327.75295856226,327.750496732999,320.629078405467,-0.0405729916237832,-0.164640055056781,10.2480899342861,-5.54190728108866,5.3627366099443,-7.55135288280536,0.141512528453913,0.141518750072043,0.192431182665061,11621.5005191,9050389.72309964,6856289.58616249,3.22470473825169e-26,1.84920211759147,1.48512057099059e-23,24.128,0,6,0,0,1,0,0
0.48,0.03664261811695,-0.0739773492350992,30.1306420133213,1.26109631467266,0.616787684844047,-0.499107625688064,0.672347187968245,0.974225419108905,36.7389226835328,27.3791794939527,-8.10735479718217,7.70799965359038,8.28058670036008,-381196.727817853,405865.856798907,-793318.878729034,-8.14399741529912,7.78197700282548,-21.8500553129612,-381196.228710227,405865.184451719,-793319.852954453,0.209367660002812,0.209344148839255,0.126386378773896,328.848924270449,328.846470974019,321.750247789382,-0.0655026516634311,0.139164286476894,10.5160995620994,-5.57850678967846,5.29397893704696,-7.82615594920274,0.14151327875117,0.141519500404099,0.192432210209865,11959.8188703104,9084900.41728557,6901579.40777337,3.29280013388085e-26,1.84920225747425,1.48516792850377e-23,22.127,0,6,0,0,1,0,0
0.485,0.0342704955941451,-0.0708065296645381,30.1345132602461,1.20555834314464,0.574992079568149,-0.457532386504775,0.606347941245014,0.561222467232383,30.5071813221681,23.9014064763341,-8.45059357958411,7.51695800235475,8.27035719863694,-380421.19275195,405444.693693033,-800194.857221,-8.48486407517826,7.58776453201929,-21.8641560616091,-380420.735219564,405444.087345092,-800195.418443467,0.209368758753765,0.209345247211618,0.126386626581522,329.932878772832,329.930433868611,322.858983772305,-0.248598009823967,-0.140837200531856,10.5115816793322,-5.62135014245138,5.43789965297869,-7.8591272046943,0.141514023301051,0.141520244988519,0.192433229903188,12138.14502478,9119196.68250544,6946522.07622358,3.36131423200304e-26,1.84920239666171,1.48521492479959e-23,26.095,0,6,0,0,1,0,0
0.49,0.0321253613212098,-0.0679734865477955,30.1362054041562,1.15684619701519,0.537622464305217,-0.407438026441874,0.53587396493351,0.109958265319655,23.184033039199,19.2975777689956,-8.42177522443748,7.43735234531711,8.10019871761169,-379483.816072923,405018.202414348,-807056.039467116,-8.45390058575869,7.5053258318649,-22.0360066865446,-379483.408634897,405017.666540383,-807056.149425382,0.209369849042308,0.209346337124496,0.12638687248605,331.004981675644,331.00254502632,323.955456071372,-0.0972265848209882,-0.156240540198091,10.4146942027592,-5.74570718893474,5.39202230259617,-8.03341012334461,0.141514762132003,0.141520983853749,0.192434241783537,12351.4006370313,9153090.02579109,6991119.30252929,3.43023436719579e-26,1.84920253515044,1.48526156163801e-23,24.582,0,6,0,0,1,0,0
0.495,0.0302443613511941,-0.0654815314729758,30.1356612848009,1.11519539743208,0.505507723744464,-0.350844907528314,0.468503271669885,-0.325725304211394,15.9278623424915,14.0123490543058,-8.62056479954392,7.78755827056904,8.09638266317187,-378598.166460925,404697.925687331,-813785.777398765,-8.65080916089511,7.85303980204201,-22.0392786216291,-378597.815616018,404697.457184059,-813785.45167346,0.209370930911153,0.209347418620587,0.126387116496985,332.065389440748,332.062960912208,325.039830921399,-0.230928034800266,0.0808384395658057,10.5087018113196,-5.7399864570306,5.38392512559436,-8.31561713508405,0.141515495272613,0.141521717028378,0.192435245889612,12519.2812630628,9186018.28657597,7035372.80890563,3.49954790351514e-26,1.84920267293721,1.48530784078834e-23,24.848,0,6,0,0,1,0,0
0.5,0.0286520058936307,-0.0632981808562924,30.1330808045406,1.08006247319973,0.479252581588824,-0.29086227883753,0.411166232199785,-0.697705689856998,10.2196812780361,8.75334082730888,-8.34309829731351,7.84689543580615,7.94939843873085,-377520.02513947,404230.093791147,-820496.51128886,-8.37175030320714,7.91019361666245,-22.1836823658097,-377519.734277191,404229.682624915,-820495.81358317,0.209372004403204,0.20934849174278,0.126387358623879,333.114255482617,333.111834943843,326.11227118636,0.0342858450465037,-0.0249660957749177,10.4322813546388,-5.81148732067295,5.52276521324983,-8.4803461033215,0.141516222751603,0.141522444541128,0.192436242260307,12934.6090508278,9218358.28922481,7079284.32671507,3.56924224007424e-26,1.84920281001891,1.48535376402891e-23,22.699,0,6,0,0,1,0,0
0.505,0.027354423506978,-0.0613615667973727,30.1288779996533,1.04992538508631,0.458858130580441,-0.23182274988967,0.368847505600718,-0.969168178581466,6.85233182006686,3.94547107075888,-8.46505914606043,8.11049434715258,7.86102587200654,-376562.426041961,403791.219342628,-827123.548102805,-8.49241356956741,8.17185591394995,-22.2678521276468,-376562.194219211,403790.850495122,-827122.578934626,0.209373069561547,0.209349556534145,0.126387598876325,334.151730261268,334.149317584236,327.172936466057,-0.137108945426813,0.108130006014067,10.4375548648879,-5.71655533042363,5.56061235442794,-8.73000221359893,0.141516944597821,0.14152316642085,0.192437230934699,12991.3129476711,9250233.44249058,7122855.59167933,3.63930481643768e-26,1.84920294639261,1.4853993331466e-23,30.065,0,6,0,0,1,0,0
0.51,0.0263355210347581,-0.0595947247106705,30.1236156350172,1.02296074419017,0.443987248204298,-0.178367355164871,0.342676519525647,-1.11793463997259,6.02516935776032,0.00658935613101601,-8.38342525168684,8.31204156717673,7.75824232599189,-375516.430475233,403290.281839006,-833702.318465519,-8.4097607727216,8.3716362918874,-22.3653733090253,-375516.252107878,403289.939162487,-833701.20053088,0.20937412642944,0.209350613037926,0.126387837263958,335.177961371333,335.175556430921,328.221983198234,-0.0371053157901925,0.131972847071832,10.414458084966,-5.75674396773703,5.66653532487003,-8.9287627801845,0.14151766084024,0.141523882696518,0.192438211952034,13299.0645048723,9281689.60644762,7166088.3527099,3.70972311783401e-26,1.84920308205551,1.48544454993651e-23,27.577,0,6,0,0,1,0,0
0.515,0.0255577626368698,-0.0579266316598887,30.1179282707204,0.997241571261893,0.433555492899945,-0.134519255352934,0.329138357653588,-1.13771974592652,7.64539426092508,-2.67194918652873,-8.43686147249348,8.46568472928352,7.7137619286841,-374504.672086295,402736.281062392,-840218.045969058,-8.46241923513035,8.52361136094341,-22.4041663420363,-374504.537567039,402735.951924034,-840216.908249312,0.209375175050305,0.209351661297529,0.126388073796453,336.193093627478,336.190696301371,329.259564756364,-0.100556913983093,0.147632614549329,10.4425249759518,-5.72561591718029,5.74888703236039,-9.12088714505147,0.141518371507946,0.141524593397218,0.192439185351728,13513.5961319948,9312877.76492381,7208984.36254193,3.78048468018917e-26,1.84920321700494,1.48548941620157e-23,24.096,0,6,0,0,1,0,0
0.52,0.0249635678269736,-0.0563064739088468,30.1124444564018,0.971402470712237,0.426403385376261,-0.104337040000693,0.323565869613675,-1.03719944574037,10.5346752690924,-4.05944446096502,-8.33567509361479,8.33193766691887,7.61684138810991,-373427.948032292,402052.156592236,-846721.000908821,-8.36063866144177,8.38824414082772,-22.4956030682919,-373427.843695252,402051.833026366,-846719.963709375,0.20937621546772,0.209352701356516,0.126388308483518,337.197269146337,337.194879314942,330.28583154334,-0.0149737388227067,-0.0090693390728942,10.4051631746165,-5.7395489360845,5.81078114419335,-9.25901873319686,0.141519076630137,0.141525298552151,0.192440151173352,13801.9875360537,9344137.95181483,7251545.38317917,3.85157709498306e-26,1.84920335123839,1.48553393375214e-23,24.049,0,6,0,0,1,0,0
0.525,0.0244833195585962,-0.0547133253828446,30.107717115249,0.94494365403988,0.421060127159764,-0.0886153880327906,0.318514186584284,-0.837699506938042,13.7803919601937,-3.91507219058143,-8.41029859523394,8.44570660044394,7.84025916601961,-372403.490675538,401433.037237372,-853088.783383611,-8.43478191479254,8.50041992582678,-22.2674579492294,-372403.40206015,401432.718723186,-853087.945684104,0.209377247725407,0.209353733258596,0.126388541334899,338.190627425147,338.188244971503,331.300931081265,-0.10458629406462,0.103651324170621,10.6715708119124,-5.70010682396087,5.77100491462788,-9.41875346375724,0.141519776236116,0.141525998190619,0.192441109456626,14098.8606562638,9374954.55030188,7293773.18253149,3.9229880139321e-26,1.8492034847535,1.48557810440567e-23,26.054,0,6,0,0,1,0,0
0.53,0.0240474786428975,-0.0531585279955226,30.1041696331735,0.918123334348697,0.416079270317602,-0.0865358568522221,0.308359219109276,-0.569262086650558,16.1710863569912,-2.28214611543216,-8.28932194592281,8.45815350190841,7.43617100325675,-371300.384176674,400761.527994668,-859666.152083117,-8.31336942456571,8.51131202990393,-22.6679986299168,-371300.297640818,400761.219635449,-859665.58282103,0.20937827186723,0.209354757047617,0.126388772360374,339.173305417229,339.170930226931,332.305008097557,0.00514955130693712,0.067980620830066,10.2754839379311,-5.72273134880974,5.81255756128244,-9.34974491475202,0.141520470355283,0.141526692342026,0.192442060241412,13718.7720291147,9407881.01574557,7335669.53408174,3.99470515350017e-26,1.84920361754801,1.48562192998631e-23,25.833,0,6,0,0,1,0,0
0.535,0.0235968420096789,-0.0516768456440583,30.1020631700973,0.891926884513966,0.410127644306395,-0.094746170488555,0.289208503024325,-0.266188816860339,16.6478159181273,0.540147624844029,-8.18686590795366,8.57443470186889,7.21755457967674,-370195.489250659,400114.679512813,-866167.689241359,-8.21046274996334,8.62611154751295,-22.8845085904206,-370195.394504489,400114.39030431,-866167.423052542,0.209379287937181,0.209355772767554,0.126389001569752,340.14543760449,340.14306956561,333.298204607534,0.0307112636055013,0.140067521530957,10.2074380962649,-5.67384516563239,5.81705542597536,-9.70293566372788,0.141521159017133,0.141527381035865,0.192443003567706,13971.5341759452,9440874.72661639,7377236.21873583,4.06671629924087e-26,1.84920374961983,1.48566541232458e-23,27.939,0,6,0,0,1,0,0
0.54,0.0230936122192219,-0.0503173504781158,30.1014860589977,0.867619186597924,0.402446895255254,-0.107948580370085,0.25916055035203,0.0372885754356496,15.3829252731001,3.98811753767167,-7.98315474851987,8.59194731774741,7.20185388891269,-369047.975570663,399421.367179752,-872589.384084808,-8.00624836073909,8.64226466822552,-22.899632170085,-369047.867622083,399421.108019202,-872589.421373383,0.209380295979373,0.209356780462506,0.126389228972872,341.107156067069,341.104795070081,334.280659993664,0.128414009749528,0.110644822823921,10.2807065684329,-5.63168364357021,5.85663179773984,-9.92669556786328,0.141521842251245,0.14152806430172,0.192443939475629,14365.128613064,9473786.59951597,7418475.02206813,4.13900930997344e-26,1.84920388096699,1.48570855325696e-23,27.411,0,6,0,0,1,0,0
0.545,0.0225309102317797,-0.049124921115775,30.1023636602777,0.846502861463605,0.39278005086162,-0.118946778408386,0.221802782005064,0.310744496941237,12.1543334738747,7.29507071382927,-8.15414714712595,8.65392409030945,7.17488093080058,-368028.869532465,398734.705196512,-879006.68960718,-8.17667805735773,8.70304901142523,-22.9274827294772,-368028.750585687,398734.48339373,-879007.000351677,0.209381296038035,0.209357780176687,0.126389454579599,342.058590550281,342.056236487986,335.252511081641,-0.0619467617022969,0.146505833945676,10.2882210088882,-5.55503288051518,5.86118729522376,-10.0122384369607,0.141522520087284,0.141528742169254,0.192444868005421,14297.4059898817,9507480.32820278,7459387.7355723,4.21157212179544e-26,1.84920401158765,1.4857513546256e-23,26.571,0,6,0,0,1,0,0
0.55,0.0219370375494093,-0.0481280350418916,30.1044850814486,0.829424429502316,0.381728895967551,-0.120714614045532,0.180176766779781,0.530593219907611,7.91494531177058,9.60131168530675,-8.51621546428022,8.53443537176533,7.21057643071656,-367075.761029709,397971.827270279,-885389.200079613,-8.53815250182963,8.58256340680722,-22.893908650732,-367075.640315094,397971.647093512,-885389.730672833,0.2093822881575,0.209358771954413,0.126389678399825,342.999868528966,342.997521296429,336.213892213446,-0.256450327833137,0.0429100278991815,10.3574700187961,-5.60473021360045,5.88230106693,-10.1130808051607,0.141523192554989,0.141529414668209,0.192445789197431,14477.4765956933,9541509.44195638,7499976.15320363,4.28439275193454e-26,1.84920414148011,1.48579381827794e-23,27.288,0,6,0,0,1,0,0
0.555,0.0213721624536971,-0.0473348829411388,30.1075410620249,0.816688010482821,0.370603475921582,-0.107388956464918,0.139474437777519,0.68140526458027,3.50159711389606,10.1149955281407,-8.49152221965897,8.47408054872584,7.21355135154938,-365987.201093708,397217.630581287,-891765.07662549,-8.51289438211267,8.52141543166698,-22.8939897104755,-365987.093704752,397217.491106849,-891765.758030754,0.2093832723822,0.209359755840102,0.126389900443464,343.931115269392,343.928774763871,337.164935317528,-0.126995617063168,0.0406068967306153,10.3873717939256,-5.71804017632185,5.84166852771226,-10.1798310200515,0.14152385968417,0.141530081828396,0.192446703092115,14696.3734065776,9575932.85877116,7540242.07690781,4.35745930244252e-26,1.84920427064279,1.4858359460664e-23,28.142,0,6,0,0,1,0,0
0.56,0.0209193549807354,-0.0467306078442122,30.1111666460296,0.808024956310682,0.36126850495996,-0.0755626285516732,0.103845211841982,0.756514792519734,-0.241312681405996,8.27110289963823,-8.13495473982886,8.61765473004429,7.16849308792722,-364787.930930865,396522.543286908,-898132.534808465,-8.15587409480959,8.6643853378885,-22.9426735581023,-364787.855368236,396522.439441696,-898133.291323258,0.209384248756657,0.209360731878259,0.126390120720455,344.852453888803,344.850120009685,338.105769976256,0.09168679528102,0.155175039927042,10.3855170532839,-5.69631507038032,5.821705417589,-10.2754191466244,0.141524521504705,0.141530743679695,0.192447609730021,14836.807055157,9610776.11428969,7580187.31374195,4.43075996373406e-26,1.84920439907424,1.48587773984798e-23,33.19,0,6,0,0,1,0,0
0.565,0.0206701958641022,-0.0462847720716389,30.1149834403051,0.80260461535603,0.3557945134696,-0.025197118004159,0.0754721224764588,0.757253599814848,-2.63987755264283,4.06154912453597,-8.29027756815625,8.2290572273661,7.20161130596502,-363782.647494755,395624.317393815,-904438.950458305,-8.31094776402035,8.27534199943774,-22.9133721343401,-363782.622297637,395624.241921693,-904439.707711905,0.209385217325476,0.209361700113475,0.126390339240754,345.764005412733,345.761678061475,339.036523490761,-0.151945126961221,-0.158945976293543,10.4641408797192,-5.55863329316282,5.87146594695556,-10.4109159446242,0.141525178046531,0.141531400252043,0.192448509151789,15074.1941362655,9645615.91950596,7619813.66846904,4.50428301797317e-26,1.84920452677312,1.485919201484e-23,30.732,0,6,0,0,1,0,0
0.57,0.0207062768814522,-0.0459601454087061,30.1186377315007,0.79942800838032,0.356055764087756,0.0396400597139642,0.0549339099731169,0.69207900898929,-3.59709192995412,-2.28238900121424,-8.04258904839084,8.27235421607071,7.14781700295485,-362647.601635743,394870.279657992,-910736.815944068,-8.06329532527229,8.31831436147941,-22.9708207285459,-362647.641275803,394870.224724082,-910737.508023077,0.209386178133338,0.209362660590414,0.126390556014338,346.665888830185,346.663567910252,339.9573209433,0.0502422545030357,0.00216011943160586,10.4508715033322,-5.59511089620502,5.73738430341557,-10.5045344814273,0.141525829339641,0.141532051575435,0.192449401398141,15124.7119472103,9680870.48454743,7659122.95547566,4.57801684231009e-26,1.84920465373823,1.48596033283976e-23,27.889,0,6,0,0,1,0,0
0.575,0.0210820817224243,-0.0457225294077815,30.1218317321431,0.797540801927788,0.363410633399696,0.112055983282249,0.0404311417493286,0.574724085871585,-3.27600687093233,-9.87835724672192,-8.01380051934078,8.17767853000651,7.12715783944935,-361606.949175002,394059.675676179,-916977.509663223,-8.03488260106321,8.22340105941429,-22.9946738926938,-361607.061230985,394059.635245037,-916978.084387309,0.209387131224989,0.209363613353808,0.126390771051199,347.558221146771,347.555906563583,340.868285257248,-0.034553521902368,-0.0749788133721591,10.4882180392934,-5.49223328859509,5.74946388805674,-10.6614853456398,0.14152647541408,0.141532697679916,0.192450286509872,15292.0695766266,9716143.5353349,7698116.99253712,4.65194991197146e-26,1.84920477996849,1.48600113578417e-23,26.577,0,6,0,0,1,0,0
0.58,0.021812846141985,-0.0455486630165028,30.1243461323957,0.796250595437287,0.378316072348295,0.183091585274882,0.0293292477590666,0.422534914619706,-2.21697573983275,-17.4577853106288,-7.775923243273,8.25390450685865,7.18220759219605,-360507.836422644,393307.816903128,-923142.358114413,-7.79773608941499,8.29945316987515,-22.9421385401997,-360508.019514229,393307.78757388,-923142.780649328,0.20938807664524,0.209364558448451,0.126390984361347,348.441117435916,348.438809096787,341.769537254839,0.0957110525803183,0.0136637284488464,10.5913001190741,-5.46444593693573,5.71175978456685,-10.8010957594414,0.141527116299936,0.141533338595577,0.192451164527847,15555.4228174022,9751232.38714601,7736797.59380042,4.72607080320656e-26,1.84920490546292,1.4860416121895e-23,27.337,0,6,0,0,1,0,0
0.585,0.0228669189492885,-0.0454283297913706,30.1260529243731,0.795270752982455,0.400130756299376,0.242712897602069,0.0189715119660071,0.254422007321997,-1.08769164770414,-23.8244194537044,-8.13274687588767,8.43370000849993,7.09371035806341,-359638.027401003,392594.865411235,-929308.936923283,-8.15561379483696,8.4791283382913,-23.0323425663097,-359638.270113901,392594.846439723,-929309.19134529,0.209389014438953,0.209365495919189,0.126391195954804,349.314690888189,349.312388702281,342.66119571275,-0.244931811703611,0.117007407967641,10.5354913860678,-5.36560059667069,5.73022261616525,-10.8884572603673,0.14152775202734,0.14153397435255,0.192452035492993,15306.7621064557,9787046.56241054,7775166.58291344,4.80036819609252e-26,1.84920503022068,1.48608176393103e-23,27.498,0,6,0,0,1,0,0
0.59,0.024167497597396,-0.0453625828322566,30.1269191440248,0.794689977473887,0.427195967291327,0.282706334494803,0.00742983210051196,0.0891534441725784,-0.441400125331262,-27.9401558281477,-8.03000990724871,8.53630208852044,6.74761760776181,-358618.036157422,391859.368878319,-935518.640868846,-8.05417740484611,8.58166467135269,-23.379301536263,-358618.318863756,391859.361448487,-935518.73002229,0.209389944651037,0.209366425810917,0.126391405841603,350.179052858878,350.176756737143,343.543377415634,-0.0693171003315797,0.135203013251568,10.2840618903816,-5.47025299575426,5.78242517101538,-11.0764846289653,0.141528382626458,0.141534604981003,0.192452899446291,15401.3845997312,9823450.7693433,7813225.78441251,4.87483087720124e-26,1.84920515424102,1.48612159288677e-23,27.117,0,6,0,0,1,0,0
0.595,0.0256042287753971,-0.0453588031602036,30.1270018488706,0.794820150816655,0.45701837377484,0.297696796755582,-0.00594698806847801,-0.0563308926670917,-0.573864406024535,-28.6392586613057,-8.10421810412437,8.29932606608939,6.49360716074705,-357675.273805714,391009.388119153,-941647.720207726,-8.12982233289977,8.3446848692496,-23.6333946881235,-357675.571502511,391009.394066141,-941647.663876833,0.209390867326441,0.209367348168568,0.126391614031791,351.034312913851,351.032022768988,344.41619720769,-0.170858641230251,-0.0482441486370044,10.1783832094921,-5.41671203131039,5.80729574470417,-11.4339308559713,0.141529008127489,0.141535230511134,0.192453756428771,15729.9608227543,9859599.84813351,7850977.02190746,4.94944774213096e-26,1.84920527752332,1.48616110093712e-23,26.729,0,6,0,0,1,0,0
0.6,0.0270446483309662,-0.0454231562452895,30.1264347234157,0.796035212036898,0.486463077809341,0.284113967368184,-0.0200306452648764,-0.168584088604084,-1.47158793211548,-25.9006440685608,-7.50104143321789,8.24367172661004,6.7200609663009,-356504.001050791,390232.576914153,-947560.694341895,-7.52808608154885,8.28909488285533,-23.4063737571148,-356504.285164758,390232.596944798,-947560.525757806,0.209391782510148,0.209368263037109,0.12639182053542,351.880578873809,351.878294620213,345.279768042359,0.240122551091302,0.00675165108937858,10.500269599515,-5.42418058286754,5.7157560206422,-11.723529977724,0.141529628560658,0.141535850973171,0.192454606481506,16600.5366403759,9894285.25910623,7888422.12319278,5.02420779790519e-26,1.84920540006707,1.48620028996462e-23,28.481,0,6,0,0,1,0,0
0.605,0.0283498087511616,-0.0455535562117059,30.1254071835653,0.798525246392534,0.512503681544706,0.242938766748308,-0.0326146793559442,-0.23894154406867,-2.80442326533517,-20.2694850875975,-7.48470078452586,8.29073439262122,6.44509224088652,-355558.803165648,389498.796878089,-953617.376342351,-7.51305059327702,8.33628794883293,-23.6803149426788,-355559.046104415,389498.829492768,-953617.137400807,0.209392690247167,0.209369170461532,0.126392025362552,352.717956856978,352.715678410695,346.134201030231,0.0312213312876829,0.0680153128470934,10.2254030319606,-5.20319685241715,5.6872163367308,-11.6724998878836,0.14153024395621,0.141536466397361,0.192455449645602,15924.1811265824,9930928.01353296,7925562.91659034,5.09910016524193e-26,1.84920552187186,1.48623916185364e-23,26.109,0,6,0,0,1,0,0
0.61,0.0293961004301734,-0.0457350805870411,30.1241378380627,0.802169593879083,0.532623956653304,0.179410302706731,-0.040708522136836,-0.264491360381777,-4.10005926089951,-12.3673924037308,-7.36896582556924,8.23830393131138,6.53273914032034,-354589.321703608,388732.859927217,-959509.735443445,-7.39836192599941,8.28403901189842,-23.5913986977424,-354589.50111391,388732.900635739,-959509.470952084,0.209393590582526,0.209370070486851,0.126392228523255,353.546551320328,353.544278599011,346.979605485249,0.0860865812263659,0.0253588073544057,10.4147786773437,-5.18148324659722,5.69516013716431,-11.9623435392566,0.141530854344412,0.14153707681397,0.192456285962199,16543.7357779412,9966639.29416296,7962401.23449738,5.17411408069591e-26,1.84920564293738,1.48627771849008e-23,27.329,0,6,0,0,1,0,0
0.615,0.030089756277292,-0.0459396207039804,30.1228445102757,0.806480949481904,0.544907218851645,0.100359042388695,-0.0419564145281416,-0.248457271405878,-4.81115884305366,-3.18711172396558,-7.6527191774439,8.28966943518257,6.51801848295304,-353772.211212082,388005.152397803,-965411.054981051,-7.68280893372119,8.33560905588654,-23.6048260273226,-353772.311571124,388005.194354217,-965410.806523779,0.209394483561268,0.209370963158093,0.126392430027601,354.366465099358,354.364198022225,347.81608896926,-0.15803304691494,0.0846993144060335,10.411141468613,-5.1297597892822,5.67055108975517,-11.996780109266,0.141531459755541,0.141537682253279,0.192457115472458,16380.5405161055,10003098.1123462,7998938.9056328,5.24923889867678e-26,1.84920576326344,1.48631596176111e-23,28.043,0,6,0,0,1,0,0
0.62,0.0303714403321675,-0.0461297986612747,30.1217148165528,0.810679922165886,0.548261381124269,0.0128927284904288,-0.0349466141486872,-0.199594656793699,-4.54569282724058,6.14314206746267,-7.69002392072433,8.32230345812422,6.71281431935123,-352870.502357245,387268.983755297,-971211.83637664,-7.7203953610565,8.36843325678549,-23.4089004972016,-352870.515249973,387269.018701911,-971211.636781983,0.209395369228442,0.209371848520291,0.126392629885664,355.177799446536,355.175537934326,348.643757335027,-0.0993240313936894,0.0942826823667001,10.630192985606,-5.21626388069821,5.68276688345543,-12.0992838240224,0.141532060219885,0.141538282745575,0.192457938217558,16848.3001542796,10039099.6583248,8035177.76110991,5.32446409334584e-26,1.84920588284996,1.48635389355488e-23,29.088,0,6,0,0,1,0,0
0.625,0.0302155067818371,-0.0462642951778956,30.1208821205002,0.813833676492891,0.542440601637696,-0.076449852725089,-0.0194843579184918,-0.130668264397735,-3.17021096403115,14.6137603284263,-7.67358421634205,8.1353125747301,6.48202145954537,-351948.967746379,386450.515113303,-977144.436288226,-7.70379972312389,8.18157686990799,-23.6388606609548,-351948.891296527,386450.534597661,-977144.305619962,0.209396247629098,0.20937272661848,0.126392828107523,355.980654068424,355.978398043362,349.462714767723,-0.0796702356886063,-0.0390521424205656,10.4007997453234,-5.22249160995376,5.68938271551502,-12.05352838008,0.141532655767736,0.141538878321153,0.19245875423869,16604.5839432083,10076510.9985798,8071119.63594555,5.39977926039437e-26,1.84920600169694,1.48639151576029e-23,26.967,0,6,0,0,1,0,0
0.63,0.029626065549162,-0.0463049509989614,30.1204100085889,0.815065102954788,0.527924108021635,-0.162173475753776,0.00296443413680534,-0.0565855818618724,-0.800868840027092,21.6556487165736,-7.45867844105592,8.1466872719927,6.33404154486884,-350948.553296589,385699.955251777,-983024.353222827,-7.48830450660508,8.19299222299166,-23.78636846372,-350948.391123113,385699.952287343,-983024.296637246,0.209397118808283,0.209373597497691,0.126393024703254,356.775127161565,356.77287654732,350.273063825008,0.0579074767208543,0.0358653749071809,10.3575096878535,-5.21114397166517,5.62120431038217,-12.2981068368463,0.141533246429387,0.141539469010306,0.192459563577052,16835.5289904746,10113879.6518874,8106766.35819485,5.47517411870607e-26,1.84920611980448,1.48642883026664e-23,29.498,0,6,0,0,1,0,0
0.635,0.0286299453168196,-0.0462240245092336,30.1202880515461,0.81371101709549,0.505698828882365,-0.240595740695011,0.0296556481383486,0.00820756212999135,2.21036776116712,26.9344407027784,-7.55558394139193,7.85754454222327,6.3406235773723,-350046.03975444,384836.536813453,-988825.155754622,-7.58421388670875,7.9037685667325,-23.7796644741738,-350045.799158699,384836.507157805,-988825.163962184,0.209397982811031,0.209374461202941,0.126393219682933,357.561315447172,357.559070168821,351.074905475727,-0.0787110577726702,-0.160046600142796,10.4324943010485,-5.13629227117238,5.62119773197561,-12.4852665140712,0.141533832235128,0.141540054843326,0.192460366273842,17159.0414975812,10150924.8269349,8142119.76505392,5.55063851190657e-26,1.84920623717279,1.48646583896345e-23,29.02,0,6,0,0,1,0,0
0.64,0.0272692061306502,-0.0460081809377898,30.1204397297652,0.809426836345185,0.476913837527246,-0.309254878791331,0.0575021746751916,0.0519425131401787,5.37265450869234,30.4495172069703,-7.47040787101865,8.1917041553343,6.30641554412974,-349053.835322642,384194.454936383,-994616.34028798,-7.4976770771493,8.23771233627209,-23.8140241856354,-349053.526067763,384194.397434208,-994616.392230493,0.20939883968236,0.209375317779235,0.126393413056634,358.339314204668,358.33707418866,351.868339137304,0.0208523873903112,0.167358812440003,10.4341681109268,-5.17360905269705,5.5181731042655,-12.5706411458844,0.141534413215241,0.141540635850496,0.192461162370253,17098.753377236,10188318.1407028,8177181.68218163,5.62616240980257e-26,1.84920635380218,1.48650254374016e-23,27.108,0,6,0,0,1,0,0
0.645,0.025595483465352,-0.0456584970454643,30.1207408459573,0.802268313651237,0.442810724122657,-0.36677314977771,0.0837523060687875,0.0674782912200702,8.20889627122569,32.597849911961,-7.85330897515585,8.09296597939888,6.24595856632152,-348199.448480534,383390.452510573,-1000389.99483813,-7.87890445862121,8.13862447644435,-23.8747822796358,-348199.081707384,383390.368758267,-1000390.06231642,0.209399689467265,0.209376167271551,0.126393604834428,359.109217304134,359.106982478255,352.65346271187,-0.252288523625087,-0.010390424505747,10.4171200910084,-5.15211585758201,5.62884237044504,-12.6858104393854,0.141534989399997,0.141541212062089,0.192461951907467,17228.6533249439,10225759.213797,8211953.94519771,5.70173590971347e-26,1.84920646969303,1.4865389464859e-23,26.324,0,6,0,0,1,0,0
0.65,0.0236643403719661,-0.0451875936255685,30.1210450511366,0.792550921072676,0.404556181562958,-0.412969512485606,0.106478823019379,0.0531712383180714,10.3134370961867,33.4814134291778,-7.81905851284606,7.95353252973866,6.11612571385204,-347156.178762643,382566.747170615,-1006158.87500673,-7.84272285321803,7.99872012336423,-24.0049193372846,-347155.76579313,382566.640691792,-1006158.92817797,0.209400532210716,0.209377009724842,0.126393795026379,359.871117237697,359.868887531038,353.430372621195,-0.0799064416455418,-0.0681907586652863,10.3495198121566,-5.29340319559574,5.59147133159359,-12.8254695528925,0.141535560819651,0.141541783508362,0.192462734926652,17490.6574099299,10263117.5102804,8246438.3807027,5.77734923769816e-26,1.84920658484584,1.48657504908923e-23,26.803,0,6,0,0,1,0,0
0.655,0.0215342367989192,-0.0446145905566191,30.121211534157,0.780818516155753,0.36336112747242,-0.446873943047909,0.124968951201294,0.0128598619826391,11.4703701746794,33.3806741512291,-7.89844441876003,8.02083238121532,5.97600029750257,-346112.594291231,381811.432194989,-1011898.57340987,-7.91997865555895,8.06544697177194,-24.1452112366544,-346112.147417288,381811.307226037,-1011898.58626974,0.209401367957644,0.209377845184025,0.126393983642548,360.62510514991,360.622880492834,354.199163840456,-0.123952639033087,0.0263759576860929,10.2880292201368,-5.29337096187628,5.54093209572772,-13.0130955723436,0.141536127504442,0.141542350219554,0.192463511468954,17544.8900665264,10300424.7817573,8280636.82035736,5.85299274967949e-26,1.84920669926118,1.48661085343788e-23,26.498,0,6,0,0,1,0,0
0.66,0.0192684007228152,-0.0439595223096273,30.1211296556789,0.767681217432437,0.320465677070536,-0.467555033127194,0.139560594277282,-0.0453290355640133,11.7385022867364,32.4894912092729,-8.07553789141639,7.88030079945387,6.06511948684434,-345060.334363511,380971.190147673,-1017519.66302003,-8.0948062921392,7.9242603217635,-24.0560101688345,-345059.866808478,380971.050587078,-1017519.61769099,0.209402196752945,0.209378673693981,0.126394170692985,361.371270867166,361.369051191275,354.959929930909,-0.196203645705244,-0.0917179290877107,10.4414716617316,-5.33309264460637,5.56258493232461,-13.2110185447622,0.141536689484584,0.14154291222588,0.192464281575491,18051.6118410562,10336724.4969302,8314551.09035322,5.92865693246935e-26,1.84920681293971,1.48664636141856e-23,26.396,0,6,0,0,1,0,0
0.665,0.0169342592780596,-0.0432387720684282,30.120736885683,0.753603186467346,0.276977514584703,-0.474275662186252,0.151402267023504,-0.110441677016871,11.4838857803429,31.1133948679701,-7.88687546913707,8.02011433057857,5.86631720718225,-343831.028559052,380220.245871725,-1023209.66973042,-7.90380972841513,8.063353102647,-24.2544196785008,-343830.55428339,380220.094469458,-1023209.55928874,0.209403018641469,0.209379495299543,0.126394356187735,362.109702926173,362.107488164278,355.712763071494,0.0154026588977462,0.0481758080366853,10.2747201958464,-5.40757707157956,5.51463482297964,-13.253856921231,0.141537246790265,0.14154346955753,0.192465045287354,17941.9682745668,10373553.8067713,8348183.01848767,6.00433240469675e-26,1.84920692588218,1.48668157491668e-23,26.343,0,6,0,0,1,0,0
0.67,0.0145982942546532,-0.042460003938615,30.1200278934793,0.73888372377077,0.234206530350707,-0.468142646068732,0.162875817393532,-0.17074587871014,10.9116162190253,28.7520367301043,-7.84839029811311,8.01556796771257,5.8043690646524,-342616.190127516,379401.084111475,-1028812.38314789,-7.86298859236776,8.05802797165119,-24.3156588288269,-342615.72198487,379400.921235657,-1028812.21240201,0.209403833668019,0.209380310045498,0.126394540136829,362.84048860154,362.838278687635,356.457754089418,-0.00436277378511789,-0.00690608169714934,10.3047073641147,-5.3527819817665,5.56410237965485,-13.4918665301172,0.141537799451643,0.141544022244664,0.192465802645594,18301.6307729713,10409642.9944841,8381534.42658693,6.08000991764157e-26,1.84920703808944,1.48671649581615e-23,27.446,0,6,0,0,1,0,0
0.675,0.0123262863377727,-0.0416216598468816,30.1190536092256,0.723473954639694,0.193184360419463,-0.448338386660537,0.1753442847884,-0.215659885673525,10.6390005371148,25.9838025160724,-7.88495634083262,8.42702416012136,6.00199398073754,-341388.960314059,378713.716622118,-1034283.81171413,-7.89728262717039,8.46864581996824,-24.117059628488,-341388.511975672,378713.541277833,-1034283.59605424,0.20940464187734,0.209381117976577,0.126394722550291,363.563713932505,363.561508801735,357.194992489767,-0.0264096165714575,0.265524916398565,10.5398117729627,-5.34968698197736,5.56596271284583,-13.6360696847696,0.141538347498844,0.141544570317409,0.192466553691223,18632.917129206,10444792.4801409,8414607.13877929,6.15568035597664e-26,1.8492071495624,1.48675112599913e-23,27.197,0,6,0,0,1,0,0
0.68,0.0101771951856582,-0.0407137997510834,30.1179118247272,0.707130269742246,0.15498724298492,-0.418432946879138,0.190848244492957,-0.237179583638398,10.8450919564983,22.5014508393709,-8.12688333193183,8.4906131084084,5.82908563944881,-340202.364899138,377877.782204343,-1039855.91410525,-8.13706052711749,8.53132690815948,-24.2888261852784,-340201.946466191,377877.591356099,-1039855.67692566,0.20940544331412,0.209381919137452,0.126394903438131,364.279463748835,364.277263337468,357.924566484177,-0.160763528302714,0.160054321582851,10.3635544851811,-5.37078153047116,5.71116755392785,-13.600785941916,0.141538890961957,0.141545113805854,0.192467298465208,18432.954705483,10480723.0497854,8447402.97567939,6.23133473842054e-26,1.84920726030206,1.48678546734584e-23,25.286,0,6,0,0,1,0,0
0.685,0.0081961725481392,-0.039720971729351,30.1167318423135,0.689435516522155,0.120415188530515,-0.380413616754334,0.209580892175631,-0.230811389786503,11.7306931027273,18.5938507515522,-7.89861684442727,7.99508602194913,5.76874979376605,-338813.038975354,376815.333645314,-1045352.92970022,-7.90681301697541,8.03480699367848,-24.3479820485475,-338812.658561737,376815.124064422,-1045352.69888883,0.209406238022981,0.209382713572729,0.126395082810345,364.987821695934,364.985625941337,358.646563018606,0.0875415182862144,-0.20517258969183,10.3902970379217,-5.45812500312541,5.73804488609843,-13.8180792214693,0.14153942987103,0.14154565274005,0.192468037008464,19158.0859533013,10515644.361765,8479923.75316862,6.30696421830379e-26,1.8492073703095,1.48681952173433e-23,27.313,0,6,0,0,1,0,0
0.69,0.00641598906258676,-0.0386285613285773,30.1156558168985,0.669998765197367,0.0901310538620121,-0.337292969865591,0.23101445013717,-0.195951403442625,13.1638861331769,14.4653560690443,-7.90744425058769,8.19127851662105,5.82743433301614,-337483.405215407,375982.269679339,-1050775.04269905,-7.91386023965028,8.22990707794963,-24.2882214838823,-337483.067922438,375982.038664889,-1050774.84674764,0.209407026048477,0.209383501326948,0.126395260676916,365.688870259188,365.686679099802,359.361067800238,0.0117608968456367,0.0869101585823837,10.4934564917014,-5.38300745990056,5.57356739343065,-13.9517388774197,0.141539964256068,0.141546187150002,0.192468769361852,19125.4157630958,10550350.3212021,8512171.28770399,6.38256008405079e-26,1.84920747958588,1.48685329104025e-23,21.836,0,6,0,0,1,0,0
0.695,0.00485647928663354,-0.0374285218440494,30.1148190412552,0.648511576083212,0.0642868624165644,-0.291295288078686,0.253026877773405,-0.135924904400644,15.087664951635,10.6232017398018,-8.0182940296409,8.03025259849041,5.67840822800243,-336166.550093538,374993.77597885,-1056244.52244238,-8.02315050892753,8.06768112033446,-24.4364108132528,-336166.25879825,374993.522951972,-1056244.38651747,0.209407807435087,0.209384282444571,0.126395437047812,366.382690787586,366.380504162895,360.068165323557,-0.0513777355108115,-0.0988175915569825,10.3729704877786,-5.38829994451807,5.64651120392889,-14.001959822775,0.141540494147031,0.141546717065673,0.192469495566175,19146.1695160562,10585428.857723,8544147.39176014,6.4581137595801e-26,1.84920758813244,1.48688677713669e-23,18.077,0,6,0,0,1,0,0
0.7,0.00352534062775733,-0.0361229580600305,30.1143321543179,0.624862186642994,0.0427642392424856,-0.245105264949519,0.273642242035351,-0.0571843055085936,17.2402842534231,7.19161246271003,-8.02756354144983,8.1294834796388,5.74553992341349,-334793.036166246,374076.758271982,-1061607.54181195,-8.03108888207759,8.16560643769883,-24.3687922309044,-334792.791060981,374076.48462974,-1061607.48462764,0.209408582227215,0.209385056969986,0.126395611932983,367.069363516617,367.06718136713,360.767938895626,-0.0177423014868908,0.0138100538183117,10.505841612546,-5.42445900031536,5.59641442331489,-14.1922394061123,0.141541019573827,0.141547242516971,0.192470215662171,19520.5476163091,10619793.1548346,8575853.87252703,6.53361680462532e-26,1.84920769595047,1.48691998189393e-23,20.36,0,6,0,0,1,0,0
0.705,0.00242021142792342,-0.0347248223101226,30.114267573152,0.599272681683416,0.0255032797052011,-0.200085810517544,0.290434149406392,0.0315639546053147,18.9541360642802,4.11176866850076,-8.07540594128526,8.25171279580419,5.58185184677673,-333419.334009862,373145.489178267,-1067030.03147121,-8.07782615271318,8.28643761811431,-24.5324157263753,-333419.133924052,373145.198744117,-1067030.06303517,0.209409350469177,0.209385824947495,0.126395785342362,367.748967590514,367.746789857738,361.46047066059,-0.0451376059379737,0.054231375414636,10.3687360859221,-5.42455768592624,5.63459852686524,-14.2313933258884,0.141541540566313,0.141547763533755,0.19247092969051,19373.7551488124,10654842.1053737,8607292.53941737,6.60906091497915e-26,1.84920780304137,1.48695290717927e-23,16.268,0,6,0,0,1,0,0
0.71,0.00153741922571167,-0.0332621367279415,30.1146501139783,0.572348889364903,0.0123226181144824,-0.155406772600233,0.299725091030533,0.120148088929198,19.9001703440005,1.54028384629812,-8.31257194543642,8.40955879814911,5.65286084099904,-332104.251850346,372204.685365133,-1072341.26802086,-8.31410936466213,8.44282093487706,-24.4617892729792,-332104.096443573,372204.385640042,-1072341.38816895,0.209410112205205,0.209386586421316,0.126395957285866,368.42158108382,368.41940771024,362.145841623452,-0.1931141598155,0.11106960129649,10.5052281391241,-5.43429142991361,5.68043872661045,-14.4277592495331,0.141542057154291,0.141548280145827,0.19247163769179,19738.7893468089,10689227.0825461,8638465.19430849,6.68443792266282e-26,1.84920790940659,1.48698555485682e-23,24.763,0,6,0,0,1,0,0
0.715,0.000876616877871547,-0.0317794269071397,30.1154525588215,0.545051103942997,0.00306477676999686,-0.11056160342376,0.298525580841793,0.198103265764132,19.7759571279583,-0.63837362840419,-8.20611961102905,8.34659902285042,5.59580849718734,-330658.140889169,371161.61465064,-1077674.96438118,-8.20699622790693,8.37837844975756,-24.5196440616342,-330658.030327565,371161.316125059,-1077675.16248444,0.20941086747944,0.209387341435571,0.126396127773388,369.08728102235,369.085111951403,362.82413167313,-0.0462069942505254,0.00758576161728639,10.4678627987169,-5.50754218222628,5.73780507014945,-14.4643057627588,0.141542569367502,0.141548792382931,0.192472339706535,19947.4780669246,10723794.5906455,8669373.63451938,6.75973979602333e-26,1.84920801504764,1.48701792678733e-23,26.769,0,6,0,0,1,0,0
0.72,0.000438651872753078,-0.0303335523707338,30.1165977716411,0.518492502673943,-0.00239685583637206,-0.0655654931601247,0.284850695248268,0.256091950281795,18.5770307344824,-2.67333060374546,-8.21875997386649,8.59554757834944,5.45680777299465,-329257.13952662,370213.336549766,-1083012.73312224,-8.21919862573924,8.62588113072017,-24.6597899986465,-329257.073961126,370213.051699071,-1083012.98921419,0.209411616335926,0.209388090034292,0.126396296814804,369.74614340353,369.743978579587,363.495419604834,-0.10075300455056,0.191232865100814,10.3847551793189,-5.4590898373612,5.71850177069368,-14.5873482779304,0.141543077235627,0.141549300274748,0.192473035775186,19830.7856759435,10758809.6197215,8700019.65708904,6.83495863976075e-26,1.84920811996613,1.48705002482799e-23,25.946,0,6,0,0,1,0,0
0.725,0.000223070527000367,-0.0289856227053629,30.1179668243328,0.493917519634543,-0.00405722346800402,-0.0209040226325792,0.258963448864281,0.286882867069836,16.0275502294052,-4.78494349710348,-8.22749629388287,8.42015428462876,5.31477103047171,-327861.260328565,369093.052697798,-1088323.46510097,-8.22771936440987,8.44913990733413,-24.8031957938611,-327861.239424543,369092.793734349,-1088323.75198383,0.209412358818608,0.209388832261406,0.126396464419969,370.398243216164,370.396082584508,364.159783141787,-0.115881898246418,-0.0155254655288311,10.3206115669704,-5.44817585029337,5.80421593121919,-14.7693463060438,0.141543580788282,0.141549803850897,0.192473725938102,20141.6380413543,10793694.5433881,8730405.05385458,6.91008669488784e-26,1.84920822416371,1.48708185083225e-23,25.543,0,6,0,0,1,0,0
0.73,0.000225794854652244,-0.0277947273616086,30.1194124428912,0.472552927935634,-0.00195941706449014,0.0224584819321337,0.221413583351194,0.286462734200887,12.3941635322929,-7.02144084715819,-8.23437341636838,8.45234401156731,5.22235627120549,-326475.139346631,368035.731214188,-1093585.46266818,-8.23459921122304,8.48013873892892,-24.8970561716857,-326475.161805113,368035.509800605,-1093585.74913091,0.209413094971326,0.20938956816074,0.126396630598712,371.043654459638,371.041497966442,364.817298956316,-0.134192074789627,0.0644205219426458,10.3038492703541,-5.43395697550789,5.74315476640531,-14.9559546768797,0.141544080055017,0.141550303140928,0.192474410235553,20274.1775588842,10828528.1952529,8760531.61194836,6.98511633862426e-26,1.84920832764209,1.48711340664964e-23,30.232,0,6,0,0,1,0,0
0.735,0.000435504638707618,-0.0268120043247424,30.1207758193534,0.455512459245207,0.00378625685897229,0.0625698535853865,0.174865898129735,0.254269235018753,7.82168046079089,-9.25472758306704,-8.11780815125223,8.51642955797519,5.24375692590526,-325057.010609373,366979.969927396,-1098772.79705873,-8.11824365589093,8.54324156229993,-24.8770188934482,-325057.073179226,366979.795061498,-1098773.05132796,0.209413824837814,0.209390297776012,0.126396795360844,371.682450162581,371.680297754891,365.468042690323,-0.0726552769197253,0.0974631632587305,10.381865294333,-5.41806462182359,5.75135985520676,-15.1112245208007,0.141544575065312,0.141550798174323,0.192475088707719,20604.5438072057,10862978.8912563,8790401.11442998,7.06004008422744e-26,1.84920843040308,1.48714469412562e-23,24.603,0,6,0,0,1,0,0
0.74,0.000830167052640298,-0.0260744648855555,30.1219051720307,0.443412368462933,0.0128257656820066,0.0970602685730882,0.122370920518094,0.193649676753954,2.861775510627,-11.3614804179868,-8.24921751665,8.45839540106644,5.19694868838284,-323744.968192143,365871.691906447,-1103950.73695057,-8.25004768370264,8.484469865952,-24.9249564836479,-323745.065252411,365871.569535527,-1103950.93060024,0.209414548461694,0.20939102115083,0.126396958716148,372.314702401012,372.312554026726,366.112088975187,-0.220368350750308,0.0389458054353348,10.3654203309267,-5.35992920162095,5.76916775639432,-15.1899748346361,0.141545065848575,0.141551288980489,0.192475761394684,20624.4451744992,10897684.820063,8820015.34042267,7.13485058076244e-26,1.84920853244851,1.48717571510137e-23,22.538,0,6,0,0,1,0,0
0.745,0.00137772873627266,-0.0255983699815434,30.1226737102966,0.436737920855295,0.0246080410750434,0.124241174459746,0.0692579782802541,0.111167532322307,-2.15810536725637,-12.7822571769175,-7.84843903647718,8.53870106470678,5.14493834286442,-322251.954795892,364810.789805076,-1109094.22108463,-7.84981676521346,8.56429943468832,-24.9777353674322,-322252.079037067,364810.720547098,-1109094.33225217,0.209415265886474,0.209391738328685,0.126397120674384,372.940482315976,372.938337923828,366.749511451085,0.0755729685283888,0.118193280378741,10.3683371932397,-5.38643338978915,5.74305533528915,-15.3187882091619,0.141545552434136,0.141551775588762,0.192476428336434,20920.0547098248,10932233.3141943,8849376.0651701,7.20954061281276e-26,1.8492086337803,1.48720647141368e-23,18.824,0,6,0,0,1,0,0
0.75,0.00203759700302224,-0.025377503411027,30.122993667854,0.435221818218017,0.0382984723151054,0.14233703233297,0.0192925967637698,0.015740450165911,-6.46916983236017,-13.4178252855977,-7.68075468491854,8.48705367737595,5.24300598665006,-320861.510963118,363699.015722202,-1114145.14837439,-7.68279228192156,8.51243118078698,-24.879987681204,-320861.65330015,363698.996429605,-1114145.16411484,0.209415977155542,0.209392449352951,0.126397281245285,373.559860130707,373.557719670246,367.380382785782,0.0303732515865865,0.0621136785063762,10.5071503331752,-5.23013775146178,5.76363572676942,-15.4481493876886,0.141546034851253,0.141552258028397,0.19247708957285,21228.1308334094,10966325.3654938,8878485.05706052,7.28410310013424e-26,1.8492087344004,1.48723696489472e-23,23.021,0,6,0,0,1,0,0
0.755,0.00276593282817285,-0.0253840078077483,30.1228255972464,0.438142619044739,0.0530240365996009,0.151811400190177,-0.0225413718853445,-0.0823876208230597,-9.74986535401526,-13.186280689956,-7.65009797183869,8.28423719232411,5.09383333777674,-319537.688188723,362532.868714852,-1119250.7746297,-7.65286390466686,8.30962120013186,-25.0289922594696,-319537.840000124,362532.891256224,-1119250.69224208,0.209416682312164,0.209393154266879,0.12639744043856,374.172905167315,374.170768588889,368.004774692884,-0.0243937353072766,-0.0487443794081018,10.3782796811126,-5.15485431700703,5.73735043792119,-15.4756708119899,0.1415465131291,0.141552736328571,0.192477745143713,21066.1475630039,11001174.6794886,8907344.081269,7.3585310972542e-26,1.84920883431086,1.48726719737196e-23,19.379,0,6,0,0,1,0,0
0.76,0.00352517917515626,-0.0255695626006868,30.1221822790914,0.444444014783037,0.0679569926526243,0.154724245892313,-0.0529665062454223,-0.172747798736496,-11.6134413117896,-12.0621166968272,-7.60592084196303,8.01596757689889,5.17053387142525,-318225.080124835,361346.17323164,-1124236.30275762,-7.60944602113819,8.04153713949958,-24.9516484076661,-318225.234849081,361346.226198147,-1124236.13000983,0.209417381399482,0.209393853113595,0.126397598263888,374.779685863029,374.777553117768,368.622757949598,-0.0266462055919847,-0.150898902979161,10.5214097486637,-5.12484905103753,5.65831180285914,-15.6721320103712,0.141546987296772,0.141553210518379,0.19247839508869,21540.2656960935,11035283.8433383,8935954.89746548,7.43281779301757e-26,1.84920893351374,1.48729717066794e-23,19.903,0,6,0,0,1,0,0
0.765,0.00428937349214695,-0.025873296141736,30.1211271688256,0.452737865578177,0.0824547124642181,0.153694210123587,-0.0701854561617329,-0.245710689380038,-11.8641352372051,-10.4065352431414,-7.66988568216224,8.40757280857778,4.97431551849891,-316970.40926845,360407.638892423,-1129288.39660589,-7.67417505565438,8.43344610471952,-25.1468116503267,-316970.56296266,360407.70907788,-1129288.1508952,0.209418074460506,0.209394545936096,0.126397754730922,375.380269786003,375.378140825801,369.234402413997,-0.103924054011527,0.215551323194205,10.3527120555716,-5.09089319617225,5.55608974787367,-15.7113011344995,0.141547457383275,0.141553680626832,0.192479039447339,21039.5885195843,11070578.567547,8964319.26191716,7.5069565100823e-26,1.84920903201118,1.48732688660018e-23,19.595,0,6,0,0,1,0,0
0.77,0.0050469134667869,-0.0262289713316664,30.1197683413728,0.461582389710129,0.0962753906606039,0.151914169925488,-0.0738310461036982,-0.293208201010499,-10.5726562446693,-8.68369682666947,-7.39879842921803,8.22387306257999,5.04342064063534,-315612.31017385,359261.926178304,-1134208.87498971,-7.40384534268482,8.25010203391166,-25.0763477007375,-315612.46208802,359262.00000935,-1134208.58178151,0.209418761538118,0.209395232777247,0.126397909849285,375.974723650703,375.972598428206,369.839777041815,0.0766305875232108,-0.030599674510551,10.501912357558,-5.09123600092401,5.67937291627829,-15.9354869286857,0.141547923417534,0.141554146682852,0.192479678259101,21865.9582782208,11104755.075955,8992438.92187707,7.5809407043657e-26,1.84920912980537,1.48735634698101e-23,18.856,0,6,0,0,1,0,0
0.775,0.00580197690068571,-0.0265730176396501,30.1182481459462,0.469621520600752,0.109551824515968,0.15258214587576,-0.0653591951213172,-0.309713313246896,-8.07680794361368,-7.45582285991989,-7.40190563544648,8.21822546432336,4.86681503353881,-314378.331884004,358189.239946207,-1139190.03181024,-7.40770761234717,8.24479848196301,-25.2514331124074,-314378.484466149,358189.305305402,-1139189.72209692,0.20941944267506,0.209395913679778,0.12639806362857,376.563113332895,376.560991801481,370.438949902797,-0.0398666403593161,0.0404283838687977,10.3512825772456,-4.97766466828716,5.60502424283386,-15.9723240488291,0.14154838542838,0.141554608715274,0.192480311563302,21503.969070688,11139999.2017503,9020315.62328958,7.65476396444387e-26,1.84920922689856,1.48738555361743e-23,19.95,0,6,0,0,1,0,0
0.78,0.00657273060195931,-0.0268525701408961,30.1167292885169,0.475740883041015,0.122726169795556,0.158162782084071,-0.047648664296456,-0.292679373774697,-4.73228612337571,-7.0167743617104,-7.45440834317011,8.26603376450372,4.86050073549254,-313186.00841956,357143.159130068,-1144079.16949501,-7.46098107377207,8.29288633464462,-25.2562285530243,-313186.166582342,357143.206778733,-1144078.87681564,0.20942011791394,0.209396588686279,0.126398216078342,377.145503884233,377.143385997998,371.031988196599,-0.099410892544595,0.0866758034367251,10.4202032744915,-4.95600772274882,5.5917597946683,-16.1762394804232,0.141548843444558,0.141555066752842,0.192480939399144,21820.7399006242,11174882.4211858,9047951.10314312,7.72842001090584e-26,1.84920932329302,1.48741450831097e-23,18.072,0,6,0,0,1,0,0
0.785,0.00738498649938181,-0.0270294786515439,30.115378953708,0.479219340269967,0.136455316935366,0.16928882409828,-0.023778843079304,-0.242877044488663,-1.10606368591616,-7.58949507468979,-7.13880545518098,8.20622013312856,4.90807063227742,-311882.374103417,356064.138528341,-1148922.18065138,-7.14619044168036,8.2332496117801,-25.2073083214306,-311882.543392241,356064.162307184,-1148921.93777434,0.209420787297221,0.209397257839201,0.126398367208133,377.721959546478,377.719845260223,371.618958268277,0.105666983527602,0.0420284361386992,10.4989517005254,-4.95196685306319,5.5968517041641,-16.2605856055608,0.141549297494715,0.141555520824207,0.192481561805705,22184.2233743288,11209608.6611791,9075347.09483131,7.80190269566442e-26,1.84920941899111,1.48744321285754e-23,22.471,0,6,0,0,1,0,0
0.79,0.0082648863239528,-0.0270815786331705,30.1143514785373,0.47971026433647,0.15144718265371,0.185464367800446,0.00285635560450851,-0.164632216782353,2.33109738587851,-9.04934035788948,-7.1803614433186,8.00877415928416,4.74191169356983,-310736.586066021,354940.285937554,-1153820.5894006,-7.18862632964255,8.03585573791733,-25.3724397849675,-310736.771530389,354940.283081198,-1153820.42476838,0.209421450867225,0.209397921180849,0.126398517027444,378.292543765351,378.290433034566,372.199925623365,-0.0534658894468828,-0.0595426407687315,10.3601946712087,-4.82222137337935,5.56567635930469,-16.3026715820962,0.141549747607406,0.141555970957924,0.192482178821938,21939.8842173504,11245298.3321683,9102505.32501931,7.87520600122546e-26,1.8492095139952,1.48747166904734e-23,17.523,0,6,0,0,1,0,0
0.795,0.00923304158083852,-0.0270020146033989,30.1137704327172,0.477296159814732,0.16828776319853,0.204947503681276,0.0294555041614959,-0.0658218656904593,5.21395954204798,-11.2050050348152,-7.22083381474201,7.95900826234785,4.66391062869679,-309615.127431324,353875.734664024,-1158663.29770784,-7.23006685632285,7.98601027695125,-25.4498598040204,-309615.332378828,353875.70520852,-1158663.23188598,0.209422108666124,0.209398578753383,0.126398665545744,378.857319204032,378.855211984881,372.774954942556,-0.09138087248932,-0.0156766773947245,10.3579170120515,-4.81372108348305,5.48824251651438,-16.4912842852258,0.141550193811089,0.141556417182451,0.192482790486665,22119.4182981326,11280972.1483426,9129427.51442143,7.94832403991734e-26,1.84920960830773,1.48749987866471e-23,20.892,0,6,0,0,1,0,0
0.8,0.0103017265177222,-0.0267964413929473,30.1137122855629,0.472278301357493,0.187324497414998,0.226099458719576,0.0537645338790734,0.0427501375977209,7.36372552770317,-13.6101977629828,-7.16003720815043,7.9724393720499,4.87629600566243,-308480.065886089,352836.227122915,-1163376.60596709,-7.17033893466816,7.99923581344285,-25.2374162799005,-308480.291985548,352836.173358381,-1163376.64871722,0.209422760735942,0.209399230598809,0.12639881277247,379.41634775632,379.41424400563,373.344110096009,-0.0632423244607224,0.0185982506678557,10.6026812322949,-4.80608184914199,5.46280035475183,-16.6176836335149,0.141550636134121,0.141556859526149,0.192483396838576,22638.6886113551,11315917.1672134,9156115.38132533,8.0212510530823e-26,1.84920970193118,1.48752784348798e-23,23.815,0,6,0,0,1,0,0
0.805,0.0114751218710277,-0.0264794875557962,30.1141945277395,0.465118407840325,0.208636187757185,0.247266026008632,0.0744157432957871,0.148499114953412,8.68146189766532,-15.7859503103273,-7.18041334609365,8.20719905654244,4.79285900939999,-307399.092396102,351877.424409748,-1168179.94829879,-7.19188846796468,8.23367854409823,-25.3213355183395,-307399.339662128,351877.349994005,-1168180.0967979,0.209423407118548,0.209399876758986,0.126398958717022,379.969690559466,379.967590234714,373.907454157288,-0.120009578608139,0.178789331790022,10.4984399978663,-4.76591141329765,5.46041043712652,-16.5434249371194,0.14155107460476,0.141557298017275,0.192483997916228,22243.6545268008,11352123.0740329,9182570.63258511,8.09398141023144e-26,1.84920979486807,1.48755556528939e-23,20.131,0,6,0,0,1,0,0
0.81,0.0127496375852399,-0.0260721875422394,30.1151702112916,0.45637073001981,0.232079885329755,0.266949714678636,0.0902000239457155,0.238454338655029,9.30113486708016,-17.5857733966948,-7.19937510637335,7.97203527185331,4.59267111877295,-306342.541172158,350739.876553877,-1173005.42223767,-7.21212474395859,7.99810745939555,-25.5224990925186,-306342.808121873,350739.786353853,-1173005.66069201,0.209424047855659,0.209400517275613,0.126399103388772,380.51740800669,380.515311065985,374.465049416944,-0.148648945782063,-0.0555890250366864,10.3614386338738,-4.75118517665633,5.53534187210614,-16.6727530487183,0.141551509251161,0.141557732683986,0.192484593758037,22379.7719424132,11388694.461283,9208794.97005396,8.16650960816486e-26,1.84920988712097,1.48758304583495e-23,18.658,0,6,0,0,1,0,0
0.815,0.0141181410128348,-0.0255997270086502,30.1165308864858,0.446626915785254,0.257354914328003,0.285205912107771,0.100662680686052,0.301195097628607,9.26662025746876,-18.7446757947382,-6.63183961737199,8.09119183499544,4.61985694705272,-305094.738289428,349728.648952226,-1177723.24328718,-6.64595775838482,8.11679156200409,-25.4966739394331,-305095.02349534,349728.548289545,-1177723.54448228,0.209424682988833,0.209401152190234,0.126399246797051,381.059559759382,381.05746616146,375.016957395755,0.214477183427141,0.108432676668753,10.4709795184536,-4.73479336054881,5.45002393057069,-16.8834678054277,0.141551940101375,0.141558163554334,0.192485184402284,22882.2402549118,11424615.0411214,9234790.09314835,8.2388302700587e-26,1.84920997869248,1.48761028688435e-23,20.401,0,6,0,0,1,0,0
0.82,0.0155732098178757,-0.0250905144573351,30.1181194952158,0.436479644956797,0.28415092186803,0.301856948636884,0.104968784907586,0.328860361508039,8.73015397924263,-19.3850751621415,-6.43815877537323,8.07646695708989,4.48950079318118,-304016.565875219,348660.304023915,-1182475.47722478,-6.45373198519111,8.10155747154723,-25.6286187020347,-304016.867732168,348660.19905513,-1182475.80608514,0.209425312559467,0.209401781544233,0.126399388951158,381.596204759019,381.594114463225,375.563238857638,0.125708933864466,0.0601947119216864,10.3714978058069,-4.51749969197169,5.48686528991069,-16.9367069855037,0.141552367183345,0.141558590656264,0.192485769887104,22710.5515263007,11461236.5344599,9260557.6861966,8.3109381445206e-26,1.84921006958524,1.4876372901908e-23,17.279,0,6,0,0,1,0,0
0.825,0.0171078859976773,-0.0245765949371072,30.1197508690213,0.426523890459598,0.312229254797431,0.317280864063649,0.102499286294152,0.318161831664896,7.77930050995094,-19.7263196721289,-6.49851220870381,7.98402774911795,4.54032451710308,-303065.423418129,347556.13426391,-1187132.63811114,-6.51562009470149,8.00860434405506,-25.5794263519183,-303065.740698993,347556.031764623,-1187132.95627297,0.209425936608797,0.20940240537883,0.126399529860357,382.127401238786,382.125314205062,376.103953822241,-0.0110281901520251,0.00531491857612022,10.479311734285,-4.42598529307112,5.47773812388564,-17.1035624865816,0.141552790524909,0.141559014017615,0.19248635025049,23037.569523913,11497395.2492033,9286099.43979506,8.38282810461501e-26,1.84921015980194,1.48766405750097e-23,16.964,0,6,0,0,1,0,0
0.83,0.0187167078127549,-0.0240918642898349,30.1212369417793,0.417362860198058,0.341434132057188,0.331720229518731,0.093132705443593,0.271237566801413,6.43675982754633,-20.0259181534521,-6.71856483685294,7.80941559294788,4.60171201864382,-302208.033734584,346416.068416062,-1191756.05991266,-6.73728154466569,7.83350745723771,-25.5195249231354,-302208.365454814,346415.975283357,-1191756.33115023,0.209426555177892,0.209403023735082,0.126399669533873,382.653206734917,382.651122923796,376.639161577221,-0.169618595807164,-0.0775293918498417,10.5511767085003,-4.42167674387683,5.44124584899337,-17.1512013681521,0.141553210153795,0.141559433666115,0.192486925530286,23169.5427982455,11533580.9964261,9311417.02621007,8.45449514686005e-26,1.8492102493453,1.48769059055489e-23,26.444,0,6,0,0,1,0,0
0.835,0.0203948487449208,-0.0236695218998422,30.122412383202,0.409595617249016,0.371704372605363,0.345201238810231,0.0772702297489828,0.194965877391282,4.66454860825424,-20.3466231231074,-6.73467731860458,7.82783401638118,4.25880599314827,-301310.380534651,345344.709763731,-1196498.01459202,-6.7550721673495,7.85150353828102,-25.8636063900537,-301310.72573589,345344.632493501,-1196498.2095579,0.209427168307656,0.209403636653878,0.126399807980897,383.173678097778,383.171597470368,377.168920690225,-0.132683668636684,-0.000627597772688993,10.2495657549995,-4.47160756312449,5.37547877683769,-17.1956623789229,0.141553626097618,0.141559849629383,0.192487495764189,22746.7123461494,11571077.1250438,9336512.11678285,8.52593439019723e-26,1.84921033821808,1.48771689108579e-23,25.702,0,6,0,0,1,0,0
0.84,0.0221351296329444,-0.0233396094799621,30.1231555164572,0.40377279534212,0.402945580581695,0.356757022801072,0.0557824816528861,0.0997814476750735,2.52507243311638,-20.7878217228658,-6.59289788436757,7.8567072260271,4.4138572493125,-300391.224290717,344275.82292774,-1201018.1810255,-6.61503301400051,7.88004683550706,-25.7092982671447,-300391.58104774,344275.767145259,-1201018.28080694,0.209427776038824,0.209404244175938,0.126399945210581,383.68887150268,383.686794020652,377.693289020588,-0.0660881616892225,0.0188835991815948,10.5128592181462,-4.44864776125656,5.37477121585774,-17.5180948880219,0.141554038383884,0.141560261934923,0.192488060989746,23632.8495799139,11606874.4717628,9361386.37413292,8.59714107493547e-26,1.84921042642306,1.48774296082007e-23,21.238,0,6,0,0,1,0,0
0.845,0.0239252697429216,-0.0231250983150278,30.123401452414,0.400359977176645,0.434965676967661,0.365295199940827,0.0306494384468591,-0.00222801984731852,0.107059401517257,-21.0884217555652,-6.33490742196291,7.65455076163484,4.46584259144591,-299466.181177501,343121.927472253,-1205541.81775756,-6.35883269170583,7.67767585994987,-25.6575588609681,-299466.546472701,343121.896822814,-1205541.81552954,0.209428378411959,0.209404846341812,0.126400081232039,384.198842460439,384.196768086022,378.212323730739,0.0284537858399777,-0.119467325205541,10.5552935903681,-4.37531126864343,5.3764531504617,-17.4988641809148,0.141554447039983,0.141560670610129,0.192488621244349,23753.1697433735,11642862.5558099,9386041.45550124,8.66811056167094e-26,1.84921051396308,1.48776880147716e-23,19.768,0,6,0,0,1,0,0
0.85,0.0257459304794034,-0.0230386504088377,30.1231455156864,0.399554637810289,0.467480682397687,0.369061320657944,0.00405469139608576,-0.0992674818675048,-2.33332483414262,-21.3303784306654,-6.47965520028087,7.78522296051614,4.29577670380541,-298728.582994364,342095.166712008,-1210113.23911443,-6.50540113076027,7.80826161092498,-25.827368811881,-298728.952055684,342095.162657317,-1210113.13984694,0.20942897546745,0.209405443191874,0.126400216054347,384.703645827703,384.701574523666,378.726081297346,-0.186124206644615,0.0466964157971496,10.4134254646179,-4.26179848340104,5.29812636634907,-17.5489798980327,0.141554852093191,0.141561075682277,0.192489176565236,23341.5436830693,11679783.618889,9410479.00923455,8.73883833018391e-26,1.84921060084099,1.48779441476947e-23,24.525,0,6,0,0,1,0,0
0.855,0.0275732898285921,-0.023080889821212,30.1224376270774,0.401334476679802,0.500096829046801,0.367996680860074,-0.0213226348997666,-0.181477279939848,-4.58115015426653,-21.2158625369451,-6.65836792038352,7.68620862347147,4.39981991824453,-298037.570904944,340986.807028756,-1214547.19800264,-6.68594121021211,7.70928951329268,-25.7226177088329,-298037.938901625,340986.828351391,-1214547.01652536,0.209429567245512,0.209406034766326,0.126400349686543,385.20333581703,385.201267546677,379.234617522195,-0.287957039984453,-0.0546487299513997,10.5822612242478,-4.28631092531269,5.33307475775446,-17.7522246494709,0.141555253570668,0.141561477178527,0.192489726989489,23947.7601058448,11715710.1815925,9434700.67955199,8.8093199783141e-26,1.84921068705969,1.48781980240224e-23,21.106,0,6,0,0,1,0,0
0.86,0.0293837603474823,-0.0232412843485701,30.121370026272,0.405432968131173,0.532383148363662,0.362241763601485,-0.043654474828881,-0.241933810428861,-6.40483104840937,-20.711245768386,-6.5832975101343,7.72822720468811,4.221417209578,-297284.407178039,339936.782597337,-1219054.97054769,-6.61268127048178,7.75146848903668,-25.899952816694,-297284.769419803,339936.826251812,-1219054.72861388,0.209430153786183,0.209406621105192,0.126400482137626,385.697966006742,385.695900733901,379.737987542815,-0.201822498125487,0.0183086675022385,10.4220402766866,-4.32527544550213,5.28874450065383,-17.7648695191601,0.141555651499453,0.141561875125921,0.192490272554029,23711.6899494315,11752526.8189484,9458708.10050781,8.87955122081564e-26,1.84921077262209,1.48784496607351e-23,20.52,0,6,0,0,1,0,0
0.865,0.0311569474176113,-0.0235034290129958,30.1200625741386,0.411465962271286,0.563881756539856,0.35293067156096,-0.0623887511668991,-0.276606735641627,-7.58546949084031,-19.6034491636526,-6.24700093950399,7.79653169044609,3.9863383427168,-296465.549432755,338903.05748894,-1223553.49248534,-6.2781578869216,7.82003511945908,-26.1337242314218,-296465.902363427,338903.119877691,-1223553.2158786,0.209430735129322,0.209407202248316,0.126400613416554,386.187589350561,386.185527039574,380.236245842855,-0.0254007175358304,0.0615664778105859,10.2816846716963,-4.27641261808735,5.29223076835831,-17.9660936433219,0.14155604590647,0.141562269551385,0.192490813295621,23837.8675426623,11789486.2013447,9482502.89726047,8.94952788819308e-26,1.84921085753115,1.48786990747403e-23,17.384,0,6,0,0,1,0,0
0.87,0.0328767772884312,-0.0238508304459906,30.1186486659365,0.418968347232605,0.594155671848751,0.34066767122676,-0.0780314543598972,-0.284157388203549,-8.09252261203473,-18.104427331061,-6.03335105573921,7.62873783941603,3.78658771216591,-295725.319051882,337789.649147792,-1228010.67696689,-6.06622783302764,7.65258866986202,-26.3320609537706,-295725.659719554,337789.727179246,-1228010.39280951,0.209431311314606,0.209407778235363,0.126400743532245,386.672258187024,386.670198802738,380.729446262227,-0.0215158302534229,-0.06217362971128,10.1850785400426,-4.1377217588999,5.30378805407303,-18.2008361696222,0.141556436818521,0.14156266048172,0.192491349250863,24063.1742592493,11826363.8725231,9506086.69483025,9.01924592551963e-26,1.84921094178983,1.48789462828714e-23,20.761,0,6,0,0,1,0,0
0.875,0.0345308168186853,-0.0242721876817765,30.1172634088557,0.427585715857328,0.622970446284208,0.32633486720309,-0.0921732859508826,-0.265245385592454,-8.14353666648956,-16.5325683983343,-5.87712321894346,7.61426303992009,3.90213240058678,-295039.059686806,336745.511939697,-1232324.02892114,-5.91165403576215,7.63853522760186,-26.2151310082689,-295039.386021673,336745.604112983,-1232323.76367576,0.209431882381532,0.209408349105816,0.12640087249358,387.152024248692,387.149967756448,381.217642007018,-0.0174248069835142,2.92706409817181e-05,10.3703324557079,-4.04153711596572,5.23299830158962,-18.4088130874097,0.141556824262286,0.141563047943608,0.192491880456193,24561.6694302858,11862400.9716002,9529461.10453567,9.08870139123868e-26,1.84921102540116,1.48791913018874e-23,18.145,0,6,0,0,1,0,0
0.88,0.0361111367457765,-0.0247650215281307,30.1160348137577,0.437185191671326,0.650238532393406,0.310882938984072,-0.106796000374883,-0.222025768642286,-8.09121742190485,-15.0924838610306,-5.84829542290323,7.67783733891079,4.0185820390664,-294431.663639375,335745.414612326,-1236614.71851826,-5.884406559649,7.70260236043891,-26.0974527746913,-294431.974522314,335745.521408327,-1236614.49649249,0.209432448369411,0.209408914898972,0.126401000309394,387.626938671156,387.624885036783,381.700885659173,-0.0775132244326556,0.0646801694798685,10.4745470822553,-3.96792593796985,5.21318081615537,-18.3980084132256,0.141557208264324,0.141563431963609,0.192492406947883,24609.2880921569,11898682.9951032,9552627.73294833,9.15789045594995e-26,1.84921110836816,1.4879434148472e-23,18.761,0,6,0,0,1,0,0
0.885,0.0376127789488759,-0.0253354892773917,30.115077101201,0.447877860287299,0.675946369418891,0.294565542141777,-0.123420280159718,-0.157812975179836,-8.26340906540723,-13.8020172331162,-5.75547769842426,7.35957860910015,3.97928268727376,-293829.435138082,334620.551632082,-1240943.37788796,-5.79309047737314,7.38491409837754,-26.1357944139273,-293829.729703624,334620.675052363,-1240943.22007498,0.209433009317372,0.209409475653946,0.126401126988486,388.097052001852,388.095001191654,382.179229185968,-0.0478992739571248,-0.152844603203801,10.4347743668381,-3.93913955208749,5.21858395739397,-18.3849726020117,0.141557588851069,0.141563812568159,0.192492928762036,24644.2221656838,11935536.4895255,9575588.17596587,9.22680940118138e-26,1.84921119069388,1.48796748392326e-23,26.109,0,6,0,0,1,0,0
0.89,0.0390287068250836,-0.0259928196342019,30.1144844335081,0.459921197740074,0.700055789920755,0.276293695313814,-0.141784845504602,-0.0772477369642944,-8.92300542536458,-12.669633414508,-5.77572562061341,7.59545701285377,3.95307293622169,-293296.651069391,333724.783023992,-1245247.50669268,-5.81475432743849,7.62144983248797,-26.1614114972864,-293296.927363086,333724.924808837,-1245247.42944495,0.209433565264352,0.209410031409663,0.126401252539609,388.562414208674,388.560366189426,382.652723949268,-0.115534374580746,0.135610846117054,10.4445909321907,-3.8886734946529,5.09179655339167,-18.4763100763272,0.14155796604883,0.141564189783568,0.192493445934589,24541.6709855245,11972799.2995921,9598344.0272546,9.29545461814766e-26,1.84921127238142,1.48799133907e-23,23.664,0,6,0,0,1,0,0
0.895,0.0403461004040169,-0.0267389904021038,30.114323643402,0.47352575745587,0.722435167728223,0.25482430804565,-0.159244601227695,0.0134718622071465,-10.0968063603165,-11.5649298607543,-5.56213881369591,7.89122942703936,3.81084234327552,-292699.826415874,332872.588623371,-1249576.79194511,-5.60248491409993,7.91796841744146,-26.3034813001265,-292700.081240182,332872.747867972,-1249576.80541697,0.209434116249104,0.209410582204861,0.126401376971478,389.023074688418,389.021029427354,383.121420714584,0.0168667994999964,0.275792180809644,10.3460862477677,-3.8789592258855,5.15463627080161,-18.5578901678901,0.141558339883792,0.141564563636022,0.192493958501309,24525.1472796794,12010627.4289421,9620896.86634253,9.36382260649676e-26,1.84921135343386,1.48801498193277e-23,23.173,0,6,0,0,1,0,0
0.9,0.0415466064171108,-0.0275573504005065,30.1146258097344,0.488588771574057,0.742835835609738,0.229161617707451,-0.170937828715845,0.106364097531683,-11.5065316677543,-10.3052255396919,-5.75906518958318,7.79590396026574,3.82803552296524,-292276.635225442,331893.406839976,-1253827.94464507,-5.80061179600029,7.82346131066625,-26.2865902867691,-292276.86438706,331893.577777804,-1253828.05100917,0.20943466231019,0.209411128078089,0.126401500292764,389.479082275036,389.477039739842,383.585369659932,-0.206622854045031,0.130465381973196,10.4191141923288,-3.7906148005557,5.2389629974076,-18.7164524791258,0.141558710382012,0.141564934151579,0.192494466497791,24883.4241710297,12048105.539378,9643248.27139051,9.43190997304524e-26,1.84921143385435,1.48803841414909e-23,16.622,0,6,0,0,1,0,0
0.905,0.0426097015435024,-0.0284039101120664,30.115378109027,0.504467174577279,0.760848295962368,0.199407221747086,-0.170684586654359,0.191998835715334,-12.4093752346319,-8.55777394139458,-5.57358282439718,7.53494763246364,3.61290305642165,-291724.287811774,330868.251148138,-1258149.13696155,-5.61619252594068,7.5633515425757,-26.5024750526054,-291724.487218995,330868.421832725,-1258149.32896039,0.20943520348598,0.209411669067705,0.126401622512095,389.930485247717,389.928445406525,384.0446203845,-0.0257410356492002,0.00373592374867811,10.2420683859162,-3.84650938699353,5.19165803209259,-18.7680665121671,0.141559077569421,0.14156530135617,0.192494969959459,24816.6466496366,12086360.4152619,9665399.80990756,9.49971343050358e-26,1.84921151364602,1.48806163734865e-23,20.353,0,6,0,0,1,0,0
0.91,0.043516208340507,-0.0292026064225806,30.116517784502,0.519829164610082,0.776046830554882,0.165986578824635,-0.151695362177949,0.260002958950154,-11.9646625106758,-6.2756004057194,-5.6551457425517,7.49533454628404,3.62631346430018,-291284.243716919,329936.126424878,-1262365.57979545,-5.6986619508922,7.52453715270662,-26.4902043202018,-291284.409703497,329936.27812024,-1262365.8397984,0.209435739814653,0.209412205211873,0.126401743638058,390.377331338809,390.375294160186,384.499221917129,-0.156712095089617,0.0784415530019079,10.3313530255579,-3.77140967976305,5.09095252262428,-18.9768941427199,0.141559441471819,0.141565665275599,0.192495468921563,25118.5289309835,12124120.1030087,9687353.04124476,9.56722979619222e-26,1.84921159281205,1.48808465315317e-23,20.695,0,6,0,0,1,0,0
0.915,0.0442527069163045,-0.0298484313245128,30.1179312533587,0.532608597428438,0.788060373208752,0.130793142242168,-0.109043500623589,0.300591378791044,-9.29661430072815,-3.55677895703461,-5.60676047733554,7.24776352306103,3.59816241263688,-290804.377584078,328927.067880324,-1266578.55383696,-5.65101318425184,7.27761195438554,-26.5197688407218,-290804.50837722,328927.176923825,-1266578.85442834,0.209436271334194,0.209412736548566,0.126401863679195,390.819667741563,390.817633194506,384.949222724616,-0.105781285289467,-0.0683932175344971,10.3269737539682,-3.79068816449945,5.07042857020456,-19.0321893359624,0.141559802114879,0.141566025935539,0.192495963419177,25289.2286628769,12161957.8287577,9709109.51691171,9.63445599074962e-26,1.84921167135562,1.48810746317642e-23,21.723,0,6,0,0,1,0,0
0.92,0.0448169727300894,-0.0302193117363749,30.1194611011524,0.540177225655931,0.796711472951772,0.0964590566602901,-0.040739130897239,0.306161088864257,-4.06627656025829,-0.81342937123891,-5.43614041013532,7.5513408102608,3.7079033051684,-290286.642468097,328118.101994772,-1270718.19298135,-5.48095738286541,7.58156012199717,-26.411557795984,-290286.738927154,328118.142733903,-1270718.49914244,0.209436798082394,0.209413263115562,0.126401982644008,391.257541117733,391.255509171658,385.394670719837,-0.0174120788501103,0.222021151815436,10.4622065783068,-3.76585933950385,4.98281435417348,-19.1175400609981,0.141560159524144,0.141566383361532,0.192496453487201,25477.5881722453,12199459.1972612,9730670.78108579,9.70138903683288e-26,1.84921174927993,1.48813006902414e-23,18.85,0,6,0,0,1,0,0
0.925,0.0452206432257428,-0.030195151185955,30.1209214695704,0.539941005621456,0.80220134603848,0.0659589813336576,0.0504480481554181,0.273036930243987,3.75368539080198,1.6318745994191,-5.26751022494785,7.57032231503882,3.65240357893306,-289777.005151119,327185.72462998,-1274896.49731331,-5.3127308681736,7.60051746622477,-26.4685178906373,-289777.071110101,327185.674181931,-1274896.77035024,0.209437320096848,0.209413784950442,0.126402100540952,391.690997605006,391.688968229746,385.835613269705,0.030856838657282,0.126792377803482,10.4099001238538,-3.70058794016448,5.08826583678004,-19.1108222111032,0.141560513725024,0.141566737578992,0.192496939160356,25474.112755392,12237292.2687736,9752038.37043353,9.76802605781215e-26,1.84921182658822,1.48815247229397e-23,20.191,0,6,0,0,1,0,0
0.93,0.0454871009472949,-0.0296799989112059,30.1221205786045,0.529926168552589,0.805070197793501,0.0410764440852476,0.157538417936387,0.202546474257636,13.5705321710441,3.38386228425875,-5.49288665130787,7.56698990110096,3.48889762688545,-289422.272246918,326223.020625378,-1279088.16530009,-5.53837375225516,7.59666990001216,-26.633222951719,-289422.313323362,326222.86308696,-1279088.36784657,0.209437837414953,0.209414302090591,0.126402217378441,392.1200828243,392.118055990093,386.272097202961,-0.185186209995598,0.109592387037041,10.2963884601976,-3.63510117926428,5.09919136858081,-19.2211598078882,0.141560864742799,0.1415670886132,0.192497420473188,25379.5620596021,12275367.2131144,9773213.81200273,9.83436427645946e-26,1.84921190328372,1.48817467457541e-23,27.178,0,6,0,0,1,0,0
0.935,0.045645581322794,-0.0286222285734306,30.1228870511414,0.508790639711772,0.805955743131553,0.0224020107446806,0.269623804400521,0.101452552482381,24.4576675087082,4.27385401677721,-5.24273458239912,7.33296716663628,3.53429407944931,-288893.346622546,325146.810447097,-1283170.13527943,-5.28838016372192,7.36158939520972,-26.5885929716921,-288893.369024557,325146.540823292,-1283170.23673199,0.209438350073911,0.209414814573198,0.126402333164841,392.544841886896,392.542817564382,386.704168817806,0.0523481848688082,-0.0588195081000455,10.4110504277558,-3.70458837256213,5.10483427579128,-19.4117164971102,0.141561212602617,0.141567436489303,0.192497897460061,26069.8082590639,12312238.3742676,9794198.62806357,9.90040101363287e-26,1.84921197936969,1.48819667744979e-23,24.985,0,6,0,0,1,0,0
0.94,0.0457227208105344,-0.0270239991112828,30.1230961641053,0.476458635613988,0.805523523819243,0.00830793649212756,0.375860984146081,-0.0185055648833725,34.6313407214745,4.26573545192568,-5.19826777911718,7.40708289618867,3.44250156792061,-288446.090078247,324159.111995421,-1287271.45714775,-5.24399049992772,7.43410689529996,-26.6805945961847,-288446.098386184,324158.736134437,-1287271.43864219,0.209438858110724,0.209415322435252,0.12640244790848,392.965319401451,392.963297561659,387.131873889374,-0.00788024339614827,0.0587583525661346,10.3424857080303,-3.613294095588,5.03181843369047,-19.4585313573748,0.141561557329493,0.141567781232319,0.192498370155159,25881.2666568744,12349390.2395551,9814994.32718975,9.96613368695688e-26,1.8492120548494,1.48821848249021e-23,21.26,0,6,0,0,1,0,0
0.945,0.045734189243481,-0.0249420658358152,30.1226911306227,0.434194128941114,0.804250459439227,-0.00400192588061146,0.464993613357676,-0.142123782686269,42.5841572156639,3.67074360029774,-5.27838315824316,7.33159862592295,3.38874917187716,-288046.070604633,323084.71308994,-1291324.16217805,-5.32411734748665,7.35654069175877,-26.7339419587455,-288046.066602707,323084.248096327,-1291324.02005426,0.209439361562193,0.209415825713542,0.126402561617635,393.381559480849,393.3795400952,387.555257677058,-0.0806001144077595,-0.0310824400844703,10.3437164527777,-3.59327218823454,5.06536294834258,-19.6020955530324,0.141561898948307,0.141568122867129,0.192498838592489,26142.9933785089,12385998.7645883,9835602.41681447,1.00315598094996e-25,1.84921212972613,1.48824009126151e-23,23.367,0,6,0,0,1,0,0
0.95,0.0456797585451674,-0.0224809117757161,30.1216952860264,0.384378405261612,0.80224851529826,-0.0181620966106043,0.528973029287153,-0.252829087796498,47.3256223452987,3.0155797569848,-5.33378952363837,7.34883787100708,3.50726065921858,-287632.514685146,322013.245538305,-1295277.8186069,-5.37946928218354,7.37131878278279,-26.6144346268079,-287632.496523049,322012.716565276,-1295277.56577781,0.209439860464922,0.209416324444658,0.126402674300544,393.793605748942,393.791588789233,387.97436493169,-0.0929233221053515,-0.00845273678767553,10.4953153434499,-3.61834552526588,5.04842609493783,-19.7198281129949,0.141562237483807,0.141568461418481,0.192499302805871,26564.9616258119,12421639.0172558,9856024.39211019,1.00966769884479e-25,1.84921220400318,1.48826150532022e-23,17.868,0,6,0,0,1,0,0
0.955,0.0455417058633635,-0.0197714653929237,30.120212785877,0.330183144032027,0.799225241159588,-0.0376202545607696,0.565118817096146,-0.33513817912583,47.7067863416771,2.85084608999307,-5.36915018324772,7.33950812326314,3.42697006270332,-287202.686451273,320897.708116185,-1299275.19562938,-5.41469188911108,7.35927958865606,-26.6932427231737,-287202.648831019,320897.142997368,-1299274.8604912,0.209440354855311,0.209416818664989,0.126402785965396,394.201501347142,394.199486785545,388.38923990257,-0.0943987629175434,-0.0364405769904382,10.4185541291626,-3.63840023504147,5.06399344129967,-19.7167054717193,0.141562572960605,0.141568796910989,0.192499762828947,26463.442193885,12457527.030086,9876261.73778228,1.01614829237804e-25,1.84921227768386,1.4882827262145e-23,15.572,0,6,0,0,1,0,0
0.96,0.0452890433706051,-0.016952633728678,30.1184174796433,0.275009495642993,0.79450266760419,-0.0643105383763567,0.572894784616054,-0.376893694232095,44.6903960982209,3.70146009462733,-5.40567003702131,7.29328809696717,3.40558657720289,-286760.038325991,319727.332489973,-1303221.26919002,-5.45095908039191,7.31024073069584,-26.7128309024404,-286759.974015452,319726.759595189,-1303220.89229632,0.209440844769561,0.209417308410721,0.126402896620338,394.605288940899,394.603276749953,388.799926344367,-0.101848354562704,-0.0846963904741456,10.4453946342673,-3.65256919914678,5.07373684976853,-19.8455039791292,0.141562905403178,0.141569129369131,0.192500218695174,26749.4033466874,12492798.8071144,9896315.93716198,1.02259754069405e-25,1.8492123507715,1.48830375548417e-23,20.226,0,6,0,0,1,0,0
0.965,0.0448853973999985,-0.0141472214825506,30.1165309691676,0.221673044762881,0.787192941068455,-0.0984937740986706,0.55937718577336,-0.371312820002063,38.9360363863515,5.73817323324521,-5.38434567798184,7.31579856349231,3.42333119319791,-286279.03811153,318538.698858879,-1307127.89750116,-5.42923107538184,7.32994578497486,-26.6931997759697,-286278.939617756,318538.139481693,-1307127.52618834,0.209441330243668,0.20941779371784,0.126403006273469,395.005010726046,395.003000878653,389.206467523879,-0.067918036069324,-0.0759792943289881,10.4925709532712,-3.66916469708966,5.07224448476335,-19.9284251849108,0.141563234835868,0.141569458817249,0.192500670437823,26975.7958410051,12527589.8626856,9916188.45865307,1.02901523195084e-25,1.84921242326942,1.48832459466061e-23,17.039,0,6,0,0,1,0,0
0.97,0.0442991375484675,-0.0114402007474235,30.1147932883417,0.1718247004771,0.776487406478502,-0.13800421324374,0.532814348289094,-0.317868873744445,32.2326031475349,8.90781330584167,-5.38182615342578,7.46358910670285,3.32606805795475,-285786.532585805,317347.487629001,-1311058.11372045,-5.42612529097425,7.47502930745028,-26.7887252303869,-285786.394581592,317346.954814653,-1311057.79585157,0.209441811313425,0.209418274622127,0.126403114932846,395.400708435035,395.39870090445,389.608906226661,-0.0636651317044734,-0.00957984568588449,10.4212775002688,-3.66727302362346,5.09676147966696,-19.9782760958964,0.141563561282879,0.141569785279551,0.192501118089985,26919.8946030003,12562505.2604909,9935880.7657974,1.03540116318737e-25,1.84921249518098,1.48834524526674e-23,18.413,0,6,0,0,1,0,0
0.975,0.0435130970773491,-0.00886897170445018,30.1134307868457,0.126280592608603,0.761829705075314,-0.179165021161354,0.504205775884413,-0.222516997394237,25.5451784058335,12.6731944498974,-5.27660844580907,7.35105498212921,3.31441218047427,-285236.128268567,316006.621429869,-1314939.62134473,-5.32012154288642,7.35992395383366,-26.7990186063715,-285235.949103546,316006.117224093,-1314939.39882773,0.209442288014424,0.209418751159159,0.126403222606478,395.792423343047,395.790418102877,390.007284763531,0.0152055970088585,-0.162135703207408,10.4580059269789,-3.67126276617246,5.1645556655757,-20.1017444217527,0.141563884768281,0.141570108780105,0.192501561684562,27329.0609358731,12596767.0533272,9955394.31516354,1.04175514019098e-25,1.84921256650952,1.48836570881705e-23,24.963,0,6,0,0,1,0,0
0.98,0.04253104244036,-0.00642929572046153,30.1126253976859,0.084557204733036,0.743187724914564,-0.217185460022535,0.479417547921087,-0.0969163291684597,20.5822164932206,16.4758398112696,-5.13073101011684,7.67227706687798,3.30234232892154,-284651.667661306,314774.819767812,-1318808.48849612,-5.1732620525572,7.67870636259844,-26.8102830687644,-284651.450475846,314774.340350264,-1318808.39157979,0.20944276038205,0.209419223364311,0.12640332930233,396.180196273994,396.178193298188,390.401644976947,0.0866081028975455,0.0644539866040007,10.4715182621424,-3.64048449273006,5.14475148441993,-20.1617154678161,0.141564205316006,0.141570429342846,0.192502001254272,27337.8144129539,12630967.8975462,9974730.55101121,1.0480769773649e-25,1.84921263725841,1.48838598681747e-23,19.85,0,6,0,0,1,0,0
0.985,0.0413791577184256,-0.00408945954227529,30.1124896334386,0.0455781466570316,0.721023606434702,-0.247781252394776,0.463723987305787,0.0430594202725502,17.8252142407056,19.5129057285647,-5.22370773840647,7.76120792680146,3.3327612852949,-284139.886595258,313401.46801036,-1322650.16529327,-5.26508689612489,7.76529738634374,-26.7797283481437,-284139.638814006,313401.004286373,-1322650.20835269,0.209443228451484,0.209419691272752,0.12640343502832,396.564067606409,396.562066869255,390.792028247262,-0.0182390656851406,-0.0120186412350977,10.5211762044186,-3.5951185120167,5.27224756532585,-20.219408664537,0.141564522949848,0.141570746991567,0.192502436831645,27564.9826565045,12664845.7829748,9993890.91103238,1.05436649759611e-25,1.84921270743101,1.48840608076544e-23,16.02,0,6,0,0,1,0,0
0.99,0.0401020939525186,-0.00180512059322752,30.1130512785849,0.00787517871418486,0.696304165144329,-0.267754346515569,0.456967142809777,0.179681098463855,17.6201374383821,21.3254742980498,-5.38226094623196,7.95845928206825,3.24741285036173,-283635.106752814,312018.512671705,-1326524.91894335,-5.42236304018448,7.96026440266148,-26.8656384282232,-283634.838998468,312018.055704563,-1326525.09862445,0.209443692257703,0.209420154919445,0.126403539792321,396.944077279228,396.942078755347,391.178475498869,-0.0848259018536091,0.0659193167255953,10.453063622833,-3.63154484078438,5.31845288707633,-20.2494063392641,0.141564837693463,0.141571061749928,0.192502868449027,27473.946393187,12699026.1458339,10012876.8262271,1.06062353212333e-25,1.84921277703071,1.48842599214983e-23,20.253,0,6,0,0,1,0,0
0.995,0.0387545841082434,0.000462459654082514,30.1142501157754,-0.0298106898342175,0.670286036000514,-0.276206142324656,0.457031453078278,0.295776719578396,19.1705848912729,21.3653892314311,-5.34653763832055,8.01968991420133,3.30389028986905,-283039.413904754,310539.808544525,-1330332.96762935,-5.38529222242879,8.01922745454724,-26.8103598259063,-283039.137698612,310539.351513072,-1330333.26340607,0.209444151835477,0.209420614339149,0.126403643602161,397.320264797469,397.318268461808,391.561027206225,-0.000315294628834526,0.0197272211427918,10.548357610846,-3.68931172009991,5.39821550494917,-20.3610716607916,0.141565149570371,0.141571373641448,0.192503296138574,27937.6055426158,12732481.0096212,10031689.7177913,1.06684792040552e-25,1.84921284606089,1.48844572245095e-23,16.301,0,6,0,0,1,0,0
1,0.037393642548525,0.00273297320903209,30.1159469733023,-0.06827161611973,0.644319652570884,-0.273104614738431,0.458308125498025,0.377205198033076,21.723061464566,19.8668779922406,-5.40729367763782,8.10370881163236,3.14890608415934,-282461.448350163,309031.549919831,-1334206.16651827,-5.44468732018635,8.10097583842332,-26.967040889143,-282461.175245548,309031.091611706,-1334206.54372346,0.20944460721937,0.209421069566417,0.12640374646562,397.692669237806,397.690675065637,391.939723399764,-0.0433270209197223,0.0394116573858378,10.4111349651906,-3.68221747559603,5.42818157264982,-20.3776729418077,0.141565458603952,0.141571682689509,0.192503719932255,27723.2730908932,12766513.6256244,10050330.9983478,1.07303950999065e-25,1.84921291452493,1.48846527314049e-23,16.838,0,6,0,0,1,0,0
