t,x,y,z,alpha,beta,x_dot,y_dot,z_dot,alpha_dot,beta_dot,x_est,y_est,z_est,alpha_est,beta_est,x_dot_est,y_dot_est,z_dot_est,alpha_dot_est,beta_dot_est,err_x,err_y,err_z,err_alpha,err_beta,err_x_dot,err_y_dot,err_z_dot,err_alpha_dot,err_beta_dot,x_std,y_std,z_std,alpha_std,beta_std,x_dot_std,y_dot_std,z_dot_std,alpha_dot_std,beta_dot_std,bx,by,bz,bx_est,by_est,bz_est,bx_std,by_std,bz_std,nis,nees,cond_P,det_P,cond_S,det_S,runtime,filterVariant,nx,useSRformulation,RK4Iterations,updateJacobians,updateQ,cubature
0,0.3,-0.3,31.119178665731,1,1,0,0,0,0,0,0,0,30.119178665731,0,0,0,0,0,0,0,-0.3,0.3,-1,-1,-1,0,0,0,0,0,0,0,0,0,0,0,0,0,0,0,-0.00189438033401451,0.00187082593548675,-0.0108409137544472,0,0,0,0,0,0,0,0,0,0,0,0,0,0,10,0,0,1,0,0
0.005,0.268170921938716,-0.267951213633583,31.083047198672,2.39471827702708,2.41337902891314,-12.5374590164552,12.626173290358,-14.2993598704636,-6668.82661942291,-6690.26807911332,12.7864379906547,-10.8665767479736,16.5382044775723,-2856.0908852588,-2917.73047161507,-25096.3702836867,15825.5395437839,-827.320701477042,100146.941013965,83056.880059753,12.518267068716,-10.59862553434,-14.5448427210997,-2858.48560353583,-2920.14385064399,-25083.8328246702,15812.9133704936,-813.021341606579,106815.767633388,89747.1481388663,2.41765291843103,2.30709536982752,0.162473919290489,604.523973992917,599.972696048953,1356.55513387883,1339.93668660756,447.006417106044,213030.195921007,211868.195716487,-1.71926893254337,1.97433738602416,10.7157135089441,8.42635355221839,-8.70649847887719,16.4943040460291,2.37618570948,2.36021689368061,1.54346400064802,51.6280396723831,11273.4598583477,2096141294017.93,1.21496017355233e-15,2.37749125685013,7.48354550007386e-17,44.708,0,10,0,0,1,0,0
0.01,0.258938020945298,-0.257737848441894,30.9748028013864,4.44943003770763,4.48506399136533,9.16065976730538,-8.85600258570305,-28.7556803664636,-703.803206516405,-669.130230448313,-1.96111058944419,1.52819142307257,16.08783468018,429.077664459011,431.764717469864,-17208.9109545143,-2477.47120487881,2280.24654242385,102962.717989773,104352.361016595,-2.22004861038949,1.78592927151446,-14.8869681212064,424.628234421304,427.279653478498,-17218.0716142816,-2468.61520229311,2309.00222279032,103666.521196289,105021.491247043,3.42714359358713,3.26963395599679,0.17636456491301,859.444679230513,852.861285862324,1899.68227090368,1875.25152208894,570.177626470385,289024.917365487,287437.461949197,2.10161358326856,-2.29763378357457,10.5503912710403,-9.68956605231867,10.0408237048606,6.14202371720458,2.35398072503978,2.3378537916139,1.38957832825741,61.7752115371853,10374.5532856801,3861085131225.21,1.21972418880096e-13,2.87951041162574,5.83836223924867e-17,41.97,0,10,0,0,1,0,0
0.015,0.299179724333251,-0.29664130562919,30.8017577878516,5.46458072619099,5.51390318303188,7.10244885948709,-6.87011046452481,-39.9247760253816,-1290.82381791069,-1312.6197638665,2.55627345777421,-2.1378780343511,16.0949863434131,-490.095143738389,-433.487085408683,-32129.3999696169,2653.75811749251,5393.60775813152,118752.444417725,150417.721336046,2.25709373344096,-1.84123672872191,-14.7067714444385,-495.55972446458,-439.000988591715,-32136.5024184764,2660.62822795703,5433.53253415691,120043.268235636,151730.341099913,4.21671057830176,4.02257047551384,0.189604683585773,1058.46175292283,1050.31225383598,2318.72191407306,2288.28277802689,670.069458661007,339646.048406604,337798.274266735,-0.491307226640957,0.545725591434733,10.5852123130574,2.61065304736254,-2.86364086564883,6.50227348546611,2.35400369393245,2.33787660098046,1.38959842988024,12.8280288957658,10509.9085523389,5323224940103.54,1.96933492295919e-12,2.87948322809176,5.83875916350487e-17,44.844,0,10,0,0,1,0,0
0.02,0.339483971272817,-0.335484792754836,30.5823265243794,6.41524989885031,6.49473294703131,9.197731858319,-8.84092681850495,-47.1591230181829,-548.18530470797,-568.18608157893,3.41723090728523,-3.28747621908616,16.060614218604,-813.845990176006,-678.518307542184,-43850.942512714,4483.65969961006,8987.94094503765,147342.903049718,204333.215464488,3.07774693601241,-2.95199142633133,-14.5217123057753,-820.261240074856,-685.013040489215,-43860.1402445723,4492.50062642857,9035.10006805583,147891.088354426,204901.401546067,4.89324615736614,4.66772930930677,0.20223289831341,1228.86296387077,1219.38509663278,2672.58140180431,2637.02944540519,756.470406293185,376402.511571989,374389.487984322,-0.0915759731393203,0.155746668384432,10.4857557846625,0.957563254615327,-1.05649081649939,5.75600233501544,2.35402643988692,2.33789913487622,1.38961147945462,12.1950592680007,10516.2753815487,6531588062012.25,1.48242860394958e-11,2.87948481244139,5.83909420192721e-17,45.031,0,10,0,0,1,0,0
0.025,0.383341475369376,-0.377445809834837,30.3388564203688,7.09971231652749,7.2138981928925,8.49012434203507,-8.08227002044078,-49.4301307460559,-419.464788101452,-448.556231417054,6.29405302375302,-6.74228004081707,15.7124946152546,-1688.79120383664,-1501.52476967525,-58796.751269302,9391.96035371079,12676.1167051947,208206.240893914,283603.572321146,5.91071154838364,-6.36483423098223,-14.6263618051141,-1695.89091615317,-1508.73866786814,-58805.241393644,9400.04262373123,12725.5468359408,208625.705682015,284052.128552563,5.49797194191553,5.24439330918927,0.214343703041242,1381.11078308808,1370.45747636862,2984.39263838972,2944.289117839,833.587304917316,404182.418420468,402070.879256347,-0.627096174396414,0.496265358199075,10.1759114752222,2.52705974860386,-2.71082287994112,5.51759299752266,2.35404978796697,2.33792220842223,1.38962441318786,15.3009470623566,11104.5552996266,7526731913021.12,7.33594500643648e-11,2.87948837812316,5.83943393291859e-17,34.488,0,10,0,0,1,0,0
0.03,0.422957657364727,-0.414976648706065,30.0962705359778,7.63181210308953,7.78348656718326,7.48557917541346,-7.05207437900125,-46.7783817175355,-349.786173451684,-383.089984228289,10.3057350862908,-10.9369152730338,15.8033809534124,-2687.94356803244,-2424.32370693255,-74304.295596124,14993.0053329028,16458.843280331,309281.518664296,409194.887339418,9.88277742892605,-10.5219386243277,-14.2928895825655,-2695.57538013553,-2432.10719349974,-74311.7811752994,15000.0574072818,16505.6216620486,309631.304837748,409577.977323646,6.05181492507891,5.77250706620683,0.22600661614294,1520.5045675264,1508.78680089819,3266.08632965791,3221.82740720646,903.798745917594,425824.344873036,423665.110790258,-0.616262420910363,0.452959698032516,10.1754363306261,2.67402424212084,-3.12941855688706,5.33100634277044,2.35407398911347,2.33794605052557,1.38963728901913,16.8737064624841,11149.7407190319,8350834953043.13,2.78647128374364e-10,2.87949430772318,5.8397812229988e-17,38.125,0,10,0,0,1,0,0
0.035,0.457087367683706,-0.447004315764923,29.8782804419754,8.04626618658762,8.23426286567211,6.2804411250593,-5.86546089277495,-39.6499520931566,-324.570589066879,-359.768373585719,14.7170886581928,-15.001045072569,15.589436349174,-3808.4688081575,-3456.93402826097,-90408.4498162108,21352.5090749318,19801.8352827919,445906.724997159,572411.484013063,14.2600012905091,-14.5540407568041,-14.2888440928014,-3816.51507434409,-3465.16829112664,-90414.7302573358,21358.3745358246,19841.485234885,446231.295586226,572771.252386648,6.5670410886372,6.2637606877035,0.237273928779235,1650.14611225953,1637.45083777146,3524.76350040718,3476.65048801278,968.60661984152,443308.32499046,441141.173901311,-0.598617010153458,0.589462572962885,9.98461265430213,2.97640723478107,-3.54527524328868,5.88066673785231,2.35409929720754,2.33797089261162,1.38965010964795,14.538152559023,11669.519160215,9047861715846.21,8.82635413907969e-10,2.87950322083292,5.84013850063305e-17,32.995,0,10,0,0,1,0,0
0.04,0.485190230764257,-0.473198068223842,29.7050984917837,8.37602086608747,8.59633259787456,5.06010807761461,-4.70403621566149,-28.9959644226226,-312.651807404199,-347.161141780637,20.0088151054499,-19.4798468816178,15.6351730304254,-4981.26953841199,-4528.90474837543,-106672.608702323,28024.3472573087,22594.1110409427,629286.444828971,784271.939685411,19.5236248746857,-19.006648813394,-14.0699254613582,-4989.64555927807,-4537.50108097331,-106677.668810401,28029.0512935244,22623.1070053654,629599.096636376,784619.100827192,7.05151269942617,6.72564686096784,0.248185681392706,1772.02167812629,1758.42079576819,3765.04989748772,3713.32434011991,1029.03151634809,458197.406912492,456053.064573981,-0.309018032566793,0.623793126299008,9.99776786332124,3.13166965296561,-3.63020989244961,6.61138514584493,2.35412596948368,2.33799696912403,1.38966287752482,11.6877396955242,11910.7129311006,9663531270344.69,2.4494334411011e-09,2.87951574639789,5.84050822427924e-17,32.133,0,10,0,0,1,0,0
0.045,0.507469732763819,-0.493931211464144,29.5911948700113,8.65209624716291,8.89909024032726,3.9361384024727,-3.66720991787035,-16.1454943031938,-298.374016442329,-329.312710076255,24.4181905515133,-24.1690808788247,15.5072585938406,-6180.2862545409,-5681.90832402758,-123431.793744319,34880.0890734325,24482.4600577708,859619.581014957,1023044.94896783,23.9107208187495,-23.6751496673605,-14.0839362761707,-6188.93835078807,-5690.80741426791,-123435.729882721,34883.7562833503,24498.605552074,859917.955031399,1023374.26167791,7.51058620030065,7.1632697469919,0.25877294538466,1887.48347946808,1873.03887396198,3990.15316317663,3935.01654791397,1085.80463340052,471831.154962115,469731.916358861,-0.406864532641851,0.601211557940154,9.89700622217685,3.437931819504,-3.70226066380599,7.82447121664869,2.35415426572597,2.33802451678372,1.38967559513206,8.4855691531026,12433.7789470806,10245212523836.6,6.14636040630293e-09,2.87953251955619,5.84089287714233e-17,33.7,0,10,0,0,1,0,0
0.05,0.524611903040439,-0.509985762290046,29.5438123378149,8.89820927763289,9.16526926648958,2.99010435869427,-2.81905472880216,-2.63115944066997,-272.521513274371,-296.685348793547,28.0280980925214,-28.2005427552901,15.5009391781854,-7410.36701169878,-6881.88917855179,-140495.33051948,42034.5002991306,25429.2055090178,1128364.64188966,1293077.57438412,27.503486189481,-27.690556993,-14.0428731596295,-7419.26522097642,-6891.05444781828,-140498.320623838,42037.3193538594,25431.8366684585,1128637.16340294,1293374.25973292,7.94807471123214,7.58026244183014,0.269060065206986,1997.49356158079,1982.26015851308,4202.402163961,4144.02793940129,1139.47122123753,485413.462212997,483373.109392282,-0.822703362373671,0.825947885486228,9.88047375206573,3.25848817865785,-3.74454618607581,9.07216940487774,2.35418444742801,2.33805377381554,1.38968826497685,7.25247679755995,12856.5897715682,10841866843421,1.42458796053359e-08,2.87955417958438,5.84129495916917e-17,33.796,0,10,0,0,1,0,0
0.055,0.537596451320112,-0.522355431504022,29.5624887688815,9.13174551071179,9.41194532084242,2.25825322565015,-2.18032679465964,10.0328916638227,-229.525508235318,-243.664295840734,33.8002507565733,-33.4261385943247,15.5232310803121,-8585.9729739297,-7997.05342967764,-156845.914895363,48816.9713836184,25385.2981119323,1457964.10808992,1631749.25558225,33.2626543052532,-32.9037831628206,-14.0392576885694,-8595.10471944041,-8006.46537499848,-156848.173148589,48819.1517104131,25375.2652202685,1458193.63359816,1631992.91987809,8.36678315105243,7.97929709811339,0.279066236904918,2102.7592649088,2086.78699205897,4403.54840118412,4342.08976605918,1190.45082726407,500045.615097463,498069.046367213,-0.380445410667064,0.565644348429484,9.90760084655878,2.69472029092403,-3.47724652205683,10.4044149007863,2.35421677691909,2.33808497914495,1.38970088958255,4.78907221701552,13294.2064951629,11503955345991.4,3.09587413413284e-08,2.87958136776802,5.84171697871866e-17,46.339,0,10,0,0,1,0,0
0.06,0.547471555110653,-0.532039477448793,29.6396714412935,9.35971455019045,9.6459650675158,1.7319617942906,-1.73248876132303,20.5576500020042,-165.873157322158,-167.357448297252,37.7984381297515,-37.812121616172,15.9915472295262,-9770.68872588387,-9161.55587417987,-173649.723454359,55803.5922897129,24564.8470843589,1823707.38531312,1991289.25462667,37.2509665746408,-37.2800821387232,-13.6481242117673,-9780.04844043406,-9171.20183924738,-173651.455416153,55805.3247784742,24544.2894343569,1823873.25847044,1991456.61207497,8.76882709454115,8.36238890570361,0.288806648565131,2203.81388600077,2187.14898482934,4594.94645429002,4530.54164538528,1239.07454057179,516727.336253119,514810.251336776,-0.605151240574869,0.597077373774028,10.2132231533287,2.96957789850582,-3.66826267162293,11.6406799792024,2.35425151645717,2.3381183715658,1.3897134714796,6.56732760903153,13171.3068700726,12283349737972,6.37717275483104e-08,2.87961472519185,5.84216144392581e-17,49.762,0,10,0,0,1,0,0
0.065,0.55512051719328,-0.539840562147794,29.7622461031049,9.57725878443939,9.86232433914747,1.35397963154509,-1.4152628510912,28.0312894640155,-83.1527424649202,-71.3162117886983,42.1263561634635,-42.2818982277434,16.355342638208,-10930.7390530632,-10298.9794404954,-190271.979619725,62713.6570008318,22971.9258442586,2236300.10857162,2397735.014891,41.5712356462702,-41.7420576655956,-13.406903464897,-10940.3163118476,-10308.8417648346,-190273.333599357,62715.0722636829,22943.8945547946,2236383.26131408,2397806.33110279,9.15583337382346,8.73108734525896,0.298293323057212,2301.06739542709,2283.75332466623,4777.66799409848,4710.44401062475,1285.60913903124,536339.722728422,534468.66601603,-0.680907242742768,0.56845759345629,10.4357831504039,2.57886830133797,-3.564143482442,12.901415497267,2.35428892728933,2.33815418887971,1.38972601319614,7.99746372815356,13247.7140540283,13217651085858.5,1.25533452925748e-07,2.87965489045131,5.84263085376679e-17,38.45,0,10,0,0,1,0,0
0.07,0.561078030453283,-0.546205155077901,29.9136238187893,9.77628854787604,10.0536115877677,1.04214850262629,-1.14626466628206,31.9875255558246,13.3485640044248,37.1881485636038,46.8145626008475,-46.7568601352802,16.4757954176105,-12074.6014943513,-11412.7087824671,-206758.562807693,69614.9898642313,20800.9725451722,2693946.81247056,2851711.87034131,46.2534845703942,-46.2106549802023,-13.4378284011788,-12084.3777828992,-11422.7623940549,-206759.604956196,69616.1361288976,20768.9850196163,2693933.46390656,2851674.68219275,9.52907194493049,9.08660191685473,0.307535753377708,2394.83976268761,2376.91783408076,4952.5770304639,4882.65233523103,1330.27336513208,559621.622594247,557774.597175042,-0.606382399738242,0.521835726047865,10.477306582268,2.36873986872656,-3.54183023825739,13.7464872971559,2.35432926868053,2.33819266700835,1.38973851724829,9.92111327279437,13690.9658507838,14403981820015.8,2.37622083942269e-07,2.87970249728747,5.84312768883428e-17,32.888,0,10,0,0,1,0,0
0.075,0.56551065622602,-0.551216002009793,30.0759543251928,9.93388521548281,10.1973534009997,0.731265442842719,-0.86210293774384,32.3876831692911,113.709570490172,144.708645530799,51.0189521048552,-50.8147373666882,16.7338386149028,-13221.4384765404,-12530.4979502416,-223417.497244429,76676.4561336695,18434.6847756826,3191024.19481458,3345128.17997769,50.4534414486292,-50.2635213646784,-13.34211571029,-13231.3723617559,-12540.6953036426,-223418.228509872,76677.3182366073,18402.2970925133,3190910.48524409,3344983.47133216,9.88954577830287,9.42988785080194,0.316541390357385,2485.38366474799,2466.89349623704,5120.3813957813,5047.86792081573,1373.24925731121,587149.698155953,585297.408184671,-0.706524789535811,0.624192734968109,10.5863056389159,2.34196979769442,-3.56065282252563,14.0471858064118,2.35437279691216,2.33823403907992,1.38975098613016,10.8321350101619,13974.7529016937,15855870287232.8,4.34643072959359e-07,2.87975817214867,5.84365440183587e-17,31.659,0,10,0,0,1,0,0
0.08,0.56826850549253,-0.554641652358865,30.2321450149603,10.0319919791665,10.2778499181354,0.360764539230844,-0.501127677180219,29.5653851255947,196.524231128679,227.61932416456,55.4393527678724,-55.1315826387307,17.0475978881155,-14354.307950574,-13628.6899835059,-240077.120164537,83736.2313349988,16113.6161633504,3735313.86672916,3888093.08869767,54.8710842623798,-54.5769409863718,-13.1845471268448,-14364.3399425531,-13638.967833424,-240077.480929076,83736.732462676,16084.0507782248,3735117.34249804,3887865.4693735,10.2380540451279,9.76170635877347,0.325316023271196,2572.90044352359,2553.88028409491,5281.669053873,5206.67371753687,1414.69025805828,619329.747431457,617437.344576503,-0.711156899396095,0.625582193999776,10.7126811398498,2.16869668630319,-3.45548199570038,14.0578662853095,2.35441976425172,2.33827853449142,1.38976342230352,10.1086972663309,14193.4804835784,17635356166375.4,7.71246574159945e-07,2.87982253168225,5.84421340782933e-17,33.534,0,10,0,0,1,0,0
0.085,0.569092191686172,-0.556129630581922,30.3674646517379,10.0580415199528,10.2859328431607,-0.051744935799298,-0.0773770039834507,24.1186653153877,248.029817183791,272.477882954964,60.1762650771629,-58.9150843952748,17.1789247396427,-15493.588935936,-14693.7796355452,-256664.433699946,91011.9732263888,14001.8474622889,4316955.97185628,4482404.41643928,59.6071728854768,-58.3589547646929,-13.1885399120951,-15503.6469774559,-14704.0655683883,-256664.381955011,91012.0506033928,13977.7287969735,4316707.94203909,4482131.93855632,10.5752377211574,10.0826681208043,0.333864081462165,2657.55161985401,2638.03858177449,5436.93438014712,5359.5602512098,1454.72715366547,656402.509886143,654431.582662686,-0.558013596247161,0.813117859139351,10.6991894477972,2.08232399331175,-3.44514412276089,13.7733868099928,2.3544704178957,2.3383263779486,1.38977582818728,9.27531269073361,14649.9951236101,19816531869096.1,1.33182649946586e-06,2.87989618016126,5.84480707421403e-17,32.315,0,10,0,0,1,0,0
0.09,0.567872569510876,-0.555468296865213,30.4706366585324,10.0116702402202,10.2251136458409,-0.462744827233726,0.365727897473703,16.8174415473096,260.872984779393,274.526416979754,64.3289291413295,-63.5629953704396,17.4820484504108,-16582.3235485069,-15736.9574868745,-273385.319200043,98006.6361145664,12401.8540365173,4953067.46094413,5118596.96445542,63.7610565718186,-63.0075270735744,-12.9885882081217,-16592.3352187471,-15747.1826005203,-273384.856455215,98006.270386669,12385.0365949699,4952806.58795935,5118322.43803844,10.9016132699304,10.3932654057266,0.342188876857599,2739.46739567762,2719.49761843324,5586.59761619022,5506.94481608215,1493.47251517917,698462.521655786,696373.028152931,-0.566399658276412,0.636586343532621,10.7843414202947,2.12243247928927,-3.21804009814394,13.1032739922444,2.35452499888799,2.33837778848603,1.38978820614666,6.6572774879098,14835.1867075646,22431827142076.4,2.2440693028318e-06,2.87997970685174,5.84543771049959e-17,34.738,0,10,0,0,1,0,0
0.095,0.564748094028826,-0.552706891290981,30.5344677377607,9.90505501818306,10.1104693950341,-0.81630330384187,0.766587142794194,8.51115846133857,239.485257387004,242.001872970539,68.3011024684263,-67.8364588240197,17.6971717757035,-17647.0380094082,-16729.0871146166,-290021.953988587,105026.186056456,11361.8213933784,5627341.25417909,5801415.11545751,67.7363543743975,-67.2837519327287,-12.8372959620573,-17656.9430644264,-16739.1975840116,-290021.137685283,105025.419469314,11353.3102349171,5627101.7689217,5801173.11358454,11.2175980377424,10.6938962878251,0.350292801682808,2818.75306255949,2798.36182551631,5731.01955921114,5649.18596545261,1531.02407862728,745485.35323416,743237.258211598,-0.556324994447096,0.548479342762543,10.8014246668613,1.95564941025634,-3.31792614513721,12.3734043784232,2.35458374101665,2.33843297846985,1.38980055848218,5.05715121078627,15091.9866299217,25554318256453.8,3.69756321940471e-06,2.88007368332726,5.8461075578781e-17,33.173,0,10,0,0,1,0,0
0.1,0.560094260851796,-0.548173545410402,30.5560474826605,9.75726353193914,9.96189279099483,-1.07384551861297,1.07521056217944,0.0520279954099084,195.161967934237,189.153348434389,71.8309730675884,-71.0280369177333,17.8535839953196,-18697.853843332,-17666.4026903223,-306588.152010237,112223.663716422,10951.2403038487,6329923.60389232,6526670.36012353,71.2708788067366,-70.4798633723229,-12.7024634873409,-18707.6111068639,-17676.3645831133,-306587.078164718,112222.58850586,10951.1882758533,6329728.44192438,6526481.2067751,11.5235297583215,10.9848832457574,0.3581774918304,2895.49392250949,2874.71571852451,5870.51284995933,5786.59464519836,1567.46735882962,797357.622680793,794912.113208353,-0.614351132283358,0.80193405730211,10.7761222371307,1.77144924450863,-3.29289554898421,11.5121884623,2.35464686969234,2.33849215258624,1.38981288741842,4.33183737405777,15366.0443761799,29233015186450.6,5.96895986136285e-06,2.8801786607387,5.84681877862968e-17,35.748,0,10,0,0,1,0,0
0.105,0.554412655830827,-0.542382009332248,30.5366014435278,9.58575069788321,9.79535358852719,-1.22453091948839,1.26806037827877,-7.76858430473345,142.834085522179,132.151128863821,74.803377089993,-74.8379497474362,17.9176915847761,-19675.6651414911,-18548.2967467672,-323091.222571453,119030.663473826,11150.8469641816,7081634.48080165,7290909.75707176,74.2489644341622,-74.2955677381039,-12.6189098587517,-19685.250892189,-18558.0921003558,-323089.998040534,119029.395413448,11158.6155484864,7081491.64671613,7290777.6059429,11.8196817904621,11.2664876912289,0.365843963639893,2969.75913114645,2948.62771012553,6005.35078435461,5919.44288294296,1602.87769917779,853905.158666267,851225.4231671,-0.782405742795059,0.748172123313644,10.6909771886151,1.5017062836667,-2.90260140242392,10.6366308449178,2.35471460081217,2.3385555068193,1.38982519509274,3.3842087276568,15702.2693535359,33525284521713.5,9.45550096841273e-06,2.88029516704829,5.84757344539654e-17,32.291,0,10,0,0,1,0,0
0.11,0.548161101650259,-0.535857798010554,30.4810582304182,9.4061474215569,9.62376601651938,-1.29789022465563,1.36497939317451,-14.270450851359,90.4236853475452,78.6772890009071,78.5300928399479,-78.7651212487961,18.0411186402518,-20598.4249711203,-19337.397187096,-339146.580029284,125624.230501368,11939.349142751,7873834.22308312,8110439.42040731,77.9819317382976,-78.2292634507855,-12.4399395901664,-20607.8311185418,-19347.0209531125,-339145.28213906,125622.865521975,11953.6195936024,7873743.79939777,8110360.74311831,12.1062752120217,11.5389214984029,0.373292729911693,3041.60474692252,3020.15313609633,6135.7742905567,6047.97066598242,1637.32189946993,914916.55016133,911968.1801028,-0.572430315043248,0.586496599511798,10.6671137669318,1.13133014477975,-2.82973692908708,9.80797944691607,2.35478713961343,2.33862322742211,1.38983748354373,3.07739452347593,15891.7680425262,38485987148045.1,1.47190838530245e-05,2.88042370423853,5.84837353036461e-17,32.079,0,10,0,0,1,0,0
0.115,0.541654691466736,-0.529017472652313,30.3973641631615,9.2282880863626,9.45410608971261,-1.32250649716865,1.39069153447422,-18.9352269656776,44.1764255283505,33.9442681450794,81.7791980642349,-82.4788769535646,17.9631343794957,-21479.1285478961,-20081.9711311018,-355174.295879936,132134.435474829,13115.7520874901,8700154.08383247,8963536.93116191,81.2375433727681,-81.9498594809123,-12.4342297836657,-21488.3568359824,-20091.4252371915,-355172.973373439,132133.044783294,13134.6873144558,8700109.90740695,8963502.98689377,12.3834885631797,11.8023562899468,0.380523899579671,3111.07618660735,3089.33669272952,6261.99752532212,6172.39145577816,1670.85952341507,980161.112832754,976912.21835,-0.466628149533182,0.445911530380733,10.5180468409339,1.16074241820163,-2.88223448876108,9.2108145661293,2.35486467952202,2.33869548988548,1.38984975469979,3.44250682445151,16315.1730809976,44169451357265.1,2.25434385184102e-05,2.88056474550771,5.84922089439794e-17,34.391,0,10,0,0,1,0,0
0.12,0.535061539863686,-0.52213489639663,30.295586264397,9.05959806412728,9.29132658079876,-1.32932087899834,1.37834554207868,-21.4399513340735,7.3302553518831,0.177676856356073,84.2934346409006,-85.4192141006328,18.1942711156951,-22337.7745027326,-20792.9369862612,-371292.045467616,138772.536966737,14689.5689746671,9550894.53484236,9845516.75634195,83.7583731010369,-84.8970792042362,-12.1013151487019,-22346.8341007967,-20802.228312842,-371290.716146737,138771.158621195,14711.0089260012,9550887.204587,9845516.57866509,12.6514658084702,12.0569310226568,0.387537264437355,3178.21023080037,3156.21442834828,6384.21241624203,6292.89666130757,1703.54395969788,1049401.54168403,1045822.67310483,-0.569999048500113,0.542427556352859,10.5917761084686,1.10506291428511,-2.93380920036161,8.69849221562401,2.35494740100121,2.33877245790942,1.38986201036755,4.65354417647722,16285.856476321,50628978789109.7,3.40074249299468e-05,2.88071873246543,5.85011727617549e-17,32.143,0,10,0,0,1,0,0
0.125,0.528422707128854,-0.515339949535743,30.1868676415181,8.90135440000777,9.13551626205346,-1.33865915021722,1.35294403938494,-21.6825112621803,-19.3225080487237,-22.7704308447633,87.0915802085357,-88.4237810427527,17.9388471877312,-23153.4082312422,-21452.9496003041,-387201.606315961,145298.238649831,16237.0194578457,10436344.0905993,10765396.418149,86.5631575014068,-87.9084410932169,-12.248020453787,-23162.3095856422,-21462.0851165661,-387200.267656811,145296.885705791,16258.7019691079,10436363.4131074,10765419.1885798,12.9103229330917,12.3027582688032,0.394332375545954,3243.0366843465,3220.81539298308,6502.59238855182,6409.65930685942,1735.42329114994,1122402.1464164,1118466.09798994,-0.507371324835268,0.56402583389928,10.3559063672736,0.851665134638855,-2.76172421192322,8.64071009932214,2.35503547040669,2.33885428238237,1.38987425222042,3.93892519646141,16894.6877041867,57916490477120.6,5.05779261776603e-05,2.88088607234254,5.85106428138531e-17,33.837,0,10,0,0,1,0,0
0.13,0.521692701324956,-0.508646905077595,30.0823087349162,8.75569290748471,8.98818704656221,-1.36491031997916,1.33594145419851,-19.7844759905667,-36.813326054579,-36.1469620697765,89.5078521962524,-91.2555313834432,18.1250926233644,-23934.5391714198,-22078.2672802391,-403128.633541811,151805.79897607,17883.1008057364,11351405.3288139,11714263.7697286,88.9861594949275,-90.7468844783656,-11.9572161115518,-23943.2948643273,-22087.2554672857,-403127.268631491,151804.463034616,17902.885281727,11351442.14214,11714299.9166907,13.1601534808963,12.5399294862925,0.40090861137393,3305.57976923834,3283.16302318063,6617.29545339602,6522.83706889689,1766.54101284796,1198933.73833158,1194615.29005911,-0.532136401605689,0.601936960770191,10.4379140218211,0.774199689941133,-2.67751317671025,8.49792440726495,2.35512903885472,2.33894110037449,1.38988648178729,4.28855745197448,16908.8690777636,66082404349601.3,7.42263061308152e-05,2.88106713523187,5.85206337203677e-17,33.711,0,10,0,0,1,0,0
0.135,0.514796679514854,-0.502011782124979,29.9918708719955,8.62408864766846,8.85062380189099,-1.40536421039418,1.3292007657319,-16.0789245718668,-44.5859379139367,-39.6763452832839,91.5875033903148,-94.2082982599913,17.7361316476573,-24672.2806879384,-22676.0877387134,-419049.759755921,158198.37099845,19147.3530278829,12299219.874797,12685769.6035139,91.0727067108,-93.7062864778663,-12.2557392243382,-24680.9047765861,-22684.9383625153,-419048.354391711,158197.041797685,19163.4319524548,12299264.4607349,12685809.2798592,13.4010332643172,12.7685194972291,0.407265239276077,3365.85930811861,3343.27631959204,6728.46679026102,6632.57481304585,1796.93663007169,1278776.15297579,1274051.78776937,-0.629161514978,0.542769710309745,10.1417074887322,0.606665011748843,-2.57860349058328,8.87562577290833,2.35522824111051,2.33903303415099,1.38989870044138,2.92665297527821,17705.3859965614,75175337483083.4,0.00010757291053028,2.88126225137698,5.85311585595637e-17,33.811,0,10,0,0,1,0,0
0.14,0.507685327710229,-0.495396390041242,29.9234061716899,8.50685614186712,8.72341341854967,-1.45240298712507,1.32847421669817,-11.0684966038635,-42.4539233300617,-33.2907001481254,93.9439775840623,-96.6784115283586,17.912078919533,-25379.5639030704,-23220.7013050147,-434755.919664406,164655.875167848,20268.0008606407,13268934.4876351,13693500.88872,93.436292256352,-96.1830151383173,-12.0113272521569,-25388.0707592122,-23229.4247184333,-434754.467261419,164654.546693632,20279.0693572446,13268976.9415584,13693534.1794201,13.6330244206026,12.988590341194,0.413401471578787,3423.89174239508,3401.17086098874,6836.24092425243,6739.00673067116,1826.64615983134,1361719.2032827,1356566.82220182,-0.562774859156156,0.607009834425689,10.2497564908859,0.35848782932776,-2.57391418031493,9.03305143994622,2.35533319450462,2.3391301902123,1.38991090938933,2.79794833599262,17753.6966228139,85241871502062.8,0.000154064608115625,2.88147170852794,5.85422287653722e-17,34.965,0,10,0,0,1,0,0
0.145,0.500347633824201,-0.488785457376807,29.8819666219498,8.40369859301891,8.60646774845562,-1.49810600624693,1.32869359366528,-5.36220150952605,-30.859962350597,-17.5658614287774,95.6944987409342,-99.1959664596892,17.8210510994489,-26040.9629511969,-23739.4493421432,-450509.417748097,170997.562156607,20892.7151867888,14267765.3255351,14716606.4978989,95.19415110711,-98.7071810023124,-12.060915522501,-26049.3666497899,-23748.0558098916,-450507.91964209,170996.233463013,20898.0773882983,14267796.1854974,14716624.0637603,13.856178947645,13.2001946304351,0.419316517271383,3479.69101862183,3456.85968806911,6940.74357533901,6842.25815127737,1855.70255433041,1447562.65380831,1441961.30202849,-0.663468296061033,0.594842222366353,10.1804969340133,0.267693316136245,-2.43944655156642,9.6985327593097,2.35544399788581,2.3392326583684,1.38992310966077,1.97068905105255,18186.7766210838,96326249005832.4,0.000218190881114679,2.88169574938398,5.85538540281825e-17,32.453,0,10,0,0,1,0,0
0.15,0.492808116341649,-0.482185216613157,29.8694513491476,8.31307550074332,8.49849461047183,-1.53593424905294,1.3261253541361,0.39922529710864,-10.7434988332371,6.58522015594843,98.0184534234073,-101.982668891222,17.9856834325018,-26649.6460397372,-24197.5032310553,-465921.151205815,177142.103459244,21151.0167615286,15298268.6152711,15777440.5962503,97.5256453070656,-101.500483674608,-11.8837679166458,-26657.959115238,-24206.0017256658,-465919.615271566,177140.77733389,21150.6175362315,15298279.3587699,15777434.0110302,14.0705418221071,13.4033785050262,0.425009630092583,3533.26936908997,3510.35408275929,7042.09323914995,6942.44708968217,1884.13606072933,1536115.62950677,1530045.2391849,-0.487784107582944,0.422878004176855,10.2993111171835,0.00130121323421869,-2.37731084189041,10.226292539615,2.35556073061886,2.33934051085463,1.38993530209816,1.47964184161914,18294.2326075855,108470170817938,0.000305744467963542,2.88193456914432,5.85660421997164e-17,32.878,0,10,0,0,1,0,0
0.155,0.485111605962395,-0.475609588184447,29.8846325717545,8.23229612279628,8.3970938894461,-1.56411317146744,1.32126433483235,5.6199878043209,17.1048448052457,38.3892360316002,99.1699368448633,-104.071945968512,18.0605127104206,-27225.9632896192,-24637.0877510514,-481536.74544461,183389.735267496,20941.8281766753,16341956.1002601,16841048.7059059,98.6848252389009,-103.596336380327,-11.8241198613339,-27234.195585742,-24645.4848449408,-481535.181331439,183388.414003161,20936.208188871,16341938.9954152,16841010.3166699,14.2761537794717,13.598184264096,0.430480153632492,3584.63800675942,3561.66426293607,7140.40254570566,7039.68557389379,1911.97452854785,1627195.73496098,1620636.88729635,-0.68299943929744,0.445133235944491,10.3495214476074,0.0113071145213732,-2.47422992361298,10.9181194603863,2.35568345163667,2.33945380149685,1.38994748734731,1.80202212679538,18545.6630600359,121712482688455,0.000424133019401618,2.88218831318928,5.85787992028232e-17,32.736,0,10,0,0,1,0,0
0.16,0.477292853599544,-0.469051699370866,29.9235592215828,8.15525162101553,8.29647142454567,-1.58824640358385,1.32182225734129,9.81428428807631,49.9526917880896,74.062512904018,100.719273299268,-106.016254447791,17.7379548485784,-27757.1064437428,-25022.9214467318,-496857.157214866,189563.981753578,20219.5613010062,17407006.9001345,17934825.8036971,100.241980445669,-105.54720274842,-12.1856043730044,-27765.2616953638,-25031.2179181564,-496855.568968462,189562.65993132,20209.7470167181,17406956.9474428,17934751.7411842,14.4730538180328,13.7846527324729,0.435727563934225,3633.80775023024,3610.80000809151,7235.77943241199,7134.08078972035,1939.24367372969,1720628.06035212,1713561.76703433,-0.667411251813635,0.458136671581078,10.1336259252796,-0.351234599041237,-2.37560663882595,11.4613549737722,2.35581219855597,2.33957256493401,1.38995966584843,2.38862792808234,19352.1754958935,136088983548217,0.000582748634334843,2.88245707491457,5.85921289470548e-17,33.829,0,10,0,0,1,0,0
0.165,0.469351067902637,-0.462452641958433,29.9802175511131,8.07613806651157,8.19169792032331,-1.61671984579102,1.34075674755421,12.6520744162582,85.0389250183573,110.693155763597,102.140749029371,-107.784639955872,17.9595425823218,-28244.0871479576,-25360.7605773086,-512057.513607712,195680.128839377,19377.1963260554,18491101.9740777,19053749.614235,101.671397961468,-107.322187313913,-12.0206749687913,-28252.1632860241,-25368.9522752289,-512055.896887866,195678.78808263,19364.5442516391,18491016.9351527,19053638.9210792,14.6612814752475,13.962825409162,0.440751509967748,3680.7895910316,3657.77122805546,7328.32815992482,7225.73607053134,1965.96730660706,1816244.18170466,1808651.68493789,-0.634493514597933,0.474589371152321,10.2853809690471,-0.495425075994811,-2.2897516994915,11.611554799952,2.35594698686641,2.33969681590635,1.38997183782791,2.30664927790452,19424.9243521404,151632155490428,0.000793402475114263,2.88274089374218,5.86060332509048e-17,32.709,0,10,0,0,1,0,0
0.17,0.461243527312761,-0.455695142587204,30.0473672050603,7.98745784731691,8.07662447952292,-1.65771025938248,1.38833356711775,13.9767306753779,118.019797727698,142.883403919075,102.730840934837,-109.397181962904,18.0534281831488,-28686.5315889394,-25668.4064786104,-527367.181356291,201734.328665783,18307.6179565884,19592956.0889469,20179019.4731903,102.269597407524,-108.941486820317,-11.9939390219115,-28694.5190467867,-25676.4831030899,-527365.523646031,201732.940332216,18293.641225913,19592838.0691492,20178876.5897864,14.8408789142462,14.1327464339867,0.445551852256363,3725.59521283815,3702.58848423462,7418.15019350708,7314.751754698,1992.16752961272,1913881.21726041,1905743.8072069,-0.841652288591889,0.486905731126046,10.3365263452211,-0.614948414205803,-2.20339710254644,11.9808529926009,2.35608780920268,2.33982654861745,1.389984003291,2.72377219555224,19687.1959096118,168370865830725,0.00107083190326227,2.88303975333191,5.86205117716139e-17,33.439,0,10,0,0,1,0,0
0.175,0.452904128058934,-0.448627052102344,30.11740887679,7.88292051989394,7.94689552122452,-1.71209541783186,1.46801332994245,13.8015799096651,145.02897606292,166.38386073689,104.923059936426,-110.798406197568,18.4080283957904,-29084.7101965626,-25894.46643035,-542010.250719306,207740.374080604,17256.106003173,20709858.0396259,21366746.3187572,104.470155808367,-110.349779145465,-11.7093804809996,-29092.5931170825,-25902.4133258712,-542008.538623889,207738.906067274,17242.3044232633,20709713.0106498,21366579.9348965,15.0118928499177,14.2944644007676,0.450128699859224,3768.23747011887,3745.26347072934,7505.34496782836,7401.2259286389,2017.86490949617,2013380.97245332,2004679.82095444,-0.396723956659597,0.513590366360026,10.5739425011311,-0.974623367537483,-2.12102687065266,12.0917564407061,2.35623463470956,2.33996173617848,1.38999616201527,2.54415153462782,19566.0853046546,186330294003045,0.00143328770614605,2.8833535800171,5.86355619434403e-17,31.888,0,10,0,0,1,0,0
0.18,0.444276370047208,-0.441100156556109,30.1831830506767,7.75823080786339,7.8005265897182,-1.77488636850963,1.57450803103958,12.2866319035709,162.912653091955,178.086541923263,105.416495554464,-112.958321021564,18.6579087940105,-29420.2664130917,-26101.3800937119,-557029.948058732,213377.808465957,16219.8489172766,21861947.295419,22541490.1400921,104.972219184417,-112.517220865008,-11.5252742566662,-29428.0246438996,-26109.1806203016,-557028.173172363,213376.233957926,16207.562285373,21861784.3827659,22541312.0535502,15.1743763372976,14.4480340390683,0.454482445848226,3808.73083204631,3785.80946101603,7590.01054948708,7485.25506978452,2043.07862793825,2114589.1876597,2105305.19728881,-0.500151532361472,0.201808915103037,10.7200320654485,-0.675678878702458,-2.01993587730569,12.2399018727686,2.35638740850944,2.34010233014269,1.39000831354517,2.11117149674273,19594.6588664175,205531478249514,0.00190320898282491,2.88368224148835,5.86511789252901e-17,32.652,0,10,0,0,1,0,0
0.185,0.435341286349585,-0.433014042954926,30.2386218587289,7.61231440520939,7.6386664744002,-1.83586403163827,1.69372342005712,9.70390889576616,170.206823035853,177.364243186337,105.713574646406,-113.375028188261,18.4686130016134,-29732.8801910757,-26259.6315025523,-571927.487832328,219427.950803567,15190.2442133922,22991402.5932077,23735884.0510387,105.278233360056,-112.942014145306,-11.7700088571155,-29740.4925054809,-26267.2701690267,-571925.651968297,219426.257080147,15180.5403044964,22991232.3863847,23735706.6867955,15.3283904395982,14.5935177814335,0.458613801362178,3847.09179614315,3824.2417245348,7672.24420864003,7566.93460092301,2067.82661377127,2217354.89191713,2207468.55968576,-0.598234569687377,0.449743073434413,10.5630998881757,-0.936445982197659,-2.25386381306992,12.1695183205129,2.35654605128184,2.3402482601382,1.39002045718771,2.70662465399118,20172.039409501,225991376270815,0.00250799310482423,2.88402554574814,5.86673555585858e-17,31.836,0,10,0,0,1,0,0
0.19,0.426134185926311,-0.424352383408193,30.2792119640979,7.44673975395462,7.46421167823958,-1.88354286218788,1.80595948780268,6.39761750436855,168.554152236381,167.279393385999,106.687057303868,-113.837641072627,18.676423399531,-29990.478980207,-26348.2287183575,-586407.445366707,225297.223060891,14516.019607488,24137836.003488,24978807.3211974,106.260923117942,-113.413288689218,-11.6027885645669,-29997.925719961,-26355.6929300357,-586405.561823845,225295.417101403,14509.6219899836,24137667.4493357,24978640.041804,15.4740057888293,14.7309872288811,0.462523828273477,3883.33927504388,3860.57791642438,7752.14290883383,7646.35936513286,2092.12565946106,2321529.85953038,2311021.15484694,-0.373479507717192,0.608497254464538,10.682593938108,-1.20038277269847,-1.91240866644896,11.6996329822993,2.35671045896369,2.34039943360635,1.39003259200924,1.84070444572232,20191.2630359325,247722442839509,0.00328086784796699,2.88438324035823,5.86840823362093e-17,39.072,0,10,0,0,1,0,0
0.195,0.416723166692632,-0.415182509030196,30.3022599699797,7.26657349143882,7.28254640567146,-1.91634238743245,1.8972691012137,2.74554846034448,156.181327719458,147.700607845648,105.997323519307,-115.225402956274,18.6731327651392,-30179.7347305435,-26406.0487722846,-601207.921239234,230697.265314679,14045.6912227504,25322589.0267168,26205961.5261894,105.580600352615,-114.810220447244,-11.6291272048405,-30187.001304035,-26413.3313186903,-601206.004896847,230695.368045578,14042.9456742901,25322432.8453891,26205813.8255815,15.6113040483562,14.8605245239999,0.466213970461228,3917.49495884631,3894.83844274463,7829.80372232154,7723.62402871991,2115.99152406314,2426968.16316174,2415816.4198965,-0.668295758112757,0.365547556017328,10.6453233262104,-1.13997917643661,-1.65591086440099,11.4525149984552,2.35688050257896,2.34055573565303,1.39004471683358,1.13329828642527,20462.834080148,270732620942377,0.00426187229102976,2.88475501200072,5.870134738332e-17,36.134,0,10,0,0,1,0,0
0.2,0.407218285947494,-0.405675889312302,30.3069611626578,7.07733497801025,7.09746909862187,-1.91935584997752,1.93996330554188,-0.880484073359438,140.008224561006,127.182632402841,106.388600429344,-115.200436942272,18.4329866897928,-30331.4237405314,-26389.4064288821,-615430.589869299,236355.762213647,13786.4493477363,26484830.0634674,27490505.3875097,105.981382143396,-114.794761052959,-11.873974472865,-30338.5010755094,-26396.5038979807,-615428.670513449,236353.822250341,13787.3298318097,26484690.0552428,27490378.2048773,15.7403792837495,14.9822236381632,0.469686083648712,3949.58365477795,3927.04680277939,7905.32417671881,7798.82341816268,2139.43902450447,2533525.81548563,2521709.63821056,-0.491558386288214,0.551446862092468,10.4612114906253,-1.61336392229533,-1.79801291208336,11.0352461650885,2.3570560282052,2.3407170290191,1.39005683024153,1.42125344433092,21008.9392817287,295025019462612,0.00549895238517716,2.88514048637163,5.87191364507774e-17,37.805,0,10,0,0,1,0,0
0.205,0.39772596579047,-0.396063313315967,30.2943039552356,6.88567251297513,6.91262318778374,-1.90930581512793,1.93812393517365,-4.14049921027241,119.266857037282,105.874258042869,106.079892194629,-115.703804585385,18.622406097676,-30421.7138050559,-26323.9661868743,-629665.542256822,241668.530868155,13944.0750204054,27673641.8729835,28787914.8775917,105.682166228839,-115.307741272069,-11.6718978575596,-30428.5994775689,-26330.8788100621,-629663.632951007,241666.592744219,13948.2155196156,27673522.6061265,28787809.0033336,15.8613392457815,15.0961915769956,0.472942463731593,3979.63360527405,3957.22990938742,7978.80253773578,7872.05279595786,2162.48211674795,2641060.49103297,2628557.67567406,-0.491178192936968,0.480598523821911,10.571381600992,-1.60241922980405,-1.51358592566393,10.4934834886648,2.35723685708387,2.34088315417583,1.39006893057169,0.949314136536275,20940.4176548647,320598028150181,0.00704917620944712,2.88553922842371,5.87374329218314e-17,32.317,0,10,0,0,1,0,0
0.21,0.388306790289805,-0.386578126120754,30.2668320515222,6.69836505895476,6.73076523407504,-1.88808312370145,1.88675605935933,-6.75708338379627,96.6087353734777,86.8709258843404,105.754194342573,-115.957705647142,18.4095106334943,-30461.584543492,-26204.693768107,-643696.452522768,246892.289785652,14206.4492829781,28866265.8648946,30109743.552021,105.365887552283,-115.571127521021,-11.8573214180279,-30468.282908551,-26211.4245333411,-643694.564439645,246890.403029593,14213.2063663618,28866169.2561593,30109656.6810951,15.9743065673213,15.202549506218,0.475985873495538,4007.67678503324,3985.41838784244,8050.33803185634,7943.40807939222,2185.13396815573,2749431.31999247,2736218.78925332,-0.421057217435697,0.430638921977388,10.4153552647085,-1.76408150168705,-1.49451359498132,10.3036031162464,2.35742278588005,2.34105392955015,1.3900810159229,1.00407893834702,21384.7571088169,347445185986066,0.00898007284078346,2.88595074297319,5.87562178326503e-17,34.771,0,10,0,0,1,0,0
0.215,0.379003446576872,-0.377454057190567,30.2282872493647,6.52104805753051,6.55336067487075,-1.8612141538113,1.7909068193281,-8.5322322215921,74.162554428748,71.9657486667559,105.068194574377,-115.857694388168,18.6828670286655,-30453.9742733453,-26034.6197874129,-657646.527920313,252075.03848644,14807.9927495616,30057308.5449755,31451688.5479394,104.6891911278,-115.480240330977,-11.5454202206992,-30460.4953214029,-26041.1731480877,-657644.666706159,252073.247579621,14816.5249817832,30057234.3824211,31451616.5821907,16.0794198740894,15.301433798282,0.478819567597553,4033.74917716301,4011.64685315692,8120.03101218306,8012.98600560486,2207.40702216789,2858498.74618394,2844552.50017518,-0.408649225816885,0.440991718030472,10.5990172135814,-1.84920702205783,-1.46300883041981,9.92714426350769,2.35761358709631,2.34122915188344,1.39009308415809,1.24518497975079,21145.721137723,375554299246531,0.0113710974885621,2.88637447568152,5.87754699071479e-17,32.239,0,10,0,0,1,0,0
0.22,0.369829939081795,-0.368878718517303,30.1831791541582,6.35853060510955,6.38156766776531,-1.83478373558277,1.66419199155647,-9.35950927480543,52.6768739143121,61.0403871915751,103.850016069454,-116.136338103304,18.389724429317,-30393.5433811966,-25820.8486117181,-671580.509047103,257001.396839642,15330.9629511063,31267240.9089518,32796142.4556166,103.480186130372,-115.767459384787,-11.7934547248412,-30399.9019118017,-25827.2301793859,-671578.674263368,256999.73264765,15340.3224603811,31267188.2320779,32796081.4152294,16.1768348077117,15.3929969987276,0.481447315663928,4057.89102813772,4035.95416550301,8187.98307018837,8080.88424581032,2229.31305624876,2968124.44200015,2953419.52454147,-0.514735710574124,0.257075042697707,10.4030522349206,-1.98473097129685,-1.38103831703026,9.98621657164899,2.35780900964388,2.34140859672696,1.3901051329098,0.953594518464737,21652.5300112279,404909085705107,0.0143152240835416,2.88680981442102,5.87951656064733e-17,36.823,0,10,0,0,1,0,0
0.225,0.360786085818309,-0.360975055536555,30.1363111269959,6.21303460385863,6.21539390586499,-1.80845297558594,1.51912922142912,-9.22918804929479,34.4124691251376,55.1460283530594,103.01429688348,-115.323248637715,18.5539097965158,-30296.12256463,-25551.9711374467,-685215.44570783,262153.984005842,16037.6712404382,32447019.9052261,34181234.2603687,102.653510797661,-114.962273582179,-11.5824013304802,-30302.3355992338,-25558.1865313526,-685213.637254854,262152.46487662,16046.9004284875,32446985.492757,34181179.1143403,16.2667249582057,15.4774087099187,0.483873423338986,4080.1470809533,4058.38366301758,8254.29709578412,8147.20147120128,2250.86323391562,3078171.27372603,3062681.75478075,-0.420317451567925,0.396882785083666,10.534558955476,-2.23594613429686,-1.50367732611887,9.76358355714739,2.35800877957293,2.34159201907515,1.39011715958719,1.52579391632488,21522.8995755577,435487324757355,0.0179206648890644,2.88725609102893,5.8815279193377e-17,32.075,0,10,0,0,1,0,0
0.23,0.35186130674591,-0.353783290339181,30.0923068761071,6.08557788700835,6.05501792152914,-1.7867153488924,1.37655793462843,-8.22268345692731,19.6407612259476,53.0482301641243,101.71187124861,-114.283431417359,18.1731401063061,-30155.3986261535,-25240.5325956688,-698830.738208248,267269.915313135,16523.5285687302,33621801.6906815,35566096.5003729,101.360009941864,-113.92964812702,-11.9191667698011,-30161.4842040405,-25246.5876135904,-698828.951492899,267268.538755201,16531.7512521872,33621782.0499203,35566043.4521428,16.3492827019088,15.5548563886933,0.486102751102515,4100.5667855678,4078.9833709977,8319.0772879188,8212.03737281802,2272.06815155023,3188503.31123301,3172202.28589258,-0.424139126838078,0.558826863383032,10.3017213670541,-2.27781478406412,-1.3070764669872,9.96308237665973,2.35821260096218,2.34177915413732,1.39012916138468,1.29754119207314,22124.0362384983,467262211025654,0.0223127149441752,2.88771258345088,5.88357828115413e-17,33.086,0,10,0,0,1,0,0
0.235,0.343038313426608,-0.347258236674194,30.0551779768025,5.97575341649695,5.90064775958063,-1.7676498265367,1.25002947712243,-6.50171957257363,9.49779768158188,53.5789625460164,100.49277489028,-113.996025127168,18.2411548391877,-29964.2539662935,-24879.467108713,-712255.236247012,272040.559142254,17053.8263960737,34824879.0130594,36978804.6536751,100.149736576853,-113.648766890494,-11.8140231376147,-29970.22971971,-24885.3677564725,-712253.468597186,272039.309112777,17060.3281156463,34824869.5152617,36978751.0747126,16.4247199398946,15.6255460534842,0.488140730659885,4119.20448545793,4097.80618625185,8382.42911781669,8275.49263754094,2292.93788059748,3298985.87658397,3281845.48094548,-0.335628722615225,0.401633298772213,10.38693678742,-2.41670522695716,-1.09130275689987,9.8774296109223,2.35842015696667,2.34196971824663,1.39014113529222,1.29436505508033,22112.3002411764,500201048508026,0.0276357172827847,2.88817851827142,5.8856646579819e-17,35.215,0,10,0,0,1,0,0
0.24,0.334316717971396,-0.341298440880843,30.0279695596221,5.88039824691389,5.75170280614494,-1.74637921879429,1.1487548085332,-4.28804039179765,6.0026138462918,58.6876596641021,98.9901052888244,-113.1309920071,18.0724050573774,-29733.0636925965,-24472.8935882568,-725599.649948936,276892.03637617,17351.329234912,36007843.2758677,38397475.579833,98.655788570853,-112.789693566219,-11.9555645022446,-29738.9440908434,-24478.6452910629,-725597.903569717,276890.887621361,17355.6172753038,36007837.2732539,38397416.8921734,16.4932687310927,15.6897028956046,0.489993378697066,4136.11957889367,4114.91003516488,8444.45924696822,8337.66888231691,2313.4820056746,3409485.62656086,3391477.07073866,-0.279659668274935,0.389128659802656,10.3167191942195,-2.46270279260055,-1.19959360099547,10.1707461636845,2.35863111102024,2.34216340990387,1.39015307810699,1.32127646035091,22424.1155636154,534267381234498,0.0340551429450315,2.88865307362402,5.88778387011585e-17,32.926,0,10,0,0,1,0,0
0.245,0.325686232060581,-0.335748408208528,30.0125275177884,5.79579478073971,5.60661983113411,-1.73170451532253,1.08530484722997,-1.83623720375874,8.23336527445176,65.3956459947289,97.1713786736581,-112.312456313183,17.718385037779,-29458.3600961363,-24021.6209082982,-738882.919738804,281629.616238433,17402.6582489475,37192055.3095648,39819275.1530096,96.8456924415975,-111.976707904975,-12.2941424800093,-29464.155890917,-24027.2275281294,-738881.188034289,281628.530933586,17404.4944861512,37192047.0761995,39819209.7573636,16.5551818136268,15.7475717886312,0.491667307783274,4151.37665333255,4130.35800385888,8505.27540205263,8398.66854875663,2333.70965904592,3519870.66454135,3500964.282928,-0.269757701171572,0.305305598269638,10.1266652744967,-2.53727461459955,-1.16442893051545,10.3444612553419,2.35884510818834,2.34235991095227,1.39016498644668,1.35625850962485,22994.3502927315,569418588319694,0.0417597778395213,2.88913538246973,5.88993255858467e-17,31.568,0,10,0,0,1,0,0
0.25,0.317115797495664,-0.330423401710105,30.0093922415761,5.71784804879966,5.46570425440684,-1.72301336543009,1.05879328786021,0.592906863164365,16.6232909042267,73.7263535527243,94.5979715213248,-110.906602970686,17.8178188468282,-29143.880397401,-23526.5814623412,-752242.846625969,286451.787915387,17410.349771185,38351427.9801765,41232358.9682176,94.2808557238291,-110.576179568976,-12.1915733947479,-29149.5982454498,-23532.0471665956,-752241.123612603,286450.729122099,17409.7568643218,38351411.3568856,41232285.241864,16.6107330072904,15.7994176891557,0.493169734196638,4165.04559115983,4144.21843868402,8564.98620910791,8458.59476032468,2353.62955186037,3630010.67750817,3610175.99625456,-0.458565554163686,0.368994193321666,10.2458356665124,-2.65831286017991,-1.20027900529815,10.4049281831527,2.35906177666424,2.34255888787784,1.39017685676424,1.34159241491581,22947.3230794085,605607761587421,0.0509640065917761,2.88962453622882,5.89210719885336e-17,32.467,0,10,0,0,1,0,0
0.255,0.308581795806055,-0.325150958788132,30.0178474809211,5.64155603497497,5.32652493839651,-1.7179278853041,1.06519002887767,2.75995645518099,30.4736767704898,83.6046108755319,92.6746657499191,-109.467610589435,17.9984946991926,-28786.6704718674,-22978.9565747724,-765222.830889873,291178.670419098,17257.8551549757,39506717.003724,42691895.0400898,92.366083954113,-109.142459630647,-12.0193527817286,-28792.3120279023,-22984.2830997108,-765221.112961988,291177.605229069,17255.0951985205,39506686.5300473,42691811.435479,16.6602174895988,15.8455259216003,0.494508482443235,4177.20164484893,4156.56501515304,8623.70098944759,8517.55114447644,2373.25000249953,3739777.09428268,3718982.91580557,-0.355442844194139,0.388585523063904,10.427577697689,-2.98289830820447,-1.08558672475591,10.760603370326,2.35928072940067,2.34275999322871,1.39018868536389,1.71767584174236,22793.9614801268,642783040251125,0.0619101816583165,2.89011958874574,5.89430411583479e-17,33.486,0,10,0,0,1,0,0
0.26,0.300054386647407,-0.3197818567644,30.0360843107428,5.5623674441719,5.18710220706792,-1.72126574799466,1.09905039362525,4.47195874487737,48.1494999624247,93.948962975839,89.9091776085488,-107.891034443997,17.8576360527083,-28387.8334412852,-22387.0103726658,-778299.147955536,295845.872238272,16838.1409409629,40652350.3609269,44128122.807867,89.6091232219014,-107.571252587233,-12.1784482580345,-28393.3958087294,-22392.1974748729,-778297.426689788,295844.773187878,16833.6689822181,40652302.211427,44128028.858904,16.7039519374812,15.8862023393111,0.495691986237234,4187.92547948957,4167.47677333883,8681.52952004553,8575.64162226399,2392.57896234167,3849043.26134083,3827257.76549291,-0.475751477878317,0.401594494695755,10.3873275761222,-3.01008746193069,-1.01626000122777,11.1425963962256,2.35950156586666,2.34296286714505,1.3902004684185,1.86541565269664,23079.7911921911,680888618469360,0.0748710642696988,2.89061956056358,5.8965195001246e-17,32.907,0,10,0,0,1,0,0
0.265,0.291486831531396,-0.314199457959826,30.0614770026671,5.47626319438042,5.04534670133452,-1.73490264997403,1.15252796961912,5.59803360905618,66.9473025196161,103.181557583768,87.3506376246423,-106.447602456532,17.6538089576508,-27946.8609428286,-21744.7253748576,-791136.536442237,300369.905731106,16278.0389110369,41799185.6050847,45591815.6168582,87.0591507931109,-106.133402998573,-12.4076680450163,-27952.337206023,-21749.7707215589,-791134.801539587,300368.753203137,16272.4408774278,41799118.6577822,45591712.4353006,16.7422745264129,15.9217733537575,0.496729285709945,4197.30318052865,4177.03811768915,8738.58176135834,8632.97016812706,2411.62403921148,3957684.63280337,3934875.49416031,-0.456725294110703,0.315713829501435,10.308599503706,-3.26254381325898,-0.955304057790652,11.2461459428431,2.35972387391843,2.34316713899039,1.39021220198801,2.23190420759236,23446.8831639133,719864358604150,0.0901523222262695,2.89112344348039,5.89874942536058e-17,33.157,0,10,0,0,1,0,0
0.27,0.282835134476633,-0.308329734921929,30.0909169357043,5.3807460962559,4.89967594289214,-1.75578103483543,1.21610125369232,6.07747834502729,84.1426031141444,110.838213843753,84.888608736667,-104.578403226366,17.6734354150362,-27466.4361408371,-21051.1048761382,-803767.656026604,304931.121966837,15722.342105493,42920616.6282348,47083991.0334552,84.6057736021904,-104.270073491444,-12.4174815206681,-27471.8168869334,-21056.0045520811,-803765.900245569,304929.905865583,15716.2646271479,42920532.4856317,47083880.1952413,16.7755447786465,15.9525858233874,0.497630020618538,4205.42622449553,4185.33877917672,8794.96755581682,8689.6405427943,2430.39251875383,4065578.97140192,4041713.49193624,-0.336536723662009,0.323666696419012,10.3837439902466,-3.37448221107758,-0.995725056013213,11.2453225484078,2.35994723177097,2.34337242907349,1.39022388203899,2.42723253192141,23501.1331513772,759645192939498,0.1080950682728,2.89163020535599,5.90098986659146e-17,35.877,0,10,0,0,1,0,0
0.275,0.274070286007721,-0.302145768030201,30.1211660896121,5.27488213465391,4.74904382488184,-1.78088902884406,1.28013731012695,5.91949640810239,97.3037687561879,116.211517784505,82.3494038859069,-101.937439170589,17.7438387751336,-26948.1170594309,-20305.9465637279,-816244.933527537,309637.640771442,15164.441394595,43997841.4740029,48595813.913705,82.0753335998991,-101.635293402559,-12.3773273144785,-26953.3919415655,-20310.6956075528,-816243.152638508,309636.360634131,15158.5218981869,43997744.1702341,48595697.7021872,16.8041432521906,15.97900679353,0.498404419331523,4212.39141044153,4192.47373770064,8850.79630048341,8745.75600243387,2448.89138394312,4172606.55741387,4147651.81364139,-0.172664291812069,0.543982607975444,10.4930410623188,-3.38328515830889,-0.940597995388979,11.3327489527226,2.36017121005637,2.34357835044882,1.39023550446498,2.68792474004259,23483.4527261148,800163366209176,0.129078421757529,2.89213879513475,5.90323671952844e-17,31.256,0,10,0,0,1,0,0
0.28,0.26518174699476,-0.295664077752389,30.1491903772469,5.15936829585248,4.59324693881527,-1.80576292281343,1.33663422942975,5.1955455463122,104.669496441059,118.627930204159,78.4774988118406,-101.0542968873,17.5056581816578,-26384.24896824,-19512.8588139932,-828962.919447227,313676.465358174,14533.2906075302,45155160.3406398,50058403.0679459,78.2123170648458,-100.758632809548,-12.6435321955892,-26389.4083365359,-19517.452060932,-828961.113684305,313675.128723945,14528.0950619838,45155055.6711433,50058284.4400157,16.8284710623318,16.0014230787249,0.499063283378167,4218.30074982004,4198.54310269095,8906.17659762878,8801.41898740262,2467.1273329165,4278650.40273963,4252573.40624454,-0.392559440855162,0.109695371047526,10.3844753574187,-3.3471993944943,-0.667371407207169,11.3932492795753,2.36039537395326,2.34378451078321,1.39024706510761,2.28159402977766,23864.4388729332,841346618411372,0.153522075601136,2.8926481480469,5.90548582054113e-17,30.77,0,10,0,0,1,0,0
0.285,0.256185267407684,-0.288936005803371,30.1724391519549,5.03605722683004,4.43277811538916,-1.8242819548565,1.37952311320231,4.02575410665326,106.10829464863,118.203958010464,75.4073090857946,-97.4538330112122,17.7169468475481,-25785.8701652453,-18664.2330059156,-841242.431077467,318470.166439656,14125.1380017916,46165899.7474493,51595000.0832551,75.1511238183869,-97.1648970054088,-12.4554923044068,-25790.9062224721,-18668.665784031,-841240.606795512,318468.786916543,14121.112247685,46165793.6391546,51594881.8792971,16.8489492278108,16.0202406790103,0.499617967363502,4223.26131257343,4203.65194994762,8961.21588721863,8856.73079413872,2485.10679529914,4383596.46746968,4356364.33754225,-0.267652796944203,0.551577549883482,10.5898848163219,-3.70107617671644,-1.05440017589329,11.1822044113159,2.36061928537102,2.34399051427456,1.3902585597783,2.82129169433225,23616.0164987596,883122488273527,0.181888850261659,2.89315719094833,5.90773296724894e-17,32.187,0,10,0,0,1,0,0
0.29,0.247120951287929,-0.282029483200391,30.1890493096144,4.90733205971283,4.26881140698105,-1.83280753072864,1.40825371948917,2.56261856646001,102.819765742725,115.50058526148,71.6068047660751,-95.564781247542,17.3954903330414,-25143.2577806572,-17763.5729079015,-853567.348085431,322592.333609519,13640.439392484,47258858.7233655,53109585.412582,71.3596838147872,-95.2827517643416,-12.7935589765731,-25148.1651127169,-17767.8417193085,-853565.5152779,322590.925355799,13637.8767739176,47258755.9035997,53109469.9119967,16.8660178342885,16.0358840220554,0.500080354069982,4227.38502728696,4207.9101128755,9016.02006550961,8911.79123391577,2502.83594717171,4487333.8764607,4458914.02342129,-0.316409945059021,0.354670971842785,10.4295909023543,-3.70345159638071,-0.547989061847385,11.2493244297318,2.36084250517173,2.34419596360867,1.39026998428028,2.62796040178596,24063.0129950787,925410943580614,0.214687216464333,2.89366484775757,5.90997393955228e-17,36.925,0,10,0,0,1,0,0
0.295,0.238039710936258,-0.275001884915575,30.1979621448705,4.7763989315203,4.10403978835927,-1.83056802578312,1.42765197899899,0.9727259754491,94.2396238022715,108.305371686533,68.1680683227793,-92.7733695514864,17.6497780031421,-24460.6881266361,-16807.4532710358,-865600.125751906,326874.186792165,13471.9426874419,48294952.0115825,54680362.10858,67.930028611843,-92.4983676665708,-12.5481841417284,-24465.4645255676,-16811.5573108242,-865598.29518388,326872.759140186,13470.9699614665,48294857.7719587,54680253.8032083,16.8801350084915,16.0487950236108,0.500462824591965,4230.78843342386,4211.43192646478,9070.69309412275,8966.69828231911,2520.32072481493,4589755.13361246,4560115.45124988,-0.171372365408228,0.412563842295321,10.6689555913567,-3.87896228296246,-0.6855471576267,10.9286337011136,2.36106459541228,2.34440046193928,1.39028133443095,2.74854379491017,23718.0128147444,968132861654683,0.252473768915665,2.89417004494662,5.91220452094123e-17,31.47,0,10,0,0,1,0,0
0.3,0.229026293455916,-0.267911007603442,30.1989481885883,4.64516939702846,3.94069243733153,-1.80482149341471,1.43292554906002,-0.581516119259331,85.4975119855037,100.720964082666,63.4523877504954,-90.7957835265822,17.1178699759943,-23734.0125589762,-15797.8414988625,-877842.76643308,330748.866681775,13164.2218013151,49370382.896531,56191052.7060695,63.2233614570395,-90.5278725189788,-13.081078212594,-23738.6577283732,-15801.7821912998,-877840.961611587,330747.433756226,13164.8033174344,49370297.3990191,56190951.9851054,16.8917756974482,16.0594319596093,0.500778223380733,4233.59238388301,4214.3359226225,9125.33660408446,9021.54772340877,2537.56683735229,4690756.33171307,4659865.39713704,-0.380037168178585,0.135931848873692,10.3686815806857,-3.86031928039357,-0.556817886677267,11.005994116288,2.36128512158855,2.34460361487605,1.39029260608417,2.5295303474925,24409.1779721508,1.01120624323233e+15,0.295855634128732,2.89467171704191,5.9144205199148e-17,35.365,0,10,0,0,1,0,0
0.305,0.220175975603495,-0.260794913763239,30.1925536344733,4.51441857803131,3.78066538108063,-1.76422556193942,1.43705201053379,-1.95477047190624,77.5490677637777,92.4047850193479,59.5021068453269,-87.5624836323372,17.1719211369675,-22966.814340708,-14731.3006221971,-889666.061102593,334881.252809748,13174.06797388,50365165.8326472,57783373.9805219,59.2819308697234,-87.301688718574,-13.0206324975058,-22971.328759286,-14735.0812875782,-889664.296877031,334879.815757738,13176.0227443519,50365088.2835794,57783281.5757369,16.9014302485562,16.0682681444227,0.501039818116375,4235.92169642954,4216.74447579084,9180.04949939285,9076.43279259374,2554.57977839977,4790237.35590028,4758064.63499949,-0.256959892268392,0.233438036152256,10.4809497434069,-4.1961186180792,-0.767621820874318,10.55402124834,2.36150365486414,2.34480503246573,1.39030379515245,2.9794525488087,24279.1337869799,1.05454895198448e+15,0.345492796774026,2.89516881209196,5.91661779134505e-17,30.426,0,10,0,0,1,0,0
0.31,0.211552024329555,-0.25364350443492,30.1799809329947,4.38432640607979,3.62585352319764,-1.71299611688895,1.44650927569908,-3.03199629080941,71.2179229539981,83.4484231755186,55.1441312005523,-84.3963319455204,16.7772230875417,-22158.4904625893,-13609.0153691598,-901443.910694211,338847.799212109,13131.9028696964,51354811.2715303,59367621.3433014,54.9325791762227,-84.1426884410855,-13.4027578454529,-22162.8747889954,-13612.641222683,-901442.197698094,338846.352702833,13134.9348659872,51354740.0536073,59367537.8948782,16.9096027878807,16.0757904113031,0.501261254369394,4237.9047529509,4218.78339820356,9234.9275646739,9131.44382225195,2571.36483682063,4888102.07897167,4854618.13558271,-0.194562923744063,0.254726140409116,10.2908191529813,-4.18966172708725,-0.599373721420338,10.5414907252636,2.3617197742657,2.3450043311511,1.3903148976289,3.0567771652299,24742.3541354236,1.09807224036142e+15,0.402100330647765,2.89566029705768,5.91879225761758e-17,32.082,0,10,0,0,1,0,0
0.315,0.203203761648741,-0.246429236958025,30.1629163223865,4.25433953892668,3.47748954793203,-1.65259415540205,1.46193209230824,-3.73632106953229,67.882391650232,75.3620408186149,50.574217896113,-80.9619682410156,16.7399220159016,-21309.6109062377,-12429.9339592989,-913121.274615395,342754.376022218,13285.3253078197,52318333.1359108,60968249.054988,50.3710141344643,-80.7155390040575,-13.4229943064849,-21313.8652457766,-12433.4114488468,-913119.622021239,342752.914090126,13289.0616288892,52318265.2535192,60968173.6929472,16.9168093961143,16.0824973929494,0.501456505069737,4239.67304599492,4220.58148463827,9290.06308143453,9186.66789408688,2587.92710667377,4984258.54696713,4949435.25379662,-0.129511763129194,0.314749542550607,10.3518352337918,-4.24208431460414,-0.507518867619826,10.2619361652265,2.36193306882796,2.34520113569307,1.39032590960859,3.15472313314965,24700.1642598612,1.14169554462708e+15,0.466450522426216,2.89614516308387,5.9209399293857e-17,31.991,0,10,0,0,1,0,0
0.32,0.19516374191582,-0.239121467880421,30.1433292692208,4.12363797034444,3.33616786197932,-1.58837678450704,1.48398457088817,-4.03231179644342,67.3991371244468,68.499043674872,45.7438965747306,-78.1962353288059,16.5980251092752,-20419.5675944013,-11193.9725657768,-924717.558666339,346306.684158058,13445.0823158766,53314137.3087144,62570988.4124103,45.5487328328147,-77.9571138609255,-13.5453041599456,-20423.6912323716,-11197.3087336388,-924715.970289555,346305.200173487,13449.114627673,53314069.9095773,62570919.9133666,16.9235760840509,16.0888976024699,0.501639814864658,4241.36067266126,4222.27000712669,9345.54445729543,9242.18850211277,2604.27149643524,5078619.15364179,5042429.90294548,-0.0755790669598911,0.0958006140544782,10.3473075844,-4.28747581911031,-0.378106439675331,10.2752805297936,2.36214313967179,2.34539508104177,1.39033682730928,3.22068345719502,24787.7369248247,1.18532711116412e+15,0.539374878736597,2.89662243061064,5.9230569257797e-17,32.177,0,10,0,0,1,0,0
0.325,0.187442723518775,-0.231696346443536,30.1232641742764,3.99157254910951,3.20195045114451,-1.52378298365057,1.50924540407012,-3.92574714341702,69.3632440456936,63.2965735518027,40.1292982000336,-74.0360702988719,16.5816633241948,-19491.2269889758,-9901.78454084478,-936405.550955518,350166.016423332,13657.091229004,54207662.6240614,64141619.9642078,39.9418554765148,-73.8043739524283,-13.5416008500816,-19495.2185615249,-9904.98649129592,-936404.027172535,350164.507177928,13661.0169761475,54207593.2608174,64141556.6676342,16.9304365722457,16.0955073177748,0.501825639519368,4243.10377664682,4223.98216078955,9401.45587239439,9298.08523000431,2620.40273756485,5171100.80264622,5133520.7146551,-0.212413280888894,0.300704233914037,10.4318571379164,-4.34029398141106,-0.534359559526822,10.2659759606565,2.36234960199997,2.34558581414296,1.39034764709145,3.18225826813624,24684.2975339882,1.22888615685063e+15,0.621766009735785,2.89709115428695,5.9251394939196e-17,31.804,0,10,0,0,1,0,0
0.33,0.180037353100134,-0.224151143627662,30.1046437185584,3.85789901839549,3.07451295045761,-1.4610620860946,1.53257821405378,-3.45920144889574,72.8398976746526,59.740353946909,34.2513263551764,-70.8537438405801,16.4948939464945,-18523.4292907402,-8553.17692872448,-948024.022554329,353579.449456399,13822.8783591721,55153847.2543799,65707770.3913047,34.0712890020763,-70.6295926969525,-13.6097497720638,-18527.2871897586,-8556.25144167494,-948022.561492243,353577.916878185,13826.337560621,55153774.4144823,65707710.6509507,16.9379298827582,16.1028482756356,0.502028580595689,4245.03994009026,4225.85246276737,9457.87694689384,9354.43344633514,2636.32539248257,5261625.05643099,5222631.18352536,-0.361816843796938,0.123439585377603,10.474817979495,-4.58326070599807,-0.262117252861197,10.3850182524407,2.36255208699614,2.34577299566716,1.39035836547721,3.2198069643093,24674.9077965959,1.27228736302667e+15,0.714579385301125,2.89755042764995,5.92718402758979e-17,32.358,0,10,0,0,1,0,0
0.335,0.172937553261937,-0.216511238883851,30.0891003748973,3.72297141597124,2.95336673950071,-1.40065633255287,1.5477229710866,-2.70525875308821,76.845045829281,57.6939125050288,28.8255199768702,-66.6574776756882,16.2238692568906,-17518.5364227028,-7146.70817279005,-959351.860352047,357186.440007341,13876.8292639675,56016870.1417597,67315098.9249716,28.6525824236082,-66.4409664368044,-13.8652311180068,-17522.2593941188,-7149.66153952955,-959350.459695714,357184.89228437,13879.5345227206,56016793.2967139,67315041.2310591,16.9465977544699,16.11144518527,0.502263315733139,4247.30752781697,4228.01610711655,9514.8824332061,9411.30402096491,2652.04386201316,5350118.27109402,5309689.79576135,-0.279151030748206,0.24296134012239,10.4040108068781,-4.83573273524772,-0.380008245151098,10.4949398500256,2.36275024361393,2.34595630164978,1.39036897916826,3.81071815306465,24896.9491250806,1.31543546426645e+15,0.818834962907333,2.89799938753832,5.92918708494498e-17,32.637,0,10,0,0,1,0,0
0.34,0.166133383245879,-0.208830963344717,30.0778487965299,3.58757331462782,2.83787675002365,-1.34204929338306,1.54921117189124,-1.75706788416773,80.6337943155748,56.9734564806565,22.8561953977139,-62.5249556704375,15.9482122351822,-16476.9604934212,-5683.00952634007,-970712.325478515,360646.506629426,13861.8455959002,56869075.8340013,68893620.3765095,22.690062014468,-62.3161247070928,-14.1296365613477,-16480.5480667358,-5685.84740309009,-970710.983429222,360644.957418254,13863.6026637844,56868995.200207,68893563.4030531,16.9569818974008,16.1218230753116,0.502544524952839,4250.04498764058,4230.60827952103,9572.54193617351,9468.7630655205,2667.56239235128,5436511.71658826,5394630.14125874,-0.30396787081278,0.293636650484181,10.3347063570778,-4.84840992855939,-0.198652436272957,10.5132515096067,2.36294374024457,2.3461354250315,1.39037948506259,3.78603824234404,25124.0713458801,1.35825643496387e+15,0.935618689481617,2.89843721820978,5.93114540512764e-17,37.146,0,10,0,0,1,0,0
0.345,0.159613963052672,-0.201184683939823,30.0716075154154,3.45293432788405,2.7275417935036,-1.28608216081181,1.5343506491573,-0.718228203670107,82.7261048621187,56.6085683080981,17.7537795583845,-58.524423562387,15.9341617309565,-15399.128596448,-4159.37048360072,-981668.658913341,363944.037448019,13856.6260719228,57714514.5242411,70550669.7347124,17.5941655953319,-58.3232388784472,-14.137445784459,-15402.5815307759,-4162.09802539422,-981667.37283118,363942.50309737,13857.3443001264,57714431.7981362,70550613.1261441,16.9696211056276,16.1345044923275,0.502886813505553,4253.39011151341,4233.76343671432,9630.91966401375,9526.87170055944,2682.88508159445,5520741.68190343,5477391.00883615,0.0436283736654505,0.253727141275034,10.4560715316067,-4.96604477531667,-0.0894852195198214,10.5449588826948,2.36313226625278,2.34631007708994,1.39038988026989,4.53848735976424,24993.2288404215,1.40066652306126e+15,1.06608388264498,2.89886315513785,5.93305592369379e-17,32.824,0,10,0,0,1,0,0
0.35,0.153368227021018,-0.193661301164598,30.0705721617681,3.32113361646695,2.62228994408994,-1.23190849821783,1.49986166142723,0.307519052370288,81.8190636311376,55.7566610860845,10.545222751065,-54.0733209648405,15.7613989263969,-14286.5140015434,-2580.57588280191,-993161.479710798,367266.889535238,13715.8448187744,58509459.5056118,72050751.5994514,10.391854524044,-53.8796596636759,-14.3091732353712,-14289.8351351599,-2583.198172746,-993160.247802299,367265.389673576,13715.5372997221,58509377.6865481,72050695.8427904,16.9850482527492,16.1500065735586,0.503304631888549,4257.47926350762,4237.61455658967,9690.07421237345,9585.68585160913,2698.01588588581,5602749.56502577,5557916.46451741,-0.246932292335782,0.322113622554876,10.4607404594016,-4.70180165421522,-0.0739985394725763,10.7708854024533,2.36331553337273,2.3464799887542,1.39040016212554,3.67248150360388,25066.7422859451,1.44258386505401e+15,1.21145249983871,2.89927648846669,5.93491578675621e-17,32.558,0,10,0,0,1,0,0
0.355,0.147389940043459,-0.186368216700758,30.0744377901177,3.19438009094622,2.52195704420357,-1.17841080560805,1.44154881605425,1.22543796491515,78.5385141547384,54.7592331044945,4.37051316218255,-49.734020179123,15.4761092735391,-13138.696410945,-941.924720248137,-1004196.25688371,370434.035043213,13458.3767672309,59295005.5527558,73633066.7516368,4.22312322213909,-49.5476519624222,-14.5983285165786,-13141.8907910359,-944.446677292341,-1004195.07847291,370432.593494397,13457.151329266,59294927.0142416,73633011.9924037,17.0037871981979,16.1688380211304,0.503812193758773,4262.44658181626,4242.29236606406,9750.0583833338,9645.25607585215,2712.95862520456,5682481.94766244,5636155.91296602,-0.1044844054345,0.307053352798785,10.4020911827303,-5.08649879516451,0.0523736188700718,10.8713983434666,2.36349327695708,2.34664491179588,1.39041032820316,4.63568291392877,25288.0012048863,1.48393013827603e+15,1.37301630688463,2.89967656610664,5.93672236377064e-17,34.394,0,10,0,0,1,0,0
0.36,0.141666245296499,-0.1794153510774,30.082464528925,3.07454259112105,2.4260752022539,-1.12938833092657,1.36263125848312,1.95780734540022,73.204294862227,53.695710406155,-2.70963437248318,-45.7272832529359,15.3605523861274,-11955.3015270088,754.299105946663,-1015391.84810277,373379.867621224,13194.8617830404,60087610.6837357,75151194.7339982,-2.85130061777967,-45.5478679018585,-14.7219121427977,-11958.3760695999,751.873030744409,-1015390.71871444,373378.504989965,13192.903975695,60087537.4794408,75151141.0382878,17.026349636916,16.1914960094642,0.504423392568323,4268.42316314519,4247.92455481467,9810.91904069253,9705.62742078413,2727.71698883773,5759890.65489003,5712064.14236206,-0.192613595099902,0.134216664125406,10.4581937678504,-5.03009860012976,0.0927672850795178,10.8912340996453,2.36366525707409,2.34680461989131,1.39042037632569,4.34604145669657,25274.3715427007,1.52463058245922e+15,1.55213796030298,2.90006279645751,5.93847325890634e-17,31.299,0,10,0,0,1,0,0
0.365,0.136161858046129,-0.172888368728588,30.0935774567384,2.96281061763397,2.33368777402404,-1.09008932077723,1.26969323028959,2.44947795395979,66.4702016520542,52.9898262770994,-9.43731587578351,-40.8434197859251,15.1465282928321,-10740.0140079132,2510.85830833782,-1026349.058661,376494.404359609,12848.6250376495,60791112.1313925,76698225.4750756,-9.57347773382964,-40.6705314171965,-14.9470491639063,-10742.9768185308,2508.52462056379,-1026347.96857168,376493.134666379,12846.1755596955,60791045.6611908,76698172.4852494,17.0532319288095,16.2184630618058,0.505151717838324,4275.53623897151,4254.6349839784,9872.69700231742,9766.83931571616,2742.29454056324,5834932.8000483,5785601.35318491,-0.078621685800589,0.218242696754031,10.4539302280106,-5.20683524780058,-0.0299985768519163,11.0036065699578,2.36383125944973,2.34695890955105,1.39043030457478,4.95339548784916,25386.0030730954,1.56461163283776e+15,1.75025202027888,2.90043465075141,5.94016632095895e-17,30.957,0,10,0,0,1,0,0
0.37,0.13081386101552,-0.166832317633063,30.1064883076507,2.8601502607537,2.24365800521357,-1.06639492292071,1.17251596756285,2.67097105204441,58.2639518507608,52.4935128266504,-17.2036686382536,-36.454112069204,14.7523117365975,-9491.11204159414,4324.48407478721,-1037507.27543924,379347.33555785,12412.9387303102,61512351.2497623,78157052.8968439,-17.3344824992691,-36.287279751571,-15.3541765710532,-9493.97219185489,4322.240416782,-1037506.20904432,379346.163041883,12410.2677592581,61512292.9858105,78157000.4033311,17.0849119477617,16.2502039354769,0.506010172064481,4283.90835411711,4262.5428997466,9935.42696983992,9828.9254965378,2756.69472357064,5907570.81534827,5856733.17152261,-0.238053330224311,0.0918116978229305,10.3249608702919,-5.17764275329948,0.10555792491221,11.0297890292144,2.36399109625261,2.34710760091445,1.39044011129879,4.7187918224714,25734.8979520933,1.60380446169067e+15,1.96886591350596,2.90079166500977,5.94179965177725e-17,36.708,0,10,0,0,1,0,0
0.375,0.12554298442225,-0.161253907971664,30.1198257465954,2.76675167948451,2.15449119643304,-1.0590296011294,1.0768008057376,2.61878823025412,49.8543940390655,52.8753082336847,-24.9056567632287,-31.7043724342948,14.8105518940877,-8210.89828918342,6198.85726788231,-1048518.20641241,382212.022119831,12126.6944725982,62181598.0687435,79633411.6895015,-25.031199747651,-31.5431185263231,-15.3092738525077,-8213.66504086291,6196.70277668588,-1048517.14738281,382210.945319025,12124.0756843679,62181548.2143495,79633358.8141933,17.1218459926298,16.2871625584214,0.507011189307337,4293.65655886829,4271.76216244567,9999.13749544335,9891.91396370806,2770.92086514324,5977772.46879723,5925430.64766821,-0.295386383631876,0.0476790507204264,10.5090175722383,-5.42864938344208,0.0267094121705389,10.9029275475526,2.36414460672235,2.34725053840806,1.39044979511908,4.85411130438832,25460.4300130004,1.64214717090646e+15,2.20956086702552,2.90113344161477,5.94337161319432e-17,34.989,0,10,0,0,1,0,0
0.38,0.120270213256535,-0.156127622259017,30.1322638850533,2.68194980013272,2.06453586512022,-1.06721055996415,0.989915871403183,2.31441118960689,42.4227490104272,54.5415282525068,-32.6783143468897,-26.0752263213685,14.3959727594295,-6903.11695077939,8134.20421152659,-1059414.20810192,385254.963499393,11689.281058654,62753389.0107021,81093366.3857704,-32.7985845601462,-25.9190986991095,-15.7362911256237,-6905.79890057952,8132.13967566147,-1059413.14089136,385253.973583522,11686.9666474644,62753346.587953,81093311.8442422,17.1644658043609,16.3297590616507,0.508166556558167,4304.89162640796,4282.40050212222,10063.8509850107,9955.82697301107,2784.97618112204,6045510.86816095,5991670.24088465,-0.290660559377774,0.266033574743769,10.3743303781281,-5.57726600802936,0.0306175130886517,11.0661460055205,2.36429165764226,2.34738759126825,1.3904593549348,5.35869291260435,25809.1335922412,1.67956694869522e+15,2.47399283576167,2.90145965049785,5.94488083246543e-17,30.223,0,10,0,0,1,0,0
0.385,0.114927122115893,-0.151392573911462,30.1426400016303,2.60424116615273,1.97222148499238,-1.08747510481434,0.91881005985973,1.80103899130882,36.8237421598725,57.4187438098747,-40.1341137012206,-21.2586789335438,14.1801791184835,-5562.90837722933,10133.9260364221,-1070078.6275451,387941.50653946,11351.3549272049,63368574.8753734,82586514.8342404,-40.2490408233365,-21.1072863596324,-15.9624608831467,-5565.51261839549,10131.9538149371,-1070077.54007,387940.5877294,11349.5538882136,63368538.0516313,82586457.4154966,17.2131757339724,16.3783869530949,0.509487338983536,4317.71730756484,4294.55881180226,10129.5837364399,10020.6810582065,2798.86378016987,6110764.45278378,6055433.79132058,-0.0927431923341693,0.167458694178351,10.3836833584642,-5.66356683293824,0.300810308752299,10.8881661862433,2.36443214365959,2.34751865392945,1.39046878992615,5.76673164642917,25871.1745806258,1.71601756577028e+15,2.76389344765782,2.90177002995211,5.94632620622978e-17,32.162,0,10,0,0,1,0,0
0.39,0.109469553608007,-0.146959409786674,30.1500517426659,2.53171615817627,1.87668523987537,-1.11348570770558,0.868040774784975,1.13872356359843,33.4912067721221,60.6944272400598,-48.5857683929942,-16.0810116059647,14.070072573547,-4194.65706246835,12193.0348806214,-1080925.97150352,390649.880462961,11095.0462980222,63926241.4365338,83993284.2971125,-48.6952379466022,-15.934052196178,-16.0799791691189,-4197.18877862652,12191.1581953815,-1080924.85801782,390649.012422186,11093.9075744586,63926207.9453271,83993223.6026853,17.2683501055019,16.433410477985,0.510983810134873,4332.22963478251,4308.33048943406,10196.3460115207,10086.4870843318,2812.58666785133,6173516.97416993,6116708.48014063,-0.152523607583754,0.156122285522322,10.4625665178621,-5.55231910099445,0.247084763891098,10.8376221878846,2.36456598745742,2.34764364628075,1.39047809955613,5.34943890461753,25778.3369471989,1.75143836638604e+15,3.08107099100754,2.90206438707872,5.94770690302735e-17,33.193,0,10,0,0,1,0,0
0.395,0.10389352184131,-0.142727079275121,30.153927496137,2.46183751519993,1.77754667012087,-1.13539068853177,0.837808068193258,0.398593854049652,33.0844914898493,64.3847430796928,-57.1010955571596,-10.5025900150835,13.7618873834082,-2800.29711177194,14314.4228182531,-1091658.83596261,393394.876819287,10822.8352216935,64420929.3408955,85386378.2523503,-57.2049890790009,-10.3598629358084,-16.3920401127288,-2802.75894928714,14312.645271583,-1091657.70057192,393394.039011218,10822.4366278395,64420896.256404,85386313.8676073,17.3303308160552,16.4951622091149,0.512665388161721,4348.51628674194,4323.80083903057,10264.1421393999,10153.2503300795,2826.14775054273,6233757.46629425,6175486.77899386,-0.147693535569959,0.247084759708083,10.4117295270687,-5.70319079236054,0.28069912421622,10.8476272688313,2.36469313978348,2.3477625137943,1.39048728357085,5.68873840140864,25937.9350498002,1.7857790773884e+15,3.42741146890299,2.90234259787983,5.94902236441131e-17,36.391,0,10,0,0,1,0,0
0.4,0.0982323350307926,-0.138593715638354,30.1540660855981,2.39259837879057,1.67583301949887,-1.14794074198524,0.828218740659163,-0.343538907109555,34.4932549824958,66.1649118053627,-65.3895727974813,-5.19647301022486,13.5340910441572,-1377.97109532243,16500.1940756587,-1102196.0799001,395969.023413731,10635.4630364198,64910175.6544201,86796603.8124415,-65.4878051325122,-5.05787929458651,-16.6199750414409,-1380.36369370122,16498.5182426392,-1102194.93195936,395968.195194991,10635.8065753269,64910141.1611651,86796537.6475297,17.39942521174,16.5639409071274,0.514540578988199,4366.65602422504,4341.04654069175,10332.9706493517,10220.9705973807,2839.54983918378,6291480.20665624,6231766.38998355,0.0197932266499028,0.210397981635089,10.4240595295429,-5.78581960884045,0.416250070725626,10.7237170877076,2.36481357934215,2.34787522753034,1.39049634199848,6.13552800331275,25971.5950534537,1.81900112926696e+15,3.8048797456606,2.90260460701331,5.95027230470957e-17,31.301,0,10,0,0,1,0,0
0.405,0.0925588260451226,-0.134476150626264,30.1506419326266,2.32224877434607,1.57326647230852,-1.14039074999948,0.831595952085446,-1.01449631038707,37.4543057185057,65.8375808962631,-74.7160413521282,0.227643799298843,13.3857106085893,70.0465815374876,18743.4225166036,-1112936.2604968,398498.111957766,10531.9107257522,65358312.7755335,88104647.764113,-74.8086001781733,0.362119949925107,-16.7649313240373,67.7243327631416,18741.8492501313,-1112935.12010605,398497.280361814,10532.9252220626,65358275.3212278,88104581.9265321,17.4759042736054,16.6400096863643,0.516616927302289,4386.71820659165,4360.13519802201,10402.8244303144,10289.6423460863,2852.79565288184,6346684.66911907,6285550.1773211,-0.0869959964786218,0.181025942297343,10.4892741492756,-5.7022080312086,0.421492216112288,10.6661463774831,2.36492731255697,2.34798178402395,1.39050527514687,5.69911866199965,25880.4524595561,1.85105705939604e+15,4.2155208095121,2.90285042722685,5.95145670949548e-17,31.133,0,10,0,0,1,0,0
0.41,0.0869794442053908,-0.130325201943816,30.1441762765475,2.24992420429577,1.4724319118205,-1.10992167622293,0.841887122898519,-1.54987705789765,40.893016138869,62.7752194116868,-83.9880002977246,6.07413834481499,13.1842781569685,1540.30911940217,21048.7126094267,-1123536.55473858,401082.816578896,10458.2230494772,65735765.5684344,89404760.6242629,-84.07497974193,6.2044635467588,-16.959898119579,1538.05919519787,21047.2401775149,-1123535.4448169,401081.974691773,10459.7729265351,65735724.6754183,89404697.8490435,17.5600011418294,16.7235945159372,0.518900976069439,4408.76239668894,4381.12496998997,10473.690914461,10359.254851443,2865.88782237762,6399375.46958395,6336846.0918456,-0.090820056914901,0.266518493336818,10.5254625446282,-5.8967122354831,0.432824777736861,10.6713782822899,2.36503437321123,2.34808220505969,1.3905140836,6.07429715969085,25849.033171066,1.88191632181488e+15,4.66146117472991,2.90308013849024,5.95257583283688e-17,31.814,0,10,0,0,1,0,0
0.415,0.0816067455152309,-0.126124252069895,30.1354767193871,2.17553769954978,1.37597148644434,-1.05687692922927,0.851964662600123,-1.90049605346151,43.8994628054481,57.1217153302551,-93.0783308239838,11.6572304852448,12.7194945709352,3035.98131695151,23417.0038791503,-1133957.76710828,403507.229516192,10329.9120767546,66104408.1329211,90700255.4112732,-93.159937569499,11.7833547373147,-17.4159821484518,3033.80577925196,23415.6279076638,-1133956.71023135,403506.377551529,10331.812572808,66104364.2334583,90700198.2895579,17.6519099995033,16.8148830786954,0.521398235119669,4432.83806017067,4404.06429255572,10545.5522819388,10429.7923819209,2878.82889338035,6449562.30554159,6385667.08957122,0.053503222132195,0.23021637269001,10.3915081785373,-5.98594739571101,0.560666154570147,10.6624615483707,2.3651348219752,2.34817653734051,1.39052276821315,6.63094918592371,26157.1980697402,1.91154639429852e+15,5.14491044549464,2.90329388684651,5.95363019339757e-17,41.9,0,10,0,0,1,0,0
0.42,0.0765400807343149,-0.121886324986237,30.1255484280013,2.09976212163969,1.2861547004326,-0.986263031105055,0.856967633403886,-2.03718754983454,45.8883334324656,49.7251572793644,-103.488480938826,17.2199286592792,12.5176811199547,4555.21852010302,25837.4549899635,-1144680.55847838,405851.00229269,10318.2983298442,66440806.6573849,91857171.7360647,-103.565021019561,17.3418149842655,-17.6078673080465,4553.11875798138,25836.168835263,-1144679.57221534,405850.145325056,10320.3355173941,66440760.7690515,91857122.0109074,17.7517853296877,16.9140240029528,0.524113159176262,4458.98436314191,4428.99169347511,10618.3856838341,10501.234394858,2891.62132977946,6497259.8905157,6432031.04538603,-0.180556419623631,0.157145200497432,10.4350589865324,-5.92377369788542,0.564450813500342,10.5005130451181,2.36522874582843,2.34826485205803,1.39053133010721,5.94805678012855,26096.9079606255,1.93992072420351e+15,5.66816306123324,2.90349188300276,5.95462056947022e-17,39.932,0,10,0,0,1,0,0
0.425,0.0718443282669462,-0.117640886603658,30.1154860109799,2.02361576278925,1.20445311910091,-0.907005750500412,0.855097073629984,-1.95365994233279,46.3707997477273,41.3476526016782,-113.019364460637,22.797609686056,12.1380284148555,6097.15016767444,28324.2313591223,-1155007.72670472,408126.289093287,10250.0488658799,66740735.2302345,93072475.1404678,-113.091208788904,22.9152505726597,-17.9774575961244,6095.12655191166,28323.0269060032,-1155006.81969897,408125.433996214,10252.0025258222,66740688.8594347,93072433.7928152,17.8597415512712,17.0211264734997,0.527049135500792,4487.23006984471,4455.9357016572,10692.1634804048,10573.5557473474,2904.26751673855,6542487.88437011,6475960.66297002,-0.0254922344595193,0.0601425692906953,10.3708292080344,-6.2468421792533,0.530988301218762,10.5371476458403,2.36531625738618,2.34834724437115,1.3905397706618,7.01077160123752,26265.8488076362,1.96701834823917e+15,6.2336002421903,2.90367440068306,5.95554799302273e-17,36.597,0,10,0,0,1,0,0
0.43,0.0675422609295013,-0.113420419252959,30.1063559908494,1.94818147206439,1.13133313104457,-0.827202104418487,0.846920508856381,-1.66736359628761,45.4658625514856,33.2907013778984,-123.171105478749,28.7334711733489,11.9082140211564,7658.11125894268,30866.878239394,-1165417.55524059,410440.567119411,10224.9416707982,66970628.543526,94204934.4401029,-123.238647739678,28.8468915926019,-18.198141969693,7656.16307747062,30865.746906263,-1165416.72803848,410439.720198902,10226.6090343945,66970583.0776634,94204901.1494016,17.9758530308733,17.1362602199047,0.530208481131071,4517.59353985337,4484.9148503812,10766.8534916516,10646.7269197956,2916.76976367725,6585270.82039143,6517483.38192857,-0.00668392268709457,0.0598718762658585,10.4121121322048,-6.17445952502518,0.47467800958125,10.4870344342433,2.36539749413884,2.34842383280048,1.39054809150772,6.85657226634239,26223.7274646069,1.99282427808192e+15,6.8436921506144,2.90384177476508,5.95641374284151e-17,31.162,0,10,0,0,1,0,0
0.435,0.0636173914868925,-0.109249226654518,30.0990827521794,1.87427792077283,1.06624055219547,-0.754651371124749,0.835186441420943,-1.21723685238033,43.7753451445036,26.7594968569158,-133.898054357955,35.2605372414081,11.6407429301446,9234.28393771991,33463.064472444,-1175893.77362093,412864.439721425,10161.6014958593,67107054.8050133,95249287.9285902,-133.961671749441,35.3697864680626,-18.4583398220348,9232.40965979914,33461.9982318918,-1175893.01896956,412863.604534984,10162.8187327117,67107011.0296681,95249261.1690934,18.1001544599312,17.259455871773,0.533592449493038,4550.08282204702,4515.93777165712,10842.4192573842,10720.7142496299,2929.13030714557,6625638.02998437,6556631.28304975,-0.109695321205157,0.239804001184642,10.4302649366908,-6.24091526781838,0.519324990029714,10.5610165774918,2.36547261761318,2.34849475854585,1.39055629451843,6.77315392155789,26226.0376990729,2.01732627171233e+15,7.50100028091483,2.90399439922246,5.95721933685504e-17,32.759,0,10,0,0,1,0,0
0.44,0.0600196854630075,-0.105134580065923,30.0943508811664,1.80221721598447,1.00784926279849,-0.695125907453276,0.82404360625287,-0.659452368902515,41.85120523446,22.3933434344502,-144.410195319232,40.537537524182,11.178213827192,10842.4854073328,36118.0223141391,-1186187.16265417,414808.71762842,9992.06864488145,67329583.4951473,96276099.3978582,-144.470215004695,40.6426721042479,-18.9161370539743,10840.6831901168,36117.0144648763,-1186186.46752827,414807.893584813,9992.72809725035,67329541.6439421,96276077.0045147,18.232641578528,17.3907056627969,0.537201245982265,4584.69584056352,4549.00337712187,10918.8203040602,10795.4801727182,2941.35131359508,6663623.56572706,6593440.99249348,-0.0591206595301259,-0.0453149240083343,10.3244952449188,-6.4320928295782,0.750399164469711,10.6261884400904,2.36554181246419,2.3485601847343,1.39056438180091,7.48116869302314,26484.7392061718,2.04052066386404e+15,8.20818008890385,2.90413272489448,5.95796652372168e-17,31.118,0,10,0,0,1,0,0
0.445,0.0566807545086604,-0.101067614120276,30.0925354677043,1.73178517772758,0.954347914114475,-0.650280261579229,0.815888894335351,-0.0605788896784267,40.5043881331361,20.5841225905827,-155.658080364472,47.1389803030085,11.0040055087439,12458.6425377397,38822.5762695763,-1196605.8387395,417091.396185901,9880.16489025908,67384695.6036714,97199340.6211682,-155.714761118981,47.2400479171288,-19.0885299589603,12456.910752562,38821.6219216621,-1196605.18845924,417090.580297007,9880.22546914876,67384655.0992832,97199320.0370456,18.373272220744,17.5299644584412,0.541034051942342,4621.42066609271,4584.10111917085,10996.0124158346,10870.983470186,2953.43488205075,6699266.12343115,6627953.58560598,-0.192903760606389,0.10834549216946,10.4162355100515,-6.46688594542128,0.510235457471355,10.5744552690998,2.36560528550564,2.34862029560541,1.39057235568596,7.11347992741841,26346.1576686044,2.06240289554586e+15,8.96798386723315,2.90425725710337,5.95865727376093e-17,36.15,0,10,0,0,1,0,0
0.45,0.0535298441988933,-0.0970311756976804,30.0936697469549,1.66226834235779,0.903794276370989,-0.619422605690256,0.811718629665524,0.510385320040318,40.411793484801,21.2097840894589,-166.718143817886,52.8143899562736,10.7407847381737,14103.445796347,41582.7819351019,-1206857.73073634,418992.389207372,9689.56848563537,67494916.9845192,98098215.1650621,-166.771673662085,52.9114211319713,-19.3528850087811,14101.7835280046,41581.8781408255,-1206857.11131373,418991.577488742,9689.05810031533,67494876.5727257,98098193.9552781,18.5219676505788,17.6771510761763,0.54508905632175,4660.23586430526,4621.2113245957,11073.9479074474,10947.1795184618,2965.3830466872,6732608.96373568,6660214.49092822,-0.187206751130218,-0.0893092069649375,10.4536303211785,-6.68847126922414,0.7186206498856,10.7223256070344,2.36566326468765,2.34867529564106,1.39058021871781,7.76542000966302,26326.5389339128,2.08297962926861e+15,9.78326387080855,2.90436855313973,5.95929376930765e-17,33.594,0,10,0,0,1,0,0
0.455,0.0505040293183093,-0.093007143900275,30.0974533943345,1.59320725718124,0.854707811038796,-0.600041223530362,0.810916647029362,0.990164360609622,40.7870749011512,23.1169466888312,-177.632070152825,59.942693409914,10.3471583413206,15750.7826955662,44397.1596449804,-1216962.15727665,421273.175020459,9409.61092211907,67420892.0863601,98963663.7855691,-177.682574182143,60.0357005538143,-19.7502950530139,15749.189488309,44396.3049371694,-1216961.55723542,421272.364103812,9408.62075775846,67420851.2992852,98963640.6686224,18.6786141529891,17.8321498625174,0.549363494172476,4701.11091198548,4660.30559187392,11152.5758967881,11024.0205405574,2977.19777931265,6763699.83363677,6690273.39483091,-0.0586117711842668,0.202615871145762,10.4090192536792,-6.76665700092551,0.569610225694778,10.8107823191002,2.36571599802847,2.34872540864608,1.39058797364341,8.23025470915669,26468.1069536671,2.10225971039897e+15,10.6569756920414,2.90446721963383,5.95987839456195e-17,35.253,0,10,0,0,1,0,0
0.46,0.0475625805964863,-0.0889974257231631,30.1033004218006,1.52420391650868,0.806044586692226,-0.585654439221915,0.806028666812891,1.32874741111961,42.0638202411554,25.8577398674695,-188.920570009115,66.2453960871301,10.2669707618176,17423.3012437044,47259.9091222287,-1227091.83054391,423204.399132747,9206.33098880445,67391340.979122,99751869.302716,-188.968132589712,66.3343935128532,-19.836329659983,17421.7770397879,47259.1030776421,-1227091.24488947,423203.59310408,9205.00224139333,67391298.9153018,99751843.4449761,18.8430648414009,17.9948124878406,0.553853691065436,4744.00667057027,4701.34724246297,11231.8425752097,11101.4558567768,2988.88099176406,6792590.88821736,6718184.14706441,0.0061421817182908,0.181664545466964,10.5796903930442,-6.71903101687609,0.920335090589569,10.8044583145907,2.36576375250755,2.34877087678564,1.39059562340122,8.25823662208798,26187.6487081447,2.12025367621273e+15,11.5921818830664,2.90455390983095,5.96041372500477e-17,34.257,0,10,0,0,1,0,0
0.465,0.0446906191496912,-0.0850311739011669,30.1104203336703,1.45540020788766,0.757414549380402,-0.572275645279172,0.793512817732477,1.49503410290115,43.0612425757726,28.2440845120496,-200.050767871763,72.4057875180307,9.59542078884799,19113.4047145538,50172.03578923,-1237073.71281329,425012.747631798,8771.53699712359,67335157.7862375,100488243.028246,-200.095458490913,72.4908186919319,-20.5149995448223,19111.9493143459,50171.2783746806,-1237073.14053765,425011.954118981,8770.04196302069,67335114.724995,100488214.784162,19.0151416412338,18.1649599180615,0.558555112441163,4788.87590630131,4744.29181599719,11311.6914739005,11179.4321332523,3000.43453821644,6819338.61269424,6744004.66735893,0.194958101780959,0.0912164316385856,10.3525445453357,-6.73512899034276,0.950695055109282,10.9984371980016,2.36580681292627,2.34881195958543,1.39060317110976,9.05863176355843,26699.0243759613,2.13698091980658e+15,12.592055816802,2.90462932078611,5.96090251644346e-17,30.961,0,10,0,0,1,0,0
0.47,0.0418942810709264,-0.081158834443919,30.1179210318418,1.38762374637434,0.709093796601592,-0.555360556285901,0.768264817923131,1.47981599953117,42.9709597098356,29.5629326621767,-212.795314131899,78.8401349012251,9.25770243696386,20814.4717294623,53111.7655783653,-1247481.97610913,426837.324406054,8450.23313199403,67207930.5334809,101011701.605147,-212.83720841297,78.921293735669,-20.860218594878,20813.0841057159,53111.0564845687,-1247481.42074858,426836.556141236,8448.7533159945,67207887.5625212,101011672.042215,19.1946374084743,18.3423845217532,0.563462416889023,4835.66384606266,4789.08759916168,11392.0637248736,11257.8936269156,3011.86021740978,6844003.74474375,6767796.85305181,-0.128055476508515,0.0801726905284123,10.3453592497186,-6.62530182755421,0.907299115309052,10.7736184795057,2.365845480742,2.34884893289951,1.39061062005585,7.84439015910902,26748.3133221083,2.15246521877221e+15,13.6598857761992,2.90469419049268,5.96134769374568e-17,33.128,0,10,0,0,1,0,0
0.475,0.039198674362326,-0.0774492365552454,30.124918945213,1.32229716650765,0.661861681616066,-0.531769632421133,0.727924454574558,1.29566583193396,40.8623063203191,29.239945306506,-224.55229724668,84.660347231678,8.77303414680039,22536.0213626815,56106.4187810482,-1257487.15539653,428400.62031052,8083.79564743625,67098900.7236474,101579647.798866,-224.591495921042,84.7377964682332,-21.3518847984126,22534.699065515,56105.7569193666,-1257486.62362689,428399.892386066,8082.49998160431,67098859.861341,101579618.558921,19.3813181430575,18.5268522720216,0.568569512352684,4884.30875817461,4835.67617819903,11472.8983153782,11336.7824257267,3023.15977479666,6866651.1969045,6789626.48755386,-0.0405729916237832,-0.164640055056781,10.2480899342861,-7.03801514212327,0.942456841658664,10.7495193890073,2.3658800728806,2.34888208785055,1.39061797368259,9.20392246914022,26998.4432617639,2.16673005889095e+15,14.7990792559677,2.90474929495778,5.96175233931488e-17,32.357,0,10,0,0,1,0,0
0.48,0.03664261811695,-0.0739773492350992,30.1306420133213,1.26109631467266,0.616787684844047,-0.499107625688064,0.672347187968245,0.974225419108905,36.7389226835328,27.3791794939527,-236.782837643338,92.0607235602312,8.82550370800353,24247.6906161319,59139.6357888917,-1267562.38338911,430409.238417757,7929.84768360203,66780061.1119948,102055804.383464,-236.819480261454,92.1347009094663,-21.3051383053178,24246.4295198172,59139.0190012069,-1267561.88428149,430408.566070569,7928.87345818292,66780024.3730721,102055777.004284,19.5749252586214,18.7181050043222,0.57386961429111,4934.74254790599,4883.99300545573,11554.1323347807,11416.0386831969,3034.33490461387,6887349.97868651,6809563.14929861,-0.0655026516634311,0.139164286476894,10.5160995620994,-7.03415722137796,0.737961241792661,10.6197453579664,2.36591092053177,2.34891172974664,1.39062523557727,8.77943759091994,26498.2252260987,2.17980770573056e+15,16.0131674574395,2.90479544523535,5.96211968135338e-17,38.308,0,10,0,0,1,0,0
0.485,0.0342704955941451,-0.0708065296645381,30.1345132602461,1.20555834314464,0.574992079568149,-0.457532386504775,0.606347941245014,0.561222467232383,30.5071813221681,23.9014064763341,-249.609289758125,97.8500504954701,8.48217672927139,25988.693877634,62202.9822582822,-1277737.42116355,431843.907059964,7666.57162051132,66580642.1730324,102396340.588754,-249.643560253719,97.9208570251346,-21.6523365309747,25987.4883192909,62202.4072662026,-1277736.96363116,431843.300712023,7666.01039804408,66580611.6658511,102396316.687347,19.7751778729069,18.9158626941807,0.579355304879033,4986.89135820208,4933.96797105219,11635.7012131999,11495.6008464501,3045.38725188125,6906173.11784185,6827680.12064707,-0.248598009823967,-0.140837200531856,10.5115816793322,-7.14496370248067,1.09168991943942,10.8456576913448,2.36593836793123,2.34893817697815,1.39063240945905,8.90246019166118,26542.6161720991,2.19173604442343e+15,17.3058099528149,2.904833484427,5.9624530819551e-17,31.761,0,10,0,0,1,0,0
0.49,0.0321253613212098,-0.0679734865477955,30.1362054041562,1.15684619701519,0.537622464305217,-0.407438026441874,0.53587396493351,0.109958265319655,23.184033039199,19.2975777689956,-261.641341857138,104.410491190068,7.98665617859044,27727.8632059163,65313.8126370156,-1287573.62716125,433470.72328368,7386.15328229645,66251970.7467756,102754693.668434,-261.673467218459,104.478464676616,-22.1495492255658,27726.7063597193,65313.2750145513,-1287573.21972322,433470.187409715,7386.04332403113,66251947.5627426,102754674.370856,19.9817750864875,19.1198257222844,0.585018592404575,5040.67616704975,4985.52597161226,11717.5389514029,11575.4058772674,3056.31841433132,6923197.58007484,6844054.29604838,-0.0972265848209882,-0.156240540198091,10.4146942027592,-7.41947343715999,0.85141525619182,10.7915287487595,2.36596277113236,2.34896175989783,1.39063949916659,9.92186942168326,26768.5153244892,2.20255182876032e+15,18.6807994907059,2.90486428465762,5.96275602506035e-17,31.726,0,10,0,0,1,0,0
0.495,0.0302443613511941,-0.0654815314729758,30.1356612848009,1.11519539743208,0.505507723744464,-0.350844907528314,0.468503271669885,-0.325725304211394,15.9278623424915,14.0123490543058,-274.601808280283,111.699761908535,7.77688801684757,29462.227320098,68448.1923344884,-1297626.35155639,435274.747491763,7247.93625527805,65797929.1865252,102956642.570275,-274.632052641634,111.765243440008,-22.3587732679534,29461.1121247006,68447.6868267647,-1297626.00071149,435274.278988492,7248.26198058226,65797913.2586629,102956628.557926,20.1943982214274,19.3296770984144,0.5908509701098,5096.01337395819,5038.58746896583,11799.5783416786,11655.3894657532,3067.12994427298,6938504.18629057,6858766.0885854,-0.230928034800266,0.0808384395658057,10.5087018113196,-7.35420830421361,0.881228770643443,10.6419680078212,2.36598449677054,2.34898281968646,1.39064650864558,9.22931525351837,26604.6828121074,2.21229878013117e+15,20.1420669105503,2.9048887440334,5.9630321043037e-17,31.965,0,10,0,0,1,0,0
0.5,0.0286520058936307,-0.0632981808562924,30.1330808045406,1.08006247319973,0.479252581588824,-0.29086227883753,0.411166232199785,-0.697705689856998,10.2196812780361,8.75334082730888,-286.571230841146,118.04279548022,7.3009643916969,31213.7161572445,71627.8641628295,-1307280.24779137,436717.51180477,7049.87789778224,65393230.5596716,103188300.806232,-286.59988284704,118.106093661076,-22.8321164128437,31212.6360947713,71627.3849102479,-1307279.95692909,436717.100638538,7050.5756034721,65393220.3399903,103188292.052892,20.4127129956851,19.5450846199969,0.596843473817768,5152.81536917,5093.06903279137,11881.7511796012,11735.4862364355,3077.82335039293,6952177.52630182,6871899.3338645,0.0342858450465037,-0.0249660957749177,10.4322813546388,-7.58011149130669,1.17038293276311,10.6885218133893,2.36600392082149,2.34900170720631,1.39065344193628,10.7173533714746,26787.4874818593,2.2210216819447e+15,21.693686128863,2.90490778358633,5.96328501077571e-17,29.972,0,10,0,0,1,0,0
0.505,0.027354423506978,-0.0613615667973727,30.1288779996533,1.04992538508631,0.458858130580441,-0.23182274988967,0.368847505600718,-0.969168178581466,6.85233182006686,3.94547107075888,-299.869107599953,125.064216458356,6.95425820915577,32958.6666183958,74818.6500411564,-1317282.86357374,438323.85464671,6929.11340622615,64866460.9929281,103208420.106386,-299.89646202346,125.125578025153,-23.1746197904976,32957.6166930107,74818.1911830258,-1317282.63175099,438323.485799205,6930.08257440473,64866454.1405963,103208416.160915,20.6363716134185,19.7657029454681,0.602986737792989,5210.99108038287,5148.88386224863,11963.988466771,11815.6299467805,3088.40009949841,6964305.86773798,6883541.19004441,-0.137108945426813,0.108130006014067,10.4375548648879,-7.40020878924531,1.11069910341094,10.5734405763081,2.36602142735544,2.34901878184385,1.3906603031609,9.6563498431088,26795.7231186631,2.22877634777774e+15,23.339879156264,2.90492234420924,5.96351852071781e-17,30.945,0,10,0,0,1,0,0
0.51,0.0263355210347581,-0.0595947247106705,30.1236156350172,1.02296074419017,0.443987248204298,-0.178367355164871,0.342676519525647,-1.11793463997259,6.02516935776032,0.00658935613101601,-312.505464188838,131.782541278451,6.55369506746592,34708.6283442204,78043.8546296319,-1326999.11892796,439779.879748206,6808.45125049659,64319863.5773271,103222741.023334,-312.531799709873,131.842136003162,-23.5699205675513,34707.6053834762,78043.4106423837,-1326998.9405606,439779.537071686,6809.56918513656,64319857.5521578,103222741.016744,20.8650147556538,19.9911755670167,0.609271048386829,5270.44649291446,5205.94228272624,12046.2206047768,11895.7536782475,3098.86161820497,6974981.05872814,6893782.03264113,-0.0371053157901925,0.131972847071832,10.414458084966,-7.66598895325769,1.29406803769358,10.5514794663777,2.36603740728785,2.34903441034283,1.39066709651108,10.6951664524243,26868.2094315066,2.23560677967412e+15,25.0850210992064,2.90493338358394,5.96373648316228e-17,31.238,0,10,0,0,1,0,0
0.515,0.0255577626368698,-0.0579266316598887,30.1179282707204,0.997241571261893,0.433555492899945,-0.134519255352934,0.329138357653588,-1.13771974592652,7.64539426092508,-2.67194918652873,-325.680684341668,138.474000504663,6.22979308764056,36458.2896616406,81283.9786425127,-1336816.45325391,441178.37140101,6724.92435879454,63723137.1632891,103102134.127769,-325.706242104305,138.531927136323,-23.8881351830799,36457.2924200693,81283.5450870198,-1336816.31873465,441178.042262653,6726.06207854046,63723129.5178948,103102136.799718,21.0982734599097,20.2211366714504,0.615686395122144,5331.08514034593,5264.15221486027,12128.3775807659,11975.7900201449,3109.20929457304,6984298.42276677,6902715.34259721,-0.100556913983093,0.147632614549329,10.4425249759518,-7.65680621790441,1.36594088053872,10.5151375428933,2.36605225712735,2.34904896562855,1.39067382623527,10.5023673314344,26836.1416460879,2.24157970697776e+15,26.9336450952377,2.90494187310368,5.96394280752597e-17,37.765,0,10,0,0,1,0,0
0.52,0.0249635678269736,-0.0563064739088468,30.1124444564018,0.971402470712237,0.426403385376261,-0.104337040000693,0.323565869613675,-1.03719944574037,10.5346752690924,-4.05944446096502,-338.510531406946,144.672503535987,5.8018197597823,38212.6811341337,84547.2778867499,-1346452.15608154,442375.732660177,6601.89919188947,63123582.4908495,102933473.854312,-338.535494974773,144.728810009896,-24.3106246966195,38211.709731663,84546.8514833645,-1346452.0517445,442375.409094307,6602.93639133521,63123571.9561743,102933477.913757,21.335770881233,20.4552128818242,0.62222251896929,5392.8085637063,5323.41961394364,12210.3891451214,12055.6712466597,3119.44447969695,6992356.6440182,6910437.58596874,-0.0149737388227067,-0.0090693390728942,10.4051631746165,-7.81525926578523,1.42746361014945,10.5432986850887,2.36606637772072,2.34906282562377,1.3906804966261,11.2983289689271,26939.0364320514,2.24675467479864e+15,28.8904471282701,2.90494879479016,5.96414145116171e-17,36.765,0,10,0,0,1,0,0
0.525,0.0244833195585962,-0.0547133253828446,30.107717115249,0.94494365403988,0.421060127159764,-0.0886153880327906,0.318514186584284,-0.837699506938042,13.7803919601937,-3.91507219058143,-351.885456741493,151.606318187721,5.82304547563803,39951.7940622011,87819.8821750133,-1356197.23622157,443773.679267184,6628.69865794818,62390478.8052713,102634832.264934,-351.909940061051,151.661031513104,-24.284671639611,39950.8491185471,87819.4611148862,-1356197.14760618,443773.360752997,6629.53635745511,62390465.0248793,102634836.180006,21.5771239306087,20.6930248759967,0.628868957656551,5455.5167381896,5383.64887872193,12292.1849818506,12135.3294875335,3129.56848925043,6999257.6411787,6917048.08346352,-0.10458629406462,0.103651324170621,10.6715708119124,-7.82437302302711,1.31166301021016,10.5174538438085,2.36608017299517,2.34907637205627,1.39068711200776,10.910211291279,26443.2139384868,2.25118533446925e+15,30.9602906632388,2.90495513820534,5.96433640686954e-17,31.115,0,10,0,0,1,0,0
0.53,0.0240474786428975,-0.0531585279955226,30.1041696331735,0.918123334348697,0.416079270317602,-0.0865358568522221,0.308359219109276,-0.569262086650558,16.1710863569912,-2.28214611543216,-364.751598329716,158.097203850022,4.86353063743251,41689.707122513,91107.470886559,-1365698.28314119,444996.451397977,6283.28447695677,61646894.3604476,102273910.792832,-364.775645808359,158.150362378018,-25.240638995741,41688.7889991786,91107.0548072887,-1365698.19660533,444996.143038758,6283.85373904342,61646878.1893613,102273913.074978,21.8219447898213,20.9341888813934,0.635615087940295,5519.10846721802,5444.74322934773,12373.6948723638,12214.6968929382,3139.58260499219,7005106.42789705,6922648.86796499,0.00514955130693712,0.067980620830066,10.2754839379311,-8.01415105277989,1.46891270590145,10.8063080485057,2.36609404869718,2.3490899892582,1.3906936767233,12.1161738947999,27257.496838196,2.25494533193024e+15,33.1482110355918,2.90496189735668,5.96453169036603e-17,34.85,0,10,0,0,1,0,0
0.535,0.0235968420096789,-0.0516768456440583,30.1020631700973,0.891926884513966,0.410127644306395,-0.094746170488555,0.289208503024325,-0.266188816860339,16.6478159181273,0.540147624844029,-377.881166643562,164.854432719847,4.38261850988511,43414.4379490759,94401.4666353889,-1375219.99098602,446277.646074685,6087.35924450025,60817064.3842213,101809964.869308,-377.904763485572,164.906109565491,-25.7194446602122,43413.5460221913,94401.0565077446,-1375219.89623985,446277.356866182,6087.62543331711,60817047.7364054,101809964.32916,22.0698423045312,21.1783180479346,0.642450164832897,5583.48174436985,5506.60505493602,12454.8488533867,12293.7057931652,3149.4880762354,7010010.95766083,6927344.52810129,0.0307112636055013,0.140067521530957,10.2074380962649,-8.00414036095174,1.47448552333454,10.4337156043048,2.36610841112742,2.34910406295672,1.39070019512197,11.9466307901918,27435.5295956174,2.25811755848409e+15,35.4594195301948,2.90497006759453,5.96473132770766e-17,40.333,0,10,0,0,1,0,0
0.54,0.0230936122192219,-0.0503173504781158,30.1014860589977,0.867619186597924,0.402446895255254,-0.107948580370085,0.25916055035203,0.0372885754356496,15.3829252731001,3.98811753767167,-390.825799743408,171.286925600313,4.10896306621802,45132.4832668887,97703.4715502998,-1384616.48209595,447426.45863876,5940.17194157509,59962998.7165027,101281089.395831,-390.848893355627,171.337242950792,-25.9925229927797,45131.6156477021,97703.0691034045,-1384616.37414737,447426.19947821,5940.13465299965,59962983.3335775,101281085.407714,22.3204232595852,21.4250237033208,0.649363357849073,5648.53408428069,5569.13623172611,12535.5773697908,12372.2888537933,3159.28612128484,7014081.95099142,6931242.03587337,0.128414009749528,0.110644822823921,10.2807065684329,-8.08117267673679,1.59049176953729,10.3897043666496,2.36612366587116,2.34911897905597,1.39070667154644,12.4848071183346,27330.1509861,2.26074259845081e+15,37.8993070731471,2.90498064250027,5.96493934266507e-17,36.286,0,10,0,0,1,0,0
0.545,0.0225309102317797,-0.049124921115775,30.1023636602777,0.846502861463605,0.39278005086162,-0.118946778408386,0.221802782005064,0.310744496941237,12.1543334738747,7.29507071382927,-404.576644621793,177.854786557448,3.74933436685586,46835.6717156096,100994.088924531,-1394204.56156563,448594.237607145,5738.27989801033,59035731.0687698,100569723.20727,-404.599175532025,177.903911478564,-26.3530292934219,46834.8252127482,100993.69614448,-1394204.44261885,448594.015804363,5737.96915351338,59035718.9144363,100569715.9122,22.5732935424161,21.673916496679,0.656343784383715,5714.16282410312,5632.23841331293,12615.8114231492,12450.3792270257,3168.97792884518,7017432.70276161,6934450.55634391,-0.0619467617022969,0.146505833945676,10.2882210088882,-8.08623606224246,1.60366118337245,10.4875436230798,2.36614021652356,2.34913512240974,1.39071311032005,11.9665787527598,27344.0962530475,2.26286785861376e+15,40.4734474638734,2.90499461076351,5.96515974404218e-17,50.638,0,10,0,0,1,0,0
0.55,0.0219370375494093,-0.0481280350418916,30.1044850814486,0.829424429502316,0.381728895967551,-0.120714614045532,0.180176766779781,0.530593219907611,7.91494531177058,9.60131168530675,-418.320100640713,183.980456025785,3.48120901432192,48530.579691432,104280.092099094,-1403726.79058945,449591.369764106,5549.00528935804,58096284.4746226,99768096.6496833,-418.342037678262,184.028584060827,-26.6232760671267,48529.7502670025,104279.710370198,-1403726.66987483,449591.189587339,5548.47469613813,58096276.5596773,99768087.0483716,22.8280592018217,21.9246074379788,0.663380540376853,5780.2653974804,5695.81329476905,12695.4827168389,12527.9106999044,3178.56465940401,7020178.86746211,6937081.23741638,-0.256450327833137,0.0429100278991815,10.3574700187961,-8.3864318077901,1.68549185768327,10.5137701484851,2.36615846340901,2.3491528755847,1.39071951573394,12.3597991829333,27241.7193021031,2.26465847809928e+15,43.1876000657665,2.90501295304675,5.96539651293579e-17,34.906,0,10,0,0,1,0,0
0.555,0.0213721624536971,-0.0473348829411388,30.1075410620249,0.816688010482821,0.370603475921582,-0.107388956464918,0.139474437777519,0.68140526458027,3.50159711389606,10.1149955281407,-431.12215138856,190.333838152506,3.14664576955846,50206.7843197921,107569.912207619,-1412885.16359731,450635.004413485,5320.41561039706,57074346.225512,98970190.8003291,-431.143523551014,190.381173035447,-26.9608952924664,50205.9676317816,107569.541604143,-1412885.05620835,450634.864939047,5319.73420513248,57074342.7239149,98970180.6853335,23.0843274104805,22.1767088416592,0.670462728454505,5846.73958326193,5759.76285274403,12774.5237984944,12604.8178401085,3188.04744659281,7022438.22030278,6939246.97780557,-0.126995617063168,0.0406068967306153,10.3873717939256,-8.6918550562419,1.62711264809772,10.5938904781301,2.36617880229449,2.34917261761403,1.3907258920342,13.6477967972223,27221.2123754646,2.26606994334216e+15,46.0477118731359,2.90503663883664,5.96565358993213e-17,31.499,0,10,0,0,1,0,0
0.56,0.0209193549807354,-0.0467306078442122,30.1111666460296,0.808024956310682,0.36126850495996,-0.0755626285516732,0.103845211841982,0.756514792519734,-0.241312681405996,8.27110289963823,-443.627501638516,196.95208415345,2.76414571067383,51861.6092403889,110851.931505133,-1421893.09435161,451735.972976717,5067.34879699185,55966579.3592226,98105275.5270015,-443.648420993496,196.998814761294,-27.3470209353557,51860.8012154326,110851.570236628,-1421893.01878898,451735.869131505,5066.59228219933,55966579.6005353,98105267.2558986,23.3417073402931,22.4298351836114,0.67757948375858,5913.48373137316,5823.98956381091,12852.868200603,12681.0361400269,3197.42739852907,7024330.39214765,6941062.17142228,0.09168679528102,0.155175039927042,10.3855170532839,-8.66701694034679,1.67359976025339,10.6255712057593,2.36620162309639,2.34919472274152,1.3907322434089,14.2262399083912,27273.3040673813,2.26730846099222e+15,49.0599188683736,2.90506662328109,5.96593486223832e-17,32.753,0,10,0,0,1,0,0
0.565,0.0206701958641022,-0.0462847720716389,30.1149834403051,0.80260461535603,0.3557945134696,-0.025197118004159,0.0754721224764588,0.757253599814848,-2.63987755264283,4.06154912453597,-457.368244523735,202.292598540316,2.51749553135311,53513.1741993244,114102.411082962,-1431249.99212146,452392.946986599,4865.36905020563,54934169.4409816,97014000.8913436,-457.388914719599,202.338883312388,-27.597487908952,53512.371594709,114102.055288448,-1431249.96692434,452392.871514477,4864.61179660581,54934172.0808592,97013996.8297944,23.5998109600744,22.6836038810663,0.684719997695541,5980.39696835915,5888.39660343772,12930.4505799879,12756.5021597675,3206.70559914235,7025976.57645588,6942642.42657158,-0.151945126961221,-0.158945976293543,10.4641408797192,-8.55123363361551,1.84080875195133,10.615608196757,2.36622730858101,2.34921955915646,1.39073857397512,13.3904966186822,27150.4592955472,2.26837309009465e+15,52.2305465817532,2.9051038440121,5.96624415074941e-17,36.661,0,10,0,0,1,0,0
0.57,0.0207062768814522,-0.0459601454087061,30.1186377315007,0.79942800838032,0.356055764087756,0.0396400597139642,0.0549339099731169,0.69207900898929,-3.59709192995412,-2.28238900121424,-469.772548776095,208.89751403048,2.12507378450218,55128.8745983302,117346.898036657,-1440124.80041323,453437.223652924,4616.60577945395,53711065.4309094,95963206.3089052,-469.793255052977,208.943474175889,-27.9935639469985,55128.0751703218,117346.541980893,-1440124.84005329,453437.168719015,4615.91370044496,53711069.0280013,95963208.5912942,23.8582537653038,22.9376360050911,0.691873539842983,6047.3793851613,5952.88802800691,13007.2068568773,12831.1536697225,3215.88310948698,7027499.20663894,6944104.25859879,0.0502422545030357,0.00216011943160586,10.4508715033322,-8.90807486754942,1.57098228057944,10.6778220717586,2.36625623305938,2.34924748771964,1.39074488776584,14.8815717681806,27215.632184384,2.26934208872731e+15,55.5661097650306,2.90514921795603,5.96658519705428e-17,36.877,0,10,0,0,1,0,0
0.575,0.0210820817224243,-0.0457225294077815,30.1218317321431,0.797540801927788,0.363410633399696,0.112055983282249,0.0404311417493286,0.574724085871585,-3.27600687093233,-9.87835724672192,-482.889202067158,214.742360688304,1.81890705622135,56729.2256947281,120558.679554469,-1449185.19376048,454210.729001589,4413.00350262744,52508744.7753821,94740058.2397235,-482.91028414888,214.788083217712,-28.3029246759218,56728.4281539262,120558.316143836,-1449185.30581647,454210.688570447,4412.42877854157,52508748.051389,94740068.1180807,24.1166554495956,23.1915569353341,0.699029478256576,6114.33220966994,6017.36894229491,13083.0743541946,12904.9297932535,3224.96096904358,7029021.60255202,6945564.75491556,-0.034553521902368,-0.0749788133721591,10.4882180392934,-8.81215489479557,1.78499805154019,10.6414996054714,2.366288761077,2.34927886068216,1.39075118871688,14.456742994972,27175.9723528425,2.2703550791005e+15,59.0733110896028,2.90520363813233,5.96696165038935e-17,38.429,0,10,0,0,1,0,0
0.58,0.021812846141985,-0.0455486630165028,30.1243461323957,0.796250595437287,0.378316072348295,0.183091585274882,0.0293292477590666,0.422534914619706,-2.21697573983275,-17.4577853106288,-495.28460505738,220.961266674012,1.60661345522903,58299.7762356773,123749.0962153,-1457967.73299904,455088.593346595,4259.15145334869,51208527.8834632,93498235.9555756,-495.306417903522,221.006815337028,-28.5177326771667,58298.9799850818,123748.717899228,-1457967.91609062,455088.564017347,4258.72891843407,51208530.1004389,93498253.4133609,24.3746405273305,23.4449969664149,0.7061772984178,6181.15796653101,6081.7456547678,13157.9919376258,12977.7711499957,3233.94019701148,7030667.58521861,6947141.21170088,0.0957110525803183,0.0136637284488464,10.5913001190741,-9.01041451059044,1.75582714267823,10.6512704478276,2.36632524610034,2.3493140203979,1.39075748065379,15.399947240397,27013.0851829228,2.27142707719702e+15,62.7590387789082,2.90526797044533,5.96737705455232e-17,29.96,0,10,0,0,1,0,0
0.585,0.0228669189492885,-0.0454283297913706,30.1260529243731,0.795270752982455,0.400130756299376,0.242712897602069,0.0189715119660071,0.254422007321997,-1.08769164770414,-23.8244194537044,-508.88738059121,227.117347591616,1.17995737152207,59842.3863401359,126892.868576375,-1467094.0158517,455931.861322518,4046.66067325227,49855891.6150437,92023332.6967583,-508.910247510159,227.162775921408,-28.946095552851,59841.5910693829,126892.468445618,-1467094.25856459,455931.842351006,4046.40625124495,49855892.7027354,92023356.5211777,24.6318389165078,23.697591874968,0.713306621056316,6247.76062658216,6145.92582295434,13231.9001569374,13049.6200001986,3242.82179359349,7032561.05934333,6948950.74200013,-0.244931811703611,0.117007407967641,10.5354913860678,-8.99163249246615,1.8943948483682,10.7263575523427,2.36636602920153,2.34935329803194,1.39076376727865,14.3194077972241,27146.8069795786,2.27271480316387e+15,66.6303630898093,2.90534305047214,5.96783483479109e-17,30.895,0,10,0,0,1,0,0
0.59,0.024167497597396,-0.0453625828322566,30.1269191440248,0.794689977473887,0.427195967291327,0.282706334494803,0.00742983210051196,0.0891534441725784,-0.441400125331262,-27.9401558281477,-520.877293344771,232.917916481318,0.452219797160851,61357.7688186682,130012.572539827,-1475648.11869019,456648.348572029,3740.937342908,48481155.9809403,90613615.2645582,-520.901460842368,232.96327906415,-29.6746993468639,61356.9741286907,130012.14534386,-1475648.40139653,456648.341142197,3740.84818946383,48481156.4223404,90613643.204714,24.8878864903765,23.9489834558349,0.720407219070464,6314.04574815884,6209.81859103205,13304.7413889178,13120.4203904371,3251.6067412742,7034825.56369791,6951109.85543805,-0.0693171003315797,0.135203013251568,10.2840618903816,-9.45611092175902,2.04769779771074,10.6421860033934,2.36641143774468,2.34939701226762,1.39077005215699,16.5758679179185,27683.4759069595,2.27419626553331e+15,70.6945315576717,2.90542968025475,5.9683382846967e-17,31.576,0,10,0,0,1,0,0
0.595,0.0256042287753971,-0.0453588031602036,30.1270018488706,0.794820150816655,0.45701837377484,0.297696796755582,-0.00594698806847801,-0.0563308926670917,-0.573864406024535,-28.6392586613057,-533.494083233517,238.023808182896,-0.0498078876111628,62847.2387346468,133086.093332499,-1484363.11322677,457129.807964441,3533.69018230153,47119412.9524143,89047429.6626088,-533.519687462293,238.069166986056,-30.1768097364817,62846.443914496,133085.636314125,-1484363.41092356,457129.813911429,3533.7465131942,47119413.5262787,89047458.3018674,25.1424256058026,24.1988200353002,0.72746903375587,6379.92061235201,6273.33472161211,13376.4599822116,13190.1183009262,3260.29600609251,7037583.79006745,6953734.01031571,-0.170858641230251,-0.0482441486370044,10.1783832094921,-9.39713442695267,2.11425748875816,10.3636114598508,2.36646178407629,2.34944546801521,1.39077633870471,16.134850285531,27931.7610026509,2.27587431126641e+15,74.9589629210771,2.9055286251024,5.96889055312424e-17,32.809,0,10,0,0,1,0,0
0.6,0.0270446483309662,-0.0454231562452895,30.1264347234157,0.796035212036898,0.486463077809341,0.284113967368184,-0.0200306452648764,-0.168584088604084,-1.47158793211548,-25.9006440685608,-544.461814524098,243.689539002913,0.0668174075891682,64298.9566927118,136128.616732162,-1492506.09343504,457787.769355858,3560.50829562944,45641675.0411515,87578009.2461869,-544.488859172429,243.734962159159,-30.0596173158266,64298.1606574997,136128.130269084,-1492506.377549,457787.789386504,3560.67687971804,45641676.5127394,87578035.146831,25.3951056156496,24.4467569685894,0.734482190536139,6445.29435412058,6336.38672353899,13447.0024041992,13258.6617945673,3268.8905389086,7040957.07211135,6956937.13947027,0.240122551091302,0.00675165108937858,10.500269599515,-9.62178571868228,1.97572547663612,10.2357691144827,2.36651736422421,2.34949895512619,1.39078263017505,18.0687080982481,27340.1012375093,2.27805337673613e+15,79.4312396612815,2.90564061041455,5.96949463118092e-17,40.109,0,10,0,0,1,0,0
0.605,0.0283498087511616,-0.0455535562117059,30.1254071835653,0.798525246392534,0.512503681544706,0.242938766748308,-0.0326146793559442,-0.23894154406867,-2.80442326533517,-20.2694850875975,-557.029161237172,249.242770338156,-0.667239065801518,65715.6852903051,139109.772251227,-1501116.72753788,458400.077316476,3284.54506032807,44118802.2756786,85818301.1320546,-557.057511045924,249.288323894368,-30.7926462493668,65714.8867650587,139109.259747545,-1501116.97047665,458400.109931156,3284.78400187214,44118805.0801019,85818321.4015397,25.645583371713,24.6924571281157,0.741437014371469,6510.07809096934,6398.88897733683,13516.3173899528,13326.0011677403,3277.39127666496,7045064.84621765,6960831.15193232,0.0312213312876829,0.0680153128470934,10.2254030319606,-9.3247751510696,2.08180233934366,10.5462884112545,2.36657845661005,2.3495577471178,1.39078892964574,16.5201971608567,27905.3825819037,2.28072750023381e+15,84.1190990795047,2.90576631853631,5.97015333932712e-17,37.379,0,10,0,0,1,0,0
0.61,0.0293961004301734,-0.0457350805870411,30.1241378380627,0.802169593879083,0.532623956653304,0.179410302706731,-0.040708522136836,-0.264491360381777,-4.10005926089951,-12.3673924037308,-568.619471175994,254.358889234197,-0.725446659847684,67097.9091419163,142043.911874605,-1509371.58246435,458858.888877672,3255.72299460802,42585464.7007403,84088645.5984852,-568.648867276424,254.404624314784,-30.8495844979104,67097.1069723224,142043.379250649,-1509371.76187466,458858.929586194,3255.98748596841,42585468.8007995,84088657.9658776,25.8935237239679,24.9355913881958,0.748324045001437,6574.18505069972,6460.75785973942,13584.3560931728,13392.0891027354,3285.79914364079,7050024.08719755,6965525.41310569,0.0860865812263659,0.0253588073544057,10.4147786773437,-9.66364889404939,2.1966862518943,10.2621020745695,2.36664532077993,2.34962209991277,1.39079524000636,17.8292439404109,27564.8700326572,2.28392086785339e+15,89.0304228589403,2.9059063856578,5.97086931463532e-17,37.38,0,10,0,0,1,0,0
0.615,0.030089756277292,-0.0459396207039804,30.1228445102757,0.806480949481904,0.544907218851645,0.100359042388695,-0.0419564145281416,-0.248457271405878,-4.81115884305366,-3.18711172396558,-580.854265881604,259.62805706512,-1.04918303864248,68441.0179737976,144917.273226001,-1517786.16274713,459355.874344777,3126.82629946305,40982344.6361261,82191477.7464189,-580.884355637881,259.673996685824,-31.1720275489181,68440.2114928481,144916.728318782,-1517786.26310617,459355.916301192,3127.07475673445,40982349.447285,82191480.9335306,26.1386000210765,25.1758391111536,0.755134052157266,6637.53069953109,6521.91186853824,13651.0722388714,13456.8808215914,3294.11505269812,7055948.72246333,6971126.20690468,-0.15803304691494,0.0846993144060335,10.411141468613,-9.73621323639719,2.20766189235614,10.4486379092033,2.36671819616053,2.3496922506005,1.39080156394581,17.2329572815057,27596.1596223702,2.2877658635042e+15,94.1732250684059,2.90606139877461,5.97164499827123e-17,31.174,0,10,0,0,1,0,0
0.62,0.0303714403321675,-0.0461297986612747,30.1217148165528,0.810679922165886,0.548261381124269,0.0128927284904288,-0.0349466141486872,-0.199594656793699,-4.54569282724058,6.14314206746267,-591.965659342674,264.604117382885,-1.04934774645604,69745.2781894934,147734.479665279,-1525789.24076992,459742.699433204,3107.90881744597,39356890.2216125,80333058.931768,-591.996030783006,264.650247181546,-31.1710625630089,69744.4675095713,147733.931403898,-1525789.25366265,459742.734379818,3108.10841210277,39356894.7673053,80333052.788626,26.3804946162711,25.412888638922,0.761858050857173,6700.0328716752,6582.27174877515,13716.4222774377,13520.3342409798,3302.33990651805,7062949.02913721,6977736.18399668,-0.0993240313936894,0.0942826823667001,10.630192985606,-10.1169858935938,2.32448384601781,10.4463814570128,2.36679730084681,2.3497684162264,1.39080790394031,18.8174887519884,27201.2261113244,2.29230327286035e+15,99.5556385655985,2.906231892724,5.97248262325894e-17,31.41,0,10,0,0,1,0,0
0.625,0.0302155067818371,-0.0462642951778956,30.1208821205002,0.813833676492891,0.542440601637696,-0.076449852725089,-0.0194843579184918,-0.130668264397735,-3.17021096403115,14.6137603284263,-602.950267165436,269.008590671081,-1.69957819130412,71010.0753729488,150488.093280836,-1533691.92185055,459927.639585454,2842.05561786949,37738994.6625345,78381923.3378652,-602.980482672218,269.054854966259,-31.8204603118043,71009.2615392723,150487.550840234,-1533691.8454007,459927.659069812,2842.18628613388,37738997.8327455,78381908.7241049,26.6188993818867,25.6464377934274,0.768487316876037,6761.61190123006,6641.76062109662,13780.3655395741,13582.4101276372,3310.47459882414,7071131.01932917,6985453.80099254,-0.0796702356886063,-0.0390521424205656,10.4007997453234,-10.1919180450155,2.39216104253824,10.6702281897053,2.36688283042951,2.34985079261632,1.39081426224155,19.4619556119738,27687.226744679,2.29761183757816e+15,105.185899791157,2.90641834731706,5.97338420260345e-17,31.07,0,10,0,0,1,0,0
0.63,0.029626065549162,-0.0463049509989614,30.1204100085889,0.815065102954788,0.527924108021635,-0.162173475753776,0.00296443413680534,-0.0565855818618724,-0.800868840027092,21.6556487165736,-613.321870615768,273.863413455371,-2.07543872298589,72231.5978788433,153176.513921951,-1541341.72318557,460246.194786546,2667.35837074393,36025131.9500865,76420359.5998925,-613.351496681317,273.90971840637,-32.1958487315748,72230.7828137403,153175.985997843,-1541341.5610121,460246.191822111,2667.41495632579,36025132.7509553,76420337.9442438,26.8535162349725,25.8761943882184,0.775013402457927,6822.19075704189,6700.30411287504,13842.8643914554,13643.0722537173,3318.52001559031,7080595.81957271,6994372.75608215,0.0579074767208543,0.0358653749071809,10.3575096878535,-10.310885560408,2.31490425403646,10.443009618991,2.36697495687053,2.3499395532446,1.39082064086552,20.1898008603345,27816.4251478674,2.30376800362147e+15,111.072331948158,2.90662118458594,5.97435151785079e-17,31.357,0,10,0,0,1,0,0
0.635,0.0286299453168196,-0.0462240245092336,30.1202880515461,0.81371101709549,0.505698828882365,-0.240595740695011,0.0296556481383486,0.00820756212999135,2.21036776116712,26.9344407027784,-624.22207627247,277.754683709007,-2.25997654744021,73409.6177177925,155795.25071897,-1549104.06912914,460233.825267658,2554.71203640259,34361985.6982851,74329825.9601075,-624.250706217787,277.800907733517,-32.3802645989863,73408.8040067754,155794.745020141,-1549103.8285334,460233.795612009,2554.70382884046,34361983.4879173,74329799.0256668,27.0840576755671,26.1018767529836,0.781428152317224,6881.69518096834,6757.83049249309,13903.8843893237,13702.2875512994,3326.47703622919,7091439.0510919,7004581.42720421,-0.0787110577726702,-0.160046600142796,10.4324943010485,-10.313230593889,2.45074487485831,10.400063820983,2.36707382743544,2.35003484815395,1.39082704158177,19.9531781194138,27701.6134620847,2.31083789624131e+15,117.223326579271,2.90684076616867,5.97538610817156e-17,38.204,0,10,0,0,1,0,0
0.64,0.0272692061306502,-0.0460081809377898,30.1204397297652,0.809426836345185,0.476913837527246,-0.309254878791331,0.0575021746751916,0.0519425131401787,5.37265450869234,30.4495172069703,-634.139848085652,283.019679065235,-2.54966014579495,74542.747692294,158341.452627062,-1556476.39652722,460659.192662211,2395.35287791616,32510982.7829118,72264555.5819425,-634.167117291783,283.065687246173,-32.6700998755601,74541.9382654576,158340.975713225,-1556476.08727234,460659.135160036,2395.30093540302,32510977.4102573,72264525.1324254,27.3102473383966,26.3232142717916,0.787723719951301,6940.05382976274,6814.27080697944,13963.3944325927,13760.0262651569,3334.34653475703,7103750.21816324,7016162.31934324,0.0208523873903112,0.167358812440003,10.4341681109268,-10.5996232934175,2.31085882925347,10.4746634247981,2.36717956369231,2.35013680293667,1.39083346590335,21.0076963697535,27732.5625505645,2.31885677893106e+15,123.647323590237,2.90707739085388,5.97648926005898e-17,44.207,0,10,0,0,1,0,0
0.645,0.025595483465352,-0.0456584970454643,30.1207408459573,0.802268313651237,0.442810724122657,-0.36677314977771,0.0837523060687875,0.0674782912200702,8.20889627122569,32.597849911961,-644.865161655526,286.60429185839,-2.84812508891968,75625.3920726658,160814.150157321,-1564038.18560526,460517.767017506,2229.45261220575,30787770.862566,70043862.8548914,-644.890757138991,286.649950355435,-32.968865934877,75624.5898043521,160813.707346597,-1564037.81883211,460517.6832652,2229.38513391453,30787762.6536697,70043830.2570415,27.5318205579334,26.5399479350955,0.793892584265284,6997.19842058977,6869.55902298058,14021.3669144046,13816.2621027641,3342.1293809303,7117612.11230516,7029191.52794054,-0.252288523625087,-0.010390424505747,10.4171200910084,-10.6490433590958,2.70527358008421,10.472765755802,2.36729226058715,2.35024551778624,1.39083991507758,20.6730772870878,27793.5410084506,2.32790741780866e+15,130.35278977521,2.90733129231037,5.97766199773826e-17,39.053,0,10,0,0,1,0,0
0.65,0.0236643403719661,-0.0451875936255685,30.1210450511366,0.792550921072676,0.404556181562958,-0.412969512485606,0.106478823019379,0.0531712383180714,10.3134370961867,33.4814134291778,-653.951317763877,290.361491278602,-3.22412104635672,76660.8199925842,163204.963071243,-1570987.22724785,460420.950011683,2032.03929115891,29003418.1601356,67927265.9897082,-653.974982104249,290.406678872228,-33.3451660974933,76660.0274416632,163204.558515061,-1570986.81427834,460420.84353286,2031.98611992059,29003407.8466985,67927232.5082948,27.7485249459614,26.7518309047688,0.799927566487341,7053.06387997944,6923.63217085547,14077.7778684586,13870.9723803966,3349.82644134892,7133100.24034985,7043738.22566736,-0.0799064416455418,-0.0681907586652863,10.3495198121566,-11.0815046342242,2.5852230119867,10.4476001418307,2.36741198560596,2.35036106663002,1.39084639007756,22.9398512278037,27962.4356299345,2.33805390084229e+15,137.34819592191,2.90760263702596,5.97890507438865e-17,35.409,0,10,0,0,1,0,0
0.655,0.0215342367989192,-0.0446145905566191,30.121211534157,0.780818516155753,0.36336112747242,-0.446873943047909,0.124968951201294,0.0128598619826391,11.4703701746794,33.3806741512291,-663.363265651587,294.386553491624,-3.57621377146188,77647.9548103885,165517.903066634,-1577964.74883127,460398.389401601,1845.56515420038,27150126.1587924,65715467.7881828,-663.384799888386,294.43116808218,-33.6974253056189,77647.1739918724,165517.539705506,-1577964.30195733,460398.26443265,1845.5522943384,27150114.6884222,65715434.4075087,27.960120980027,26.9586290906929,0.805821847331581,7107.58849582846,6976.4304914876,14132.6071108141,13924.1381640693,3357.43858052047,7150282.28460565,7059864.17991958,-0.123952639033087,0.0263759576860929,10.2880292201368,-11.061102148709,2.58755977330565,10.3683113201348,2.36753877803416,2.35048349635242,1.3908528915947,22.5909494972884,28114.1641764438,2.34932998741276e+15,144.641992619725,2.90789152248153,5.98021896428007e-17,32.428,0,10,0,0,1,0,0
0.66,0.0192684007228152,-0.0439595223096273,30.1211296556789,0.767681217432437,0.320465677070536,-0.467555033127194,0.139560594277282,-0.0453290355640133,11.7385022867364,32.4894912092729,-672.517966228778,297.576758723032,-3.60133516400644,78580.1543699693,167746.965434893,-1584782.89396701,460085.770781427,1782.79768838604,25344061.4535255,63483253.3051174,-672.537234629501,297.620718245341,-33.7224648196853,78579.3866887519,167746.644969216,-1584782.42641198,460085.631220833,1782.8430174216,25344049.7150232,63483220.8156262,28.1663826004153,27.1601217366962,0.811568984345041,7160.71407186909,7027.8975852262,14185.8383752668,13975.7444039532,3364.96666187959,7169217.60328545,7077623.30833906,-0.196203645705244,-0.0917179290877107,10.4414716617316,-11.2617323827499,2.74695007323168,10.291935259838,2.36767264832376,2.35061282611952,1.39085942003235,23.3084128639931,27836.8778642741,2.36179064929713e+15,152.242584895726,2.90819797558617,5.98160385593118e-17,30.981,0,10,0,0,1,0,0
0.665,0.0169342592780596,-0.0432387720684282,30.120736885683,0.753603186467346,0.276977514584703,-0.474275662186252,0.151402267023504,-0.110441677016871,11.4838857803429,31.1133948679701,-680.480565538921,301.349128372925,-4.09356740970761,79465.0515264922,169885.393689562,-1591129.72369099,459947.205182116,1551.76784359792,23441099.583058,61309626.6431455,-680.497499798199,301.392367144993,-34.2143042953906,79464.2979233057,169885.116712047,-1591129.24941533,459947.053779849,1551.87828527494,23441088.0991722,61309595.5297506,28.367097812598,27.3561020129626,0.817162929355651,7212.38608384512,7077.98056219371,14237.4594408084,14025.7800608228,3372.41154875616,7189956.779146,7097061.27943889,0.0154026588977462,0.0481758080366853,10.2747201958464,-11.4906408381366,2.69075543312226,10.4307557598305,2.36781357757874,2.3507490468149,1.39086597550051,24.9762092705838,28196.9284981627,2.37546939659587e+15,160.158305836669,2.90852195139839,5.98305964639088e-17,30.457,0,10,0,0,1,0,0
0.67,0.0145982942546532,-0.042460003938615,30.1200278934793,0.73888372377077,0.234206530350707,-0.468142646068732,0.162875817393532,-0.17074587871014,10.9116162190253,28.7520367301043,-688.781436371994,304.325472814952,-4.28261150436077,80291.324899745,171939.729287044,-1597519.21594645,459527.265317909,1439.27523537636,21586667.699513,59059792.715592,-688.796034666249,304.367932818891,-34.40263939784,80290.5860160212,171939.495080514,-1597518.74780381,459527.102442091,1439.44598125507,21586656.7878967,59059763.9635553,28.5620692914442,27.5463776113856,0.822598045919668,7262.55383646541,7126.63019303411,14287.462249606,14074.2382230144,3379.77410528616,7212541.22385038,7118215.16500401,-0.00436277378511789,-0.00690608169714934,10.3047073641147,-11.4276408463211,2.89888793658764,10.2472392256097,2.36796151716906,2.35089212059693,1.39087255781192,24.8252797309987,28161.5202114614,2.39041471456282e+15,168.397389399611,2.90886333215946,5.9845859367496e-17,36.261,0,10,0,0,1,0,0
0.675,0.0123262863377727,-0.0416216598468816,30.1190536092256,0.723473954639694,0.193184360419463,-0.448338386660537,0.1753442847884,-0.215659885673525,10.6390005371148,25.9838025160724,-696.713869279325,308.095305595454,-4.15776095621025,81071.8153007887,173901.647271397,-1603722.5803523,459345.874244839,1447.24797273777,19618024.613003,56813222.5645299,-696.726195565663,308.136927255301,-34.2768145654358,81071.091826834,173901.454087037,-1603722.13201391,459345.698900554,1447.46363262344,19618013.9740025,56813196.5807273,28.7511149828829,27.7307713397456,0.827869126650051,7311.17062004842,7173.80105902628,14335.8430138833,14121.1162123184,3387.05519725845,7237002.84493398,7141113.15035936,-0.0264096165714575,0.265524916398565,10.5398117729627,-11.5985772805328,2.90962328688437,10.2608866668503,2.36811638848267,2.35104198058742,1.39087916647939,25.1442412247952,27719.9611294742,2.40665317500442e+15,176.967942610842,2.90922192666178,5.98618202897815e-17,31.054,0,10,0,0,1,0,0
0.68,0.0101771951856582,-0.0407137997510834,30.1179118247272,0.707130269742246,0.15498724298492,-0.418432946879138,0.190848244492957,-0.237179583638398,10.8450919564983,22.5014508393709,-704.631859136664,310.492358203451,-4.62341706064595,81784.0141088508,175774.575595961,-1609850.82091943,458689.969313033,1241.32318397939,17763968.5109039,54508536.3827844,-704.64203633185,310.533072003202,-34.7413288853732,81783.3069785811,175774.420608718,-1609850.40248648,458689.778464788,1241.56036356303,17763957.6658119,54508513.8813335,28.9340686981623,27.9091217100489,0.832971410291804,7358.19386562772,7219.45170035049,14382.602310052,14166.4156771922,3394.25569289119,7263363.78143499,7165774.307854,-0.160763528302714,0.160054321582851,10.3635544851811,-11.768332979882,3.25524387462844,10.4840883189585,2.36827808282505,2.35119853070026,1.39088580071473,25.8403158827851,28081.6405511911,2.42422012164648e+15,185.877917386194,2.90959746997581,5.98784692418998e-17,30.647,0,10,0,0,1,0,0
0.685,0.0081961725481392,-0.039720971729351,30.1167318423135,0.689435516522155,0.120415188530515,-0.380413616754334,0.209580892175631,-0.230811389786503,11.7306931027273,18.5938507515522,-710.970414344362,311.874515490266,-4.79215549151271,82431.2805968355,177536.924146794,-1615410.1766354,457679.152903894,1146.4341292787,15990498.9651798,52344324.324325,-710.97861051691,311.914236461995,-34.9088873338262,82430.591161319,177536.803731606,-1615409.79622178,457678.943323002,1146.66494066848,15990487.2344867,52344305.7304743,29.1107806953675,28.0812835158772,0.837900598396629,7403.5852971609,7263.5447611761,14427.7451584314,14210.1426716691,3401.37646353135,7291636.21326152,7192208.43801895,0.0875415182862144,-0.20517258969183,10.3902970379217,-12.0506037722329,3.21555770169165,10.295421697557,2.36844646147409,2.35136164561885,1.39089245942911,28.402653903537,28061.8021245997,2.44312521914077e+15,195.135082260073,2.90998962355486,5.98957932241276e-17,30.938,0,10,0,0,1,0,0
0.69,0.00641598906258676,-0.0386285613285773,30.1156558168985,0.669998765197367,0.0901310538620121,-0.337292969865591,0.23101445013717,-0.195951403442625,13.1638861331769,14.4653560690443,-717.91925846163,315.081004199044,-4.82828982683626,83048.0576929634,179213.989987557,-1621118.2532796,457245.151614416,1101.63916332594,14000530.1157559,50085688.0623749,-717.925674450692,315.119632760373,-34.9439456437347,83047.3876941981,179213.899856503,-1621117.91598663,457244.920599966,1101.83511472938,14000516.9518697,50085673.5970188,29.2811182424474,28.247128393181,0.842652871437545,7447.31107937333,7306.04713013557,14471.2810869094,14252.3077183466,3408.41838427136,7321822.24823554,7220415.98184136,0.0117608968456367,0.0869101585823837,10.4934564917014,-11.9379030232944,2.90948311336072,10.3125256277621,2.36862135589809,2.35153117092988,1.3908991412351,26.8991334932698,27867.2958450204,2.46339321435101e+15,204.746994267312,2.91039797573727,5.99137762395151e-17,32.369,0,10,0,0,1,0,0
0.695,0.00485647928663354,-0.0374285218440494,30.1148190412552,0.648511576083212,0.0642868624165644,-0.291295288078686,0.253026877773405,-0.135924904400644,15.087664951635,10.6232017398018,-724.441792327696,316.577767730203,-5.18222519125862,83585.075788264,180792.127627072,-1626634.67918179,456225.952857614,936.924292593122,12170438.738348,47834524.5080023,-724.446648806982,316.615196252047,-35.2970442325139,83584.4272766879,180792.06334021,-1626634.3878865,456225.699830736,937.060217497522,12170423.650683,47834513.8848006,29.4449661556655,28.4065453585974,0.847224904194512,7489.34195967625,7346.93007466625,14513.2241769374,14292.9258538729,3415.38233447695,7353913.88951153,7250388.00648527,-0.0513777355108115,-0.0988175915569825,10.3729704877786,-12.1527557775656,3.27464804078309,10.4102716896063,2.36880256814254,2.35170692341941,1.3909058444504,28.2137666584943,28123.9213414459,2.48502878460174e+15,214.720971304337,2.91082204266035,5.99323993240768e-17,41.426,0,10,0,0,1,0,0
0.7,0.00352534062775733,-0.0361229580600305,30.1143321543179,0.624862186642994,0.0427642392424856,-0.245105264949519,0.273642242035351,-0.0571843055085936,17.2402842534231,7.19161246271003,-730.239551191286,318.785313326993,-5.15594418203943,84077.9256358646,182262.909940636,-1631878.20265787,455419.067160809,908.559480757891,10245462.0674108,45649318.4566624,-730.243076531914,318.821436285053,-35.2702763363574,84077.3007736779,182262.867176397,-1631877.95755261,455418.793518567,908.616665063399,10245444.8271266,45649311.2650499,29.6022273071357,28.5594413190996,0.851613880234843,7529.65340252624,7386.16936763801,14553.5930903215,14332.0166554138,3422.26919822079,7387893.08474997,7282106.26561278,-0.0177423014868908,0.0138100538183117,10.505841612546,-12.3515392777989,3.15132950258512,10.2851918179183,2.36898987139041,2.3518886915369,1.39091256710322,28.8892445367844,27879.82442284,2.50804636217113e+15,225.064065274881,2.91126126959758,5.99516405941079e-17,33.31,0,10,0,0,1,0,0
0.705,0.00242021142792342,-0.0347248223101226,30.114267573152,0.599272681683416,0.0255032797052011,-0.200085810517544,0.290434149406392,0.0315639546053147,18.9541360642802,4.11176866850076,-735.836463133818,320.538959301409,-5.51244417926169,84506.9897472238,183637.085918086,-1637016.30574606,454443.378281635,732.880811093737,8352158.97684527,43454388.3038227,-735.838883345246,320.573684123719,-35.6267117524137,84506.3904745421,183637.060414806,-1637016.10566025,454443.087847486,732.849247139132,8352140.0227092,43454384.192054,29.7528230949344,28.7057415465942,0.855817505307381,7568.22571454273,7423.74540464288,14592.4110753666,14369.6042466715,3429.07986461739,7423731.85707419,7315543.33425112,-0.0451376059379737,0.054231375414636,10.3687360859221,-12.446298813207,3.33067048051944,10.4163685125097,2.36918301069928,2.35207623603049,1.39091930693955,29.403103280475,28168.633187165,2.53243884484907e+15,235.783036332858,2.91171503272852,5.99714753110431e-17,32.988,0,10,0,0,1,0,0
0.71,0.00153741922571167,-0.0332621367279415,30.1146501139783,0.572348889364903,0.0123226181144824,-0.155406772600233,0.299725091030533,0.120148088929198,19.9001703440005,1.54028384629812,-741.385534943359,322.115452311352,-5.45388023600708,84876.6717069339,184912.604380753,-1642113.89426687,453391.045134799,705.507055261307,6463550.18430264,41262533.2690092,-741.387072362585,322.14871444808,-35.5685303499853,84876.0993580446,184912.592058135,-1642113.7388601,453390.745409708,705.386907172378,6463530.2841323,41262531.7287254,29.8966938692069,28.8453901109741,0.859834019467132,7605.04415867147,7459.64331030381,14629.7059510573,14405.7172821415,3435.81522805488,7461392.51649207,7350662.8169481,-0.1931141598155,0.11106960129649,10.5052281391241,-12.5996985658102,3.43548379975662,10.2771334180358,2.36938170391645,2.35226929075593,1.39092606143204,29.4182915942777,27917.2138652814,2.55819673236733e+15,246.884328567637,2.91218264134424,5.99918759640933e-17,31.594,0,10,0,0,1,0,0
0.715,0.000876616877871547,-0.0317794269071397,30.1154525588215,0.545051103942997,0.00306477676999686,-0.11056160342376,0.298525580841793,0.198103265764132,19.7759571279583,-0.63837362840419,-745.591792281618,322.952496329424,-5.64395476525986,85176.263959838,186069.309664267,-1646748.98402098,452080.320307927,578.319827175325,4643591.45941993,39200545.1251306,-745.592668898496,322.984275756331,-35.7594073240814,85175.7189087341,186069.30659949,-1646748.87345938,452080.021782346,578.121723909561,4643571.6834628,39200545.7635043,30.0337993077008,28.9783502651152,0.863662207747484,7640.0990556774,7493.85303196386,14665.510068109,14440.3889084437,3442.47618832072,7500827.94916223,7387419.62679268,-0.0462069942505254,0.00758576161728639,10.4678627987169,-12.8712472299204,3.55542848974169,10.4122024586156,2.36958564277189,2.35246756365941,1.39093282779084,31.6028574826608,28009.4016234896,2.58530626547823e+15,258.374047452045,2.91266334048845,6.00128123707425e-17,31.935,0,10,0,0,1,0,0
0.72,0.000438651872753078,-0.0303335523707338,30.1165977716411,0.518492502673943,-0.00239685583637206,-0.0655654931601247,0.284850695248268,0.256091950281795,18.5770307344824,-2.67333060374546,-750.0319879318,324.475940216286,-5.88668127658661,85433.5979254647,187136.372728311,-1651444.48336407,450980.069153246,427.809880823348,2738746.79350961,37105542.9518857,-750.032426583673,324.506273768657,-36.0032790482278,85433.079432962,187136.375125166,-1651444.41779858,450979.784302551,427.553788873066,2738728.21647888,37105545.6252163,30.1641187342722,29.1046047753803,0.867301409200298,7673.38587126955,7526.36941914584,14699.8602459066,14473.6567017294,3449.06365061861,7541981.98066389,7425760.33178311,-0.10075300455056,0.191232865100814,10.3847551793189,-12.8361122528507,3.50945356036533,10.3721947717509,2.36979449414629,2.35267073793282,1.39093960297607,30.9161670540579,28195.2572930926,2.61375096822586e+15,270.257939369737,2.91315631402901,6.0034251794982e-17,33.516,0,10,0,0,1,0,0
0.725,0.000223070527000367,-0.0289856227053629,30.1179668243328,0.493917519634543,-0.00405722346800402,-0.0209040226325792,0.258963448864281,0.286882867069836,16.0275502294052,-4.78494349710348,-753.930409157804,324.513995403255,-6.09071937351641,85603.0914709501,188097.506896482,-1655955.75468835,449383.915377756,288.945906550631,990550.126690601,35071395.4849906,-753.930632228331,324.54298102596,-36.2086861978492,85602.5975534305,188097.510953705,-1655955.73378433,449383.656414307,288.659023683561,990534.099140372,35071400.2699341,30.2876513741253,29.2241561913583,0.870751524130025,7704.90528720404,7557.19228722438,14732.7976845486,14505.5625803698,3455.5785254755,7584789.80832254,7465623.56402835,-0.115881898246418,-0.0155254655288311,10.3206115669704,-13.0015974597487,3.75431962004397,10.2826156640291,2.37000790151054,2.35287847333823,1.39094638371201,32.1682043416822,28340.2695538292,2.6435065289648e+15,282.541373550013,2.9136606881504,6.00561590829939e-17,29.432,0,10,0,0,1,0,0
0.73,0.000225794854652244,-0.0277947273616086,30.1194124428912,0.472552927935634,-0.00195941706449014,0.0224584819321337,0.221413583351194,0.286462734200887,12.3941635322929,-7.02144084715819,-757.424465299943,325.245587292505,-6.21289988874593,85732.9205845244,188956.036104643,-1660333.72659236,448008.058995319,180.220044103669,-839784.471482207,33089691.4688217,-757.424691094798,325.273382019866,-36.3323123316372,85732.4480315965,188956.03806406,-1660333.74905084,448007.837581736,179.933581369469,-839796.865645739,33089698.4902626,30.4044165398449,29.3370270488237,0.874013019356645,7734.66325477959,7586.32646382941,14764.3678514477,14536.1526923469,3462.02172853821,7629178.49667669,7506940.48639485,-0.134192074789627,0.0644205219426458,10.3038492703541,-13.1222838643109,3.59760058175207,10.2092515619903,2.3702254865294,2.35309040769636,1.39095316650304,32.3076039480558,28392.4764142963,2.67453638609062e+15,295.229326697946,2.91417553525108,6.00784968157523e-17,33.573,0,10,0,0,1,0,0
0.735,0.000435504638707618,-0.0268120043247424,30.1207758193534,0.455512459245207,0.00378625685897229,0.0625698535853865,0.174865898129735,0.254269235018753,7.82168046079089,-9.25472758306704,-760.246403792489,325.593203294,-6.18499501149708,85797.8522119108,189706.556273876,-1664497.52699797,446503.18466116,128.891724214646,-2630357.74569432,31198780.4161235,-760.246839297127,325.620015298324,-36.3057708308505,85797.3966994516,189706.552487619,-1664497.58956782,446503.009795262,128.637454979628,-2630365.56737478,31198789.6708511,30.5144537426909,29.443260000253,0.877086931353516,7762.6710292321,7613.78181659962,14794.6203421867,14565.4772770154,3468.39418026042,7675067.52936431,7549635.31047692,-0.0726552769197253,0.0974631632587305,10.381865294333,-13.2417167514828,3.73077108592745,10.1809769505526,2.37044685082192,2.35330615853144,1.39095994765103,33.2552816532945,28254.9722522167,2.70680361364778e+15,308.326370586599,2.91469987822738,6.01012254778484e-17,31.159,0,10,0,0,1,0,0
0.74,0.000830167052640298,-0.0260744648855555,30.1219051720307,0.443412368462933,0.0128257656820066,0.0970602685730882,0.122370920518094,0.193649676753954,2.861775510627,-11.3614804179868,-763.357891827074,325.41159834127,-6.27974141283249,85794.771767517,190374.629182096,-1668757.6013298,444825.717319314,36.8142972210446,-4361803.06736227,29285882.499244,-763.358721994127,325.437672806155,-36.4016465848632,85794.3283551486,190374.616356331,-1668757.69839007,444825.594948394,36.6206475442907,-4361805.92913778,29285893.8607244,30.6178227241046,29.5429178676711,0.879974867120044,7788.94518365021,7639.57326102701,14823.6087155951,14593.5905011604,3474.69680548199,7722369.41007434,7593625.85918791,-0.220368350750308,0.0389458054353348,10.3654203309267,-13.2752452686679,3.81379005913779,10.2462629051949,2.37067157786735,2.3535253248639,1.39096672327428,32.9187804788908,28302.3274188607,2.7402726491415e+15,321.836662884437,2.91523269511755,6.01243036416182e-17,31.431,0,10,0,0,1,0,0
0.745,0.00137772873627266,-0.0255983699815434,30.1226737102966,0.436737920855295,0.0246080410750434,0.124241174459746,0.0692579782802541,0.111167532322307,-2.15810536725637,-12.7822571769175,-764.62256130784,325.450017178029,-6.3439669394345,85742.8270031162,190908.714015908,-1672427.98861244,443224.131713965,-39.8929093990385,-6117301.21623778,27607598.919007,-764.623939036576,325.47561554801,-36.4666406497312,85742.3902651953,190908.689407867,-1672428.11285361,443224.062455987,-40.0040769313608,-6117299.05813241,27607611.7012642,30.7146034029619,29.636083613124,0.882679002665375,7813.50760117148,7663.72074727731,14851.390303295,14620.5502695545,3480.93053290367,7770990.30475472,7638824.1668472,0.0755729685283888,0.118193280378741,10.3683371932397,-13.5199295352448,3.79978818694473,10.2147673513588,2.37089923504489,2.35374748913921,1.39097348932779,35.3459554074774,28319.3972820609,2.77488381411705e+15,335.763941383164,2.91577292407768,6.01476881654637e-17,31.287,0,10,0,0,1,0,0
0.75,0.00203759700302224,-0.025377503411027,30.122993667854,0.435221818218017,0.0382984723151054,0.14233703233297,0.0192925967637698,0.015740450165911,-6.46916983236017,-13.4178252855977,-766.61830120775,324.81680756229,-6.19066591455668,85619.0658651619,191375.437622476,-1676348.13694395,441410.023914865,-27.4100507173223,-7791891.51510767,25878422.5675181,-766.620338804753,324.842185065701,-36.3136595824107,85618.6306433437,191375.399324004,-1676348.27928098,441410.004622268,-27.4257911674882,-7791885.04593784,25878435.9853434,30.8048957347524,29.7228602226729,0.885202078997735,7836.38544437724,7686.24922503382,14878.025994252,14646.4180105021,3487.09629446139,7820830.71699402,7685137.1093756,0.0303732515865865,0.0621136785063762,10.5071503331752,-13.3064540141356,3.92436263742984,10.2021666964618,2.37112937579291,2.35397221928008,1.39098024162475,34.3292390975899,28056.2917021653,2.81059080231303e+15,350.111521859832,2.91631946865468,6.01713344050527e-17,40.205,0,10,0,0,1,0,0
0.755,0.00276593282817285,-0.0253840078077483,30.1228255972464,0.438142619044739,0.0530240365996009,0.151811400190177,-0.0225413718853445,-0.0823876208230597,-9.74986535401526,-13.186280689956,-768.294328916602,323.779097256602,-6.41967903329416,85431.712267608,191752.944930763,-1680169.95671918,439475.019092132,-150.920140525256,-9413408.17268793,24205108.4180453,-768.29709484943,323.80448126441,-36.5425046305405,85431.274124989,191752.891906726,-1680170.10853058,439475.041633504,-150.837752904433,-9413398.42282258,24205121.604326,30.8888194795946,29.8033705004788,0.887547395534497,7857.61110098108,7707.18858559281,14903.5799951658,14671.2584371514,3493.19502460548,7871786.18839197,7732467.0571039,-0.0243937353072766,-0.0487443794081018,10.3782796811126,-13.4381198633851,3.9076772980043,10.3267257268843,2.37136154187187,2.35419907084815,1.39098697585906,34.8611489897693,28323.3654139293,2.84733363964862e+15,364.882299640018,2.91687120331866,6.01951964359614e-17,33.15,0,10,0,0,1,0,0
0.76,0.00352517917515626,-0.0255695626006868,30.1221822790914,0.444444014783037,0.0679569926526243,0.154724245892313,-0.0529665062454223,-0.172747798736496,-11.6134413117896,-12.0621166968272,-769.408360982357,322.551219121976,-6.24081856540112,85187.6454968545,192030.9126538,-1683829.15412558,437491.515548028,-116.172848510347,-11004244.7594225,22648265.5051911,-769.411886161532,322.576788684577,-36.3630008444925,85187.2010528398,192030.844696808,-1683829.30884982,437491.568514534,-116.000100711611,-11004233.1459812,22648277.5673078,30.9665138767726,29.8777567702792,0.889718800870176,7877.22210510008,7726.57358063392,14928.1195678256,14695.139285647,3499.22765949135,7923748.01579402,7780712.54273806,-0.0266462055919847,-0.150898902979161,10.5214097486637,-13.577108119097,3.83205196845571,10.1831475966166,2.3715952657138,2.35442758929806,1.39099368762875,35.507583357059,28057.42442966,2.88504846969387e+15,380.07875501716,2.91742697921271,6.02192272860675e-17,36.531,0,10,0,0,1,0,0
0.765,0.00428937349214695,-0.025873296141736,30.1211271688256,0.452737865578177,0.0824547124642181,0.153694210123587,-0.0701854561617329,-0.245710689380038,-11.8641352372051,-10.4065352431414,-770.446444246111,322.658736884495,-6.50804573056238,84930.8867983845,192232.569732114,-1687472.90472674,435954.464849549,-243.195813678895,-12744335.1236283,21126329.3805411,-770.450733619603,322.684610180636,-36.629172899388,84930.4340605189,192232.487277401,-1687473.05842095,435954.535035005,-242.950102989515,-12744323.2594931,21126339.7870763,31.0381372243189,29.9461804823491,0.891720680863061,7895.26103360532,7744.44371729652,14951.7147448475,14718.1310314858,3505.19513608893,7976603.97747141,7829768.9371959,-0.103924054011527,0.215551323194205,10.3527120555716,-13.6572577396182,3.7628947268904,10.3147876109256,2.37183007283992,2.3546573123075,1.39100037246012,34.9681566842696,28403.454795462,2.9236631093246e+15,395.702962477795,2.91798563007515,6.02433791759669e-17,31.488,0,10,0,0,1,0,0
0.77,0.0050469134667869,-0.0262289713316664,30.1197683413728,0.461582389710129,0.0962753906606039,0.151914169925488,-0.0738310461036982,-0.293208201010499,-10.5726562446693,-8.68369682666947,-770.256045835003,320.508217870228,-6.30454694742055,84555.1923177324,192320.064315196,-1690748.38368868,433701.088176987,-192.312140066858,-14201785.0643615,19814036.8549902,-770.261092748469,320.53444684156,-36.4243152887934,84554.7307353427,192319.968039805,-1690748.53560285,433701.162008033,-192.018931865847,-14201774.4917052,19814045.538687,31.103866363032,30.0088217248685,0.893557944025796,7911.7753772677,7760.84312941034,14974.438025489,14740.306585721,3511.09839121924,8030239.06066245,7879529.12632033,0.0766305875232108,-0.030599674510551,10.501912357558,-13.8102937701759,4.17176692878138,10.1355401041839,2.37206548432697,2.35488777216426,1.39100702583238,37.4583620131871,28125.1676939893,2.96311039550684e+15,411.756603812287,2.91854597828722,6.02676037654957e-17,32.338,0,10,0,0,1,0,0
0.775,0.00580197690068571,-0.0265730176396501,30.1182481459462,0.469621520600752,0.109551824515968,0.15258214587576,-0.0653591951213172,-0.309713313246896,-8.07680794361368,-7.45582285991989,-770.766249605804,319.209306096701,-6.5263650567875,84158.0070888427,192361.752355684,-1694265.29050294,431742.146477138,-298.467563090592,-15747389.2883688,18452015.7835916,-770.772051582705,319.235879114341,-36.6446132027337,84157.5374673221,192361.64280386,-1694265.44308509,431742.211836333,-298.157849777346,-15747381.2115609,18452023.2394145,31.1638960652171,30.065878639482,0.895236004230493,7926.81738664282,7775.82042495177,14996.364053498,14761.7409729201,3516.93836052742,8084536.1833331,7929884.18186456,-0.0398666403593161,0.0404283838687977,10.3512825772456,-13.693493705495,3.95122625186633,10.2786324127448,2.37230101930191,2.35511849819118,1.39101364320256,35.9185968183275,28432.2011960628,3.00331786099202e+15,428.24098496073,2.91910684099612,6.02918524043722e-17,35.355,0,10,0,0,1,0,0
0.78,0.00657273060195931,-0.0268525701408961,30.1167292885169,0.475740883041015,0.122726169795556,0.158162782084071,-0.047648664296456,-0.292679373774697,-4.73228612337571,-7.0167743617104,-770.752616725952,317.622359697612,-6.4193334017105,83703.722173873,192315.988556786,-1697642.98845807,429707.921696999,-282.807105192085,-17241290.0109239,17219030.0573546,-770.759189456554,317.649212267753,-36.5360626902274,83703.24643299,192315.865830616,-1697643.14662085,429707.969345663,-282.514425818311,-17241285.2786377,17219037.074129,31.2184383293433,30.1175667417212,0.896760760764596,7940.44389287148,7789.42851002412,15017.5692791948,14782.5109930369,3522.71597740179,8139376.90354507,7980724.02061831,-0.099410892544595,0.0866758034367251,10.4202032744915,-13.8773703828786,4.0529845084347,10.1232517854525,2.37253619744468,2.35534901918932,1.39102022003061,36.5610578526976,28310.1070644606,3.04420018672864e+15,445.15705651028,2.91966703626388,6.03160763849273e-17,34.807,0,10,0,0,1,0,0
0.785,0.00738498649938181,-0.0270294786515439,30.115378953708,0.479219340269967,0.136455316935366,0.16928882409828,-0.023778843079304,-0.242877044488663,-1.10606368591616,-7.58949507468979,-769.552428410623,315.529811644626,-6.29255294343967,83186.9446506259,192169.399743778,-1700668.28197841,427529.492716085,-264.863023452076,-18653588.6809078,16191768.1003237,-769.559813397122,315.556841123277,-36.4079318971477,83186.4654312857,192169.263288461,-1700668.45126723,427529.516494928,-264.620146407587,-18653587.5748441,16191775.6898188,31.2677215827215,30.1641181478536,0.898138575799347,7952.71610380823,7801.72438988677,15038.131608203,14802.6948695721,3528.4321718496,8194642.11041611,8031938.04608211,0.105666983527602,0.0420284361386992,10.4989517005254,-13.9984064219437,4.12810449586274,10.1907552894505,2.37277054147795,2.35557886587908,1.39102675180427,38.3425549435621,28176.3903910333,3.0856784008156e+15,462.505437677662,2.92022538919007,6.03402271948174e-17,33.689,0,10,0,0,1,0,0
0.79,0.0082648863239528,-0.0270815786331705,30.1143514785373,0.47971026433647,0.15144718265371,0.185464367800446,0.00285635560450851,-0.164632216782353,2.33109738587851,-9.04934035788948,-769.331647584014,313.054376756413,-6.47270681897119,82613.596609783,191997.58429956,-1704030.76881788,425247.008067342,-365.43283546157,-19996117.8789082,15093162.2664848,-769.339912470338,313.081458335047,-36.5870582975085,82613.1168995187,191997.432852377,-1704030.95428225,425247.005210986,-365.268203244787,-19996120.2100056,15093171.3158252,31.3119897952017,30.205780710608,0.899376249357932,7963.69937612444,7812.76894778136,15058.1300394303,14822.371886599,3534.08786934005,8250212.69130095,8083415.76768192,-0.0534658894468828,-0.0595426407687315,10.3601946712087,-13.8436369100766,4.10851388891422,10.2721310982161,2.37300357962356,2.35580757331918,1.39103323406379,36.9342061443233,28461.7913962365,3.12766668019846e+15,480.28644355481,2.92078073795856,6.03642567676431e-17,31.908,0,10,0,0,1,0,0
0.795,0.00923304158083852,-0.0270020146033989,30.1137704327172,0.477296159814732,0.16828776319853,0.204947503681276,0.0294555041614959,-0.0658218656904593,5.21395954204798,-11.2050050348152,-768.42370347244,310.886235895873,-6.44803366745264,82007.9970541288,191744.151497507,-1707204.80400496,423081.630300244,-396.293195646749,-21353381.7394379,14153313.4089197,-768.432936514021,310.913237910476,-36.5618041001699,82007.519757969,191743.983209744,-1707205.00895246,423081.600844739,-396.227373781059,-21353386.9533974,14153324.6139248,31.3515015077587,30.2428170671072,0.900480991894916,7973.4629642634,7822.62670252098,15077.6442950529,14841.6220173859,3539.68398962575,8305970.17049371,8135047.39313118,-0.09138087248932,-0.0156766773947245,10.3579170120515,-14.0590530278297,4.02921829246891,10.135627879423,2.37323484800518,2.35603468328377,1.39103966242593,37.5943853321127,28484.2088413533,3.17008073881864e+15,498.500115314573,2.92133193975766,6.03881177293997e-17,32.415,0,10,0,0,1,0,0
0.8,0.0103017265177222,-0.0267964413929473,30.1137122855629,0.472278301357493,0.187324497414998,0.226099458719576,0.0537645338790734,0.0427501375977209,7.36372552770317,-13.6101977629828,-767.025413685542,308.505412437554,-6.05271376587226,81353.4096562473,191418.935839697,-1710257.29856447,420863.478725595,-296.831474435541,-22657356.5809551,13358483.4957114,-767.03571541206,308.532208878947,-36.1664260514352,81352.9373779459,191418.7485152,-1710257.52466392,420863.424961061,-296.874224573139,-22657363.9446807,13358497.1059092,31.3865287806714,30.2755036031822,0.901460394622004,7982.07974734874,7831.36554601598,15096.754445373,14860.5255474776,3545.22144555364,8361797.31543673,8186724.39017775,-0.0632423244607224,0.0185982506678557,10.6026812322949,-14.1467535406492,4.09828468840759,10.1373812805996,2.37346389297809,2.35625974657843,1.39104603260749,38.2141749696005,28020.2496931017,3.21283585954978e+15,517.146253127218,2.92187787652661,6.04117636387545e-17,31.679,0,10,0,0,1,0,0
0.805,0.0114751218710277,-0.0264794875557962,30.1141945277395,0.465118407840325,0.208636187757185,0.247266026008632,0.0744157432957871,0.148499114953412,8.68146189766532,-15.7859503103273,-765.729768505242,306.376730534743,-6.16215428004369,80667.0955014206,191054.318322584,-1713363.95615716,418739.636161842,-395.410277592862,-23965604.455293,12604335.6218639,-765.741243627113,306.403210022298,-36.2763488077832,80666.6303830128,191054.109686397,-1713364.20342319,418739.561746098,-395.558776707815,-23965613.1367549,12604351.4078143,31.417356066786,30.3041293390569,0.902322397737274,7989.62593536167,7839.0564621071,15115.5405314958,14879.162695183,3550.70114187647,8417578.70710252,8238340.01460429,-0.120009578608139,0.178789331790022,10.4984399978663,-14.16205883774,4.15702994115019,10.3898681145545,2.37369027336736,2.35648232527649,1.39105234044769,37.8750872426334,28243.5459443349,3.25584581086874e+15,536.224451385801,2.92241746048191,6.04351492192092e-17,31.454,0,10,0,0,1,0,0
0.81,0.0127496375852399,-0.0260721875422394,30.1151702112916,0.45637073001981,0.232079885329755,0.266949714678636,0.0902000239457155,0.238454338655029,9.30113486708016,-17.5857733966948,-764.134947231249,302.739506957834,-6.31707653307152,79889.8973472934,190635.528966086,-1716405.51792249,416144.147614334,-518.534822494325,-25045681.83872,11962171.7760588,-764.147696868835,302.765579145377,-36.4322467443631,79889.4409765634,190635.296886201,-1716405.78487221,416144.05741431,-518.77327683298,-25045691.1398548,11962189.3618322,31.4442790160876,30.3289947421616,0.903075256735459,7996.18075610477,7845.77322825829,15134.0821888082,14897.613232464,3556.12397407565,8473201.27188212,8289789.80197136,-0.148648945782063,-0.0555890250366864,10.3614386338738,-14.2610691174617,4.34428993958547,10.2908540473178,2.37391356259756,2.35670199485864,1.39105858192971,38.8662422133992,28535.4559883657,3.29902550807876e+15,555.73413594281,2.92294963938143,6.04582305813427e-17,33.504,0,10,0,0,1,0,0
0.815,0.0141181410128348,-0.0255997270086502,30.1165308864858,0.446626915785254,0.257354914328003,0.285205912107771,0.100662680686052,0.301195097628607,9.26662025746876,-18.7446757947382,-760.992787921864,300.306154847313,-6.10974766479573,79120.3558344384,190121.268168975,-1718995.28607128,413946.151843502,-513.817661310382,-26250658.4021131,11615104.6286221,-761.006906062877,300.331754574322,-36.2262785512815,79119.9092075226,190121.01081406,-1718995.57127719,413946.051180822,-514.118856408011,-26250667.6687333,11615123.3732979,31.4676032184638,30.3504104735394,0.903727506995403,8001.82612465776,7851.59210182804,15152.4582742367,14915.9561092273,3561.49082720583,8528554.77295465,8340972.02119274,0.214477183427141,0.108432676668753,10.4709795184536,-14.327015423759,4.12543683142026,10.1554840615228,2.37413335069806,2.35691834623951,1.39106475320083,40.4210477101055,28357.1275582634,3.34225964032189e+15,575.674602828083,2.92347340148692,6.04809654334287e-17,30.867,0,10,0,0,1,0,0
0.82,0.0155732098178757,-0.0250905144573351,30.1181194952158,0.436479644956797,0.28415092186803,0.301856948636884,0.104968784907586,0.328860361508039,8.73015397924263,-19.3850751621415,-759.265683350051,296.995824044413,-6.19715613440054,78284.1978492003,189626.259237768,-1722067.31424421,411477.063027399,-621.834293219848,-27304017.1740537,11150281.3847781,-759.281256559869,297.02091455887,-36.3152756296164,78283.7613695554,189625.975086846,-1722067.61610116,411476.958058615,-622.163153581356,-27304025.9042077,11150300.7698533,31.4876428921425,30.3686960749667,0.904287926857278,8006.64629720184,7856.59149278538,15170.7465002148,14934.2690839836,3566.80257477127,8583532.25972036,8391788.08860343,0.125708933864466,0.0601947119216864,10.3714978058069,-13.9846448498536,4.31361648771042,10.266821677851,2.37434924617001,2.35713098766698,1.3910708505913,38.604384550557,28569.142509522,3.38548554880407e+15,596.045058193318,2.92398778018988,6.05033132789104e-17,31.957,0,10,0,0,1,0,0
0.825,0.0171078859976773,-0.0245765949371072,30.1197508690213,0.426523890459598,0.312229254797431,0.317280864063649,0.102499286294152,0.318161831664896,7.77930050995094,-19.7263196721289,-757.532130424176,293.521731728368,-5.97529428601295,77410.3419270937,189095.378037451,-1725180.38534789,408966.791799721,-614.429643081397,-28298148.2364608,10778738.3032416,-757.549238310174,293.546308323305,-36.0950451550343,77409.9154032032,189095.065808196,-1725180.70262875,408966.689300435,-614.747804913062,-28298156.0157613,10778758.0295613,31.5047195257953,30.3841786044809,0.904765499416335,8010.72751124225,7860.85162486522,15189.0230782048,14952.6283637639,3572.06007764315,8638030.47444777,8442142.94171739,-0.0110281901520251,0.00531491857612022,10.479311734285,-14.1016465938264,4.282482308848,10.1647098479703,2.37456087770282,2.35733954648125,1.39107687063164,38.5048931787094,28371.2913847993,3.42861810623278e+15,616.844658900014,2.92449185827002,6.05252355993529e-17,31.763,0,10,0,0,1,0,0
0.83,0.0187167078127549,-0.0240918642898349,30.1212369417793,0.417362860198058,0.341434132057188,0.331720229518731,0.093132705443593,0.271237566801413,6.43675982754633,-20.0259181534521,-755.74295436796,289.820386221696,-5.8003304820859,76498.4412860116,188534.339432708,-1728314.94121688,406396.70192281,-623.364610179387,-29222967.0551471,10494994.7991093,-755.761671075772,289.844478085986,-35.9215674238652,76498.0239231514,188533.997998576,-1728315.27293711,406396.608790104,-623.635847746188,-29222973.491907,10495014.8250275,31.5191604827276,30.3971912285213,0.905169373271741,8014.15761439185,7864.45418726457,15207.3623744925,14971.1082560658,3577.26418302651,8691950.21580892,8491945.37236749,-0.169618595807164,-0.0775293918498417,10.5511767085003,-14.2634768303101,4.24152389857995,10.2674234374429,2.37476789572973,2.35754367072278,1.39108281006843,38.5807607291054,28248.4103896372,3.47154685731188e+15,638.072553426504,2.92498477176077,6.05466960217237e-17,33.223,0,10,0,0,1,0,0
0.835,0.0203948487449208,-0.0236695218998422,30.122412383202,0.409595617249016,0.371704372605363,0.345201238810231,0.0772702297489828,0.194965877391282,4.66454860825424,-20.3466231231074,-753.204795383478,286.541470992607,-6.17528650721584,75573.7143753023,187927.899713934,-1731245.00060148,403975.511814321,-835.818849025296,-30166920.1632818,10375868.8497473,-753.225190232222,286.565140514507,-36.2976988904178,75573.304779685,187927.528009562,-1731245.34580272,403975.434544091,-836.013814902688,-30166924.8278304,10375889.1963704,31.5312975759248,30.4080717793098,0.905508822478379,8017.02568399097,7867.48197906716,15225.836580815,14989.7808354495,3582.41572348435,8745196.65945266,8541108.31937308,-0.132683668636684,-0.000627597772688993,10.2495657549995,-14.4436716945905,4.16884709714024,10.3319534712309,2.37496997381464,2.35774303057994,1.3910886658783,39.5358917396568,28869.9647093646,3.51420670708394e+15,659.727922590429,2.92546571340089,6.05676604690201e-17,31.928,0,10,0,0,1,0,0
0.84,0.0221351296329444,-0.0233396094799621,30.1231555164572,0.40377279534212,0.402945580581695,0.356757022801072,0.0557824816528861,0.0997814476750735,2.52507243311638,-20.7878217228658,-750.416392533657,282.944300889738,-5.71848882064465,74609.677929719,187285.307380644,-1734154.85372284,401468.585288595,-727.670823709855,-31027546.7517063,10409696.5841415,-750.43852766329,282.967640499218,-35.8416443371019,74609.2741569236,187284.904435064,-1734155.21047987,401468.529506113,-727.77060515753,-31027549.2767788,10409717.3719633,31.5414656229688,30.4171612864442,0.905793205956204,8019.42163992921,7870.01854864706,15244.5154021857,15008.7156272185,3587.51551602593,8797679.63619313,8589549.12128704,-0.0660881616892225,0.0188835991815948,10.5128592181462,-14.4198045717444,4.25726848347644,10.0174872702347,2.37516680986313,2.3579373196692,1.39109443528025,39.7618894827862,28370.6448089534,3.55652133561961e+15,681.81001967862,2.92593393565509,6.05880972934434e-17,33.136,0,10,0,0,1,0,0
0.845,0.0239252697429216,-0.0231250983150278,30.123401452414,0.400359977176645,0.434965676967661,0.365295199940827,0.0306494384468591,-0.00222801984731852,0.107059401517257,-21.0884217555652,-747.490948660627,278.694815339891,-5.58125133159206,73596.8086002112,186627.522154189,-1737060.02574297,398772.947903823,-733.334429567016,-31756348.4787018,10537343.3015549,-747.51487393037,278.717940438206,-35.7046527840061,73596.408240234,186627.087188512,-1737060.39103817,398772.917254384,-733.332201547169,-31756348.5857612,10537364.3899766,31.5500009900141,30.4248024919338,0.906031926615961,8021.43585310299,7872.1478303431,15263.4657640616,15027.9793103989,3592.56436126489,8849313.86876722,8637189.73013439,0.0284537858399777,-0.119467325205541,10.5552935903681,-14.3603370283858,4.28392165188393,10.270397193198,2.37535812715466,2.35812625614292,1.39110011574613,40.1831798989033,28311.7410191188,3.5983835367914e+15,704.318209592208,2.9263887532949,6.06079773916224e-17,32.246,0,10,0,0,1,0,0
0.85,0.0257459304794034,-0.0230386504088377,30.1231455156864,0.399554637810289,0.467480682397687,0.369061320657944,0.00405469139608576,-0.0992674818675048,-2.33332483414262,-21.3303784306654,-745.602123348473,275.39057155721,-5.71137769970929,72596.3898431944,185999.299404713,-1740330.14655161,396397.430522172,-830.123986228676,-32578147.7318113,10596389.8418646,-745.627869278952,275.413610207619,-35.8345232153957,72595.9902885566,185998.831924031,-1740330.51561293,396397.426467481,-830.024718746809,-32578145.3984864,10596411.172243,31.5572401340764,30.4313383580792,0.906234390461662,8023.15875198779,7873.95378071413,15282.751540751,15047.6354419945,3597.56304265215,8900019.1684425,8683956.8873677,-0.186124206644615,0.0466964157971496,10.4134254646179,-14.2696484922445,4.1454280210716,10.3038129858147,2.37554367519296,2.35830958362151,1.39110570500936,38.1980503028773,28606.1860270555,3.63973360718218e+15,727.252006570891,2.92682954553203,6.06272743014796e-17,32.118,0,10,0,0,1,0,0
0.855,0.0275732898285921,-0.023080889821212,30.1224376270774,0.401334476679802,0.500096829046801,0.367996680860074,-0.0213226348997666,-0.181477279939848,-4.58115015426653,-21.2158625369451,-743.249965674135,271.068095692144,-5.38553302458714,71535.4734757106,185340.256391058,-1743501.73187669,393719.568504464,-748.397856757605,-33213694.9042016,10826596.1528748,-743.277538963964,271.091176581966,-35.5079706516645,71535.0721412339,185339.756294229,-1743502.09987337,393719.589827099,-748.216379477666,-33213690.3230515,10826617.3687373,31.5635181528801,30.4371105776792,0.906409965929341,8024.6804298258,7875.52001668185,15302.4333066936,15067.7442042232,3602.51232578745,8949720.59303599,8729782.26353153,-0.287957039984453,-0.0546487299513997,10.5822612242478,-14.4952839324255,4.31708493887981,10.1512507850692,2.37572323037498,2.35848707194854,1.3911112010717,39.2020096903293,28297.6332678774,3.68049989310421e+15,750.611110152159,2.92725575770465,6.06459642806177e-17,50.975,0,10,0,0,1,0,0
0.86,0.0293837603474823,-0.0232412843485701,30.121370026272,0.405432968131173,0.532383148363662,0.362241763601485,-0.043654474828881,-0.241933810428861,-6.40483104840937,-20.711245768386,-740.266602428178,267.259090175218,-5.54466021995968,70474.6802748309,184659.93026866,-1746504.86137287,391226.97659577,-846.292202115263,-33881435.2390326,11215765.0528124,-740.295986188525,267.282331459566,-35.6660302462316,70474.2748418627,184659.397885512,-1746505.22361464,391227.020250244,-846.050268304834,-33881428.8342016,11215785.7640582,31.5691673514049,30.4424580960469,0.906567943718226,8026.0902549289,7876.92945784211,15322.5681119679,15088.3621761668,3607.41295781219,8998348.56813615,8774602.56335025,-0.201822498125487,0.0183086675022385,10.4220402766866,-14.6023566876035,4.21177399776115,10.3141209651372,2.3758965964799,2.35865851776972,1.39111660220838,39.9300228280255,28633.097290256,3.72060635754225e+15,774.395439016576,2.92766690251955,6.06640263662729e-17,31.424,0,10,0,0,1,0,0
0.865,0.0311569474176113,-0.0235034290129958,30.1200625741386,0.411465962271286,0.563881756539856,0.35293067156096,-0.0623887511668991,-0.276606735641627,-7.58546949084031,-19.6034491636526,-736.978135905112,263.265508229861,-5.67892738252699,69388.1750316048,183970.346428767,-1749451.11228175,388698.584356384,-931.771297565331,-34480698.4209863,11739302.7077338,-737.009292852529,263.289011658874,-35.7989899566656,69387.7635656425,183969.782547011,-1749451.46521242,388698.646745135,-931.494690829689,-34480690.8355169,11739322.3111829,31.574515834087,30.4477156542216,0.906717497364731,8027.47648657244,7878.26397517976,15343.2092830893,15109.5421309693,3612.26566688566,9045838.97350784,8818359.59813289,-0.0254007175358304,0.0615664778105859,10.2816846716963,-14.5145056737071,4.28291388100512,10.1497644672097,2.37606360498183,2.35882374493817,1.3911219069713,40.414449247818,28942.5598737044,3.75997484114154e+15,798.605162391238,2.92806256085859,6.06814424170744e-17,34.357,0,10,0,0,1,0,0
0.87,0.0328767772884312,-0.0238508304459906,30.1186486659365,0.418968347232605,0.594155671848751,0.34066767122676,-0.0780314543598972,-0.284157388203549,-8.09252261203473,-18.104427331061,-734.309712577799,258.625027619796,-5.74722807810646,68261.3142063526,183308.787054854,-1752631.32803222,385990.718520487,-990.235550475986,-34942726.8030133,12264370.8067498,-734.342589355088,258.648878450242,-35.8658767440429,68260.8952380054,183308.192899182,-1752631.66869989,385990.796551941,-989.951393087782,-34942718.7104907,12264388.9111772,31.5798861313649,30.4532123625895,0.906867644801675,8028.9258989085,7879.60404835502,15364.4062498717,15131.3328594252,3617.07116174525,9092133.19680525,8861000.32752671,-0.0215158302534229,-0.06217362971128,10.1850785400426,-14.3306154526149,4.32122468421053,10.0070112199593,2.37622411519112,2.35898260474966,1.39112711419062,39.7309071109228,29164.7018709275,3.79855776684721e+15,823.240728738379,2.9284423821612,6.06981971370024e-17,31.974,0,10,0,0,1,0,0
0.875,0.0345308168186853,-0.0242721876817765,30.1172634088557,0.427585715857328,0.622970446284208,0.32633486720309,-0.0921732859508826,-0.265245385592454,-8.14353666648956,-16.5325683983343,-731.650070161152,254.561817626599,-5.40116952645145,67142.3080586013,182651.382033733,-1755858.42080198,383492.905254145,-893.7987051228,-35448122.5418856,12892731.7717255,-731.684600977971,254.586089814281,-35.5184329353072,67141.8804728854,182650.759063287,-1755858.74713685,383492.997427431,-893.533459737208,-35448114.3983489,12892748.3042939,31.5855938689137,30.45927031386,0.90702721113498,8030.52341525849,7881.0284336441,15386.2043988328,15153.7790205008,3621.83013135084,9137178.15682309,8902476.87275175,-0.0174248069835142,2.92706409817181e-05,10.3703324557079,-14.3215352427693,4.18473076068098,9.91117736304089,2.37637801423108,2.35913497601375,1.3911322229746,39.3839081579408,28817.2774815414,3.83628649180951e+15,848.302891477333,2.92880608439918,6.07142780821352e-17,39.439,0,10,0,0,1,0,0
0.88,0.0361111367457765,-0.0247650215281307,30.1160348137577,0.437185191671326,0.650238532393406,0.310882938984072,-0.106796000374883,-0.222025768642286,-8.09121742190485,-15.0924838610306,-729.276145366138,250.44542836629,-5.17320973699703,66007.3301836944,182017.314484471,-1759207.32287601,381007.63899831,-846.377955843695,-35904604.1339071,13560510.1824084,-729.312256502884,250.470193387818,-35.2892445507547,66006.8929985028,182016.664245939,-1759207.63375895,381007.745794311,-846.155930075053,-35904596.0426897,13560525.2748923,31.5919464874978,30.4662032440057,0.907204792857932,8032.35175505422,7882.61384451226,15408.6449533359,15176.9210190361,3626.54324461236,9180926.29858555,8942746.50351287,-0.0775132244326556,0.0646801694798685,10.4745470822553,-14.3098066037476,4.23616058390442,10.1026452992309,2.37652521685744,2.35928076496723,1.39113723270791,38.9909111450873,28633.146191188,3.87310724831346e+15,873.792731575133,2.92915345366168,6.07296756508637e-17,31.567,0,10,0,0,1,0,0
0.885,0.0376127789488759,-0.0253354892773917,30.115077101201,0.447877860287299,0.675946369418891,0.294565542141777,-0.123420280159718,-0.157812975179836,-8.26340906540723,-13.8020172331162,-726.676015326589,245.307781302456,-5.16142588857077,64823.0162282396,181391.692803882,-1762513.43447,378233.416810126,-887.215369038531,-36166146.2407506,14338277.6791943,-726.713628105538,245.333116791733,-35.2765029897718,64822.5683503794,181391.016857513,-1762513.72903554,378233.540230406,-887.057556063351,-36166137.9773416,14338291.4812115,31.5992420208868,30.4743152493488,0.907408723709095,8034.49109558533,7884.43464667758,15431.7648803905,15200.7949105955,3631.21115019892,9223335.5626078,8981771.60081862,-0.0478992739571248,-0.152844603203801,10.4347743668381,-14.3629294828003,4.28740377694743,10.2157585403984,2.37666566513,2.35941990503831,1.39114214304843,39.8297283047247,28742.725680247,3.90896991138999e+15,899.711676693288,2.92948434337309,6.07443830584378e-17,30.373,0,10,0,0,1,0,0
0.89,0.0390287068250836,-0.0259928196342019,30.1144844335081,0.459921197740074,0.700055789920755,0.276293695313814,-0.141784845504602,-0.0772477369642944,-8.92300542536458,-12.669633414508,-724.49076950903,241.865900586927,-5.07883127979359,63692.425303541,180798.285936492,-1765980.28904705,376028.23551783,-907.275178756453,-36644776.1277004,15141628.2925225,-724.529798215855,241.891893406561,-35.1933157133017,63691.9653823432,180797.585880703,-1765980.56534074,376028.377302676,-907.197931019488,-36644767.2046949,15141640.9621559,31.6077679387334,30.4838995674805,0.907647042364248,8037.01875057993,7886.56256938662,15455.5968237659,15225.4323331607,3635.83447642716,9264369.33067005,9019519.59793872,-0.115534374580746,0.135610846117054,10.4445909321907,-14.3229640346049,4.04548004207287,10.1848549804569,2.37679932794558,2.35955235646968,1.39114695392261,38.4813572804882,28749.4521307706,3.94382734069704e+15,926.061516952298,2.92979867316643,6.07583962967277e-17,31.371,0,10,0,0,1,0,0
0.895,0.0403461004040169,-0.0267389904021038,30.114323643402,0.47352575745587,0.722435167728223,0.25482430804565,-0.159244601227695,0.0134718622071465,-10.0968063603165,-11.5649298607543,-721.724336484592,237.863098577252,-5.16119456531902,62528.7399269319,180206.170906631,-1769288.38208308,373679.823124312,-998.739349871186,-36998803.5797379,16109363.6021088,-721.764682584996,237.889837567654,-35.2755182087211,62528.2664011744,180205.448471463,-1769288.63690739,373679.982368914,-998.752821733393,-36998793.4829316,16109375.1670387,31.617800060711,30.4952374291345,0.907927462135506,8040.00886749586,7889.06643447348,15480.1690628352,15250.8604651085,3640.41383122584,9303996.35042192,9055962.90170888,0.0168667994999964,0.275792180809644,10.3460862477677,-14.382271330494,4.32184966600133,10.2042767470975,2.37692620044331,2.35967810581114,1.39115166551963,39.6621965459674,28986.0128020228,3.97764342464514e+15,952.844417049578,2.93009642743903,6.07717140802826e-17,34.492,0,10,0,0,1,0,0
0.9,0.0415466064171108,-0.0275573504005065,30.1146258097344,0.488588771574057,0.742835835609738,0.229161617707451,-0.170937828715845,0.106364097531683,-11.5065316677543,-10.3052255396919,-720.281452878428,232.843594102038,-4.98976034450667,61319.4132688263,179683.27775409,-1773036.077452,371045.415957218,-999.687316943993,-37155750.3856335,16970163.4486118,-720.322999484845,232.871151452439,-35.104386154241,61318.9246800547,179682.534918254,-1773036.30661362,371045.586895047,-999.793681041525,-37155738.8791019,16970173.7538373,31.6296015475552,30.5085969875005,0.908257342832262,8043.53214523298,7892.01190461092,15505.5054963412,15277.1020086851,3644.94980217326,9342190.64108835,9091078.79634499,-0.206622854045031,0.130465381973196,10.4191141923288,-14.2359265129596,4.44562566588054,10.1156011521521,2.37704630329263,2.35979716529118,1.39115627828425,38.1783791973598,28862.6263197419,4.01036186260721e+15,980.062924682244,2.93037765361603,6.07843377796989e-17,32.387,0,10,0,0,1,0,0
0.905,0.0426097015435024,-0.0284039101120664,30.115378109027,0.504467174577279,0.760848295962368,0.199407221747086,-0.170684586654359,0.191998835715334,-12.4093752346319,-8.55777394139458,-717.589010954029,227.870374019916,-5.1945920811832,60107.9232128239,179144.041801188,-1776402.54154916,368456.686185791,-1154.31058564406,-37277650.0568822,18087309.6603735,-717.631620655573,227.898777930028,-35.3099701902102,60107.4187456493,179143.280952892,-1776402.74095639,368456.856870378,-1154.50258447978,-37277637.6475069,18087318.2181475,31.6434219739601,30.5242323307744,0.908643664918896,8047.65557379474,7895.46125198845,15531.6256500782,15304.1751979756,3649.4429566035,9378931.3824812,9124849.33186192,-0.0257410356492002,0.00373592374867811,10.2420683859162,-14.4556555797178,4.27570992700452,10.1990363703109,2.37715968187569,2.35990957207862,1.39116079290865,40.1763017427298,29252.8819586456,4.04196003481083e+15,1007.71997535503,2.93064246015074,6.07962713434741e-17,31.118,0,10,0,0,1,0,0
0.91,0.043516208340507,-0.0292026064225806,30.116517784502,0.519829164610082,0.776046830554882,0.165986578824635,-0.151695362177949,0.260002958950154,-11.9646625106758,-6.2756004057194,-716.082960441033,223.573911869025,-5.00833086494136,58917.5727615493,178673.293357553,-1780160.1534457,366105.018422656,-1165.57148892452,-37462334.9465774,19120197.9133527,-716.126476649373,223.603114475448,-35.1248486494434,58917.0529323847,178672.517310722,-1780160.31943227,366105.170118018,-1165.83149188347,-37462322.9819149,19120204.1889531,31.6594964875483,30.5423825829977,0.909093006083657,8052.44219723107,7899.47314847062,15558.5447073103,15332.09383019,3653.89384177726,9414202.78943485,9157261.19910843,-0.156712095089617,0.0784415530019079,10.3313530255579,-14.2598837243599,4.12594796396373,10.0308405943735,2.37726640537535,2.36001538744524,1.39116521032337,38.1373971349318,29105.6459089082,4.0724244573901e+15,1035.81889333896,2.93089101428891,6.08075212094825e-17,31.913,0,10,0,0,1,0,0
0.915,0.0442527069163045,-0.0298484313245128,30.1179312533587,0.532608597428438,0.788060373208752,0.130793142242168,-0.109043500623589,0.300591378791044,-9.29661430072815,-3.55677895703461,-714.103402886537,218.508189244648,-4.96446862266272,57696.0632789182,178217.194506421,-1783776.77360592,363528.976430695,-1238.65993420056,-37481348.3143556,20299031.3283584,-714.147655593453,218.538037675973,-35.0823998760214,57695.5306703208,178216.406446048,-1783776.90439906,363529.085474196,-1238.96052557935,-37481339.0177413,20299034.8851373,31.678045057377,30.5632710974493,0.909611520311861,8057.95090098704,7904.1024780989,15586.2735605998,15360.8673189241,3658.30298511282,9447993.97368359,9188305.59333125,-0.105781285289467,-0.0683932175344971,10.3269737539682,-14.3835504899914,4.18597575437942,10.1280227771093,2.37736656578032,2.36011469584016,1.39116953168725,39.3305732114734,29149.4782856797,4.10170532241658e+15,1064.36338907326,2.93112353962626,6.08180962072377e-17,33.134,0,10,0,0,1,0,0
0.92,0.0448169727300894,-0.0302193117363749,30.1194611011524,0.540177225655931,0.796711472951772,0.0964590566602901,-0.040739130897239,0.306161088864257,-4.06627656025829,-0.81342937123891,-712.139905880491,214.933191739238,-4.72047399195839,56526.910224651,177793.867482651,-1787410.6746454,361429.731879645,-1240.08717319537,-37690359.4094015,21561836.9089069,-712.184722853221,214.963411050974,-34.8399350931108,56526.3700474253,177793.070771178,-1787410.77110446,361429.772618776,-1240.39333428423,-37690355.3431249,21561837.7223362,31.6992718146624,30.5871047460325,0.910204919534827,8064.23622456432,7909.40017260674,15614.8188835969,15390.5007679303,3662.67089447235,9480298.79508523,9217978.06807172,-0.0174120788501103,0.222021151815436,10.4622065783068,-14.3198376502794,4.02064889265447,10.1297396431966,2.37746027681861,2.36020760388739,1.39117375837681,38.7809543938845,28920.1470853494,4.12980593918299e+15,1093.3575527644,2.93134031348624,6.08280074521186e-17,33.233,0,10,0,0,1,0,0
0.925,0.0452206432257428,-0.030195151185955,30.1209214695704,0.539941005621456,0.80220134603848,0.0659589813336576,0.0504480481554181,0.273036930243987,3.75368539080198,1.6318745994191,-710.50411604988,210.032485000066,-4.75563507150482,55307.3305820305,177421.383389156,-1791147.45807215,358916.283573963,-1348.77010981752,-37640817.2825648,22836348.7681893,-710.549336693105,210.062680151252,-34.8765565410752,55306.7906410249,177420.58118781,-1791147.52403113,358916.233125915,-1349.04314674776,-37640821.0362502,22836347.1363147,31.7233644876182,30.6140733072474,0.910878457904066,8071.34820017886,7915.41307042066,15644.1832212536,15420.99506383,3666.99805849879,9511115.70397239,9246278.38107925,0.030856838657282,0.126792377803482,10.4099001238538,-14.2159692119336,4.30750971930673,10.2684789941073,2.37754767283035,2.3602942393167,1.39117789197489,39.0677980294276,29056.1958878255,4.15669268628359e+15,1122.80584446232,2.93154166414558,6.08372682326704e-17,32.275,0,10,0,0,1,0,0
0.93,0.0454871009472949,-0.0296799989112059,30.1221205786045,0.529926168552589,0.805070197793501,0.0410764440852476,0.157538417936387,0.202546474257636,13.5705321710441,3.38386228425875,-709.952415129733,205.407845776861,-4.88286904728596,54099.9222343274,177124.096491047,-1795223.55437434,356486.797253479,-1488.0201601136,-37586131.1635111,24008492.1754227,-709.997902230681,205.437525775772,-35.0049896258905,54099.3923081589,177123.291420849,-1795223.59545078,356486.639715061,-1488.22270658786,-37586144.7340433,24008488.7915604,31.7504939315129,30.6443489544769,0.911636918718328,8079.33221786983,7922.18379942253,15674.3650968525,15452.3469861257,3671.2849469985,9540447.57628239,9273210.33380071,-0.185186209995598,0.109592387037041,10.2963884601976,-14.1529686964594,4.19945774662951,10.2147357021259,2.37762890759052,2.36037474983875,1.39118193425884,37.5506750085646,29310.6895802959,4.18236998853084e+15,1152.71308059726,2.93172796793428,6.08458938921244e-17,34.061,0,10,0,0,1,0,0
0.935,0.045645581322794,-0.0286222285734306,30.1228870511414,0.508790639711772,0.805955743131553,0.0224020107446806,0.269623804400521,0.101452552482381,24.4576675087082,4.27385401677721,-707.994636577999,200.285130599986,-4.68566926188808,52878.4885026633,176811.461639294,-1798870.96717543,353894.486036178,-1500.98104711101,-37400980.2134154,25488092.0992013,-708.040282159322,200.313752828559,-34.8085563130295,52877.9797120236,176810.655683551,-1798870.98957744,353894.216412373,-1501.08249966349,-37401004.6710829,25488087.8253473,31.7808137542644,30.6780858454422,0.912484604009527,8088.22891728558,7929.75068355303,15705.3591342043,15484.5493328264,3675.53201136479,9568301.54298084,9298781.60587433,0.0523481848688082,-0.0588195081000455,10.4110504277558,-14.362036399303,4.17193331379534,10.0942384299901,2.37770415309204,2.36044930197431,1.39118588718828,39.9650587700973,29122.1486297537,4.20682694268319e+15,1183.08441703253,2.93189964623524,6.08539017051912e-17,32.403,0,10,0,0,1,0,0
0.94,0.0457227208105344,-0.0270239991112828,30.1230961641053,0.476458635613988,0.805523523819243,0.00830793649212756,0.375860984146081,-0.0185055648833725,34.6313407214745,4.26573545192568,-707.271116647918,196.158798092985,-4.75753080023867,51697.2094639139,176586.526072153,-1802897.37903858,351605.480059878,-1606.54415475144,-37327469.4125169,26827825.044442,-707.316839368729,196.185822092097,-34.8806269643439,51696.7330052783,176585.720548629,-1802897.38734652,351605.104198894,-1606.52564918656,-37327504.0438576,26827820.7787065,31.8144600371285,30.7154198128222,0.913425326772448,8098.07410614489,7938.14767314473,15737.1561933491,15517.591059977,3679.73968503783,9594688.81515536,9323003.58592497,-0.00788024339614827,0.0587583525661346,10.3424857080303,-14.1030881569481,3.98817805530487,10.2016904350392,2.37777359829822,2.36051807984728,1.39118975289253,37.9339056816066,29285.9219057662,4.23006029553928e+15,1213.92532883651,2.93205716240669,6.08613107511394e-17,35.225,0,10,0,0,1,0,0
0.945,0.045734189243481,-0.0249420658358152,30.1226911306227,0.434194128941114,0.804250459439227,-0.00400192588061146,0.464993613357676,-0.142123782686269,42.5841572156639,3.67074360029774,-706.772086268439,191.347582771912,-4.73279389490304,50496.3015540657,176408.309360546,-1806990.79131995,349090.842679819,-1665.38139478254,-37093050.8339233,28201790.8370599,-706.817820457683,191.372524837748,-34.8554850255257,50495.8673599368,176407.505110086,-1806990.78731803,349090.377686206,-1665.23927099985,-37093093.4180805,28201787.1663163,31.8515511492906,30.7564681551861,0.914462405802873,8108.89870514876,7947.40429868797,15769.7435181039,15551.4574333876,3683.90838399609,9619624.50601605,9345891.19982427,-0.0806001144077595,-0.0310824400844703,10.3437164527777,-14.1514221394628,4.09819162607598,10.1234438657761,2.37783744787409,2.36058128395018,1.39119353365787,38.0853231154461,29311.8979946598,4.25207584769335e+15,1245.24158680505,2.93220101865061,6.0868141784121e-17,32.868,0,10,0,0,1,0,0
0.95,0.0456797585451674,-0.0224809117757161,30.1216952860264,0.384378405261612,0.80224851529826,-0.0181620966106043,0.528973029287153,-0.252829087796498,47.3256223452987,3.0155797569848,-706.245371519819,186.949486399335,-4.49234249692924,49316.9028234799,176268.500567019,-1811070.68126481,346692.626342651,-1633.09411983899,-36876637.5363348,29653831.5831292,-706.291051278364,186.971967311111,-34.6140377829557,49316.5184450747,176267.698318503,-1811070.66310272,346692.097369622,-1632.84129075119,-36876684.8619572,29653828.5675494,31.8921876544663,30.801329526572,0.91559866308942,8120.72871890306,7957.54564755652,15803.1048938227,15586.1301908802,3688.03850727526,9643127.45089952,9367462.73744755,-0.0929233221053515,-0.00845273678767553,10.4953153434499,-14.2140583605204,3.99451267599312,10.1150831409446,2.37789592090475,2.36063912989071,1.39119723191464,38.1416441829864,29039.3035230601,4.27288134220379e+15,1277.03923093206,2.9323317528478,6.08744171016444e-17,32.438,0,10,0,0,1,0,0
0.955,0.0455417058633635,-0.0197714653929237,30.120212785877,0.330183144032027,0.799225241159588,-0.0376202545607696,0.565118817096146,-0.33513817912583,47.7067863416771,2.85084608999307,-705.906637843247,182.412855159253,-4.59324045734142,48140.1035106694,176181.739804196,-1815187.88618139,344236.041500225,-1723.5608365938,-36588299.2788896,31121650.171083,-705.952179549111,182.432626624646,-34.7134532432185,48139.7733275254,176180.940578955,-1815187.84856114,344235.476381408,-1723.22569841467,-36588346.985676,31121647.3202369,31.9364523069517,30.8500839222702,0.916836423686359,8133.58523220798,7968.59236305383,15837.2208137834,15621.5877134171,3692.13043751024,9665220.02623663,9387739.67883021,-0.0943987629175434,-0.0364405769904382,10.4185541291626,-14.2154316051756,4.00576091599758,10.2612067750499,2.37794924960795,2.36069184712734,1.39120085022422,38.2151879480092,29218.7908001509,4.29247317515235e+15,1309.3245409093,2.9324499353773,6.08801604120005e-17,31.985,0,10,0,0,1,0,0
0.96,0.0452890433706051,-0.016952633728678,30.1184174796433,0.275009495642993,0.79450266760419,-0.0643105383763567,0.572894784616054,-0.376893694232095,44.6903960982209,3.70146009462733,-705.78368584939,177.849444768111,-4.54928607981075,46971.6343332126,176144.911712324,-1819355.83279639,341750.142075557,-1753.61456380676,-36245218.7831669,32620594.5977087,-705.82897489276,177.86639740184,-34.667703559454,46971.359323717,176144.117209657,-1819355.76848585,341749.569180772,-1753.23767011253,-36245263.473563,32620590.8962486,31.9844101339472,30.9027927576461,0.918177517977988,8147.48443087948,7980.56066498774,15872.068652673,15657.8052035354,3696.18454149651,9685927.96830968,9406746.52050093,-0.101848354562704,-0.0846963904741456,10.4453946342673,-14.2077596129881,3.9664085908731,10.1814168859728,2.37799767804871,2.36073967770034,1.39120439126616,38.1354849268078,29195.3579149024,4.31089135012322e+15,1342.10400372639,2.93255616594011,6.08853967014275e-17,31.553,0,10,0,0,1,0,0
0.965,0.0448853973999985,-0.0141472214825506,30.1165309691676,0.221673044762881,0.787192941068455,-0.0984937740986706,0.55937718577336,-0.371312820002063,38.9360363863515,5.73817323324521,-705.72765132871,173.52487773758,-4.48159991314157,45821.5785016582,176155.209860373,-1823521.78115627,339314.640740708,-1774.20708606539,-35891347.5831031,34166384.5494438,-705.77253672611,173.539024959063,-34.5981308823092,45821.3568286134,176154.422667432,-1823521.6826625,339314.081363522,-1773.83577324538,-35891386.5191395,34166378.8112706,32.0361086004265,30.9594990361754,0.919623286230148,8162.43764609309,7993.46239084244,15907.6228457201,15694.7548695876,3700.20117076717,9705280.19249622,9424510.60264856,-0.067918036069324,-0.0759792943289881,10.4925709532712,-14.2070892109016,3.90651040181113,10.2099004920777,2.37804146086103,2.36078287496516,1.39120785782522,38.1998494880183,29131.2286504496,4.32812874851621e+15,1375.38427881078,2.93265107039951,6.08901521016443e-17,36.203,0,10,0,0,1,0,0
0.97,0.0442991375484675,-0.0114402007474235,30.1147932883417,0.1718247004771,0.776487406478502,-0.13800421324374,0.532814348289094,-0.317868873744445,32.2326031475349,8.90781330584167,-705.997682563314,169.443449621154,-4.5943676003172,44690.2678133692,176224.061093869,-1827758.7831923,336925.449712645,-1867.05734089856,-35527147.2467589,35704159.2520921,-706.041981700863,169.454889821902,-34.7091608886589,44690.0959886687,176223.284606462,-1827758.64518808,336924.916898296,-1866.73947202482,-35527179.479362,35704150.3442788,32.0915778523253,31.0202276022687,0.921174585311172,8178.45142108392,8007.30505649331,15943.8550721065,15732.4061143772,3704.18066218235,9723308.61357303,9441061.93766531,-0.0636651317044734,-0.00957984568588449,10.4212775002688,-14.1645142678556,3.90618051843189,10.2646794521789,2.37808086198319,2.36082170233382,1.39121125277866,37.9297662042427,29300.498242105,4.34421987206974e+15,1409.17216039103,2.93273529765435,6.08944537584209e-17,32.67,0,10,0,0,1,0,0
0.975,0.0435130970773491,-0.00886897170445018,30.1134307868457,0.126280592608603,0.761829705075314,-0.179165021161354,0.504205775884413,-0.222516997394237,25.5451784058335,12.6731944498974,-706.217155376333,164.674575269199,-4.55659775847126,43548.0148434384,176336.003354542,-1831955.0965,334290.82070035,-1910.17535220545,-34997946.6748257,37307108.2405984,-706.26066847341,164.683444240904,-34.670028545317,43547.8885628458,176335.241524837,-1831954.91733498,334290.316494574,-1909.95283520806,-34997972.2200041,37307095.5674039,32.1508310334009,31.0849854739483,0.922831797453167,8195.52759890036,8022.09193530443,15980.734441385,15770.7257268741,3708.12333852798,9740047.96753721,9456433.04050082,0.0152055970088585,-0.162135703207408,10.4580059269789,-14.1530092090995,3.96491018824761,10.2045554540619,2.37811615341079,2.36085643202863,1.3912145790837,38.5557736115721,29263.9303443785,4.35918954478736e+15,1443.47453766827,2.93280951655589,6.08983297016519e-17,44.228,0,10,0,0,1,0,0
0.98,0.04253104244036,-0.00642929572046153,30.1126253976859,0.084557204733036,0.743187724914564,-0.217185460022535,0.479417547921087,-0.0969163291684597,20.5822164932206,16.4758398112696,-706.682505558592,161.245660124066,-4.55865044750155,42463.880246609,176503.724814177,-1836197.83262537,332040.141529404,-1979.0816411794,-34642386.1402444,38914219.7922439,-706.725036601033,161.252089419786,-34.6712758451874,42463.7956894043,176502.981626452,-1836197.61543991,332039.662111856,-1978.98472485024,-34642406.7224609,38914203.3164041,32.2138646707606,31.153762250002,0.924594840915095,8213.66342979417,8037.82215436014,16018.2276817308,15809.6780758011,3712.02950912116,9755535.63529197,9470658.76116166,0.0866081028975455,0.0644539866040007,10.4715182621424,-14.0642152290995,3.79834506294082,10.2563460128064,2.37814761397182,2.36088734385391,1.39121783976511,37.9178300784074,29269.0961532674,4.37306993531273e+15,1478.29835261879,2.93287441287892,6.09018087174711e-17,30.465,0,10,0,0,1,0,0
0.985,0.0413791577184256,-0.00408945954227529,30.1124896334386,0.0455781466570316,0.721023606434702,-0.247781252394776,0.463723987305787,0.0430594202725502,17.8252142407056,19.5129057285647,-707.957261732504,156.846853130051,-4.51106015540109,41359.5834949048,176743.830116105,-1840662.71622701,329452.391582286,-2039.9896135179,-34075453.9736678,40432921.5240012,-707.998640890222,156.850942589593,-34.6235497888397,41359.5379167582,176743.109092499,-1840662.46844576,329451.927858298,-2040.03267293817,-34075471.798882,40432902.0110955,32.2806591237755,31.22653058589,0.92646318240173,8232.85169673732,8054.49080651229,16056.299328958,15849.2253039888,3715.89947041981,9769811.46844355,9483776.11959803,-0.0182390656851406,-0.0120186412350977,10.5211762044186,-13.9827212831884,4.02026767852147,10.286859877155,2.37817552812777,2.36091472398798,1.39122103790316,37.4032839082027,29196.5816467471,4.38587689474607e+15,1513.65055588079,2.93293068635698,6.09049202227548e-17,33.833,0,10,0,0,1,0,0
0.99,0.0401020939525186,-0.00180512059322752,30.1130512785849,0.00787517871418486,0.696304165144329,-0.267754346515569,0.456967142809777,0.179681098463855,17.6201374383821,21.3254742980498,-709.318956301961,153.032073968253,-4.64307741268825,40289.6328364911,177032.763210365,-1845119.34495725,327015.667728342,-2181.89657653596,-33559242.9228814,41967426.3262444,-709.359058395914,153.033879088846,-34.7561286912731,40289.6249613124,177032.0669062,-1845119.0772029,327015.2107612,-2182.07625763442,-33559260.5430189,41967405.0007701,32.3511790908932,31.303246732418,0.928435851087148,8253.08085748676,8072.0890768737,16094.91191534,15889.3275225118,3719.73350663434,9782917.61736297,9495824.14313534,-0.0848259018536091,0.0659193167255953,10.453063622833,-14.0827470811248,3.92814174908263,10.3530654439726,2.37820018480279,2.36093886379959,1.39122417662185,37.3523163666278,29360.6732251562,4.39764750305535e+15,1549.5380605732,2.93297904778723,6.09076941423643e-17,30.662,0,10,0,0,1,0,0
0.995,0.0387545841082434,0.000462459654082514,30.1142501157754,-0.0298106898342175,0.670286036000514,-0.276206142324656,0.457031453078278,0.295776719578396,19.1705848912729,21.3653892314311,-710.359011009072,148.861902119624,-4.54339982829918,39222.8237728431,177354.054878235,-1849449.50621517,324441.141009055,-2246.28188400295,-32938438.8602068,43601291.1263542,-710.39776559318,148.86143965997,-34.6576499440745,39222.853583533,177353.384592199,-1849449.23000902,324440.683977602,-2246.57766072252,-32938458.0307916,43601269.7609649,32.42537416873,31.3838511310143,0.930511454088042,8274.33520157223,8090.60438235553,16134.0261573789,15929.9430037265,3723.53189033964,9794898.36158242,9506843.70653279,-0.000315294628834526,0.0197272211427918,10.548357610846,-14.1439412245419,3.99078480130506,10.2983795837068,2.37822187624422,2.36096005869119,1.39122725907734,38.2029502456625,29207.9407570156,4.40842056051707e+15,1585.96769445717,2.93302021621304,6.09101607894301e-17,28.576,0,10,0,0,1,0,0
1,0.037393642548525,0.00273297320903209,30.1159469733023,-0.06827161611973,0.644319652570884,-0.273104614738431,0.458308125498025,0.377205198033076,21.723061464566,19.8668779922406,-712.063732744693,144.981667523554,-4.78859368151588,38181.7079709153,177745.605728084,-1853944.96156962,321935.159977594,-2449.14961281589,-32324208.6032474,45141829.2702358,-712.101126387241,144.978934550345,-34.9045406548182,38181.7762425314,177744.961408432,-1853944.68846501,321934.701669468,-2449.52681801392,-32324230.3263089,45141809.4033578,32.503179457765,31.4682690593609,0.932688193230712,8296.59502055873,8110.02052283158,16173.6011417746,15971.0283724448,3727.29488308562,9805799.94252183,9516877.37468428,-0.0433270209197223,0.0394116573858378,10.4111349651906,-14.049663291773,3.92207845289204,10.4044768976042,2.37824089691573,2.36097860697075,1.3912302884469,37.4497346709172,29508.5342365129,4.41823688990377e+15,1622.94615050233,2.93305491618749,6.09123507488603e-17,30.453,0,10,0,0,1,0,0
