t,x,y,z,alpha,beta,x_dot,y_dot,z_dot,alpha_dot,beta_dot,x_est,y_est,z_est,alpha_est,beta_est,x_dot_est,y_dot_est,z_dot_est,alpha_dot_est,beta_dot_est,err_x,err_y,err_z,err_alpha,err_beta,err_x_dot,err_y_dot,err_z_dot,err_alpha_dot,err_beta_dot,x_std,y_std,z_std,alpha_std,beta_std,x_dot_std,y_dot_std,z_dot_std,alpha_dot_std,beta_dot_std,bx,by,bz,bx_est,by_est,bz_est,bx_std,by_std,bz_std,nis,nees,cond_P,det_P,cond_S,det_S,runtime,filterVariant,nx,useSRformulation,RK4Iterations,updateJacobians,updateQ,cubature
0,0.3,-0.3,31.119178665731,1,1,0,0,0,0,0,0,0,30.119178665731,0,0,0,0,0,0,0,-0.3,0.3,-1,-1,-1,0,0,0,0,0,0,0,0,0,0,0,0,0,0,0,-0.00189438033401451,0.00187082593548675,-0.0108409137544472,0,0,0,0,0,0,0,0,0,0,0,0,0,2,10,0,0,1,0,0
0.005,0.268170921938716,-0.267951213633583,31.083047198672,2.39471827702708,2.41337902891314,-12.5374590164552,12.626173290358,-14.2993598704636,-6668.82661942291,-6690.26807911332,0.734208420998747,0.0206422498863273,30.8837584468168,-7.828989817566e-05,0.00287503625257248,-10.6488608436354,18.3775911665922,-11.4078505124815,41390.9709051661,107652.257783667,0.466037499060031,0.288593463519911,-0.199288751855209,-2.39479656692526,-2.41050399266057,1.88859817281978,5.75141787623418,2.89150935798211,48059.797524589,114342.52586278,0.349518887346427,0.349531588918883,0.251169214951397,1.02062747353386,1.02062746886846,70.7777083794837,70.7780066455326,70.7865354683232,25995.3614533239,25909.8136627787,-1.71926893254337,1.97433738602416,10.7157135089441,-1.98387268173406,1.96674931962093,10.1825016503199,0.352531199793036,0.352496652278981,0.683382153515202,1.1835819036753,104.713152981761,63644371860.8636,2.05733505448041e-37,3.75864038149817,7.21099403038443e-21,1123.114,2,10,0,0,1,0,0
0.01,0.258938020945298,-0.257737848441894,30.9748028013864,4.44943003770763,4.48506399136533,9.16065976730538,-8.85600258570305,-28.7556803664636,-703.803206516405,-669.130230448313,-0.536475941106209,0.169658544164331,31.612209768969,184.930811835944,303.290662158746,-83.1692951263293,0.127869269434876,66.202599327622,-18912.6115666564,6185.03126477208,-0.795413962051507,0.427396392606225,0.637406967582584,180.481381798236,298.805598167381,-92.3299548936347,8.98387185513793,94.9582796940857,-18208.80836014,6854.16149522039,0.397342457105481,0.344032687602544,0.50499402304621,93.5720768523872,79.6990222466633,82.8878109949324,86.959247722172,91.2146568840576,29689.5667039824,31167.2585949617,2.10161358326856,-2.29763378357457,10.5503912710403,2.87804941169156,-2.34253458218348,8.90132505395513,0.308325361491767,0.31115308602423,0.85474823517043,7.45716686589408,230.011702777286,52089738594.9825,1.75981963125804e-30,9.69096340881962,5.65367931152669e-21,1215.172,2,10,0,0,1,0,0
0.015,0.299179724333251,-0.29664130562919,30.8017577878516,5.46458072619099,5.51390318303188,7.10244885948709,-6.87011046452481,-39.9247760253816,-1290.82381791069,-1312.6197638665,-0.210870499637867,-0.0292319658260743,32.0600672545967,127.450269085943,423.218830677435,39.4214782958014,-40.691721041271,117.20494340961,-1222646.75957689,-1963562.42480477,-0.510050223971118,0.267409339803116,1.25830946674509,121.985688359752,417.704927494403,32.3190294363143,-33.8216105767462,157.129719434992,-1221355.93575897,-1962249.8050409,0.523323231412979,0.51834066243049,0.920582334937466,229.165191202813,197.175191233111,89.7595528727219,88.9811578492134,120.255138726756,538848.904781558,381746.276941442,-0.491307226640957,0.545725591434733,10.5852123130574,-0.938308870757965,0.677360869570265,10.2627804344593,0.339076410004289,0.26440351973745,0.844105242303623,1.82241823657044,307.071543254714,9308766527342.05,1.85839818985734e-23,11.4740531861342,4.67731100594447e-21,1193.81,2,10,0,0,1,0,0
0.02,0.339483971272817,-0.335484792754836,30.5823265243794,6.41524989885031,6.49473294703131,9.197731858319,-8.84092681850495,-47.1591230181829,-548.18530470797,-568.18608157893,-0.00338654413897311,0.786839079807511,34.6878552035362,-12086.7657454326,-9464.66891067977,34.3589356522889,-27.2764708946642,439.346931881922,-6696715.73431172,-4961020.40702686,-0.34287051541179,1.12232387256235,4.1055286791568,-12093.1809953315,-9471.1636436268,25.1612037939699,-18.4355440761592,486.506054900105,-6696167.54900701,-4960452.22094528,0.805127490327856,0.820561558010507,1.22344061170433,522.96362382221,552.088815678001,114.935518071374,112.228376059206,134.299265320148,471674.743956681,628213.312335826,-0.0915759731393203,0.155746668384432,10.4857557846625,-2.22319131494686,8.31251300596847,70.1412572434492,2.6652528237096,11.5381313254507,54.6055045199857,9.22306679485171,7723.64502717674,8811551877546.17,2.42334339812347e-19,5624.33755952678,5.34869489228088e-15,1811.745,2,10,0,0,1,0,0
0.025,0.383341475369376,-0.377445809834837,30.3388564203688,7.09971231652749,7.2138981928925,8.49012434203507,-8.08227002044078,-49.4301307460559,-419.464788101452,-448.556231417054,1.36529603832649,1.27175823599162,38.4579038839303,-45790.3683236858,-38755.8788323442,162.124701645349,-58.8259186852631,380.695989711558,-9918346.7515523,-8865418.35823342,0.981954562957115,1.64920404582646,8.11904746356155,-45797.4680360023,-38763.0927305371,153.634577303314,-50.7436486648223,430.126120457614,-9917927.2867642,-8864969.80200201,0.918593450968979,1.00232408184132,1.19151328236267,33.2240185580931,867.967609939407,122.241077965056,122.724398439517,142.293067741608,1548963.66199586,1374058.51471775,-0.627096174396414,0.496265358199075,10.1759114752222,-32.6307458995458,758.434700378416,303.89933477727,45.8654905424726,1090.88226312771,424.88578434214,2.46029129652325,67158491.4945116,133522587347137,1.12753092863838e-18,1290849.14084287,2.63798563248548e-08,1058.778,2,10,0,0,1,0,0
0.03,0.422957657364727,-0.414976648706065,30.0962705359778,7.63181210308953,7.78348656718326,7.48557917541346,-7.05207437900125,-46.7783817175355,-349.786173451684,-383.089984228289,2.07834302878299,1.0366892563693,40.4281602540251,-95306.9130814224,-82148.4625615543,180.322948384756,-210.865332532302,314.260221499233,-9626355.53284442,-8759062.85871141,1.65538537141827,1.45166590507537,10.3318897180473,-95314.5448935255,-82156.2460481215,172.837369209343,-203.813258153301,361.038603216769,-9626005.74667097,-8758679.76872718,1.2838653331665,1.27021430663906,1.55579172010159,34.1160950235232,114.113494903307,129.582804651275,124.490211093192,138.704118094353,231338.55842466,162425.707289807,-0.616262420910363,0.452959698032516,10.1754363306261,-422.017928303006,574.559286140868,258.961357141175,603.975845304568,823.520663440302,350.074283719519,0.508499191039755,68906157.2849015,2183341794432.67,4.69254514608244e-24,291.585951523592,4.02521750434466e-05,1031.91,2,10,0,0,1,0,0
0.035,0.457087367683706,-0.447004315764923,29.8782804419754,8.04626618658762,8.23426286567211,6.2804411250593,-5.86546089277495,-39.6499520931566,-324.570589066879,-359.768373585719,1.90286329437056,-1.73944860704118,42.4055139907107,-143331.374015009,-125264.040574281,109.182317127014,-320.281183917759,406.658636513832,-7551511.68758974,-8322637.07404586,1.44577592668685,-1.29244429127626,12.5272335487353,-143339.420281196,-125272.274837147,102.901876001955,-314.415723024984,446.308588606988,-7551187.11700067,-8322277.30567227,1.70734308356617,1.35898025530054,1.61509774542771,105.875818105354,179.660322174215,138.618776023051,136.513875603039,137.54286204961,100440.697468153,82467.0525387834,-0.598617010153458,0.589462572962885,9.98461265430213,-2.97642682845733,15.4415759467668,35.6842456062623,4.79696401125442,19.3976485780402,29.432898340032,2.71534841338004,49612653.3438577,364247370958.928,9.56736003694015e-24,1214.24078348816,6.55946070440075e-14,983.925,2,10,0,0,1,0,0
0.04,0.485190230764257,-0.473198068223842,29.7050984917837,8.37602086608747,8.59633259787456,5.06010807761461,-4.70403621566149,-28.9959644226226,-312.651807404199,-347.161141780637,2.15485562636446,-8.87231064445245,42.3419604382,-182230.559900137,-168034.888044354,89.9283511310583,-676.575714723025,446.247460644894,-10208841.5274136,-8647745.76023265,1.6696653956002,-8.39911257622861,12.6368619464164,-182238.935921004,-168043.484376952,84.8682430534437,-671.871678507364,475.243425067517,-10208528.8756062,-8647398.59909087,1.86997156997525,1.42196478587327,1.95313886642217,109.662408172047,164.243386487353,141.463643355682,130.490174096352,131.983101648299,334939.072153778,60619.6650927925,-0.309018032566793,0.623793126299008,9.99776786332124,-0.969399056984344,5.16459549331216,21.4379311585162,1.69844659853807,3.81982038652025,7.35761328544148,27.2755766989738,93493303.7393742,1823849734013.23,2.89186875646715e-23,116.280213517025,3.27108878549829e-16,1005.132,2,10,0,0,1,0,0
0.045,0.507469732763819,-0.493931211464144,29.5911948700113,8.65209624716291,8.89909024032726,3.9361384024727,-3.66720991787035,-16.1454943031938,-298.374016442329,-329.312710076255,24.0550780625595,-11.2063547824164,58.0836896894484,-217920.874652123,-210554.171199394,1178.17195298611,-430.857815147027,886.924559512981,-8259594.73719987,-11741391.6085218,23.5476083297957,-10.7124235709523,28.4924948194371,-217929.52674837,-210563.070289634,1174.23581458364,-427.190605229156,903.070053816175,-8259296.36318343,-11741062.2958117,1.76385130558113,1.9595729144402,1.21780060316246,395.376263494026,103.317678852952,130.817329326501,143.942759938918,124.143550163698,78780.5833821948,146803.400352168,-0.406864532641851,0.601211557940154,9.89700622217685,-0.792995402278507,-4.91195012515533,25.9633373646011,2.33619647646441,9.4681666474282,1.88444010722561,165.300376949403,35595525.6678138,873259242201.027,2.83951529349158e-23,257.568525749864,1.49067390852469e-16,1021.893,2,10,0,0,1,0,0
0.05,0.524611903040439,-0.509985762290046,29.5438123378149,8.89820927763289,9.16526926648958,2.99010435869427,-2.81905472880216,-2.63115944066997,-272.521513274371,-296.685348793547,32.790455203705,-16.2237156417036,54.7998289117251,-256045.244816266,-267874.870259041,1213.3102822552,-442.411999566586,121.068511925158,-3662009.42997826,-10550262.4276732,32.2658433006646,-15.7137298794135,25.2560165739102,-256054.143025544,-267884.035528307,1210.3201778965,-439.592944837784,123.699671365828,-3661736.90846498,-10549965.7423244,2.28209474282126,2.43657598866245,1.41901007066713,71.6488591576458,775.112183498921,147.303393838908,154.911372080576,132.516883131065,141640.108840141,160805.317890487,-0.822703362373671,0.825947885486228,9.88047375206573,-1.18655271081991,0.388478338760656,21.7603135224635,0.360996242218467,1.02961535805169,1.77843976143878,361.440318629782,32509677.2021393,195337043461.375,1.60467361177388e-20,323.498401483624,3.39481953135393e-20,2505.025,2,10,0,0,1,0,0
0.055,0.537596451320112,-0.522355431504022,29.5624887688815,9.13174551071179,9.41194532084242,2.25825322565015,-2.18032679465964,10.0328916638227,-229.525508235318,-243.664295840734,23.8845022570925,-2.11534713418781,67.3621324109195,-275354.256808985,-333371.514231243,898.882252928187,178.153346556169,603.73845831227,-4525406.78945367,-12424433.7249625,23.3469058057724,-1.59299170268378,37.799643642038,-275363.388554496,-333380.926176563,896.623999702536,180.333673350829,593.705566648447,-4525177.26394544,-12424190.0606666,2.23913596134854,1.9668574215723,1.38446723401774,93.8023968661057,154.108711858787,158.576301534278,155.545486566763,134.751448414498,160784.322060482,144774.224654357,-0.380445410667064,0.565644348429484,9.90760084655878,-0.143391496948198,0.883308800851523,21.1555402472641,2.07136281661322,1.55312287898241,1.81175230116565,73.3623631141932,42032184.7720428,1146508690369.92,2.39825007472928e-21,14.5778328944622,6.18725673482696e-18,1081.628,2,10,0,0,1,0,0
0.06,0.547471555110653,-0.532039477448793,29.6396714412935,9.35971455019045,9.6459650675158,1.7319617942906,-1.73248876132303,20.5576500020042,-165.873157322158,-167.357448297252,35.1305851625657,-38.9806204215966,56.4857606128057,-303688.159250437,-401695.316313175,1350.2011573537,-1687.15654888992,-18.2388326582519,-6764169.69872711,-13586749.5926749,34.5831136074551,-38.4485809441478,26.8460891715122,-303697.518964987,-401704.962278242,1348.46919555941,-1685.42406012859,-38.7964826602561,-6764003.82556978,-13586582.2352266,2.74158904796438,1.58179732035057,1.86869429496896,225.764232651911,227.749300593579,165.500589016016,136.858732749634,146.204836226999,124791.765032918,96281.5613457849,-0.605151240574869,0.597077373774028,10.2132231533287,-1.30149466455975,0.437148457336889,22.7295305821826,0.402842222487753,0.587421167433699,0.733955220612573,1585.74924163792,12138151.5734647,123732040551.468,2.00795761854124e-19,24.5403890717901,5.27144423617782e-21,1072.129,2,10,0,0,1,0,0
0.065,0.55512051719328,-0.539840562147794,29.7622461031049,9.57725878443939,9.86232433914747,1.35397963154509,-1.4152628510912,28.0312894640155,-83.1527424649202,-71.3162117886983,11.2526311324462,-48.4829621080146,45.8496571951301,-346453.545391079,-477214.683955523,189.232913227714,-1827.65783727661,-408.999230555565,-11953966.4291711,-16025371.4662513,10.6975106152529,-47.9431215458668,16.0874110920252,-346463.122649863,-477224.546279862,187.878933596169,-1826.24257442552,-437.030520019581,-11953883.2764287,-16025300.1500396,3.12755004523923,2.14460769054033,1.98379064357415,137.957661428539,459.54457669157,172.367361055886,154.697609364448,141.392438555475,163274.469730784,111371.680062619,-0.680907242742768,0.56845759345629,10.4357831504039,-0.559170817158616,0.798964395258395,21.7140188526628,0.206495614517216,0.462404759184143,0.601931214946479,636.074041275524,27186031.6343991,72589405556.2804,4.04484333952114e-19,26.218005653042,1.13058827062526e-21,1114.525,2,10,0,0,1,0,0
0.07,0.561078030453283,-0.546205155077901,29.9136238187893,9.77628854787604,10.0536115877677,1.04214850262629,-1.14626466628206,31.9875255558246,13.3485640044248,37.1881485636038,14.4065066111009,-59.7653892668148,36.1880600659301,-415605.707427304,-566253.370429756,223.692785208836,-1379.27377347705,-745.914264830964,-4648476.58345719,-13959141.8248788,13.8454285806477,-59.2191841117369,6.27443624714082,-415615.483715852,-566263.424041344,222.65063670621,-1378.12750881077,-777.901790386788,-4648489.93202119,-13959179.0130274,3.74490785175766,2.7008317636587,2.56172437659739,174.908785460538,215.082998884949,186.428671127663,171.722235883742,144.251504323577,283557.090882831,164152.427228835,-0.606382399738242,0.521835726047865,10.477306582268,-0.577816472715043,0.250938204537476,21.526765781573,0.65245912205428,0.585488603178861,0.685376948644273,282.233148189977,20053036.2861557,202025815992.855,6.80120511919123e-18,1.92928184199342,6.30542265703926e-20,1068.298,2,10,0,0,1,0,0
0.075,0.56551065622602,-0.551216002009793,30.0759543251928,9.93388521548281,10.1973534009997,0.731265442842719,-0.86210293774384,32.3876831692911,113.709570490172,144.708645530799,31.6600479844408,-31.8131366786331,25.8325406106166,-432977.797132934,-652082.390739139,803.428143065413,-73.474359462709,-256.440018506271,3366296.59270965,-16724210.5967613,31.0945373282147,-31.2619206766233,-4.24341371457615,-432987.73101815,-652092.58809254,802.696877622571,-72.6122565249651,-288.827701675562,3366182.88313916,-16724355.3054068,4.27293853560003,2.96824861958546,1.95232683159893,195.391378596408,264.786358926151,200.598787540709,203.77350675156,155.695708984207,994731.054487858,161227.954525442,-0.706524789535811,0.624192734968109,10.5863056389159,-0.582579732149924,0.699091960356668,22.4258477865078,0.786675865064624,1.27089547866677,1.48477069172286,546.539252562692,60786278.8365276,4792837374477.08,3.67136803535503e-17,38.6644822549825,2.41644979336885e-19,1038.627,2,10,0,0,1,0,0
0.08,0.56826850549253,-0.554641652358865,30.2321450149603,10.0319919791665,10.2778499181354,0.360764539230844,-0.501127677180219,29.5653851255947,196.524231128679,227.61932416456,62.2171205868542,-77.3727757946778,18.3262040184273,-421601.114795905,-738774.951901938,5808.34202290576,-4315.98659902685,-6115.22387052075,-17483466.2283283,-47891268.2662345,61.6488520813617,-76.818134142319,-11.9059409965329,-421611.146787884,-738785.229751856,5807.98125836653,-4315.48547134967,-6144.78925564635,-17483662.7525594,-47891495.8855586,4.02749669710703,1.41078036933014,2.16273465819589,246.478884807354,696.280190770063,758.858314372618,222.295070842191,963.283440775283,2454747.23349519,5911805.6863603,-0.711156899396095,0.625582193999776,10.7126811398498,11.315013886616,-17.5064617240537,23.9363558944206,21.5296581168297,27.0038136577115,6.96474653691819,241.105028350171,65665945.1022187,174524538323669,2.07763330377661e-13,5806.33339206709,1.39549426500797e-14,1005.166,2,10,0,0,1,0,0
0.085,0.569092191686172,-0.556129630581922,30.3674646517379,10.0580415199528,10.2859328431607,-0.051744935799298,-0.0773770039834507,24.1186653153877,248.029817183791,272.477882954964,63.3626656036272,-105.040560283345,-4.03710629874562,-514239.80695332,-896413.479616475,3163.82021044687,-4614.08661401843,-4253.01458108488,-19088116.6639306,-31503959.4869578,62.793573411941,-104.484430652763,-34.4045709504835,-514249.86499484,-896423.765549318,3163.87195538267,-4614.00923701445,-4277.13324640027,-19088364.6937478,-31504231.9648408,4.16796226967723,1.31004093647405,1.3807630310137,564.913252735457,740.491297723012,221.952307477122,136.858954357946,441.711053768845,116855.972101882,302879.803736315,-0.558013596247161,0.813117859139351,10.6991894477972,-35.2388578318426,96.7329139570339,31.3902292732564,48.5481371048554,135.867222298858,13.6853285987005,35.1954158767015,38011862.8510543,382565860192.916,3.15379720172491e-17,17425.2378193645,4.67055466777072e-13,1016.415,2,10,0,0,1,0,0
0.09,0.567872569510876,-0.555468296865213,30.4706366585324,10.0116702402202,10.2251136458409,-0.462744827233726,0.365727897473703,16.8174415473096,260.872984779393,274.526416979754,-69.5964953383063,-127.5475445087,-30.6902290918032,-619874.900412085,-965729.157029769,-2584.65198300965,-3851.01083899299,-3728.60216830725,-18954832.4662361,-18317992.4741159,-70.1643679078172,-126.992076211835,-61.1608657503356,-619884.912082326,-965739.382143415,-2584.18923818242,-3851.37656689046,-3745.41960985456,-18955093.3392209,-18318267.0005329,4.28904224165467,1.87766885392382,3.36967099410159,572.272744321105,918.636789378381,203.981627403659,152.601620583889,447.083154620879,82033.7923849938,191352.055929698,-0.566399658276412,0.636586343532621,10.7843414202947,-0.999039979056704,1.08518918008826,22.0033533819333,0.203201891322399,0.513216372345159,0.215383233570683,3049.80897462734,257467900.610906,64146212383.5452,1.92291050681006e-17,8.28480067052823,4.44272995923237e-22,1114.193,2,10,0,0,1,0,0
0.095,0.564748094028826,-0.552706891290981,30.5344677377607,9.90505501818306,10.1104693950341,-0.81630330384187,0.766587142794194,8.51115846133857,239.485257387004,242.001872970539,-116.313315895316,-153.589448321169,-28.0591254670563,-707937.294268676,-1046324.19432319,-3729.11542287394,-4098.8508590187,-1917.71125842621,-18811144.7744931,-17220168.7066316,-116.878063989345,-153.036741429878,-58.593593204817,-707947.199323695,-1046334.30479258,-3728.2991195701,-4099.61744616149,-1926.22241688755,-18811384.2597505,-17220410.7085046,5.18809941470397,2.54816099227354,5.54612724327228,771.199213098335,1712.48157672736,215.46705472099,167.936319359868,452.433574913441,38687.4439622307,229565.569400342,-0.556324994447096,0.548479342762543,10.8014246668613,-1.02859590962368,0.818439657464864,22.0271470313946,0.115718528338859,0.13786133686129,0.101884173822641,12379.8030882332,2063564.12404476,54734512566.8748,3.68548847884667e-16,1.96407596175826,2.57524094574763e-24,1110.204,2,10,0,0,1,0,0
0.1,0.560094260851796,-0.548173545410402,30.5560474826605,9.75726353193914,9.96189279099483,-1.07384551861297,1.07521056217944,0.0520279954099084,195.161967934237,189.153348434389,-283.327943397149,-165.460013683673,-49.6584871380368,-806510.393265619,-1028044.1345175,-7706.2038348763,-3488.91766528797,-2268.72348083101,-19626608.7901876,-7067683.78665965,-283.888037658001,-164.911840138263,-80.2145346206974,-806520.150529151,-1028054.09641029,-7705.12998935769,-3489.99287585015,-2268.77550882642,-19626803.9521556,-7067872.94000809,5.86697424268684,3.29542242245087,7.76951485724341,833.809574696797,2355.25233477061,221.329011682737,182.048682387876,457.940820341439,22913.514776966,226746.059194237,-0.614351132283358,0.80193405730211,10.7761222371307,-0.987233908801954,0.743700930684099,21.9827179125787,0.110267907504275,0.179783989786872,0.132529591763478,8620.45727354263,18417062.2042917,30764581899.9577,1.80295340904559e-15,3.44213316736331,5.74998671399551e-24,1053.659,2,10,0,0,1,0,0
0.105,0.554412655830827,-0.542382009332248,30.5366014435278,9.58575069788321,9.79535358852719,-1.22453091948839,1.26806037827877,-7.76858430473345,142.834085522179,132.151128863821,-240.147769133435,-190.751494250018,-44.8692950538832,-898851.960398378,-1138524.31427489,-5795.65494688593,-3869.9503563255,-1745.19962825376,-19030681.7515464,-12047634.492145,-240.702181789266,-190.209112240685,-75.405896497411,-898861.546149076,-1138534.10962848,-5794.43041596645,-3871.21841670378,-1737.43104394903,-19030824.5856319,-12047766.6432739,6.80346991302049,4.10870568042901,10.0237227317602,836.413072090086,3382.59377990724,231.522391463406,195.262602039527,463.331382454299,26078.4755714545,235901.656953731,-0.782405742795059,0.748172123313644,10.6909771886151,-0.913667420334718,0.855754154905242,21.8535540207085,0.122168067339962,0.122350935834019,0.104820062321775,11593.2186399607,20428447.0944922,17537904777.2935,1.83984277519734e-14,2.02755316489495,2.14470643906847e-24,1047.765,2,10,0,0,1,0,0
0.11,0.548161101650259,-0.535857798010554,30.4810582304182,9.4061474215569,9.62376601651938,-1.29789022465563,1.36497939317451,-14.270450851359,90.4236853475452,78.6772890009071,-317.513536655366,-204.231733175797,-71.7723330358528,-999633.842113593,-1143108.00890956,-6816.80636557979,-3661.82755582624,-2386.19788534431,-19749927.2049875,-10415138.2232832,-318.061697757016,-203.695875377786,-102.253391266271,-999643.248261015,-1143117.63267558,-6815.50847535514,-3663.19253521942,-2371.92743449295,-19750017.6286728,-10415216.9005722,7.8208650936507,4.98093280847363,12.3001655468157,839.54744961891,4521.22168984517,241.981569524607,207.642833326493,468.666382839907,40417.2988874544,271218.637893653,-0.572430315043248,0.586496599511798,10.6671137669318,-0.946093825980654,0.761301946972992,21.8290977604738,0.105938564196545,0.115492408267687,0.103950454066415,11749.1991587205,13039409.1785136,15456787377.4203,1.15763304925328e-12,1.51916073292667,1.54532702124698e-24,1039.105,2,10,0,0,1,0,0
0.115,0.541654691466736,-0.529017472652313,30.3973641631615,9.2282880863626,9.45410608971261,-1.32250649716865,1.39069153447422,-18.9352269656776,44.1764255283505,33.9442681450794,-308.569219257301,-227.430612060828,-68.3697924623723,-1091378.90572429,-1254541.34947093,-6010.36047243696,-3823.90695807131,-1997.31560805638,-19153689.6921077,-14027308.2827412,-309.110873948768,-226.901594588176,-98.7671566255337,-1091388.13401238,-1254550.80357702,-6009.03796593979,-3825.29764960578,-1978.38038109071,-19153733.8685332,-14027342.2270093,8.88398431301036,5.90687296517603,14.5981834944795,949.921473215669,5806.07349206519,251.864523635248,219.355222455967,473.953063428011,43759.6700351248,291736.561728656,-0.466628149533182,0.445911530380733,10.5180468409339,-0.887114760942609,0.825904245616016,21.7631121881823,0.114994034969874,0.118210383123517,0.101268696096284,12444.7316057121,3624732.45991879,11246413588.3908,6.00209636393572e-11,1.73371121604056,1.75335762830969e-24,1010.257,2,10,0,0,1,0,0
0.12,0.535061539863686,-0.52213489639663,30.295586264397,9.05959806412728,9.29132658079876,-1.32932087899834,1.37834554207868,-21.4399513340735,7.3302553518831,0.177676856356073,-494.395054566452,-229.188103398182,-114.775012538178,-1211964.26205465,-1095319.61189187,-8703.66927233387,-3321.7407997528,-2905.34826060536,-20243137.2298114,-4580825.45982058,-494.930116106316,-228.665968501785,-145.070598802575,-1211973.32165271,-1095328.90321845,-8702.33995145487,-3323.11914529488,-2883.90830927129,-20243144.5600667,-4580825.63749744,9.88989407882124,6.88135134928593,16.9126005019892,1068.08472580469,6872.31920071813,260.327305084698,230.417462425777,479.129516320624,43385.8197489904,290443.5823005,-0.569999048500113,0.542427556352859,10.5917761084686,-1.01556885669396,0.630834437977512,21.7305818805471,0.183325137777265,0.231112438308076,0.105862165567046,11288.8874524069,3656767.95634521,8179034416.35076,1.8413251055457e-10,7.70903701685361,8.5099397722395e-24,989.005,2,10,0,0,1,0,0
0.125,0.528422707128854,-0.515339949535743,30.1868676415181,8.90135440000777,9.13551626205346,-1.33865915021722,1.35294403938494,-21.6825112621803,-19.3225080487237,-22.7704308447633,-610.061308294784,-237.525834575313,-146.276537983103,-1326089.51727327,-1000375.58463464,-9851.81730033344,-3111.36697629778,-3325.80874515117,-21127182.8036542,1702641.04029116,-610.589731001912,-237.010494625777,-176.463405624621,-1326098.41862767,-1000384.7201509,-9850.47864118322,-3112.71992033717,-3304.12623388899,-21127163.4811461,1702663.810722,10.9880844551709,7.90403257470003,19.2480087186387,1206.98087338953,8094.45717936181,269.213637065651,240.999130370226,484.292180547432,47000.5575242225,291204.300042098,-0.507371324835268,0.56402583389928,10.3559063672736,-0.944956712437772,0.73897529527045,21.6891753902928,0.120082227316308,0.107172835404941,0.115688716338698,10545.9677931144,3507592.48597495,6220989130.56948,8.69442046110647e-10,1.88528393468689,1.96719540350114e-24,901.046,2,10,0,0,1,0,0
0.13,0.521692701324956,-0.508646905077595,30.0823087349162,8.75569290748471,8.98818704656221,-1.36491031997916,1.33594145419851,-19.7844759905667,-36.813326054579,-36.1469620697765,-697.892511187298,-248.354743429207,-171.641217043444,-1439391.94005308,-923359.31815396,-10418.5242952089,-3004.17595057898,-3542.52566640733,-21380985.0256287,4174631.4512001,-698.414203888623,-247.846096524129,-201.72352577836,-1439400.69574599,-923368.306341006,-10417.1593848889,-3005.51189203318,-3522.74119041676,-21380948.2123027,4174667.59816217,12.1720323569366,8.97267182063266,21.6031875842774,1392.41620032972,9484.12945548996,278.289091831718,251.155732281309,489.42399107001,49878.6100641541,300878.001075188,-0.532136401605689,0.601936960770191,10.4379140218211,-0.933507147756529,0.736402117610169,21.723578118781,0.114419051146055,0.104933120484154,0.100949535625271,12597.4546513595,3400911.35679872,5132935474.89468,3.10505135439322e-09,1.4240781266037,1.43150507239669e-24,903.746,2,10,0,0,1,0,0
0.135,0.514796679514854,-0.502011782124979,29.9918708719955,8.62408864766846,8.85062380189099,-1.40536421039418,1.3292007657319,-16.0789245718668,-44.5859379139367,-39.6763452832839,-760.249877813445,-261.670822621815,-190.477493547216,-1548247.71500067,-883054.867565612,-10561.1630996419,-2971.57056728941,-3619.41665948441,-21937979.361038,6737597.4373158,-760.76467449296,-261.16881083969,-220.469364419212,-1548256.33908931,-883063.718189414,-10559.7577354316,-2972.89976805514,-3603.33773491255,-21937934.7751001,6737637.11366108,13.3905471051243,10.0843784570363,23.9767844993992,1603.57959629545,10907.1375109053,287.029270472909,260.917053192927,494.502198765702,51213.3555180033,307683.825373455,-0.629161514978,0.542769710309745,10.1417074887322,-0.903017785418569,0.739208215911447,21.7830458736898,0.102758481987472,0.101566967484709,0.110565544073656,11220.0119082322,3426072.03736934,4227821751.84245,1.24775274991143e-08,1.30233397340111,1.31225496520357e-24,922.883,2,10,0,0,1,0,0
0.14,0.507685327710229,-0.495396390041242,29.9234061716899,8.50685614186712,8.72341341854967,-1.45240298712507,1.32847421669817,-11.0684966038635,-42.4539233300617,-33.2907001481254,-793.789270266078,-278.954588686153,-202.639683939436,-1652967.64093181,-889854.749634158,-10309.4422366779,-3014.16725779108,-3569.31023052974,-21500091.2146037,5352991.76597428,-794.296955593789,-278.459192296112,-232.563090111125,-1652976.14778795,-889863.473047577,-10307.9898336908,-3015.49573200777,-3558.24173392588,-21500048.7606803,5353025.05667443,14.6528343499976,11.2377147687837,26.3686712588122,1828.62066792568,12388.1715273516,295.576475149233,270.327924858125,499.531703112528,51921.5811133575,314298.606771464,-0.562774859156156,0.607009834425689,10.2497564908859,-0.842516155543649,0.765244086984751,21.7588080845417,0.113906410088364,0.104591174324451,0.104748709489924,12332.4681429687,3345260.62369386,3534547230.49121,3.44869008269403e-08,1.4861345043065,1.48975691963929e-24,907.266,2,10,0,0,1,0,0
0.145,0.500347633824201,-0.488785457376807,29.8819666219498,8.40369859301891,8.60646774845562,-1.49810600624693,1.32869359366528,-5.36220150952605,-30.859962350597,-17.5658614287774,-827.139486840456,-296.518908488277,-216.728060382509,-1755877.80910352,-902113.643324799,-10092.6664841879,-3057.30368024157,-3563.55010933713,-21514316.762213,4503672.25146239,-827.63983447428,-296.0301230309,-246.610027004459,-1755886.21280212,-902122.249792548,-10091.1683781816,-3058.63237383524,-3558.1879078276,-21514285.9022506,4503689.81732382,15.9544218392292,12.4311218641589,28.7785528316486,2060.86196071902,13924.6548544864,303.911761275311,279.422394282176,504.5094213389,52680.918051357,307051.65757143,-0.663468296061033,0.594842222366353,10.1804969340133,-0.840487211043239,0.752300722481891,21.8096512351167,0.108870678767724,0.103181497771355,0.100788232892831,13350.1937030454,3241761.37721652,2746981039.38752,9.21156143762115e-08,1.26483142584512,1.26596016676695e-24,879.629,2,10,0,0,1,0,0
0.15,0.492808116341649,-0.482185216613157,29.8694513491476,8.31307550074332,8.49849461047183,-1.53593424905294,1.3261253541361,0.39922529710864,-10.7434988332371,6.58522015594843,-836.54036776461,-317.127237686416,-223.051602953841,-1851813.38053267,-973416.675491233,-9634.33488464806,-3143.53670834645,-3454.32933852036,-21724141.7257437,2950873.40773165,-837.033175880952,-316.645052469803,-252.921054302989,-1851821.69360817,-973425.173985843,-9632.79895039901,-3144.86283370059,-3454.72856381747,-21724130.9822448,2950866.82251149,17.2803057976762,13.6629402115888,31.2059277959159,2293.07629918264,15365.0081111911,311.93919555309,288.227896786401,509.437213386367,53651.4401301212,313164.620599016,-0.487784107582944,0.422878004176855,10.2993111171835,-0.821208669705698,0.741083385300101,21.888888311878,0.11491843460383,0.102683918914014,0.108185535179987,12009.5611491587,3027039.85768661,2354326239.96519,2.58777925755336e-07,1.53768390555174,1.54950261987029e-24,859.484,2,10,0,0,1,0,0
0.155,0.485111605962395,-0.475609588184447,29.8846325717545,8.23229612279628,8.3970938894461,-1.56411317146744,1.32126433483235,5.6199878043209,17.1048448052457,38.3892360316002,-882.894711956024,-333.160881201937,-240.702732231668,-1960185.12567996,-962074.329371542,-9617.74564588458,-3149.61844130923,-3504.57417141431,-21594583.8097667,1683380.32447048,-883.379823561987,-332.685271613752,-270.587364803423,-1960193.35797608,-962082.726465432,-9616.18153271311,-3150.93970564407,-3510.19415921863,-21594600.9146115,1683341.93523444,18.6347461753412,14.9320203177452,33.6509447847199,2524.59559179727,16803.1752024067,319.736342806387,296.769822491806,514.317720282323,53691.2226898979,311795.050970199,-0.68299943929744,0.445133235944491,10.3495214476074,-0.851602009056762,0.704439814711577,21.9563837201804,0.100517584472882,0.10117725069935,0.127562642591909,8388.50026932551,2927459.01274111,1947366651.80915,5.67065866935915e-07,1.6485372844047,1.66941168204464e-24,850.713,2,10,0,0,1,0,0
0.16,0.477292853599544,-0.469051699370866,29.9235592215828,8.15525162101553,8.29647142454567,-1.58824640358385,1.32182225734129,9.81428428807631,49.9526917880896,74.062512904018,-955.970614917874,-345.077205814962,-263.8932039592,-2075530.47992498,-892160.465918324,-9881.36580326821,-3102.51708052806,-3623.2336961259,-22139698.3132857,2506283.21907723,-956.447907771473,-344.608154115591,-293.816763180783,-2075538.6351766,-892168.762389749,-9879.77755686463,-3103.8389027854,-3633.04798041398,-22139748.2659775,2506209.15656433,20.0382236496104,16.2378952001156,36.1137379313932,2769.85853295751,18331.7722455564,327.450651673495,305.077421178558,519.155708724659,56892.3303229783,319349.382088895,-0.667411251813635,0.458136671581078,10.1336259252796,-0.880383408237151,0.676643391194887,21.9621963794907,0.117263491565757,0.107080061140692,0.106509374599039,12834.1914801187,2596063.33053165,1722144147.5149,1.63121313513287e-06,1.65456027142396,1.65700920041979e-24,880.888,2,10,0,0,1,0,0
0.165,0.469351067902637,-0.462452641958433,29.9802175511131,8.07613806651157,8.19169792032331,-1.61671984579102,1.34075674755421,12.6520744162582,85.0389250183573,110.693155763597,-1043.35169704055,-355.084872964963,-291.11317110514,-2198119.08637009,-783355.171595261,-10257.5991793906,-3036.0077642284,-3780.04041043859,-22767951.3643928,4803153.56213911,-1043.82104810845,-354.622420323005,-321.093388656254,-2198127.16250816,-783363.363293181,-10255.9824595448,-3037.34852097596,-3792.69248485485,-22768036.4033178,4803042.86898335,21.4641674973642,17.5788870119681,38.5936307675335,3022.10784816252,19827.590265873,334.928144576619,313.161888507027,523.94414006674,56821.679185125,315640.808557204,-0.634493514597933,0.474589371152321,10.2853809690471,-0.856306353135494,0.683723526947233,21.922295701188,0.108777114776575,0.10109951369071,0.11628842555134,10513.2460185004,2546551.02871907,1431879796.59384,3.50444916707434e-06,1.54908281170072,1.5622661230602e-24,899.478,2,10,0,0,1,0,0
0.17,0.461243527312761,-0.455695142587204,30.0473672050603,7.98745784731691,8.07662447952292,-1.65771025938248,1.38833356711775,13.9767306753779,118.019797727698,142.883403919075,-1137.5712812311,-363.90770257042,-320.756092867519,-2326048.74860288,-646523.817338702,-10655.3635396916,-2960.85369153329,-3945.97443894244,-22991988.9021599,6436102.17136848,-1138.03252475841,-363.452007427833,-350.803460072579,-2326056.73606073,-646531.893963181,-10653.7058294322,-2962.24202510041,-3959.95116961782,-22992106.9219576,6435959.28796456,22.9306989767216,18.9545490883714,41.0911027510432,3281.42777416267,21365.7661787943,342.291751054719,321.045018140637,528.692512417852,56624.2605451397,312895.771636235,-0.841652288591889,0.486905731126046,10.3365263452211,-0.889033131592498,0.647484121117259,21.9823591660315,0.143960106438996,0.112700829902986,0.100123695422046,13534.9322396704,2422104.08154567,1206860375.57614,8.11807324141359e-06,2.34253884463428,2.34811722341066e-24,901.401,2,10,0,0,1,0,0
0.175,0.452904128058934,-0.448627052102344,30.11740887679,7.88292051989394,7.94689552122452,-1.71209541783186,1.46801332994245,13.8015799096651,145.02897606292,166.38386073689,-1157.99299258173,-383.681355625447,-332.316800643549,-2429882.53190805,-703094.520298757,-10365.7796822392,-3016.7776399806,-3909.49273766742,-22774508.88232,4753671.37768466,-1158.44589670979,-383.232728573345,-362.434209520339,-2429890.41482857,-703102.467194279,-10364.0675868214,-3018.24565331055,-3923.29431757709,-22774653.9112961,4753504.99382393,24.4299200604271,20.3638574506736,43.6058334402703,3543.98787583107,22897.9353934469,349.507253086563,328.739513225996,533.399253794239,56530.9662103734,312891.492686163,-0.396723956659597,0.513590366360026,10.5739425011311,-0.736043314844892,0.709180126818865,21.9623758721355,0.140027378631798,0.111791401222334,0.106071648298589,12197.286163498,2411682.46049464,1043178961.46518,1.59749354363914e-05,2.33380755013086,2.33768465847674e-24,875.747,2,10,0,0,1,0,0
0.18,0.444276370047208,-0.441100156556109,30.1831830506767,7.75823080786339,7.8005265897182,-1.77488636850963,1.57450803103958,12.2866319035709,162.912653091955,178.086541923263,-1202.67379031273,-399.568809642014,-347.970684127446,-2540668.36793534,-700185.791332357,-10303.7181156826,-3024.77668329115,-3920.79607449955,-22762251.4359033,5009954.54256663,-1203.11806668277,-399.127709485458,-378.153867178123,-2540676.12616615,-700193.591858946,-10301.9432293141,-3026.35119132219,-3933.08270640312,-22762414.3485564,5009776.45602471,25.9600052601467,21.8059974164531,46.1376618055741,3808.6335962824,24430.1855815176,356.578962500401,336.257884501224,538.065464732096,56637.6973300193,313247.119251938,-0.500151532361472,0.201808915103037,10.7200320654485,-0.764803577972373,0.679507722523454,21.9531640539117,0.107712461408426,0.102731795875517,0.108286110252191,11081.1121413304,2391403.55390187,910191467.665385,2.91144373481953e-05,1.38703821273628,1.38854933591008e-24,881.457,2,10,0,0,1,0,0
0.185,0.435341286349585,-0.433014042954926,30.2386218587289,7.61231440520939,7.6386664744002,-1.83586403163827,1.69372342005712,9.70390889576616,170.206823035853,177.364243186337,-1292.21147866621,-408.499850511921,-374.749594837135,-2667419.38085502,-568772.822962957,-10611.3757454782,-2962.38626665979,-4033.51390660911,-22600679.1325093,5279371.23632095,-1292.64681995256,-408.066836468966,-404.988216695863,-2667426.99316942,-568780.461629432,-10609.5398814465,-2964.07999007985,-4043.21781550488,-22600849.3393323,5279193.87207776,27.5177685420627,23.2801592313912,48.6864351916201,4073.94186467915,25943.1088409144,363.49846301138,343.611481821889,542.691090492613,57003.2875068595,315490.23029519,-0.598234569687377,0.449743073434413,10.5630998881757,-0.829220752706306,0.629394092115376,21.9428711311593,0.123129247858855,0.104222443027432,0.106338108220215,12022.0177865396,2348177.19217987,808429219.238652,8.27756527697256e-05,1.7303137320247,1.73498115898571e-24,879.94,2,10,0,0,1,0,0
0.19,0.426134185926311,-0.424352383408193,30.2792119640979,7.44673975395462,7.46421167823958,-1.88354286218788,1.80595948780268,6.39761750436855,168.554152236381,167.279393385999,-1376.52648052292,-418.198588225342,-401.307979266661,-2791445.5965698,-452849.57726273,-10857.068295721,-2914.11757613004,-4140.86374694418,-22921740.8236355,6858779.69963009,-1376.95261470885,-417.774235841933,-431.587191230759,-2791453.04330955,-452857.041474408,-10855.1847528588,-2915.92353561784,-4147.26136444854,-22921909.3777878,6858612.4202367,29.1080619360607,24.7858239157704,51.2521673573805,4340.54613943275,27485.8672709349,370.303629783971,350.811576833508,547.278147554183,57605.5194471586,319946.229765811,-0.373479507717192,0.608497254464538,10.682593938108,-0.83369349643192,0.600650463862706,21.9620455611675,0.142188561999946,0.111383235917419,0.102291053645867,12374.6297148938,2283027.50405803,732164537.686889,0.000195584407378237,2.30735527463458,2.31019333652369e-24,877.538,2,10,0,0,1,0,0
0.195,0.416723166692632,-0.415182509030196,30.3022599699797,7.26657349143882,7.28254640567146,-1.91634238743245,1.8972691012137,2.74554846034448,156.181327719458,147.700607845648,-1424.83788425574,-433.706782374541,-420.290861751655,-2903711.06148434,-436480.741552024,-10814.7172638879,-2923.58184000185,-4173.92316078569,-22849219.4855278,6018241.87669015,-1425.25460742243,-433.291599865511,-450.593121721635,-2903718.32805783,-436488.02409843,-10812.8009215005,-2925.47910910307,-4176.66870924603,-22849375.6668555,6018094.17608231,30.7255478946874,26.3222033999851,53.8346699669196,4605.76281815609,29029.0203954554,376.978877811783,357.866334394713,551.826547534545,57399.1750044123,319349.872662315,-0.668295758112757,0.365547556017328,10.6453233262104,-0.728251435944571,0.632447150966442,21.8786561943034,0.102954371877331,0.101661095482598,0.116899636861256,9484.06757132585,2230612.55681512,645936615.626768,0.000324305686934458,1.45789655899207,1.46090758031996e-24,874.465,2,10,0,0,1,0,0
0.2,0.407218285947494,-0.405675889312302,30.3069611626578,7.07733497801025,7.09746909862187,-1.91935584997752,1.93996330554188,-0.880484073359438,140.008224561006,127.182632402841,-1469.91602943054,-449.291424889948,-436.209497327801,-3013709.61511742,-434084.602418261,-10749.7777666735,-2932.31721168357,-4183.80332429676,-22963292.9791158,6646578.98467096,-1470.32324771649,-448.885749000636,-466.516458490459,-3013716.6924524,-434091.69988736,-10747.8584108235,-2934.25717498911,-4182.9228402234,-22963432.9873404,6646451.80203855,32.3745958187196,27.8888398684294,56.4339532878678,4874.74832601325,30597.9903501042,383.552819062362,364.785153835044,556.33844825556,58220.2906189694,320876.020260497,-0.491558386288214,0.551446862092468,10.4612114906253,-0.696174750309808,0.617822603981466,21.8797277868816,0.108513441216133,0.10248871664723,0.102073874062497,12585.3452400587,2216190.52675355,580565465.379619,0.000795624131732919,1.26935242995145,1.26990882934953e-24,861.367,2,10,0,0,1,0,0
0.205,0.39772596579047,-0.396063313315967,30.2943039552356,6.88567251297513,6.91262318778374,-1.90930581512793,1.93812393517365,-4.14049921027241,119.266857037282,105.874258042869,-1549.44843820755,-459.944530382356,-464.230649024441,-3138708.37370375,-322516.082678648,-10929.2026971996,-2898.39144203972,-4288.30179063988,-22945566.6108901,7135489.32651302,-1549.84616417334,-459.54846706904,-494.524952979676,-3138715.25937627,-322522.995301835,-10927.2933913845,-2900.32956597489,-4284.16129142961,-22945685.8777471,7135383.45225498,34.0513026377289,29.4850638723278,59.0498348316844,5147.21579313551,32159.5556532798,390.013590105785,371.575145244929,560.813739592781,58463.1622502862,319484.426299302,-0.491178192936968,0.480598523821911,10.571381600992,-0.768844707693006,0.557671564497042,21.8811476065639,0.131545780166991,0.107902251026788,0.101701572952176,12521.7650072268,2135423.05127315,514516799.803245,0.00141455931561726,1.92816103687663,1.92966851244677e-24,920.906,2,10,0,0,1,0,0
0.21,0.388306790289805,-0.386578126120754,30.2668320515222,6.69836505895476,6.73076523407504,-1.88808312370145,1.88675605935933,-6.75708338379627,96.6087353734777,86.8709258843404,-1609.36007489457,-474.098706810191,-490.018902656726,-3256456.02963208,-269794.32736591,-10963.5627104156,-2894.82699662535,-4372.6045261335,-23061753.2920856,8260324.03579711,-1609.74838168486,-473.712128684071,-520.285734708249,-3256462.72799714,-269801.058131144,-10961.6746272919,-2896.71375268471,-4365.8474427497,-23061849.9008209,8260237.16487122,35.7563038640977,31.1103661770571,61.6822794501757,5420.79952177972,33721.1700425133,396.370177545378,378.243476896996,565.253753617842,58016.4986712611,324168.023611177,-0.421057217435697,0.430638921977388,10.4153552647085,-0.714038219840063,0.559251993379917,21.8566459113845,0.104926843759855,0.101417171437854,0.10118502299542,12807.448232182,1905881.63766178,474496006.695514,0.0045660747408294,1.15297920528891,1.15338837177207e-24,893.684,2,10,0,0,1,0,0
0.215,0.379003446576872,-0.377454057190567,30.2282872493647,6.52104805753051,6.55336067487075,-1.8612141538113,1.7909068193281,-8.5322322215921,74.162554428748,71.9657486667559,-1682.11004134842,-485.551026646669,-515.576627152897,-3378664.3654824,-173007.203542977,-11080.486017412,-2871.39123288724,-4448.35288210974,-23096166.3753809,8689830.95198705,-1682.489044795,-485.173572589478,-545.804914402261,-3378670.88653045,-173013.756903652,-11078.6248032582,-2873.18213970657,-4439.82064988815,-23096240.5379354,8689758.98623838,37.4882863322362,32.764212954605,64.3311629645709,5692.27055658937,35280.7290265314,402.626748136071,384.79612761858,569.659130739299,57950.0966380923,323677.658383829,-0.408649225816885,0.440991718030472,10.5990172135814,-0.719868518324063,0.537103462235677,21.8379583523074,0.117824586242937,0.104091384726783,0.100863096977454,12459.1849184436,1890980.77775846,426351490.911132,0.00685252856756343,1.48855280618693,1.48929533322625e-24,888.198,2,10,0,0,1,0,0
0.22,0.369829939081795,-0.368878718517303,30.1831791541582,6.35853060510955,6.38156766776531,-1.83478373558277,1.66419199155647,-9.35950927480543,52.6768739143121,61.0403871915751,-1736.15577695601,-499.899728840719,-536.379831404226,-3493282.26076544,-133785.363657419,-11071.0604227737,-2871.09202378583,-4488.28793469217,-23134668.4809751,9365374.21778973,-1736.52560689509,-499.530850122202,-566.563010558384,-3493288.61929605,-133791.745225087,-11069.2256390381,-2872.75621577738,-4478.92842541737,-23134721.157849,9365313.17740254,39.2462284913295,34.4461038274648,66.9963813695099,5963.97367249313,36833.592624115,408.78395551713,391.238963476089,574.0306339582,57852.0402982781,324106.695928097,-0.514735710574124,0.257075042697707,10.4030522349206,-0.665846359559907,0.540838239910357,21.8478916167442,0.100213487941007,0.100245423089595,0.108478656350574,11163.3801537746,1877140.33835623,386580863.933236,0.0105509255364366,1.18497754536464,1.18610846535873e-24,880.384,2,10,0,0,1,0,0
0.225,0.360786085818309,-0.360975055536555,30.1363111269959,6.21303460385863,6.21539390586499,-1.80845297558594,1.51912922142912,-9.22918804929479,34.4124691251376,55.1460283530594,-1771.33800340625,-517.44786174774,-553.111512289827,-3600480.6226464,-151453.379118976,-10947.0559060371,-2893.99035638235,-4498.51809944405,-23070728.9127937,8947553.03710307,-1771.69878949207,-517.086886692203,-583.247823416823,-3600486.835681,-151459.594512882,-10945.2474530615,-2895.50948560378,-4489.28891139476,-23070763.3252628,8947497.89107471,41.031334764092,36.1556276482851,69.6778887306156,6237.36657706598,38398.9906379657,414.853525038222,397.577482848338,578.369334895137,58562.0743996975,328775.879492716,-0.420317451567925,0.396882785083666,10.534558955476,-0.604325200320943,0.553695739174742,21.8140008182672,0.117744845427324,0.103433573975485,0.100021209034539,12721.9237532253,1817679.16973802,360780414.599476,0.0219209627400823,1.4560904201888,1.45685153943035e-24,860.253,2,10,0,0,1,0,0
0.23,0.35186130674591,-0.353783290339181,30.0923068761071,6.08557788700835,6.05501792152914,-1.7867153488924,1.37655793462843,-8.22268345692731,19.6407612259476,53.0482301641243,-1808.01797397193,-534.966776933813,-571.733614727733,-3708582.56359564,-164531.644361941,-10842.9827197309,-2916.30920198383,-4523.32374668566,-23381085.6492472,8922037.73492747,-1808.36983527868,-534.612993643474,-601.82592160384,-3708588.64917353,-164537.699379862,-10841.1960043821,-2917.68575991845,-4515.10106322873,-23381105.2900084,8921984.68669731,42.8416325964757,37.8922970535899,72.3755626127559,6514.42386577723,39966.4728950679,420.831663087764,403.816480249892,582.675578649789,59960.6059236247,331099.676281727,-0.424139126838078,0.558826863383032,10.3017213670541,-0.617820616888309,0.5311319471204,21.841630426934,0.103315788676552,0.100273428401242,0.10547408471024,12089.2275821458,1501832.23900909,332839153.269735,0.0477521053669333,1.18437133201831,1.18553148975149e-24,898.183,2,10,0,0,1,0,0
0.235,0.343038313426608,-0.347258236674194,30.0551779768025,5.97575341649695,5.90064775958063,-1.7676498265367,1.25002947712243,-6.50171957257363,9.49779768158188,53.5789625460164,-1862.87419694882,-549.160009010777,-592.613578725513,-3825103.60289599,-118623.275699971,-10846.5562759927,-2913.69210153974,-4560.15326691003,-23209484.5369169,8446388.40879198,-1863.21723526225,-548.812750774103,-622.668756702316,-3825109.57864941,-118629.176347731,-10844.7886261661,-2914.94213101687,-4553.65154733746,-23209494.0347146,8446334.82982944,44.6782387750555,39.6557365494991,75.0893903014931,6795.97796695249,41557.1926461808,426.728826538571,409.960586962346,586.950340235127,60148.7409927626,331608.780994609,-0.335628722615225,0.401633298772213,10.38693678742,-0.608956778243908,0.52614964850406,21.8030953753896,0.102341427052076,0.100765933445766,0.105638749595728,11730.0563621265,1491939.09155999,304890789.056935,0.0709826456244129,1.17818875778459,1.17878017119418e-24,877.913,2,10,0,0,1,0,0
0.24,0.334316717971396,-0.341298440880843,30.0279695596221,5.88039824691389,5.75170280614494,-1.74637921879429,1.1487548085332,-4.28804039179765,6.0026138462918,58.6876596641021,-1920.29864619208,-563.713607758092,-619.317016651578,-3943553.32445158,-64914.9036172318,-10864.3667599857,-2913.49666543321,-4633.74070973218,-23225923.9102766,8520777.57376259,-1920.63296291005,-563.372309317211,-649.344986211201,-3943559.20484983,-64920.6553200379,-10862.620380767,-2914.64542024175,-4629.45266934038,-23225929.9128905,8520718.88610292,46.5407037493903,41.4455478860102,77.8192672111222,7079.73148460272,43160.0588834276,432.547463933496,416.014053496187,591.194309574591,60298.9161736623,332169.500800634,-0.279659668274935,0.389128659802656,10.3167191942195,-0.626958926893906,0.503611415616945,21.8403673989087,0.102188872109347,0.100261607616918,0.10000753862384,13291.3648615043,1491007.52503016,280161903.71719,0.102780708922262,1.04933230778549,1.04965668095318e-24,924.752,2,10,0,0,1,0,0
0.245,0.325686232060581,-0.335748408208528,30.0125275177884,5.79579478073971,5.60661983113411,-1.73170451532253,1.08530484722997,-1.83623720375874,8.23336527445176,65.3956459947289,-1961.70571612675,-580.264580361,-638.443368466184,-4053895.29919367,-65159.6637199703,-10791.6780518776,-2925.21537728447,-4659.92714191136,-23224874.737504,9318589.69414152,-1962.03140235881,-579.928831952792,-668.455895983972,-4053901.09498845,-65165.2703398014,-10789.9463473623,-2926.3006821317,-4658.0909047076,-23224882.9708693,9318524.29849552,48.4272871922115,43.2613034621529,80.5650848597486,7364.16737835775,44758.3032845267,438.285965433474,421.980586489705,595.407803745701,59950.0125834786,333178.778702118,-0.269757701171572,0.305305598269638,10.1266652744967,-0.583491590063545,0.505609894645431,21.8790512631131,0.103020487033764,0.100263294066198,0.104594239330796,12744.9226180162,1437768.05446256,258573702.661802,0.1794180786481,1.15986262392267,1.16068802977482e-24,870.218,2,10,0,0,1,0,0
0.25,0.317115797495664,-0.330423401710105,30.0093922415761,5.71784804879966,5.46570425440684,-1.72301336543009,1.05879328786021,0.592906863164365,16.6232909042267,73.7263535527243,-2003.98972625062,-596.606770938643,-657.425948895968,-4164483.25678741,-58216.6825895969,-10729.5029964962,-2935.61389231235,-4683.66979254817,-23184123.6862464,9087397.41168789,-2004.30684204812,-596.276347536933,-687.435341137544,-4164488.97463546,-58222.1482938513,-10727.7799831308,-2936.67268560021,-4684.26269941134,-23184140.3095373,9087323.68533434,50.3391713992602,45.1026880670222,83.3268007276564,7648.65574990541,46364.5363452243,443.952938883017,427.863979783201,599.591928307184,60137.8161033157,334017.997745441,-0.458565554163686,0.368994193321666,10.2458356665124,-0.560591282624756,0.503273289726991,21.8739732952145,0.108017459802943,0.101251081953151,0.100017373798645,13519.339662996,1411780.07867672,239182604.910776,0.267502134372751,1.19193078859157,1.1923513083565e-24,866.933,2,10,0,0,1,0,0
0.255,0.308581795806055,-0.325150958788132,30.0178474809211,5.64155603497497,5.32652493839651,-1.7179278853041,1.06519002887767,2.75995645518099,30.4736767704898,83.6046108755319,-2060.29420491365,-611.238835136178,-683.933336429822,-4282417.66122296,-3031.40638403086,-10743.319929842,-2935.3455591436,-4750.19437410617,-23157267.8897315,8946259.64489148,-2060.60278670945,-610.91368417739,-713.951183910743,-4282423.30277899,-3036.73290896925,-10741.6020019567,-2936.41074917248,-4752.95433056135,-23157298.3634083,8946176.0402806,52.2755514657483,46.9693351742311,86.1043236514426,7935.44191828102,47978.5790055331,449.549013573944,433.667593016804,603.747002297996,60485.8080682141,335140.443787882,-0.355442844194139,0.388585523063904,10.427577697689,-0.592723599858402,0.477126082291335,21.8972273671625,0.10239885583441,0.100390595988815,0.10031218410427,13076.4855164468,1412448.44877095,222179124.938374,0.400461920906994,1.06232125271995,1.06264602359979e-24,844.097,2,10,0,0,1,0,0
0.26,0.300054386647407,-0.3197818567644,30.0360843107428,5.5623674441719,5.18710220706792,-1.72126574799466,1.09905039362525,4.47195874487737,48.1494999624247,93.948962975839,-2090.21172936294,-630.090524829281,-702.616791243208,-4387995.71835876,-39565.2153118649,-10622.9529343916,-2959.22099175405,-4770.90497406002,-23017441.2198547,8114388.36301888,-2090.51178374959,-629.770742972517,-732.65287555395,-4388001.28072621,-39570.402414072,-10621.2316686436,-2960.32004214767,-4775.3769328049,-23017489.3693546,8114294.4140559,54.2355129804109,48.8608875988217,88.8975620528836,8223.50299960711,49591.9149132378,455.074355251353,439.39454274735,607.873629713886,60958.2756840231,338114.73148664,-0.475751477878317,0.401594494695755,10.3873275761222,-0.506301822841948,0.500032185357213,21.9004483208209,0.129999601728956,0.106154988235443,0.100322976867263,13208.4193807353,1365070.86529711,209001646.862885,0.710274439358655,1.82274977386072,1.82368660695646e-24,842.181,2,10,0,0,1,0,0
0.265,0.291486831531396,-0.314199457959826,30.0614770026671,5.47626319438042,5.04534670133452,-1.73490264997403,1.15252796961912,5.59803360905618,66.9473025196161,103.181557583768,-2134.72802763532,-646.407410475632,-724.621498655725,-4499352.33434724,-28758.9644652412,-10581.5104326177,-2968.01222321286,-4808.872052402,-22867541.6778811,7052964.47912233,-2135.01951446685,-646.093211017672,-754.682975658392,-4499357.81061044,-28764.0098119425,-10579.7755299677,-2969.16475118248,-4814.47008601106,-22867608.6251836,7052861.29756475,56.2195946644051,50.7770502328684,91.7064610999604,8511.72581467601,51217.6907516218,460.534791824836,445.047830576469,611.972446428378,60945.9848213761,340146.509534045,-0.456725294110703,0.315713829501435,10.308599503706,-0.528163144604576,0.477922445991652,21.9032829395474,0.105802018892003,0.101258060393572,0.101772818949197,13039.5572736441,1350638.7774914,195893579.126899,1.15284873352902,1.18014855361096,1.18053833771263e-24,856.415,2,10,0,0,1,0,0
0.27,0.282835134476633,-0.308329734921929,30.0909169357043,5.3807460962559,4.89967594289214,-1.75578103483543,1.21610125369232,6.07747834502729,84.1426031141444,110.838213843753,-2182.95973912646,-662.224487084982,-748.632859048516,-4612005.52882645,-9314.59020040461,-10557.6194412822,-2972.87430497293,-4856.85446494607,-22619507.2376167,6355488.23852156,-2183.24257426094,-661.916157350061,-778.72377598422,-4612010.90957255,-9319.4898763475,-10555.8636602474,-2974.09040622662,-4862.9319432911,-22619591.3802199,6355377.40030771,58.2270804349062,52.7174983019115,94.5309361497501,8799.31664151845,52844.400667496,465.931567949632,450.63016519442,616.04394965878,62094.808721123,340102.111188135,-0.336536723662009,0.323666696419012,10.3837439902466,-0.540321906427721,0.457374598020976,21.9360556891388,0.100014540001528,0.10002059051427,0.101750577498003,12896.4096287099,1238640.14824377,181864682.821428,2.14814642987746,1.03566915412912,1.03602955728744e-24,859.552,2,10,0,0,1,0,0
0.275,0.274070286007721,-0.302145768030201,30.1211660896121,5.27488213465391,4.74904382488184,-1.78088902884406,1.28013731012695,5.91949640810239,97.3037687561879,116.211517784505,-2211.19604209282,-681.427542228135,-767.721374000237,-4714315.23663224,-63335.342407823,-10442.0864718758,-2995.71068118944,-4879.10733327472,-22482984.5201336,5579333.35738766,-2211.47011237883,-681.125396460104,-797.842540089849,-4714320.51151438,-63340.0914516479,-10440.3055828469,-2996.99081849957,-4885.02682968282,-22483081.8239024,5579217.14586988,60.2572757733371,54.6819149112421,97.3709163822452,9087.94665615645,54462.4749094033,471.265380506056,456.144115576489,620.088739067163,63469.3258996486,342367.00356479,-0.172664291812069,0.543982607975444,10.4930410623188,-0.475025922121119,0.471168411372958,21.9311071666652,0.123276220836563,0.104219691554986,0.100482007990556,13042.037194107,1216016.11700015,171487137.160589,3.67807661973618,1.61495138126079,1.61580164304222e-24,877.541,2,10,0,0,1,0,0
0.28,0.26518174699476,-0.295664077752389,30.1491903772469,5.15936829585248,4.59324693881527,-1.80576292281343,1.33663422942975,5.1955455463122,104.669496441059,118.627930204159,-2260.55607715699,-696.479418499628,-789.00911203095,-4824558.49459258,-45783.0743273614,-10427.9164158152,-2995.84308303248,-4912.59393442311,-22430261.0828619,5632109.32724414,-2260.82125890399,-696.183754421876,-819.158302408197,-4824563.65396088,-45787.6675743002,-10426.1106528924,-2997.17971726191,-4917.78947996942,-22430365.7523584,5631990.69931394,62.3108483932261,56.6700455746721,100.226339896201,9380.03827710461,56088.2183408191,476.540430308214,461.592283560403,624.107299432722,63344.2410864812,341807.44687906,-0.392559440855162,0.109695371047526,10.3844753574187,-0.505877607668737,0.443532824689896,21.9340989378907,0.100383181250851,0.100036392216243,0.101646959013706,12927.0130781528,1191527.98756998,159315040.742206,5.05983264438381,1.04125144909556,1.0416275207403e-24,858.661,2,10,0,0,1,0,0
0.285,0.256185267407684,-0.288936005803371,30.1724391519549,5.03605722683004,4.43277811538916,-1.8242819548565,1.37952311320231,4.02575410665326,106.10829464863,118.203958010464,-2307.86739735053,-712.473500011315,-813.424060170355,-4934872.09806415,-34751.5165806052,-10405.5742289359,-3000.54061759891,-4962.01420978519,-22557097.2390342,6416562.14900522,-2308.12358261794,-712.184564005512,-843.59649932231,-4934877.13412138,-34755.9493587205,-10403.7499469811,-3001.92014071211,-4966.03996389185,-22557203.3473289,6416443.94504721,64.3871807176262,58.681597968757,103.097131194368,9672.97673700556,57716.8527603963,481.758061848357,466.976900866796,628.100207451277,63856.0894209756,344342.614129187,-0.267652796944203,0.551577549883482,10.5898848163219,-0.482135226139491,0.440095101481575,21.900047020381,0.102400245621041,0.100611740777909,0.102048700649613,12292.1133508271,1196568.3342467,150915969.694428,7.5494295926633,1.10191724407037,1.10226939838948e-24,889.443,2,10,0,0,1,0,0
0.29,0.247120951287929,-0.282029483200391,30.1890493096144,4.90733205971283,4.26881140698105,-1.83280753072864,1.40825371948917,2.56261856646001,102.819765742725,115.50058526148,-2374.84595907663,-724.774964299001,-841.163252170666,-5054302.24836038,50817.4457768344,-10470.1816914442,-2987.03542327944,-5024.15085027108,-22371172.250205,6222514.42513814,-2375.09308002791,-724.4929348158,-871.352301480281,-5054307.15569244,50813.1769654274,-10468.3488839135,-2988.44367699893,-5026.71346883754,-22371275.0699708,6222398.92455288,66.4857040166161,60.716293520922,105.98321537324,9968.37592489844,59349.0790210845,486.918781357106,472.300140557624,632.067902422548,64971.7807407906,346368.133563372,-0.316409945059021,0.354670971842785,10.4295909023543,-0.509817500109477,0.413203776759019,21.8927098899258,0.106843434078888,0.100767598962306,0.101437373735696,12844.2388365566,1083662.59377737,142760492.76449,13.3924186351502,1.1854824943638,1.18597542529691e-24,878.072,2,10,0,0,1,0,0
0.295,0.238039710936258,-0.275001884915575,30.1979621448705,4.7763989315203,4.10403978835927,-1.83056802578312,1.42765197899899,0.9727259754491,94.2396238022715,108.305371686533,-2432.34104955235,-739.021397594149,-868.758277024684,-5169023.51178311,100878.568410859,-10492.2275251851,-2983.783270508,-5084.16085110738,-22283618.3049276,5848905.52454057,-2432.57908926329,-738.746395709234,-898.956239169554,-5169028.28818204,100874.464371071,-10490.3969571593,-2985.210922487,-5085.13357708283,-22283712.5445514,5848797.21916888,68.6066739180299,62.7738870206363,108.88454250807,10265.3599247498,60994.9865293225,492.026563366674,477.564028064065,636.010842456324,65942.7621726189,350148.390472937,-0.171372365408228,0.412563842295321,10.6689555913567,-0.487675063670423,0.403285465459646,21.8992219772645,0.103390601149077,0.100596028968161,0.100351978452322,12524.9344748637,1076569.77428112,136591226.783252,21.5864337526974,1.08765444452886,1.08798783340096e-24,881.329,2,10,0,0,1,0,0
0.3,0.229026293455916,-0.267911007603442,30.1989481885883,4.64516939702846,3.94069243733153,-1.80482149341471,1.43292554906002,-0.581516119259331,85.4975119855037,100.720964082666,-2500.43662342363,-751.213152268822,-898.133465650371,-5287849.89169286,187120.824972262,-10558.1577497546,-2971.16368522594,-5150.60018492702,-22230981.0811991,5679553.41841211,-2500.66564971709,-750.945241261218,-928.332413838959,-5287854.53686226,187116.884279825,-10556.3529282612,-2972.596610775,-5150.01866880776,-22231066.5787111,5679452.69744803,70.7494650392283,64.8541149629076,111.801026736334,10563.7528672491,62642.8322153203,497.081354169186,482.770521680193,639.929513065765,66144.2254831798,350973.043267858,-0.380037168178585,0.135931848873692,10.3686815806857,-0.502208097319823,0.376173853851469,21.8967835662625,0.12112544870805,0.104759608527072,0.102329253625537,12904.8775639718,1073099.0978751,128745761.974087,28.9224853855161,1.61128209870057,1.61189254746386e-24,854.666,2,10,0,0,1,0,0
0.305,0.220175975603495,-0.260794913763239,30.1925536344733,4.51441857803131,3.78066538108063,-1.76422556193942,1.43705201053379,-1.95477047190624,77.5490677637777,92.4047850193479,-2549.35079577635,-766.346054430039,-920.455485011188,-5396195.94587563,200859.235894116,-10542.4877312843,-2972.66784112801,-5184.31498544291,-22241596.2273955,5518363.42632479,-2549.57097175196,-766.085259516276,-950.648038645661,-5396200.46029421,200855.455228735,-10540.7235057224,-2974.10489313855,-5182.360214971,-22241673.7764632,5518271.02153977,72.9141494156253,66.9567437506817,114.732609204981,10864.2948618692,64298.0486304858,502.085486393782,487.921488201845,643.824273190613,66033.4509816275,350303.048273748,-0.256959892268392,0.233438036152256,10.4809497434069,-0.423749928117445,0.393935747311502,21.8674130883301,0.10257983275278,0.100663982183902,0.100090192259174,12946.7405270158,957212.147904797,120430278.765057,49.0764860505444,1.0670785726818,1.06740440189389e-24,860.924,2,10,0,0,1,0,0
0.31,0.211552024329555,-0.25364350443492,30.1799809329947,4.38432640607979,3.62585352319764,-1.71299611688895,1.44650927569908,-3.03199629080941,71.2179229539981,83.4484231755186,-2599.72447489374,-781.629568230928,-945.666432371532,-5506192.20669596,219515.867994734,-10531.4967726424,-2973.99578167939,-5229.57504955753,-21990677.8939127,5044029.88771569,-2599.93602691806,-781.375924726494,-975.846413304526,-5506196.59102237,219512.242141211,-10529.7837765256,-2975.44229095509,-5226.54305326672,-21990749.1118356,5043946.43929251,75.0998482633917,69.0815157394993,117.6792077844,11164.2192886905,65945.2433620917,507.038937443855,493.018597954919,647.695650704482,66336.1297747682,350945.003712307,-0.194562923744063,0.254726140409116,10.2908191529813,-0.411203006894567,0.384930170508113,21.8254942228668,0.102352509686615,0.101322126342669,0.111829500882115,10771.0543374229,957977.247617392,113732578.867859,65.0327558304912,1.32427409122086,1.32493339502711e-24,859.462,2,10,0,0,1,0,0
0.315,0.203203761648741,-0.246429236958025,30.1629163223865,4.25433953892668,3.47748954793203,-1.65259415540205,1.46193209230824,-3.73632106953229,67.882391650232,75.3620408186149,-2657.1044362839,-795.4647238858,-971.6099129071,-5617855.50260724,261682.789110997,-10551.5761824697,-2969.96646006824,-5278.04111363839,-22151608.8787525,5276803.47294916,-2657.30764004555,-795.218294648842,-1001.77282922949,-5617859.75694678,261679.311621449,-10549.9235883143,-2971.42839216055,-5274.30479256886,-22151676.7611441,5276728.11090834,77.307180098088,71.2282311598995,120.640777534177,11466.9608206381,67605.0452521898,511.945386105354,498.063564160651,651.543982844785,66364.2959584872,350346.113749278,-0.129511763129194,0.314749542550607,10.3518352337918,-0.408580503137301,0.365109196316382,21.8339746788843,0.100255370913316,0.100181528018049,0.103871095557168,12225.2340420931,923601.349784974,106803969.822327,87.2677879809352,1.08728983499255,1.08769180726245e-24,924.612,2,10,0,0,1,0,0
0.32,0.19516374191582,-0.239121467880421,30.1433292692208,4.12363797034444,3.33616786197932,-1.58837678450704,1.48398457088817,-4.03231179644342,67.3991371244468,68.499043674872,-2707.24142027047,-810.337610276323,-994.737330998869,-5726291.24243511,277606.561204223,-10541.5556326379,-2970.1375374188,-5313.2721044092,-22125442.4259663,5084310.42458869,-2707.43658401239,-810.098488808443,-1024.88066026809,-5726295.36607308,277603.225036361,-10539.9672558534,-2971.62152198969,-5309.23979261276,-22125509.8251034,5084241.92554501,79.5358085823361,73.3966634691325,123.617253209171,11770.7498091996,69268.9400624353,516.805748170007,503.057952442586,655.369802072432,66717.0989517022,353099.981217649,-0.0755790669598911,0.0958006140544782,10.3473075844,-0.390000102591159,0.352002635736426,21.8524616211653,0.10128036091886,0.10011011568091,0.100085137896935,13234.6722076753,909231.960672926,102257686.836331,132.192666974071,1.02937058100003,1.02968420191668e-24,902.184,2,10,0,0,1,0,0
0.325,0.187442723518775,-0.231696346443536,30.1232641742764,3.99157254910951,3.20195045114451,-1.52378298365057,1.50924540407012,-3.92574714341702,69.3632440456936,63.2965735518027,-2775.56853059317,-822.52112818256,-1025.76325888384,-5844807.24456188,361840.506473646,-10601.5301940498,-2959.2183955483,-5379.59368154103,-22034506.5830827,4439375.27662239,-2775.75597331669,-822.289431836117,-1055.88652305812,-5844811.23613443,361837.304523195,-10600.0064110662,-2960.72764095237,-5375.66793439761,-22034575.9463268,4439311.98004884,81.7852006508025,75.5865862856619,126.608562620958,12077.0718896133,70936.7817472585,521.620472814326,508.00322963508,659.173380212578,66885.2541342212,354681.373223709,-0.212413280888894,0.300704233914037,10.4318571379164,-0.438293298635983,0.313254170723809,21.8721880935391,0.121284001385178,0.10546536948002,0.105503100671305,12150.0979767322,902337.375122573,97414816.9362218,178.817354341641,1.69592096388306,1.69655625667038e-24,887.559,2,10,0,0,1,0,0
0.33,0.180037353100134,-0.224151143627662,30.1046437185584,3.85789901839549,3.07451295045761,-1.4610620860946,1.53257821405378,-3.45920144889574,72.8398976746526,59.740353946909,-2830.73361191218,-836.986443067516,-1053.51152570553,-5956165.74836675,392122.140342387,-10609.398396769,-2957.72361551199,-5432.11294567743,-22021980.8409728,4592383.82346608,-2830.91364926528,-836.762291923889,-1083.61616942409,-5956169.60626577,392119.065829436,-10607.9373346829,-2959.25619372604,-5428.65374422854,-22022053.6808704,4592324.08311213,84.055467413959,77.7978019689991,129.614645757713,12385.1899515909,72612.9120405446,526.391401366833,512.900847047788,662.955155362165,66957.9497591991,354904.1013528,-0.361816843796938,0.123439585377603,10.474817979495,-0.379775852692887,0.325498982629568,21.8417614059945,0.10001134261573,0.100005058702722,0.100691940459714,12747.9442456009,895083.699147718,92241891.246863,231.060074974357,1.01390513259136,1.01421765631118e-24,855.167,2,10,0,0,1,0,0
0.335,0.172937553261937,-0.216511238883851,30.0891003748973,3.72297141597124,2.95336673950071,-1.40065633255287,1.5477229710866,-2.70525875308821,76.845045829281,57.6939125050288,-2863.31307344715,-855.296272056507,-1075.11691814383,-6055941.68409635,337449.820918108,-10533.7474995998,-2971.66597735679,-5459.17251398794,-21872207.5590922,4091765.16155759,-2863.48601100041,-855.079760817623,-1105.20601851872,-6055945.40706777,337446.867551368,-10532.3468432672,-2973.21370032788,-5456.46725523485,-21872284.404138,4091707.46764508,86.3459602553698,80.0300924112549,132.635430554861,12694.4442573079,74289.0078776285,531.118894733953,517.752104797497,666.715409053771,67596.6434953909,354259.423673501,-0.279151030748206,0.24296134012239,10.4040108068781,-0.328591552754887,0.329556254321517,21.8627831955018,0.115109425754079,0.102259682624895,0.100762269063448,12987.5667430991,845161.340078116,87041690.855415,347.709019899688,1.38557773453259,1.38614474103131e-24,854.646,2,10,0,0,1,0,0
0.34,0.166133383245879,-0.208830963344717,30.0778487965299,3.58757331462782,2.83787675002365,-1.34204929338306,1.54921117189124,-1.75706788416773,80.6337943155748,56.9734564806565,-2918.75223461224,-869.97400349729,-1104.95172699738,-6167453.84854672,368983.976455476,-10543.8302633197,-2971.00225690586,-5517.89540451065,-21850230.0638327,3968872.58374448,-2918.91836799548,-869.765172533946,-1135.02957579391,-6167457.43612004,368981.138578726,-10542.4882140263,-2972.55146807775,-5516.13833662648,-21850310.697627,3968815.610288,88.6571245546874,82.2832808396378,135.670880793738,13005.6561448863,75969.95915647,535.805314479184,522.558359216506,670.454646513817,67945.2451584378,355725.378322062,-0.30396787081278,0.293636650484181,10.3347063570778,-0.373488093224239,0.298416211975905,21.8639404133683,0.101960433503667,0.100295172862153,0.100167860206036,13248.4555920846,847124.001916625,83162372.5386902,460.179069602224,1.04855842022076,1.04887502825941e-24,922.848,2,10,0,0,1,0,0
0.345,0.159613963052672,-0.201184683939823,30.0716075154154,3.45293432788405,2.7275417935036,-1.28608216081181,1.5343506491573,-0.718228203670107,82.7261048621187,56.6085683080981,-2974.13279424258,-884.412997715371,-1133.34658677912,-6278073.79738308,398823.677526121,-10555.7060093228,-2970.36858374166,-5569.12772827561,-21869442.215362,2751375.08708142,-2974.29240820564,-884.211813031431,-1163.41819429454,-6278077.2503174,398820.949984327,-10554.4199271619,-2971.90293439082,-5568.40950007194,-21869524.9414669,2751318.47851311,90.9880645451069,84.5571527281004,138.720902592052,13318.1825161297,77649.3886197143,540.450122602215,527.320787023217,674.173064365901,67712.0252853343,356089.339449367,0.0436283736654505,0.253727141275034,10.4560715316067,-0.34056583207942,0.302657361002545,21.8344386589706,0.101049762780337,0.100804347796062,0.109976388456454,10744.3273733227,805014.07900535,79020844.6441611,656.986725277937,1.24626740586149,1.24682271334864e-24,857.826,2,10,0,0,1,0,0
0.35,0.153368227021018,-0.193661301164598,30.0705721617681,3.32113361646695,2.62228994408994,-1.23190849821783,1.49986166142723,0.307519052370288,81.8190636311376,55.7566610860845,-3040.28243840722,-896.758029914385,-1163.73268147285,-6393843.13892836,463883.1096103,-10602.221153662,-2960.90057584896,-5627.14842464767,-21813569.889567,2545379.71703723,-3040.43580663424,-896.564368613221,-1193.80325363461,-6393846.46006197,463880.487320356,-10600.9892451638,-2962.40043751039,-5627.45594370004,-21813651.7086307,2545323.96037615,93.339325531517,86.8515448021282,141.785467655732,13631.2440064043,79335.2261901415,545.056149939457,532.040600303285,677.871157613191,67892.6892488568,356511.951900923,-0.246932292335782,0.322113622554876,10.4607404594016,-0.383905273338314,0.264183015181274,21.8894822139646,0.115905954637931,0.103792763974847,0.102392996408208,12599.0826544475,806892.841888539,75236308.8844841,832.565812723137,1.46876036975703,1.4692567494387e-24,853.644,2,10,0,0,1,0,0
0.355,0.147389940043459,-0.186368216700758,30.0744377901177,3.19438009094622,2.52195704420357,-1.17841080560805,1.44154881605425,1.22543796491515,78.5385141547384,54.7592331044945,-3091.95732084242,-911.848120896188,-1191.65883749899,-6502257.63207885,471247.200973422,-10599.5697232537,-2962.67668610918,-5675.92784520513,-22113807.2106684,2712062.6395267,-3092.10471078246,-911.661752679488,-1221.73327528911,-6502260.82645894,471244.679016378,-10598.3913124481,-2964.11823492524,-5677.15328317005,-22113885.7491825,2712007.88029359,95.7102050044252,89.1662587105729,144.864493782471,13945.4198746905,81020.3547357534,549.623098170024,536.718898297401,681.54913399783,68028.6267384236,355809.253744232,-0.1044844054345,0.307053352798785,10.4020911827303,-0.316339987687542,0.285638489931017,21.8488364662335,0.103155607664772,0.101407748451926,0.109673847432816,11009.1420861325,755004.974128026,71263788.4535896,1155.40686931102,1.2948697494305,1.29538382678266e-24,859.529,2,10,0,0,1,0,0
0.36,0.141666245296499,-0.1794153510774,30.082464528925,3.07454259112105,2.4260752022539,-1.12938833092657,1.36263125848312,1.95780734540022,73.204294862227,53.695710406155,-3128.36468876543,-929.527715010679,-1215.33409264499,-6604082.87192582,420062.448550796,-10543.5212081174,-2973.06779277707,-5707.85802080624,-21977778.1111904,2152016.75505163,-3128.50635501073,-929.348299659602,-1245.41655717391,-6604085.94646841,420060.022475594,-10542.3918197864,-2974.43042403556,-5709.81582815164,-21977851.3154853,2151963.05934122,98.1009454195885,91.5011307871549,147.9579392519,14260.1308472755,82708.8670434072,554.152694451379,541.356790413376,685.207425263046,68424.7467983622,356722.589118309,-0.192613595099902,0.134216664125406,10.4581937678504,-0.27933886404341,0.28460247068729,21.8756578706234,0.119930960775471,0.104139135624367,0.101142273401662,12841.361863719,749545.570118476,68166520.1015703,1504.26553083713,1.54541466367837,1.54594934530157e-24,878.718,2,10,0,0,1,0,0
0.365,0.136161858046129,-0.172888368728588,30.0935774567384,2.96281061763397,2.33368777402404,-1.09008932077723,1.26969323028959,2.44947795395979,66.4702016520542,52.9898262770994,-3197.6676527971,-941.362026955735,-1247.49646647806,-6722267.06330936,495401.449455441,-10598.3307492041,-2962.17489098464,-5769.58257226762,-21996365.8418816,2395366.36476417,-3197.80381465515,-941.189138587007,-1277.59004393479,-6722270.02611998,495399.115767666,-10597.2406598833,-2963.44458421493,-5772.03205022158,-21996432.3120833,2395313.37493789,100.511146566385,93.8559803939878,151.065740148694,14576.345151938,84402.081555865,558.645493709113,545.955277985314,688.846296218894,69012.011408092,357550.195296185,-0.078621685800589,0.218242696754031,10.4539302280106,-0.358160585665956,0.238759212200179,21.8886410750656,0.114910413522162,0.102575933054658,0.100041791919562,13079.6398333726,720364.560587131,65237244.8922889,2100.13254194368,1.37307080031275,1.37355175747478e-24,892.678,2,10,0,0,1,0,0
0.37,0.13081386101552,-0.166832317633063,30.1064883076507,2.8601502607537,2.24365800521357,-1.06639492292071,1.17251596756285,2.67097105204441,58.2639518507608,52.4935128266504,-3259.292300227,-954.709109345468,-1279.07643545307,-6836981.37092366,541592.521448707,-10627.2525872628,-2957.3355755616,-5828.06354405121,-22077913.1216161,2354779.04871875,-3259.42311408802,-954.542277027835,-1309.18292376072,-6836984.23107393,541590.277790702,-10626.1861923399,-2958.50809152916,-5830.73451510326,-22077971.385568,2354726.55520592,102.940797739168,96.2306457891381,154.187839920381,14894.7676867777,86104.4490628775,563.102685759678,550.515360913561,692.466050711681,69218.9388006704,358224.849000781,-0.238053330224311,0.0918116978229305,10.3249608702919,-0.344251527094386,0.230718336579727,21.9100700996933,0.111017831012386,0.102421705050865,0.102923605973361,12821.609796115,707160.123210298,62434250.8235438,2687.73380310611,1.34048562421982,1.34091937681556e-24,861.199,2,10,0,0,1,0,0
0.375,0.12554298442225,-0.161253907971664,30.1198257465954,2.76675167948451,2.15449119643304,-1.0590296011294,1.0768008057376,2.61878823025412,49.8543940390655,52.8753082336847,-3307.72004085222,-970.253049411169,-1306.55898904984,-6944704.07883978,534582.673460342,-10612.5726772202,-2960.08346193109,-5871.3423400225,-22057051.7568807,2067088.49512835,-3307.84558383664,-970.091795503197,-1336.67881479644,-6944706.84559146,534580.518969145,-10611.513647619,-2961.16026273683,-5873.96112825275,-22057101.6112748,2067035.61982011,105.389705662779,98.6249614862581,157.324181285118,15215.3245591783,87814.3051226293,567.524957856442,555.037984715405,696.066953536266,69180.5175879371,358380.859916733,-0.295386383631876,0.0476790507204264,10.5090175722383,-0.28515014760977,0.244639879127817,21.8866593429539,0.102721190352976,0.100457734505186,0.100451982932449,12843.8039770936,703796.308679521,59625365.8461118,3427.82269127692,1.07308975350514,1.07341488966429e-24,861.319,2,10,0,0,1,0,0
0.38,0.120270213256535,-0.156127622259017,30.1322638850533,2.68194980013272,2.06453586512022,-1.06721055996415,0.989915871403183,2.31441118960689,42.4227490104272,54.5415282525068,-3353.79472930441,-986.152591771948,-1333.19536955592,-7050890.83845503,516838.390723836,-10590.7107942551,-2963.86696028909,-5911.40310641028,-22075976.8274227,2074824.76581126,-3353.91499951767,-985.996464149689,-1363.32763344098,-7050893.52040483,516836.326187971,-10589.6435836951,-2964.8568761605,-5913.71751759989,-22076019.2501717,2074770.22428301,107.857653215649,101.038765510352,160.474705803953,15536.6885654902,89525.126301494,571.913069059839,559.524048262231,699.649325962492,69212.660989266,358390.708877279,-0.290660559377774,0.266033574743769,10.3743303781281,-0.266842611665652,0.240462391218443,21.8843696129625,0.106621627591978,0.101156785579651,0.100590633560066,13115.1153093166,700606.33769955,56962140.8580399,4172.74341172757,1.17160738951129,1.17197022651337e-24,877.727,2,10,0,0,1,0,0
0.385,0.114927122115893,-0.151392573911462,30.1426400016303,2.60424116615273,1.97222148499238,-1.08747510481434,0.91881005985973,1.80103899130882,36.8237421598725,57.4187438098747,-3404.95474542584,-1000.9805725456,-1360.41780466572,-7159485.32236793,519537.77377907,-10585.3041490043,-2963.95223796558,-5952.7627434768,-22085683.2792078,2045605.58124264,-3405.06967254796,-1000.82917997169,-1390.56044466735,-7159487.9266091,519535.801557585,-10584.2166738995,-2964.87104802544,-5954.56378246811,-22085720.10295,2045548.16249883,110.344530392711,103.471903216748,163.639360374379,15858.9808492761,91238.871979629,576.267782136197,563.974432758706,703.213453506221,69231.6183071865,358080.218929498,-0.0927431923341693,0.167458694178351,10.3836833584642,-0.271939983218061,0.226375818757063,21.8853989504169,0.101472711449642,0.100208422048547,0.100144608055168,13192.2788979761,696029.445350541,54370813.1340574,5104.34725717461,1.03643355345509,1.03674550697106e-24,886.527,2,10,0,0,1,0,0
0.39,0.109469553608007,-0.146959409786674,30.1500517426659,2.53171615817627,1.87668523987537,-1.11348570770558,0.868040774784975,1.13872356359843,33.4912067721221,60.6944272400598,-3462.1412232424,-1015.00944033666,-1391.22645774296,-7272197.18238032,547053.598200401,-10596.8698696194,-2960.77502351324,-6006.23253717607,-22296876.9280278,3664528.61301624,-3462.25069279601,-1014.86248092687,-1421.37650948563,-7272199.71409648,547051.721515161,-10595.7563839117,-2961.64306428802,-6007.37126073967,-22296910.4192346,3664467.918589,112.850023401361,105.924216476948,166.818083270651,16181.8336099841,92951.0578766671,580.589496845728,568.389966826486,706.75959400487,69231.7253210546,359739.341801144,-0.152523607583754,0.156122285522322,10.4625665178621,-0.295941273041223,0.201872037784767,21.9141908760321,0.104189570784266,0.101563430805088,0.108185731158455,11355.0062932555,695517.637535218,52440122.2777738,7015.90217698237,1.28709800184046,1.28754613089619e-24,889.735,2,10,0,0,1,0,0
0.395,0.10389352184131,-0.142727079275121,30.153927496137,2.46183751519993,1.77754667012087,-1.13539068853177,0.837808068193258,0.398593854049652,33.0844914898493,64.3847430796928,-3524.49769883045,-1028.35466739538,-1424.84701235697,-7389225.97955113,603302.627629537,-10625.1359771652,-2956.06168053371,-6067.02986845139,-22406778.0638603,4169514.80877476,-3524.60159235229,-1028.2119403161,-1455.0009398531,-7389228.44138865,603300.850082867,-10624.0005864767,-2956.8994886019,-6067.42846230545,-22406811.1483518,4169450.42403169,115.374211036815,108.395564288901,170.010828390563,16504.8017541762,94665.7926649574,584.879547865892,572.771457003878,710.288042981906,69846.9158921398,361729.206547316,-0.147693535569959,0.247084759708083,10.4117295270687,-0.28753671822912,0.20062306234081,21.8741682874679,0.104322159714355,0.100439885902321,0.100356334017903,13063.6078283556,684377.949033164,50722513.816174,9722.65875850833,1.10393653106616,1.10429072111929e-24,875.33,2,10,0,0,1,0,0
0.4,0.0982323350307926,-0.138593715638354,30.1540660855981,2.39259837879057,1.67583301949887,-1.14794074198524,0.828218740659163,-0.343538907109555,34.4932549824958,66.1649118053627,-3580.08166933883,-1042.93794702423,-1457.42156799431,-7503331.62122363,634538.261409451,-10632.5621133405,-2955.41133371486,-6124.08584530582,-22733489.2291787,5400010.64847714,-3580.17990167386,-1042.7993533086,-1487.57563407991,-7503334.01382201,634536.585576432,-10631.4141725985,-2956.23955245552,-6123.74230639871,-22733523.7224337,5399944.48356533,117.916911194851,110.8857993288,173.217541492338,16828.7103392873,96383.6513297881,589.138237158905,577.119696413556,713.799061785156,70795.5567948372,364484.403507994,0.0197932266499028,0.210397981635089,10.4240595295429,-0.277417475803787,0.189740183394349,21.8937075912891,0.103502596289023,0.101202907721024,0.103501894641499,12316.5200501381,667854.387954968,49288092.1279672,13831.3787834765,1.16641391573569,1.16678164647771e-24,873.901,2,10,0,0,1,0,0
0.405,0.0925588260451226,-0.134476150626264,30.1506419326266,2.32224877434607,1.57326647230852,-1.14039074999948,0.831595952085446,-1.01449631038707,37.4543057185057,65.8375808962631,-3630.32272055297,-1057.94769088505,-1485.4466341803,-7614580.5981314,649333.126663901,-10623.9859568954,-2956.19179139008,-6165.00893316913,-22693290.8192132,5231077.69731669,-3630.41527937902,-1057.81321473442,-1515.59727611293,-7614582.92038018,649331.553397429,-10622.8455661454,-2957.02338734216,-6163.99443685874,-22693328.2735189,5231011.85973579,120.478023178161,113.394781413739,176.438167696051,17154.0551918197,98107.7141280795,593.366512924914,581.435418545256,717.292886615785,70978.4229104195,365137.658417517,-0.0869959964786218,0.181025942297343,10.4892741492756,-0.237101070004186,0.200864030626136,21.8665040777068,0.101799670663136,0.100433727265483,0.100109467647952,12916.5673938769,666898.013933447,47421011.529959,16997.9306401208,1.04689487477579,1.0472106902484e-24,900.498,2,10,0,0,1,0,0
0.41,0.0869794442053908,-0.130325201943816,30.1441762765475,2.24992420429577,1.4724319118205,-1.10992167622293,0.841887122898519,-1.54987705789765,40.893016138869,62.7752194116868,-3670.02009859748,-1075.24567105773,-1513.64645570666,-7721155.83611299,621233.758541487,-10584.5494291725,-2963.66739681471,-6206.04325352195,-22582988.1560414,5152870.2009829,-3670.10707804169,-1075.11534585579,-1543.79063198321,-7721158.0860372,621232.286109575,-10583.4395074963,-2964.50928393761,-6204.49337646405,-22583029.0490575,5152807.42576349,123.057197350052,115.922363831638,179.672649793972,17480.1929226876,99832.3486942582,597.564638404796,585.719327503481,720.769760215361,71059.9197412091,364637.22898991,-0.090820056914901,0.266518493336818,10.5254625446282,-0.219934683189038,0.194701328526392,21.8801234707371,0.105219167691507,0.100410450639834,0.102203688084233,12419.2919753111,654722.050805822,45386017.7152771,22168.5408713232,1.15951758505002,1.15993388056271e-24,859.037,2,10,0,0,1,0,0
0.415,0.0816067455152309,-0.126124252069895,30.1354767193871,2.17553769954978,1.37597148644434,-1.05687692922927,0.851964662600123,-1.90049605346151,43.8994628054481,57.1217153302551,-3728.02489673653,-1089.0226901157,-1545.1442151102,-7836448.59827858,667410.425094727,-10598.3375141584,-2960.24538835626,-6256.39151801706,-22519638.1711575,5275105.77384428,-3728.10650348204,-1088.89656586363,-1575.27969182959,-7836450.77381627,667409.049123241,-10597.2806372292,-2961.09735301886,-6254.49102196359,-22519682.0706203,5275048.65212895,125.654582006452,118.468420621295,182.920942871366,17807.4264662466,101559.829038757,601.733631257974,589.972142679649,724.229968886525,71228.2321519824,365049.34478066,0.053503222132195,0.23021637269001,10.3915081785373,-0.235869546205691,0.184159196422229,21.8474872233401,0.100005885343997,0.100029436131775,0.102003937618155,12621.731032821,651439.598493051,43679387.4335814,27343.3182656309,1.0408631271177,1.04119585593705e-24,858.525,2,10,0,0,1,0,0
0.42,0.0765400807343149,-0.121886324986237,30.1255484280013,2.09976212163969,1.2861547004326,-0.986263031105055,0.856967633403886,-2.03718754983454,45.8883334324656,49.7251572793644,-3774.51219969351,-1104.85817931308,-1574.03091443592,-7945181.72263865,667236.206961076,-10579.6837715104,-2963.23838726938,-6298.27917610625,-22470384.8326115,5162294.91809481,-3774.58873977425,-1104.73629298809,-1604.15646286392,-7945183.82240077,667234.920806375,-10578.6975084793,-2964.09535490279,-6296.24198855641,-22470430.7209449,5162245.19293753,128.269904776461,121.03281336843,186.182993566699,18136.2250242874,103291.962843663,605.873897889954,594.194515536262,727.673708042824,71229.4247277756,364875.669337968,-0.180556419623631,0.157145200497432,10.4350589865324,-0.218186396306663,0.179518581187921,21.8736641227224,0.101161653059738,0.100067197395663,0.102004522277767,12588.9690979149,651921.803653003,41938612.8211187,32425.1037038439,1.0648638948523,1.06521988641332e-24,837.497,2,10,0,0,1,0,0
0.425,0.0718443282669462,-0.117640886603658,30.1154860109799,2.02361576278925,1.20445311910091,-0.907005750500412,0.855097073629984,-1.95365994233279,46.3707997477273,41.3476526016782,-3822.62020753201,-1120.35598057865,-1603.07228495457,-8054299.7396437,672924.028024843,-10565.4182439752,-2964.87301157551,-6340.77548324346,-22571694.6560862,6126740.51063368,-3822.69205186027,-1120.23833969204,-1633.18777096555,-8054301.76325946,672922.823571724,-10564.5112382247,-2965.72810864914,-6338.82182330113,-22571741.026886,6126699.16298108,130.903113111613,123.615414587201,189.458752643431,18466.0080999715,105026.976775881,609.986164987478,598.387094204629,731.101245931473,71364.1728482278,366667.267524242,-0.0254922344595193,0.0601425692906953,10.3708292080344,-0.198254881146553,0.184805252208875,21.8376809725669,0.105679813156323,0.10174914434257,0.104327855388657,12196.079204364,650570.956907464,40676981.6665799,42310.9545054908,1.24020120313241,1.240593149867e-24,855.792,2,10,0,0,1,0,0
0.43,0.0675422609295013,-0.113420419252959,30.1063559908494,1.94818147206439,1.13133313104457,-0.827202104418487,0.846920508856381,-1.66736359628761,45.4658625514856,33.2907013778984,-3881.26356278652,-1134.02786987983,-1635.57124126107,-8170040.26825105,727273.486311152,-10581.4158912003,-2961.58182928141,-6391.49965012134,-22394830.5934585,5367099.23997445,-3881.33110504745,-1133.91444946058,-1665.67759725192,-8170042.21643253,727272.354978021,-10580.5886890958,-2962.42874979027,-6389.83228652506,-22394876.0593211,5367065.94927307,133.554048148938,126.216096072611,192.748165496097,18796.9904475748,106766.730016737,614.070794354489,602.55050764047,734.512777793609,71797.9302071845,368356.906696928,-0.00668392268709457,0.0598718762658585,10.4121121322048,-0.218079971471496,0.166801183880239,21.8447518770972,0.100050111375091,0.100013197538702,0.102135149054468,12539.369111706,651456.739009856,39459868.8290957,54712.0938975879,1.04409775807435,1.04443518684057e-24,876.802,2,10,0,0,1,0,0
0.435,0.0636173914868925,-0.109249226654518,30.0990827521794,1.87427792077283,1.06624055219547,-0.754651371124749,0.835186441420943,-1.21723685238033,43.7753451445036,26.7594968569158,-3945.01321211856,-1147.01265067894,-1671.00857086179,-8288372.10804895,799221.482143757,-10610.6538694682,-2956.37899527756,-6450.35671202422,-22401302.7366544,5440015.04646689,-3945.07682951004,-1146.90340145229,-1701.10765361397,-8288373.98232687,799220.415903205,-10609.8992180971,-2957.21418171898,-6449.13947517184,-22401346.5119996,5439988.28697003,136.222592736662,128.834732682856,196.051186310407,19128.9705697364,108509.647987804,618.128466699865,606.685346421039,737.90853655884,71824.5590902384,368575.272888032,-0.109695321205157,0.239804001184642,10.4302649366908,-0.235457779529824,0.151098161825125,21.8587312028831,0.106407697667343,0.100791163030454,0.100082893714817,13048.4740123134,650646.916403727,38030258.5592215,65241.8646605261,1.14947351944681,1.14983649558485e-24,858.191,2,10,0,0,1,0,0
0.44,0.0600196854630075,-0.105134580065923,30.0943508811664,1.80221721598447,1.00784926279849,-0.695125907453276,0.82404360625287,-0.659452368902515,41.85120523446,22.3933434344502,-3984.68518681269,-1164.31134736683,-1700.55549613696,-8393277.42372088,771072.722830614,-10574.7411524394,-2963.35362284258,-6491.95131094259,-22387950.0914582,5482679.0130216,-3984.74520649815,-1164.20621278677,-1730.64984701813,-8393279.22593809,771071.714981352,-10574.046026532,-2964.17766644883,-6491.29185857369,-22387991.9426634,5482656.61967817,138.908588654224,131.471200899237,199.367762424381,19461.5210917657,110253.954872607,622.159599083052,610.792192422971,741.28873018108,71790.3353040863,368576.456508466,-0.0591206595301259,-0.0453149240083343,10.3244952449188,-0.177032085534989,0.162218773089862,21.8748177160251,0.106968145922785,0.100714183321987,0.10102825265424,13118.1387086367,649796.240560616,36632361.4390896,78820.6588777375,1.17887098841842,1.17926590866506e-24,842.225,2,10,0,0,1,0,0
0.445,0.0566807545086604,-0.101067614120276,30.0925354677043,1.73178517772758,0.954347914114475,-0.650280261579229,0.815888894335351,-0.0605788896784267,40.5043881331361,20.5841225905827,-4028.82969198154,-1180.65766419464,-1730.53055372107,-8500197.33802913,761916.581987777,-10551.7431440708,-2967.56407370453,-6534.2786747832,-22410121.3521782,5571164.15731754,-4028.88637273605,-1180.55659658052,-1760.62308918878,-8500199.06981431,761915.627639863,-10551.0928638092,-2968.37996259886,-6534.21809589352,-22410161.8565663,5571143.57319495,141.612057031035,134.125385758609,202.697850206797,19794.9660472326,112001.614134451,626.164942873442,614.871612429605,744.653597829433,71968.30459756,369349.432918106,-0.192903760606389,0.10834549216946,10.4162355100515,-0.172654531713334,0.157454835274073,21.8625139755204,0.106389103115146,0.101041405042869,0.100366496511151,13021.2886994258,650139.184276732,35445453.838711,94812.4087730373,1.15982128132661,1.16017711072283e-24,841.697,2,10,0,0,1,0,0
0.45,0.0535298441988933,-0.0970311756976804,30.0936697469549,1.66226834235779,0.903794276370989,-0.619422605690256,0.811718629665524,0.510385320040318,40.411793484801,21.2097840894589,-4084.84094040167,-1194.70726912291,-1762.8617846232,-8613514.6901185,803071.189795037,-10559.7824154111,-2965.23235623043,-6582.54748378004,-22437749.5769118,5956266.21768929,-4084.89447024587,-1194.61023794721,-1792.95545437015,-8613516.35238685,803070.286000761,-10559.1629928055,-2966.04407486009,-6583.05786910008,-22437789.9887053,5956245.0079052,144.332814817217,136.797167645587,206.041396451294,20129.6883358082,113753.558661985,630.144826399151,618.924146922307,748.003319648211,71949.3734582253,369593.702274688,-0.187206751130218,-0.0893092069649375,10.4536303211785,-0.205726828381714,0.133062008946361,21.8846503262284,0.101545621079908,0.100567853708232,0.101453401944608,12722.1099322665,648956.770949884,34221382.5934535,115470.203264733,1.0715088502234,1.07183452429661e-24,835.638,2,10,0,0,1,0,0
0.455,0.0505040293183093,-0.093007143900275,30.0974533943345,1.59320725718124,0.854707811038796,-0.600041223530362,0.810916647029362,0.990164360609622,40.7870749011512,23.1169466888312,-4138.89109688609,-1209.33920541881,-1796.32390740153,-8726510.87653566,838055.802753454,-10563.2939891754,-2964.79406686207,-6633.04976972967,-22450120.5558747,5863630.99671202,-4138.94160091541,-1209.24619827491,-1826.42136079586,-8726512.46974292,838054.948045643,-10562.6939479519,-2965.6049835091,-6634.03993409027,-22450161.3429496,5863607.87976534,147.070747874102,139.486431103093,209.3983565194,20465.1123518707,115507.349918965,634.099751595116,622.950319593469,751.338121874829,72060.2842803399,370146.567884882,-0.0586117711842668,0.202615871145762,10.4090192536792,-0.196275166828741,0.129427382515424,21.8826165666997,0.100556380092781,0.100223415299451,0.100400418778357,13059.6476959545,640087.771851268,33115363.7000982,140633.606591396,1.02335333732471,1.02366097954423e-24,848.115,2,10,0,0,1,0,0
0.46,0.0475625805964863,-0.0889974257231631,30.1033004218006,1.52420391650868,0.806044586692226,-0.585654439221915,0.806028666812891,1.32874741111961,42.0638202411554,25.8577398674695,-4189.88961372077,-1224.42564392599,-1828.65477333652,-8837545.32736111,859540.490104618,-10558.9779190672,-2965.5868829923,-6679.9464134916,-22497022.5169997,5856504.26732224,-4189.93717630137,-1224.33664650026,-1858.75807375832,-8837546.85156503,859539.684060032,-10558.392264628,-2966.39291165911,-6681.27516090272,-22497064.58082,5856478.40958237,149.825740109343,142.193063126995,212.768681689413,20801.9215988966,117266.044804149,638.030180405474,626.950635085112,754.658174610428,72183.1004747567,369810.217903964,0.0061421817182908,0.181664545466964,10.5796903930442,-0.174981203526769,0.13156693865124,21.872992928138,0.100948899652613,0.100164679617892,0.100404913525094,12651.3941985801,620868.719056951,31922878.9691373,176249.684982136,1.03017542366406,1.03048508745924e-24,879.932,2,10,0,0,1,0,0
0.465,0.0446906191496912,-0.0850311739011669,30.1104203336703,1.45540020788766,0.757414549380402,-0.572275645279172,0.793512817732477,1.49503410290115,43.0612425757726,28.2440845120496,-4252.10636362193,-1237.42444484986,-1863.57907799594,-8954936.34961723,928279.417884116,-10583.4344136753,-2961.13702617683,-6733.07717755548,-22630638.6708376,5838623.21130169,-4252.15105424108,-1237.33941367596,-1893.68949832961,-8954937.80501744,928278.660469567,-10582.86213803,-2961.93053899456,-6734.57221165838,-22630681.7320802,5838594.96721718,152.597578572371,144.916949228629,216.152321343619,21139.1283819158,119023.270957636,641.936380849793,630.925582264992,757.96367671316,72179.6906943645,369355.251379845,0.194958101780959,0.0912164316385856,10.3525445453357,-0.192160546433229,0.120856513750489,21.862958255042,0.101215198457219,0.100012994863142,0.103293636914972,12483.5717169911,593975.887642336,30767992.702587,224770.608869236,1.09131779710372,1.09169123501552e-24,876.84,2,10,0,0,1,0,0
0.47,0.0418942810709264,-0.081158834443919,30.1179210318418,1.38762374637434,0.709093796601592,-0.555360556285901,0.768264817923131,1.47981599953117,42.9709597098356,29.5629326621767,-4302.88599985892,-1252.37992235222,-1895.21678014026,-9066164.47979221,948212.122158832,-10578.0846901193,-2961.54550460681,-6776.87496658028,-22625461.5805682,5812476.46009202,-4302.92789413999,-1252.29876351777,-1925.33470117211,-9066165.86741596,948211.413065035,-10577.529329563,-2962.31376942473,-6778.35478257981,-22625504.5515279,5812446.89715936,155.386374436224,147.657988526877,219.549236099186,21476.6699031115,120783.049422108,645.819097515058,634.875649267987,761.254843389404,72281.3300948964,369501.020606797,-0.128055476508515,0.0801726905284123,10.3453592497186,-0.168874961143928,0.12051973410987,21.8824816349752,0.100805919275595,0.100169112331479,0.100008793018913,13308.5826002727,589686.139147486,29764690.5312241,265632.207664316,1.01944164969157,1.01974824370232e-24,852.408,2,10,0,0,1,0,0
0.475,0.039198674362326,-0.0774492365552454,30.124918945213,1.32229716650765,0.661861681616066,-0.531769632421133,0.727924454574558,1.29566583193396,40.8623063203191,29.239945306506,-4344.13727111657,-1269.39727244653,-1926.7865354403,-9172955.81377981,927997.33285297,-10550.0184402039,-2967.32579351047,-6820.19086912106,-22691558.7727054,5844985.28260638,-4344.17646979093,-1269.31982320997,-1956.91145438551,-9172957.13607698,927996.670991288,-10549.4866705715,-2968.05371796504,-6821.48653495299,-22691599.6350117,5844956.04266108,158.191853996226,150.416068384751,222.959373872139,21814.9356016876,122544.366388685,649.678487619645,638.801290203693,764.531840952078,72710.8306452488,370150.512094002,-0.0405729916237832,-0.164640055056781,10.2480899342861,-0.150680862637032,0.119253773714689,21.8894404388266,0.105645679150238,0.100552160498942,0.10068431302433,13399.8843427995,573379.750030391,28879697.1011178,336309.56818521,1.14057251825298,1.14093884387245e-24,831.103,2,10,0,0,1,0,0
0.48,0.03664261811695,-0.0739773492350992,30.1306420133213,1.26109631467266,0.616787684844047,-0.499107625688064,0.672347187968245,0.974225419108905,36.7389226835328,27.3791794939527,-4396.89005660779,-1284.30133183496,-1961.44335816529,-9286728.95312285,957598.305762642,-10550.8041859441,-2967.80202571543,-6870.1028324419,-22521784.9973459,4751469.90300075,-4396.92669922591,-1284.22735448572,-1991.57400017862,-9286730.21421916,957597.688974957,-10550.3050783184,-2968.4743729034,-6871.07705786101,-22521821.7362686,4751442.52382126,161.013971056352,153.191085991663,226.382691973782,22154.3583782097,124309.738587269,653.515118685485,642.702949031123,767.794850954407,72952.0476102526,371535.222188086,-0.0655026516634311,0.139164286476894,10.5160995620994,-0.183865690214446,0.0986583993993762,21.9047262824006,0.101465890730037,0.100809700269829,0.106261285320325,11527.9013890327,573506.021636349,28123017.5249955,415720.459986907,1.17459771668963,1.17497730946981e-24,864.402,2,10,0,0,1,0,0
0.485,0.0342704955941451,-0.0708065296645381,30.1345132602461,1.20555834314464,0.574992079568149,-0.457532386504775,0.606347941245014,0.561222467232383,30.5071813221681,23.9014064763341,-4459.81121386904,-1297.36809484756,-1998.93903757796,-9405510.85704743,1025124.28950701,-10574.6150607206,-2963.20388950376,-6926.66751206507,-22388500.2583509,4510815.56834906,-4459.84548436464,-1297.2972883179,-2029.07355083821,-9405512.06260577,1025123.71451493,-10574.1575283341,-2963.810237445,-6927.2287345323,-22388530.7655322,4510791.66694258,163.852697084271,155.982941317745,229.819146403158,22495.1920954152,126080.022479772,657.329442179561,646.581066803385,771.044046883265,73404.6309529668,371672.45503487,-0.248598009823967,-0.140837200531856,10.5115816793322,-0.203371135699015,0.0881794998237595,21.8908371816724,0.111256560539772,0.102433035391667,0.102022317084503,12580.2285152742,564143.538346077,27242326.1353384,532052.279001736,1.3275668247375,1.32797919519043e-24,861.736,2,10,0,0,1,0,0
0.49,0.0321253613212098,-0.0679734865477955,30.1362054041562,1.15684619701519,0.537622464305217,-0.407438026441874,0.53587396493351,0.109958265319655,23.184033039199,19.2975777689956,-4511.31275979898,-1312.20158816978,-2031.82516828621,-9515963.41646417,1041402.78179611,-10571.2897924399,-2963.20758380314,-6971.47782232584,-22410697.3013912,4642805.84234423,-4511.3448851603,-1312.13361468324,-2061.96137369036,-9515964.57331036,1041402.24417364,-10570.8823544135,-2963.74345776808,-6971.58778059116,-22410720.4854242,4642786.54476646,166.707906826875,158.79153241848,233.26869152371,22836.8179538807,127851.399856524,661.121742523753,650.436067737482,774.279609551008,73664.9527801689,373276.632918387,-0.0972265848209882,-0.156240540198091,10.4146942027592,-0.160232257904624,0.10109048032092,21.8762642878119,0.100354778437156,0.100014520963759,0.100095218440087,13119.1304623422,564561.600617134,26571616.8342639,675275.565800004,1.00900213056826,1.00930570976851e-24,874.364,2,10,0,0,1,0,0
0.495,0.0302443613511941,-0.0654815314729758,30.1356612848009,1.11519539743208,0.505507723744464,-0.350844907528314,0.468503271669885,-0.325725304211394,15.9278623424915,14.0123490543058,-4567.48656697441,-1326.2383684728,-2066.3565349153,-9629351.44708457,1078576.77130195,-10579.6603198143,-2961.58732951944,-7019.61117566636,-22411916.8338056,4246615.10691449,-4567.51681133576,-1326.17288694133,-2096.4921962001,-9629352.56227997,1078576.26579422,-10579.3094749068,-2962.05583279111,-7019.28545036215,-22411932.7616679,4246601.09456543,169.579449867606,161.61675828231,236.731282776895,23179.0323938093,129623.704516694,664.892392832203,654.268352341923,777.501703887619,73552.2922424876,373391.229566328,-0.230928034800266,0.0808384395658057,10.5087018113196,-0.162451351634729,0.0997912817153335,21.8558143601513,0.100018757575379,0.100121719848324,0.10194793014248,12390.9580536325,554714.476355822,25752381.5222492,827847.142095357,1.04183540884157,1.04215790763327e-24,839.108,2,10,0,0,1,0,0
0.5,0.0286520058936307,-0.0632981808562924,30.1330808045406,1.08006247319973,0.479252581588824,-0.29086227883753,0.411166232199785,-0.697705689856998,10.2196812780361,8.75334082730888,-4610.2236108055,-1342.87606422642,-2098.73244425482,-9735403.02764048,1055946.40463539,-10556.0526456364,-2965.92794905242,-7062.2895271046,-22441814.5793118,4465537.9485723,-4610.25226281139,-1342.81276604557,-2128.86552505937,-9735404.10770295,1055945.9253828,-10555.7617833575,-2966.33911528462,-7061.59182141474,-22441824.7989931,4465529.19523147,172.467246744386,164.458522273873,240.206873918018,23521.3476226079,131396.220771288,668.641745322763,658.078320465237,780.710496978946,73572.2254821534,374355.479214401,0.0342858450465037,-0.0249660957749177,10.4322813546388,-0.142729809697428,0.0986960128539494,21.8745872812178,0.10341403775251,0.100371795429879,0.100635313495093,12952.3870582891,554025.787058473,25065632.4246333,1015203.68798814,1.0893187215865,1.08966191862594e-24,876.415,2,10,0,0,1,0,0
0.505,0.027354423506978,-0.0613615667973727,30.1288779996533,1.04992538508631,0.458858130580441,-0.23182274988967,0.368847505600718,-0.969168178581466,6.85233182006686,3.94547107075888,-4666.72539262298,-1357.07482373461,-2135.26005602544,-9849929.07547054,1094507.18904188,-10564.4763496962,-2964.41382297875,-7114.38208156545,-22514897.3008407,4773884.96288801,-4666.75274704648,-1357.01346216781,-2165.38893402509,-9849930.12539592,1094506.73018375,-10564.2445269463,-2964.78267048435,-7113.41291338687,-22514904.1531725,4773881.01741694,175.371266371718,167.316730631205,243.695426363022,23864.0021697904,133171.16230297,672.370296423702,661.866355623935,783.906165028429,74177.4204680895,376218.185103797,-0.137108945426813,0.108130006014067,10.4375548648879,-0.1682076099776,0.0871497622059181,21.8601060362289,0.10076627183835,0.100041087746203,0.100161032656476,13006.8755343454,545984.114185033,24511853.3530284,1313728.90332488,1.01912527731439,1.01943322073047e-24,877.554,2,10,0,0,1,0,0
0.51,0.0263355210347581,-0.0595947247106705,30.1236156350172,1.02296074419017,0.443987248204298,-0.178367355164871,0.342676519525647,-1.11793463997259,6.02516935776032,0.00658935613101601,-4708.84432137018,-1373.73427782371,-2167.47900054614,-9955886.31147393,1071762.66782662,-10540.5622236342,-2968.81048554133,-7155.55913252791,-22496480.5900499,4575045.22257398,-4708.87065689121,-1373.674683099,-2197.60261618116,-9955887.33443468,1071762.22383937,-10540.383856279,-2969.15316206085,-7154.44119788794,-22496486.6152193,4575045.21598462,178.29132361798,170.19128604872,247.196893331042,24207.2654080394,134947.257508939,676.078186896815,665.632833129149,787.088859909073,74202.0209377706,376482.39616608,-0.0371053157901925,0.131972847071832,10.414458084966,-0.135753570482677,0.0924664364267969,21.869201815889,0.104818823557668,0.100458883393009,0.100478844124842,13016.1901939529,543858.924360932,23813271.8185857,1514013.61790226,1.11717025012005,1.11752234755601e-24,855.726,2,10,0,0,1,0,0
0.515,0.0255577626368698,-0.0579266316598887,30.1179282707204,0.997241571261893,0.433555492899945,-0.134519255352934,0.329138357653588,-1.13771974592652,7.64539426092508,-2.67194918652873,-4753.80011176282,-1389.89608513135,-2200.58936848646,-10063420.1235473,1060626.85791821,-10523.5864528662,-2972.01131168229,-7197.99243435252,-22289505.2933447,3629438.71181511,-4753.82566952546,-1389.83815849969,-2230.70729675718,-10063421.1207889,1060626.42436272,-10523.4519336108,-2972.34045003995,-7196.85471460659,-22289512.938739,3629441.3837643,181.227421986077,173.082099358664,250.711235481006,24551.570366191,136728.049425503,679.765873673957,669.378121942675,790.258733647178,74583.7734662399,378193.705549273,-0.100556913983093,0.147632614549329,10.4425249759518,-0.127157138816614,0.096792897995357,21.845671237088,0.108387218373229,0.101967035041571,0.102490888513668,12476.0698388326,542937.177932402,23286928.0159981,1892656.78950816,1.2646110300094,1.26499960697345e-24,856.986,2,10,0,0,1,0,0
0.52,0.0249635678269736,-0.0563064739088468,30.1124444564018,0.971402470712237,0.426403385376261,-0.104337040000693,0.323565869613675,-1.03719944574037,10.5346752690924,-4.05944446096502,-4813.19059734867,-1403.56396645245,-2238.63784012743,-10179043.859236,1108466.73731159,-10538.2658692738,-2969.16889117763,-7251.68598521209,-22240277.0721688,3633303.8085934,-4813.21556091649,-1403.50765997854,-2268.75028458383,-10179044.8306385,1108466.31090821,-10538.1615322338,-2969.49245704725,-7250.64878576635,-22240287.6068441,3633307.86803787,184.179443670256,175.989078765767,254.238409118214,24896.3317982332,138511.743448643,683.433707060716,673.102569428974,793.415943288582,74657.9548507993,377987.03047956,-0.0149737388227067,-0.0090693390728942,10.4051631746165,-0.181928495577743,0.0694135928647199,21.8710997828566,0.106634798022873,0.101190491806101,0.100882026710153,12939.3048760019,537592.643478733,22591609.4566504,2252642.52766966,1.17844547259808,1.17880444102627e-24,857.979,2,10,0,0,1,0,0
0.525,0.0244833195585962,-0.0547133253828446,30.107717115249,0.94494365403988,0.421060127159764,-0.0886153880327906,0.318514186584284,-0.837699506938042,13.7803919601937,-3.91507219058143,-4867.33646325728,-1418.37161441661,-2276.70544568986,-10291821.8725652,1133193.59910467,-10541.5549308397,-2969.08537643762,-7304.91307011708,-22273102.0394755,3728100.161952,-4867.36094657684,-1418.31690109122,-2306.81316280511,-10291822.8175089,1133193.17804454,-10541.4663154517,-2969.4038906242,-7304.07537061014,-22273115.8198675,3728104.07702419,187.147306934369,178.91213504002,257.77837229849,25241.6160112625,140297.225420898,687.081988597416,676.806520786079,796.560640258114,75217.2824969483,378526.020945168,-0.10458629406462,0.103651324170621,10.6715708119124,-0.161484260026157,0.0755366510993838,21.8611970462916,0.100443612886595,0.100089097241534,0.100029504074962,12514.1683523792,524513.267350886,21999016.4769218,2861753.91120811,1.01096329770882,1.01126707219638e-24,862.764,2,10,0,0,1,0,0
0.53,0.0240474786428975,-0.0531585279955226,30.1041696331735,0.918123334348697,0.416079270317602,-0.0865358568522221,0.308359219109276,-0.569262086650558,16.1710863569912,-2.28214611543216,-4921.56370207497,-1433.16176348846,-2315.00362534183,-10404772.1514562,1158632.59276369,-10545.1136253336,-2969.02741389404,-7358.04796641905,-22330479.3782636,3815274.17698077,-4921.58774955362,-1433.10860496046,-2345.107794975,-10404773.0695795,1158632.17668442,-10545.0270894767,-2969.33577311315,-7357.4787043324,-22330495.5493499,3815276.45912688,190.130914366566,181.851179825754,261.331083350806,25587.7037865189,142083.880136313,690.710988677052,680.490312129066,799.692968869938,75458.48266899,378258.651062949,0.00514955130693712,0.067980620830066,10.2754839379311,-0.158624417476716,0.0755174796669422,21.8597339694497,0.100216854770832,0.100029601560909,0.100230181112478,13362.4959734427,511496.447970897,21353974.8021648,3527116.15558262,1.00924056038392,1.00954472857689e-24,862.648,2,10,0,0,1,0,0
0.535,0.0235968420096789,-0.0516768456440583,30.1020631700973,0.891926884513966,0.410127644306395,-0.094746170488555,0.289208503024325,-0.266188816860339,16.6478159181273,0.540147624844029,-4975.84003625601,-1447.88467619403,-2353.22167722491,-10517862.0309338,1184633.45325992,-10548.3991347452,-2968.7102075779,-7410.21933393865,-22297058.767863,3751130.49188623,-4975.86363309802,-1447.83299934839,-2383.32374039501,-10517862.9228606,1184633.04313228,-10548.3043885747,-2968.99941608092,-7409.95314512179,-22297075.4156789,3751129.95173861,193.130189488639,184.806126844965,264.896502087925,25934.4985757362,143871.432420377,694.321030730406,684.15426828724,802.813078213632,75892.0206182458,378380.031127478,0.0307112636055013,0.140067521530957,10.2074380962649,-0.161667949885036,0.0717598335371328,21.869674016898,0.100710656105125,0.100192929500098,0.100097570352404,13576.1443586553,501987.965640569,20772372.221239,4385111.35885213,1.01977609280011,1.02008228686633e-24,866.596,2,10,0,0,1,0,0
0.54,0.0230936122192219,-0.0503173504781158,30.1014860589977,0.867619186597924,0.402446895255254,-0.107948580370085,0.25916055035203,0.0372885754356496,15.3829252731001,3.98811753767167,-5031.48674241738,-1462.22790524545,-2391.23876142389,-10631186.8254318,1216114.10558807,-10554.5762310848,-2967.60099679742,-7461.27003984332,-22236940.5727441,3541441.76699008,-5031.50983602959,-1462.17758789497,-2421.34024748289,-10631187.693051,1216113.70314117,-10554.4682825044,-2967.86015734777,-7461.30732841875,-22236955.9556694,3541437.77887254,196.145046243392,187.776890883652,268.47458702098,26282.0774154082,145659.957197524,697.912403208877,687.798706074291,805.921111484009,76593.366680019,380159.25266532,0.128414009749528,0.110644822823921,10.2807065684329,-0.163408672369414,0.0698016403908319,21.8730861840868,0.101160966251822,0.100293328256637,0.100177211655936,13394.3095089978,499067.565764703,20358484.0969583,5523006.21033098,1.03247292880268,1.03278319305857e-24,905.081,2,10,0,0,1,0,0
0.545,0.0225309102317797,-0.049124921115775,30.1023636602777,0.846502861463605,0.39278005086162,-0.118946778408386,0.221802782005064,0.310744496941237,12.1543334738747,7.29507071382927,-5086.70052668173,-1476.80833038754,-2430.33910545022,-10744410.5205633,1244666.87072191,-10559.7076605162,-2967.00869606787,-7514.40398181921,-22324946.8801412,3896283.91469887,-5086.72305759196,-1476.75920546643,-2460.4414691105,-10744411.3670662,1244666.47794186,-10559.5887137378,-2967.23049884987,-7514.71472631615,-22324959.0344747,3896276.61962816,199.175401177168,190.763388220514,272.065297580755,26630.7715994881,147450.71603014,701.48538239794,691.423934513839,809.017204894969,77258.7233130059,382098.489217205,-0.0619467617022969,0.146505833945676,10.2882210088882,-0.158661758705492,0.0722453095201026,21.8662886759375,0.10042471526058,0.100052774456913,0.100239027759288,13345.1061673564,496268.742048483,19972129.5428329,6882275.33650293,1.01405107735156,1.01435724734548e-24,858.537,2,10,0,0,1,0,0
0.55,0.0219370375494093,-0.0481280350418916,30.1044850814486,0.829424429502316,0.381728895967551,-0.120714614045532,0.180176766779781,0.530593219907611,7.91494531177058,9.60131168530675,-5142.61985278385,-1491.23319104801,-2469.76809340422,-10858461.9330148,1278156.15387392,-10566.2115332571,-2966.10908253804,-7567.44772989126,-22326781.9119401,3910730.73315401,-5142.64178982139,-1491.18506301297,-2499.87257848567,-10858462.7624392,1278155.77214503,-10566.090818643,-2966.28925930482,-7567.97832311117,-22326789.8268854,3910721.13184232,202.221185187148,193.76553674425,275.668593916442,26980.7046366476,149244.290056537,705.040218261981,695.030257769317,812.101490788213,77675.1115383199,383802.937547469,-0.256450327833137,0.0429100278991815,10.3574700187961,-0.162327057569911,0.0689925759695953,21.8731839720476,0.101060510007151,0.100204004498115,0.100005472694353,13260.7510205472,496237.119298826,19577062.7934056,8379100.34482748,1.0252131156398,1.02552146897136e-24,838.803,2,10,0,0,1,0,0
0.555,0.0213721624536971,-0.0473348829411388,30.1075410620249,0.816688010482821,0.370603475921582,-0.107388956464918,0.139474437777519,0.68140526458027,3.50159711389606,10.1149955281407,-5185.31274695158,-1507.99587837928,-2505.50313249636,-10964237.2347667,1252925.86387165,-10545.462364883,-2970.24396260107,-7611.95208144134,-22278297.3609763,3674630.4708157,-5185.33411911404,-1507.94854349634,-2535.61067355838,-10964238.0514547,1252925.49326817,-10545.3549759265,-2970.38343703884,-7612.63348670592,-22278300.8625734,3674620.35582018,205.282279808969,196.783253925032,279.284436020682,27331.4731117913,151039.521580119,708.577206856898,698.617961282746,815.174109183012,77810.3340483546,384089.089337693,-0.126995617063168,0.0406068967306153,10.3873717939256,-0.129483739405245,0.0794933604821857,21.8798242901812,0.105048366725355,0.100508637823733,0.100309831227578,13133.947216667,496272.550013941,19084990.1421585,9599257.24252994,1.11959860055388,1.11994595465808e-24,838.23,2,10,0,0,1,0,0
0.56,0.0209193549807354,-0.0467306078442122,30.1111666460296,0.808024956310682,0.36126850495996,-0.0755626285516732,0.103845211841982,0.756514792519734,-0.241312681405996,8.27110289963823,-5239.54055051644,-1522.78703839704,-2545.31183743871,-11077226.3715831,1278135.33623988,-10548.604781771,-2970.11473725115,-7664.73180801534,-22295936.5851355,3725921.18666662,-5239.56146987142,-1522.74030778919,-2575.42300408474,-11077227.1796081,1278134.97497137,-10548.5292191424,-2970.218582463,-7665.48832280786,-22295936.3438228,3725912.91556372,208.358680897289,199.81646248085,282.912786701404,27683.4088860917,152838.323215247,712.096678725622,702.187335330486,818.235188468812,78279.3114960353,384461.922614934,0.09168679528102,0.155175039927042,10.3855170532839,-0.159598012664297,0.0682017682152036,21.8743010693743,0.100470678067528,0.100097282135554,0.100009993776135,13204.2202520455,488250.325461202,18618241.3670614,11694843.6924882,1.01128077214275,1.01158447955434e-24,855.948,2,10,0,0,1,0,0
0.565,0.0206701958641022,-0.0462847720716389,30.1149834403051,0.80260461535603,0.3557945134696,-0.025197118004159,0.0754721224764588,0.757253599814848,-2.63987755264283,4.06154912453597,-5293.85577913121,-1537.53485758251,-2585.21200106541,-11190253.0682941,1303894.02384383,-10551.8237130393,-2969.8872987586,-7717.08044348141,-22294345.1125838,3728435.87223291,-5293.87644932707,-1537.48857281044,-2615.32698450572,-11190253.8708987,1303893.66804932,-10551.7985159213,-2969.96277088108,-7717.83769708123,-22294342.4727063,3728431.81068378,211.45027684789,202.865082448747,286.553605988141,28036.3053862844,154638.692218649,715.598841704353,705.73865695431,821.284859095431,78774.2644766328,384935.969674345,-0.151945126961221,-0.158945976293543,10.4641408797192,-0.161385653065338,0.0664440455078186,21.8759612146187,0.100608679967852,0.100138525208292,0.100013027121103,13024.9819014397,481566.997435544,18176854.0317163,14195565.6846488,1.01494191573314,1.01524665314519e-24,861.235,2,10,0,0,1,0,0
0.57,0.0207062768814522,-0.0459601454087061,30.1186377315007,0.79942800838032,0.356055764087756,0.0396400597139642,0.0549339099731169,0.69207900898929,-3.59709192995412,-2.28238900121424,-5348.67044607965,-1552.08486765837,-2624.83398330154,-11303227.7017592,1331705.60073565,-10555.9575454389,-2969.25906629574,-7768.1946685448,-22248896.7868998,3573945.60473029,-5348.69115235653,-1552.03890751296,-2654.95262103304,-11303228.5011872,1331705.24467989,-10555.9971854986,-2969.31400020571,-7768.88674755379,-22248893.1898079,3573947.88711929,214.556993187769,205.929036348578,290.20685519358,28390.206459586,156440.697876519,719.083950401648,709.272197160457,824.323249331547,79424.392429646,386493.053456781,0.0502422545030357,0.00216011943160586,10.4508715033322,-0.163597192674558,0.0646967355324435,21.8779332103622,0.100791052201558,0.100205796508162,0.100120561436964,13029.379261865,479542.612841915,17831044.2663286,17273156.8488955,1.02211401586418,1.02242092682824e-24,862.668,2,10,0,0,1,0,0
0.575,0.0210820817224243,-0.0457225294077815,30.1218317321431,0.797540801927788,0.363410633399696,0.112055983282249,0.0404311417493286,0.574724085871585,-3.27600687093233,-9.87835724672192,-5400.75212364255,-1566.83197168329,-2662.18018606126,-11413358.3671993,1346168.05432345,-10554.6957676513,-2969.10331158717,-7814.41879066399,-22393652.709471,3994033.02811195,-5400.77320572427,-1566.78624915388,-2692.3020177934,-11413359.1647401,1346167.69091282,-10554.8078236346,-2969.14374272892,-7814.99351474986,-22393649.4334642,3994042.90646919,217.678747543364,209.008247694688,293.872494772602,28745.3074138387,158244.997512299,722.552201841714,712.7882232171,827.350481235864,79955.3898325823,387545.068647708,-0.034553521902368,-0.0749788133721591,10.4882180392934,-0.157933168313029,0.065300982464489,21.8844862909009,0.10004521094319,0.100110856986038,0.101200378248211,12686.5962378076,472636.619836735,17464069.887527,20659107.4856487,1.02696841509515,1.02727996235124e-24,858.097,2,10,0,0,1,0,0
0.58,0.021812846141985,-0.0455486630165028,30.1243461323957,0.796250595437287,0.378316072348295,0.183091585274882,0.0293292477590666,0.422534914619706,-2.21697573983275,-17.4577853106288,-5455.20998053424,-1581.21396331561,-2700.66180202795,-11525822.5552327,1373483.07165579,-10557.5846852668,-2968.03200942882,-7862.28937717531,-22396967.3769419,4235456.00792306,-5455.23179338038,-1581.16841465259,-2730.78614816035,-11525823.3514833,1373482.69333972,-10557.7677768521,-2968.06133867657,-7862.71191208993,-22396965.1599662,4235473.46570837,220.815479784021,212.10264155031,297.550489191114,29101.7776203927,160053.498379353,726.003909154875,716.286989082002,830.366679739218,79990.4762853503,388075.174313874,0.0957110525803183,0.0136637284488464,10.5913001190741,-0.153601619827803,0.071929520952807,21.8626524022056,0.100132961497294,0.100134443997254,0.100911297812606,12480.7378818034,470892.677171364,17071851.869946,24137804.0514243,1.02335681749677,1.02366542587322e-24,863.57,2,10,0,0,1,0,0
0.585,0.0228669189492885,-0.0454283297913706,30.1260529243731,0.795270752982455,0.400130756299376,0.242712897602069,0.0189715119660071,0.254422007321997,-1.08769164770414,-23.8244194537044,-5510.66295734892,-1595.69751480618,-2741.43119957093,-11639859.7259911,1406855.016181,-10562.7364965742,-2967.31602538946,-7914.30670441349,-22421305.7669903,4338594.08102819,-5510.68582426787,-1595.65208647639,-2771.5572524953,-11639860.5212619,1406854.61605024,-10562.9792094718,-2967.33499690142,-7914.56112642081,-22421304.6792987,4338617.90544765,223.96712129825,215.212144003158,301.240800073755,29459.5823688203,161866.592280671,729.439274726254,719.768748891407,833.371958858173,80300.8719649212,389109.558258131,-0.244931811703611,0.117007407967641,10.5354913860678,-0.168779082904358,0.0650107845401315,21.8729047858233,0.101069607226525,0.100126947016485,0.100051818885355,12842.0863836044,469671.540101995,16725287.9114259,28245938.14512,1.02478091369538,1.0250887443783e-24,923.044,2,10,0,0,1,0,0
0.59,0.024167497597396,-0.0453625828322566,30.1269191440248,0.794689977473887,0.427195967291327,0.282706334494803,0.00742983210051196,0.0891534441725784,-0.441400125331262,-27.9401558281477,-5564.56565876238,-1610.18242274427,-2780.24117465358,-11752065.5836286,1433112.57934053,-10565.0843513382,-2966.73916209371,-7962.1807681962,-22635198.9286364,4917031.49340145,-5564.58982625998,-1610.13706016144,-2810.36809379761,-11752066.3783185,1433112.15214456,-10565.3670576727,-2966.74659192581,-7962.26992164037,-22635198.4872363,4917059.43355727,227.13357857718,218.33668118737,304.943389451895,29818.2476214294,163681.997683764,732.858542255247,723.233744458045,836.366437508722,80664.4769223351,389479.830887188,-0.0693171003315797,0.135203013251568,10.2840618903816,-0.151528479725549,0.0751996485144346,21.8532054323077,0.100655822457604,0.100392291122805,0.102577338351585,12727.0126558799,460801.217584018,16347035.1435006,33435358.6039804,1.0729199554306,1.07324664461996e-24,871.806,2,10,0,0,1,0,0
0.595,0.0256042287753971,-0.0453588031602036,30.1270018488706,0.794820150816655,0.45701837377484,0.297696796755582,-0.00594698806847801,-0.0563308926670917,-0.573864406024535,-28.6392586613057,-5608.89989902105,-1626.57079762344,-2817.84665917412,-11859950.6791369,1419336.46200892,-10549.0586963138,-2969.84908695598,-8006.72870365961,-22521986.7008972,4419016.82061795,-5608.92550324983,-1626.52543882028,-2847.97366102299,-11859951.4739571,1419336.00499054,-10549.3563931106,-2969.84313996791,-8006.67237276694,-22521986.1270328,4419045.45987661,230.314789678201,221.476181565458,308.658219385629,30177.7124499766,165498.832873537,736.261916844552,726.682218057825,839.350232565943,80972.569088185,390564.500376308,-0.170858641230251,-0.0482441486370044,10.1783832094921,-0.147060367689633,0.0731214402645008,21.8774848294743,0.101837420638985,0.100129708377979,0.100869607827518,13459.0584354288,460685.637081923,16028228.719948,38928145.3494726,1.05683420661349,1.05716160530367e-24,858.371,2,10,0,0,1,0,0
0.6,0.0270446483309662,-0.0454231562452895,30.1264347234157,0.796035212036898,0.486463077809341,0.284113967368184,-0.0200306452648764,-0.168584088604084,-1.47158793211548,-25.9006440685608,-5667.69322414537,-1640.24955065349,-2858.98082848288,-11976032.5273119,1468458.87943866,-10560.7196368823,-2967.67529525863,-8058.24754293596,-22732414.4759874,5003262.25169689,-5667.7202687937,-1640.20412749724,-2889.1072632063,-11976033.3233471,1468458.39297558,-10561.0037508496,-2967.65526461337,-8058.07895884736,-22732413.0043994,5003288.15234096,233.510686604178,224.630573940743,312.385255312437,30538.2890625482,167318.471026523,739.649619142747,730.114403471096,842.323457442729,81282.8385948094,390846.311329271,0.240122551091302,0.00675165108937858,10.500269599515,-0.166674086122143,0.0715696333588589,21.8503783760298,0.100243784549146,0.100023280772028,0.102840375944447,12216.0046154395,452735.935686974,15669646.8044256,45626760.713605,1.06264118669767,1.06297504089308e-24,850.106,2,10,0,0,1,0,0
0.605,0.0283498087511616,-0.0455535562117059,30.1254071835653,0.798525246392534,0.512503681544706,0.242938766748308,-0.0326146793559442,-0.23894154406867,-2.80442326533517,-20.2694850875975,-5717.01506452843,-1655.89115885423,-2899.30151384164,-12088020.4141723,1477903.84316787,-10553.8706955602,-2969.08488803224,-8107.42737535614,-22756762.1915201,5321708.94083065,-5717.04341433718,-1655.84560529802,-2929.42692102521,-12088021.2126976,1477903.33066419,-10554.113634327,-2969.05227335289,-8107.18843381208,-22756759.3870968,5321729.21031573,236.721248857892,227.799790263432,316.124461196774,30899.8416269457,169140.974507936,743.021906413503,733.530532071164,845.286229026503,81356.3024380284,391401.206665502,0.0312213312876829,0.0680153128470934,10.2254030319606,-0.147568839580003,0.0790251371087791,21.8538685028307,0.102326805267028,0.100691652419852,0.101690849327119,13089.264864718,453036.621365336,15342200.8810251,52614125.6360996,1.09474976753864,1.09508045142158e-24,841.082,2,10,0,0,1,0,0
0.61,0.0293961004301734,-0.0457350805870411,30.1241378380627,0.802169593879083,0.532623956653304,0.179410302706731,-0.040708522136836,-0.264491360381777,-4.10005926089951,-12.3673924037308,-5762.07522242602,-1672.22624145256,-2938.36781216658,-12197299.1805349,1469800.99075199,-10539.3935277583,-2971.84307085307,-8153.75695588282,-22802370.2459972,5606137.9533698,-5762.10461852645,-1672.18050637197,-2968.49195000465,-12197299.9827045,1469800.45812803,-10539.572938061,-2971.80236233094,-8153.49246452243,-22802366.145938,5606150.32076221,239.946342508353,230.98375901248,319.8757996829,31262.7764361011,170966.64507463,746.378915248725,736.930824030737,848.238647304493,81385.0132266178,391680.474108603,0.0860865812263659,0.0253588073544057,10.4147786773437,-0.152724795233539,0.0724798542224292,21.8801407754654,0.101223068081487,0.100026274438081,0.101745832728733,12729.2396770954,453541.920378333,15006511.7197731,59902459.4271839,1.06003930886935,1.06037075434181e-24,838.111,2,10,0,0,1,0,0
0.615,0.030089756277292,-0.0459396207039804,30.1228445102757,0.806480949481904,0.544907218851645,0.100359042388695,-0.0419564145281416,-0.248457271405878,-4.81115884305366,-3.18711172396558,-5817.63159355388,-1686.43564099128,-2979.01123727678,-12312613.3315786,1510520.59609062,-10544.7556082039,-2970.66704821309,-8202.54521315131,-22780615.918269,5501222.69097339,-5817.66168331016,-1686.38970137058,-3009.13408178705,-12312614.1380595,1510520.05118341,-10544.8559672463,-2970.62509179856,-8202.29675587991,-22780611.1071101,5501225.87808511,243.185947469477,234.182413883722,323.639236343151,31626.7004810513,172794.829887168,749.720911679195,740.315498808861,851.180825628728,81377.4839485455,391675.994828401,-0.15803304691494,0.0846993144060335,10.411141468613,-0.161464033332948,0.0754679088013077,21.8509144156087,0.100094799510883,0.100197997827384,0.102638387475767,12425.8658066194,453238.416148109,14668194.3959936,66640469.0586074,1.05901241689677,1.05933682926581e-24,863.058,2,10,0,0,1,0,0
0.62,0.0303714403321675,-0.0461297986612747,30.1217148165528,0.810679922165886,0.548261381124269,0.0128927284904288,-0.0349466141486872,-0.199594656793699,-4.54569282724058,6.14314206746267,-5869.20604232484,-1701.29611740643,-3018.50266583784,-12425144.7073662,1532518.59928277,-10542.6331601528,-2970.67539863296,-8248.73197625848,-22789041.1178938,5524909.20183571,-5869.23641376518,-1701.24998760777,-3048.6243806544,-12425145.5180461,1532518.05102139,-10542.6460528813,-2970.64045201881,-8248.53238160169,-22789036.572201,5524903.05869365,246.440009286042,237.395688213453,327.414735595971,31991.6504267266,174626.32046856,753.048093202108,743.684771170032,854.112871396195,81647.2980834421,392348.814719267,-0.0993240313936894,0.0942826823667001,10.630192985606,-0.159201245052643,0.0720126081299455,21.8694763611893,0.100319386472346,0.100016976629992,0.10003011067449,12625.2467527904,450712.085860895,14380701.9982611,76591934.7243903,1.00703884414409,1.00734123556865e-24,878.608,2,10,0,0,1,0,0
0.625,0.0302155067818371,-0.0462642951778956,30.1208821205002,0.813833676492891,0.542440601637696,-0.076449852725089,-0.0194843579184918,-0.130668264397735,-3.17021096403115,14.6137603284263,-5922.75696493051,-1716.1307687288,-3060.77039790066,-12540002.7354126,1563879.07527643,-10544.4038864256,-2970.71484916803,-8299.94088820691,-22939992.5846621,5933493.52325968,-5922.78718043729,-1716.08450443363,-3090.89128002116,-12540003.5492463,1563878.53283583,-10544.3274365729,-2970.69536481011,-8299.81021994251,-22939989.4144511,5933478.90949935,249.708432576925,240.62351468198,331.202261565656,32357.6065692222,176461.086322078,756.360651215103,747.038845798277,857.034884426954,81995.4773496795,392737.339297453,-0.0796702356886063,-0.0390521424205656,10.4007997453234,-0.162938791239853,0.0728073525744222,21.8574509724476,0.100036837047948,0.100052738189309,0.101262866591062,12803.0745389303,443657.256673288,14084862.1860227,89819958.1424735,1.02690338768359,1.02721421662795e-24,901.886,2,10,0,0,1,0,0
0.63,0.029626065549162,-0.0463049509989614,30.1204100085889,0.815065102954788,0.527924108021635,-0.162173475753776,0.00296443413680534,-0.0565855818618724,-0.800868840027092,21.6556487165736,-5967.89183061613,-1732.47567953721,-3100.83435969681,-12650206.9044502,1558991.42399051,-10530.7800563907,-2973.44450216451,-8346.31436620551,-22919595.4235591,5872197.23602567,-5967.92145668168,-1732.42937458622,-3130.9547697054,-12650207.7195153,1558990.8960664,-10530.617882915,-2973.44746659865,-8346.25778062365,-22919594.6226902,5872175.58037695,252.991161875471,243.865828172666,335.001780128545,32724.3608237039,178297.502969394,759.65874897459,750.377929435269,859.946971919209,82020.5797976923,392821.829251106,0.0579074767208543,0.0358653749071809,10.3575096878535,-0.138164295249155,0.0813387470466331,21.8601430358376,0.10647913458075,0.101228904317786,0.100885598292908,13017.6388390714,444005.336022239,13784916.3717179,99762147.4052057,1.17597954526512,1.17633585627874e-24,898.809,2,10,0,0,1,0,0
0.635,0.0286299453168196,-0.0462240245092336,30.1202880515461,0.81371101709549,0.505698828882365,-0.240595740695011,0.0296556481383486,0.00820756212999135,2.21036776116712,26.9344407027784,-6020.46719911679,-1747.20530670654,-3141.70967965598,-12764300.9134118,1587834.31389243,-10530.7011558973,-2973.22536861362,-8393.59561982554,-22795648.05168,5357865.98558487,-6020.4958290621,-1747.15908268203,-3171.82996770752,-12764301.7271228,1587833.8081936,-10530.4605601566,-2973.25502426176,-8393.60382738767,-22795650.2620478,5357839.05114417,256.288127086404,247.122564193023,338.813255440616,33092.219362372,180136.775996456,762.942589904408,753.702219324267,862.849228326207,82153.6443034444,393324.061233663,-0.0787110577726702,-0.160046600142796,10.4324943010485,-0.17156648886818,0.0631380287900996,21.8878355422021,0.100798807109167,0.100451703091294,0.103030662120252,12389.980336139,444204.474672997,13515322.6595853,112684562.22215,1.08631293590161,1.08664383894869e-24,881.151,2,10,0,0,1,0,0
0.64,0.0272692061306502,-0.0460081809377898,30.1204397297652,0.809426836345185,0.476913837527246,-0.309254878791331,0.0575021746751916,0.0519425131401787,5.37265450869234,30.4495172069703,-6067.06355686093,-1763.08415991322,-3181.530930225,-12874100.4650596,1586602.05900894,-10520.0338124694,-2975.04574773418,-8438.75422583262,-22791300.7008831,5338981.54580672,-6067.09082606706,-1763.03815173228,-3211.65136995476,-12874101.2744865,1586601.5820951,-10519.7245575906,-2975.10324990885,-8438.80616834576,-22791306.0735376,5338951.09628951,259.599282303103,250.393659526064,342.636655178477,33461.1051908362,181978.991686226,766.212355869733,757.011912093577,865.741754609904,82123.4927931714,393522.770281915,0.0208523873903112,0.167358812440003,10.4341681109268,-0.145845954948598,0.0737458036503824,21.8729553398589,0.102136223429869,0.100192836413598,0.100047495249955,13078.7243191038,442920.839219942,13236416.4182435,128775383.761867,1.04768428575162,1.04800107041346e-24,879.655,2,10,0,0,1,0,0
0.645,0.025595483465352,-0.0456584970454643,30.1207408459573,0.802268313651237,0.442810724122657,-0.36677314977771,0.0837523060687875,0.0674782912200702,8.20889627122569,32.597849911961,-6118.69021291946,-1778.30516571143,-3224.40971683888,-12987944.3993748,1608995.25873585,-10518.3557376445,-2975.67025318374,-8489.36010815391,-23008110.1407413,6088006.42774325,-6118.71580840293,-1778.25950721439,-3254.53045768484,-12987945.2016431,1608994.81592513,-10517.9889644947,-2975.75400548981,-8489.42758644513,-23008118.3496376,6087973.82989334,262.924561360201,253.679051413004,346.471943881629,33830.6194798175,183822.724139509,769.468241160454,760.307196546601,868.624650198856,82619.0197750107,394683.277005079,-0.252288523625087,-0.010390424505747,10.4171200910084,-0.148040232961222,0.0756189235158189,21.8559570832895,0.100936849884412,0.100445206292694,0.102313156001275,12526.7586841947,438926.531043906,13015474.9060326,151307023.040085,1.07423665661311,1.07456198989954e-24,941.503,2,10,0,0,1,0,0
0.65,0.0236643403719661,-0.0451875936255685,30.1210450511366,0.792550921072676,0.404556181562958,-0.412969512485606,0.106478823019379,0.0531712383180714,10.3134370961867,33.4814134291778,-6166.12898558515,-1794.16222124091,-3265.74157928947,-13099793.3084704,1615702.39697806,-10509.2801913245,-2977.34317521593,-8536.6125678782,-23131331.9095749,6589564.66180933,-6166.15264992552,-1794.11703364729,-3295.86262434061,-13099794.1010214,1615701.99242188,-10508.867221812,-2977.44965403895,-8536.66573911652,-23131342.223012,6589531.1803959,266.263892077355,256.978677373558,350.319088237677,34201.1451541486,185668.349351509,772.710375830397,763.588261311209,871.498007554137,82833.2605507405,395477.35081641,-0.0799064416455418,-0.0681907586652863,10.3495198121566,-0.151979978274319,0.0671088078449955,21.8850861201645,0.100065073947201,0.10002385808624,0.101884668445635,12824.4726863068,438535.160058977,12783155.5710835,172928068.940428,1.03951670941623,1.03983589993204e-24,842.07,2,10,0,0,1,0,0
0.655,0.0215342367989192,-0.0446145905566191,30.121211534157,0.780818516155753,0.36336112747242,-0.446873943047909,0.124968951201294,0.0128598619826391,11.4703701746794,33.3806741512291,-6219.26245667203,-1808.78365102654,-3307.54042526466,-13215267.0211642,1651183.27032517,-10510.3615025418,-2976.93433643435,-8583.98051903177,-23058373.5473383,6259871.21917317,-6219.28399090883,-1808.73903643598,-3337.66163679882,-13215267.8019827,1651182.90696404,-10509.9146285987,-2977.05930538555,-8583.99337889375,-23058385.0177085,6259837.83849902,269.617246986432,260.292477447271,354.178056282518,34572.6486869567,187516.961786088,775.9389861419,766.855288378614,874.361924629213,82991.2452690992,396154.242087361,-0.123952639033087,0.0263759576860929,10.2880292201368,-0.145230705915544,0.0718252031810529,21.8631623438341,0.10030631876479,0.100163067138975,0.100638031889153,13231.0159885654,438623.617884346,12552105.4043811,196915482.054143,1.02189843759517,1.02220552736369e-24,845.001,2,10,0,0,1,0,0
0.66,0.0192684007228152,-0.0439595223096273,30.1211296556789,0.767681217432437,0.320465677070536,-0.467555033127194,0.139560594277282,-0.0453290355640133,11.7385022867364,32.4894912092729,-6271.99134702923,-1823.46197471081,-3349.52214037766,-13330135.9800553,1683113.03889776,-10510.5298121087,-2976.53105896472,-8631.42462035595,-23103723.523139,6442884.89362474,-6272.01061542995,-1823.41801518851,-3379.64327003334,-13330136.7477365,1683112.71843208,-10510.0622570756,-2976.67061955899,-8631.37929132038,-23103735.2616413,6442852.40413353,272.984541101976,263.620390461516,358.048812708566,34945.0124285543,189367.533534137,779.154216654373,770.108455212434,877.216490714934,83009.018299259,396214.122433989,-0.196203645705244,-0.0917179290877107,10.4414716617316,-0.153731077455532,0.061509367875523,21.8848143906598,0.100483255331136,0.100304668549617,0.101966241227698,12611.6401209253,438135.925178872,12301794.6911641,217875319.695149,1.05519446842226,1.05551375973429e-24,855.231,2,10,0,0,1,0,0
0.665,0.0169342592780596,-0.0432387720684282,30.120736885683,0.753603186467346,0.276977514584703,-0.474275662186252,0.151402267023504,-0.110441677016871,11.4838857803429,31.1133948679701,-6333.24656836843,-1836.7628775931,-3395.07652499982,-13451364.8716443,1755785.82317251,-10525.2724223377,-2973.81501694918,-8684.73828724356,-23189904.8887814,6707980.27214342,-6333.2635026277,-1836.71963882103,-3425.1972618855,-13451365.6252474,1755785.54619499,-10524.7981466755,-2973.9664192162,-8684.62784556655,-23189916.3726671,6707949.15874855,276.365711525476,266.962356554605,361.931325118706,35318.2251234935,191220.146155898,782.356230617924,773.347936369346,880.061797193414,83232.4826883613,396380.549827675,0.0154026588977462,0.0481758080366853,10.2747201958464,-0.158571428096721,0.0614367403044547,21.8632867233737,0.102442938311546,0.100198814930697,0.100484042806352,13317.797137904,432670.045039616,12063311.5646523,250598840.174856,1.06282775614965,1.0631530753617e-24,854.595,2,10,0,0,1,0,0
0.67,0.0145982942546532,-0.042460003938615,30.1200278934793,0.73888372377077,0.234206530350707,-0.468142646068732,0.162875817393532,-0.17074587871014,10.9116162190253,28.7520367301043,-6387.15006447525,-1851.54678711145,-3439.77105821481,-13568637.4752428,1795438.23943362,-10527.3881851263,-2973.64701272899,-8735.95031599238,-23151150.0512536,6621611.56881863,-6387.1646627695,-1851.50432710751,-3469.89108610829,-13568638.2141265,1795438.00522709,-10526.9200424803,-2973.80988854638,-8735.77957011367,-23151160.9628699,6621582.8167819,279.760735054963,270.318318052072,365.825562715296,35692.2481323736,193075.047743468,785.545210418067,776.573904997281,882.897935446248,83344.6938795964,396426.204769913,-0.00436277378511789,-0.00690608169714934,10.3047073641147,-0.149768818269891,0.0601696604576318,21.8757122627267,0.10111787312793,0.100188699440516,0.100373713243424,13290.9075858449,431576.451016469,11827799.8743632,281795710.307424,1.03344455542073,1.03375493729498e-24,862.609,2,10,0,0,1,0,0
0.675,0.0123262863377727,-0.0416216598468816,30.1190536092256,0.723473954639694,0.193184360419463,-0.448338386660537,0.1753442847884,-0.215659885673525,10.6390005371148,25.9838025160724,-6448.29402398443,-1864.86925359299,-3485.81691364096,-13690014.9495011,1868241.77480731,-10541.5886950232,-2971.04097695903,-8789.0489257244,-23165502.9511968,6637843.53541653,-6448.30635027077,-1864.82763193314,-3515.93596725018,-13690015.672975,1868241.58162295,-10541.1403566365,-2971.21632124381,-8788.83326583872,-23165513.5901974,6637817.55161402,283.16951738978,273.688215638619,369.731490578848,36067.0864007039,194931.389626986,788.72127638437,779.786527747335,885.724990299799,83294.5431524568,396299.497728374,-0.0264096165714575,0.265524916398565,10.5398117729627,-0.152900736726025,0.0573885755610348,21.864382549893,0.102963772971928,0.100291347433034,0.100225520738957,12782.7001963605,428789.157119673,11590906.5436921,317514524.943976,1.07019313754607,1.0705191869621e-24,857.233,2,10,0,0,1,0,0
0.68,0.0101771951856582,-0.0407137997510834,30.1179118247272,0.707130269742246,0.15498724298492,-0.418432946879138,0.190848244492957,-0.237179583638398,10.8450919564983,22.5014508393709,-6502.3464276458,-1879.55606469626,-3530.57720647743,-13806965.708401,1907805.28510217,-10543.8661324219,-2970.78274355818,-8839.50269071673,-23173367.1534064,6633336.63308923,-6502.35660484098,-1879.51535089651,-3560.69511830216,-13806966.4155313,1907805.13011492,-10543.447699475,-2970.97359180267,-8839.26551113309,-23173377.9984984,6633314.13163839,286.592038109629,277.071993103363,373.649078690873,36442.6005442028,196789.650387093,791.884621339887,782.985969579663,888.543052019376,83284.4107295243,396203.330035857,-0.160763528302714,0.160054321582851,10.3635544851811,-0.135531661732635,0.0609775622186781,21.86538287242,0.100100309719566,0.100005104403912,0.10011010004127,13201.090114756,427440.095001404,11364043.9564564,352648720.81618,1.00401181581494,1.00431333800003e-24,858.203,2,10,0,0,1,0,0
0.685,0.0081961725481392,-0.039720971729351,30.1167318423135,0.689435516522155,0.120415188530515,-0.380413616754334,0.209580892175631,-0.230811389786503,11.7306931027273,18.5938507515522,-6559.27438913227,-1893.59120224573,-3575.57970082866,-13925433.29485,1960591.31847043,-10550.9364930641,-2969.48787286544,-8889.74147115591,-23053795.0298901,6122351.01733381,-6559.28258530482,-1893.551481274,-3605.69643267098,-13925433.9842855,1960591.19805524,-10550.5560794474,-2969.69745375762,-8889.51065976613,-23053806.7605832,6122332.42348306,290.028210239805,280.469592659676,377.578293772866,36818.8592180861,198649.268980015,795.035358873557,786.172391036282,891.352203934544,83463.4706272034,396981.291762109,0.0875415182862144,-0.20517258969183,10.3902970379217,-0.130062234775075,0.0606733513266455,21.8556569743669,0.100007802420986,0.100039036166757,0.101597657103056,12750.7338146018,427455.779927098,11177666.3878069,402088239.777873,1.03283789452432,1.03315205798451e-24,843.823,2,10,0,0,1,0,0
0.69,0.00641598906258676,-0.0386285613285773,30.1156558168985,0.669998765197367,0.0901310538620121,-0.337292969865591,0.23101445013717,-0.195951403442625,13.1638861331769,14.4653560690443,-6607.68939985887,-1909.10097737859,-3618.10772587734,-14037430.8835386,1970739.47248048,-10543.8611390354,-2970.58028298863,-8935.53547452716,-23023913.5906153,6006988.73008379,-6607.69581584794,-1909.06234881726,-3648.22338169424,-14037431.5535373,1970739.38234943,-10543.5238460656,-2970.81129743877,-8935.33952312372,-23023926.7545014,6006974.26472772,293.477999752952,283.880959064852,381.519105010261,37195.801340225,200510.935784715,798.1736734013,789.345949241595,894.152531020862,83504.3354803692,397065.684663433,0.0117608968456367,0.0869101585823837,10.4934564917014,-0.118237715184932,0.0581895900211293,21.8738851294802,0.100764208473702,0.100027278434589,0.100325934988529,12873.3868237986,427276.922114618,10971628.2090631,444054353.112787,1.02211287984783,1.0224220447387e-24,842.385,2,10,0,0,1,0,0
0.695,0.00485647928663354,-0.0374285218440494,30.1148190412552,0.648511576083212,0.0642868624165644,-0.291295288078686,0.253026877773405,-0.135924904400644,15.087664951635,10.6232017398018,-6666.09243414225,-1922.82410923924,-3663.70519859873,-14155916.0073042,2027085.63941181,-10552.7812988609,-2968.6258093733,-8986.16239101609,-23068585.9954173,6321688.99426169,-6666.09729062154,-1922.7866807174,-3693.82001763999,-14155916.6558158,2027085.57512495,-10552.4900035728,-2968.87883625108,-8986.02646611169,-23068601.0830823,6321678.37105995,296.941336767078,287.306036361606,385.471480507504,37573.5201004417,202374.459307166,801.299685483239,792.506798727915,896.944117019418,83557.7436586294,397381.013235603,-0.0513777355108115,-0.0988175915569825,10.3729704877786,-0.131384885188268,0.0546727069958841,21.8559363081567,0.100461029754005,0.100005420711626,0.101523116809644,12802.7162506337,427764.646845983,10781177.7040235,494475583.557867,1.03973423090271,1.04005282364797e-24,872.119,2,10,0,0,1,0,0
0.7,0.00352534062775733,-0.0361229580600305,30.1143321543179,0.624862186642994,0.0427642392424856,-0.245105264949519,0.273642242035351,-0.0571843055085936,17.2402842534231,7.19161246271003,-6722.77181436745,-1936.99950474914,-3710.01096052594,-14274002.9383138,2077095.88339508,-10559.0863214188,-2967.5470409299,-9037.46020802389,-23046435.9631077,6236126.61660265,-6722.77533970808,-1936.96338179108,-3740.12529268025,-14274003.563176,2077095.84063084,-10558.8412161538,-2967.82068317193,-9037.40302371838,-23046453.2033919,6236119.42499019,300.41819698309,290.744771005292,389.435389916359,37952.3112205843,204241.371644951,804.413569855351,795.655091873877,899.72704206368,83823.7197125178,398386.990843709,-0.0177423014868908,0.0138100538183117,10.505841612546,-0.136986277689211,0.047307965183041,21.871705233707,0.102022440012661,0.100256990984258,0.100103359306525,12892.1328622131,427905.924888673,10620993.14983,563878867.786055,1.04776704458811,1.04808212237775e-24,876.384,2,10,0,0,1,0,0
0.705,0.00242021142792342,-0.0347248223101226,30.114267573152,0.599272681683416,0.0255032797052011,-0.200085810517544,0.290434149406392,0.0315639546053147,18.9541360642802,4.11176866850076,-6769.61768455729,-1952.98384446337,-3753.91109573604,-14385505.1520199,2080537.38090874,-10549.6745718492,-2969.4292619537,-9084.41591308326,-23053735.3585959,6223993.53166358,-6769.62010476871,-1952.94911964106,-3784.02536330919,-14385505.7512925,2080537.35540546,-10549.4744860387,-2969.71969610311,-9084.44747703787,-23053754.312732,6223989.41989491,303.908506460084,294.197108138075,393.410801937461,38332.1139995985,206110.904581471,807.515439372158,798.790976836638,902.501384281526,83860.5297762286,398429.020972961,-0.0451376059379737,0.054231375414636,10.3687360859221,-0.103716327888748,0.0572167528694045,21.865941462238,0.103024371831369,0.100482191917605,0.100096205111342,13193.7897694984,427011.130856483,10430785.6999061,621429481.168077,1.07268571538027,1.07300889543034e-24,869.309,2,10,0,0,1,0,0
0.71,0.00153741922571167,-0.0332621367279415,30.1146501139783,0.572348889364903,0.0123226181144824,-0.155406772600233,0.299725091030533,0.120148088929198,19.9001703440005,1.54028384629812,-6828.21591472596,-1966.7932136572,-3801.17400520296,-14504819.3743387,2139294.8039798,-10558.8465180059,-2967.73310104224,-9136.45732090245,-23071062.3120102,6317531.24762601,-6828.21745214518,-1966.75995152047,-3831.28865531694,-14504819.9466876,2139294.79165718,-10558.6911112333,-2968.03282613327,-9136.57746899138,-23071082.2121806,6317529.70734216,307.412217806911,297.662994684912,397.397685286723,38712.7107068017,207982.633931702,810.605443109264,801.914598830572,905.267225364591,84057.1855935333,399299.069558952,-0.1931141598155,0.11106960129649,10.5052281391241,-0.134512675925791,0.0430700118201344,21.8688008735626,0.102072409671729,0.100275815642767,0.100008861189658,12911.5038469159,426783.010242032,10275101.2814694,703409003.784275,1.04727263151876,1.0475883888617e-24,859.761,2,10,0,0,1,0,0
0.715,0.000876616877871547,-0.0317794269071397,30.1154525588215,0.545051103942997,0.00306477676999686,-0.11056160342376,0.298525580841793,0.198103265764132,19.7759571279583,-0.63837362840419,-6875.76409156774,-1982.66188871378,-3845.89497731316,-14616959.5180199,2146320.24610182,-10550.6836821217,-2969.38733427012,-9184.04453850351,-23135836.957275,6512922.24902757,-6875.76496818462,-1982.63010928688,-3876.01042987198,-14616960.063071,2146320.24303704,-10550.5731205183,-2969.68585985097,-9184.24264176927,-23135856.7332321,6512922.8874012,310.92927724426,301.142377714087,401.396010234748,39094.2070455885,209857.061892868,813.683697530792,805.026101673177,908.024640665463,84448.5559218632,400320.68591593,-0.0462069942505254,0.00758576161728639,10.4678627987169,-0.109670772234338,0.0481205037039523,21.875793956724,0.100941274439052,0.100036921703003,0.100356251011328,12925.5721292799,423212.663712293,10128881.8746082,811525853.504161,1.02648527622458,1.02679576336199e-24,882.484,2,10,0,0,1,0,0
0.72,0.000438651872753078,-0.0303335523707338,30.1165977716411,0.518492502673943,-0.00239685583637206,-0.0655654931601247,0.284850695248268,0.256091950281795,18.5770307344824,-2.67333060374546,-6927.47552321501,-1997.54038821064,-3890.56301323581,-14731425.7188679,2173827.44502394,-10549.0360455902,-2969.4367817097,-9231.04049410785,-23108643.7906728,6413404.90150301,-6927.47596186689,-1997.51005465827,-3920.67961100745,-14731426.2373604,2173827.4474208,-10548.9704800971,-2969.72163240495,-9231.29658605813,-23108662.3677035,6413407.57483361,314.45964491481,304.635205485461,405.405746800232,39476.5098314276,211734.385757021,816.750361418213,808.125624412644,910.773708162516,84617.410925701,400804.960937661,-0.10075300455056,0.191232865100814,10.3847551793189,-0.111897767014923,0.0469048743005906,21.8679242307189,0.100534020309445,0.10006170942855,0.100057721604765,13172.9178871124,422585.214877508,9968058.21945251,908402474.242746,1.01279690319796,1.01310084935338e-24,883.863,2,10,0,0,1,0,0
0.725,0.000223070527000367,-0.0289856227053629,30.1179668243328,0.493917519634543,-0.00405722346800402,-0.0209040226325792,0.258963448864281,0.286882867069836,16.0275502294052,-4.78494349710348,-6988.24402963093,-2010.93814620681,-3939.06289309609,-14852466.599198,2244008.741698,-10561.3543657779,-2967.13728986259,-9283.76224252593,-23089244.5053815,6380019.29085617,-6988.24425270146,-2010.9091605841,-3969.18085992042,-14852467.0931155,2244008.74575522,-10561.3334617553,-2967.39625331145,-9284.049125393,-23089260.5329317,6380024.07579967,318.003253734821,308.141425897112,409.426864103166,39859.517528178,213613.563557005,819.805556349207,811.213303365711,913.514502863834,84910.309827608,401490.60473325,-0.115881898246418,-0.0155254655288311,10.3206115669704,-0.141217227616508,0.0349173522042889,21.8735676658071,0.104639680450518,0.1006561772166,0.100104014954847,13322.0491592955,421044.513323453,9818168.76620961,1031777783.78149,1.109881129105,1.11021649648827e-24,860.273,2,10,0,0,1,0,0
0.73,0.000225794854652244,-0.0277947273616086,30.1194124428912,0.472552927935634,-0.00195941706449014,0.0224584819321337,0.221413583351194,0.286462734200887,12.3941635322929,-7.02144084715819,-7040.87614094806,-2025.67253454106,-3984.58782195002,-14967367.5156684,2275129.69380719,-10560.9814091578,-2966.96494336535,-9331.41495063147,-23119770.4705034,6511987.8104833,-7040.87636674292,-2025.64473981369,-4014.70723439291,-14967367.9882213,2275129.69576661,-10561.0038676397,-2967.1863569487,-9331.70141336567,-23119782.8646669,6511994.83192414,321.560072007636,311.660988600819,413.459333281452,40243.3353683131,215495.058417584,822.849405536569,814.289275283086,916.247098601911,84998.6040237958,401804.145319468,-0.134192074789627,0.0644205219426458,10.3038492703541,-0.120499644064687,0.0410167754099078,21.8756984625088,0.10000725827309,0.100009260143762,0.100282775023623,13315.4196751413,420908.715811261,9660417.6575363,1142726762.74846,1.00569306013637,1.00599504907291e-24,864.31,2,10,0,0,1,0,0
0.735,0.000435504638707618,-0.0268120043247424,30.1207758193534,0.455512459245207,0.00378625685897229,0.0625698535853865,0.174865898129735,0.254269235018753,7.82168046079089,-9.25472758306704,-7092.83871774533,-2040.66274009023,-4030.94530352291,-15082300.3711524,2303394.2984949,-10559.9530168751,-2967.29303394199,-9379.92379814652,-23018801.9516995,6068160.60906351,-7092.83915324997,-2040.6359280859,-4061.06607934226,-15082300.8266648,2303394.29470864,-10560.0155867286,-2967.46789984012,-9380.17806738154,-23018809.77338,6068169.86379109,325.130033530493,315.193842609964,417.50312430715,40627.9041929796,217378.29500513,825.882027947497,817.353671167476,918.971568021743,85065.4860585747,402068.221194157,-0.0726552769197253,0.0974631632587305,10.381865294333,-0.109692547075824,0.0475587514241482,21.8531574896588,0.101240865433309,0.100483255478818,0.102873212846475,12452.0196000386,421168.57373823,9505428.18654546,1262934702.12,1.09263812517691,1.09296829614263e-24,839.136,2,10,0,0,1,0,0
0.74,0.000830167052640298,-0.0260744648855555,30.1219051720307,0.443412368462933,0.0128257656820066,0.0970602685730882,0.122370920518094,0.193649676753954,2.861775510627,-11.3614804179868,-7146.63981430615,-2055.41091192486,-4078.74103739497,-15198387.4974532,2338458.85487982,-10561.4880456964,-2967.14459038069,-9430.4066759118,-23043089.2476208,6163034.98094156,-7146.6406444732,-2055.38483745998,-4108.862942567,-15198387.9408655,2338458.84205406,-10561.5851059649,-2967.26696130121,-9430.60032558856,-23043092.1093963,6163046.34242198,328.713108323163,318.739938802068,421.558208458403,41013.2396785874,219263.805785662,828.903562846184,820.406621350843,921.687985098244,85297.9651279911,402821.03110457,-0.220368350750308,0.0389458054353348,10.3654203309267,-0.127624280826133,0.0368292525612102,21.8724070800818,0.100345268378349,0.10009363747496,0.100072414675085,13223.5580209229,420236.878522244,9369373.39505845,1424953563.328,1.00993869449051,1.0102417512674e-24,832.21,2,10,0,0,1,0,0
0.745,0.00137772873627266,-0.0255983699815434,30.1226737102966,0.436737920855295,0.0246080410750434,0.124241174459746,0.0692579782802541,0.111167532322307,-2.15810536725637,-12.7822571769175,-7199.86009944962,-2070.13344927233,-4125.73894384576,-15313752.3245842,2371292.85303174,-10562.01066475,-2966.94841575041,-9479.23724694129,-23071768.3288863,6302723.50576495,-7199.86147717836,-2070.10785090235,-4155.86161755606,-15313752.7613221,2371292.8284237,-10562.1349059245,-2967.01767372869,-9479.34841447362,-23071766.170781,6302736.28802213,332.309239227174,322.299227597342,425.624556081454,41399.2541488102,221151.322010885,831.914125436424,823.448252544262,924.396419289017,85369.8218502031,403150.597215296,0.0755729685283888,0.118193280378741,10.3683371932397,-0.126367371109382,0.0376548019220824,21.8741790909007,0.100137548858076,0.1000323048348,0.10024706393434,13176.2285351112,420345.376465582,9224041.16138587,1581784272.04063,1.00804558325054,1.00834809282739e-24,838.875,2,10,0,0,1,0,0
0.75,0.00203759700302224,-0.025377503411027,30.122993667854,0.435221818218017,0.0382984723151054,0.14233703233297,0.0192925967637698,0.015740450165911,-6.46916983236017,-13.4178252855977,-7257.17762125712,-2084.16725661846,-4174.51029414977,-15432181.5225092,2424006.09229951,-10568.7084257865,-2965.71153124574,-9530.42055540502,-23083432.2247195,6386861.2570478,-7257.17965885412,-2084.14187911504,-4204.63328781762,-15432181.957731,2424006.05400103,-10568.8507628189,-2965.73082384251,-9530.43629585519,-23083425.7555497,6386874.67487309,335.918370829981,325.871659981842,429.702138264881,41785.9453666361,223040.29526907,834.913827780009,826.478689475309,927.096942261289,85378.5777669443,403197.977738956,0.0303732515865865,0.0621136785063762,10.5071503331752,-0.132477023243815,0.036873061380005,21.8623024470617,0.100764289162531,0.100047143702536,0.100404085122281,12798.7816603953,420460.556270187,9075753.18198359,1725507384.82395,1.02408070378077,1.02439022454582e-24,863.983,2,10,0,0,1,0,0
0.755,0.00276593282817285,-0.0253840078077483,30.1228255972464,0.438142619044739,0.0530240365996009,0.151811400190177,-0.0225413718853445,-0.0823876208230597,-9.74986535401526,-13.186280689956,-7305.99818021333,-2099.71079120416,-4220.9866709962,-15544802.4263674,2436695.08314259,-10562.9628931656,-2966.86640614744,-9577.78928835365,-23145566.0235825,6472705.02456647,-7306.00094614616,-2099.68540719636,-4251.10949659344,-15544802.86451,2436695.03011855,-10563.1147045658,-2966.84386477556,-9577.70690073283,-23145556.2737172,6472718.21084716,339.540457757245,329.457187894217,433.790926002022,42173.4192894206,224931.332764378,837.902782690258,829.498055194784,929.789621101894,85459.1828069722,403356.995833915,-0.0243937353072766,-0.0487443794081018,10.3782796811126,-0.124659444761477,0.0361248063185382,21.8825045010362,0.100005313092799,0.100077054725655,0.102091138466253,12702.0912647139,416603.584847804,8935607.45306603,1908835864.10355,1.04359960158748,1.04391693583685e-24,861.627,2,10,0,0,1,0,0
0.76,0.00352517917515626,-0.0255695626006868,30.1221822790914,0.444444014783037,0.0679569926526243,0.154724245892313,-0.0529665062454223,-0.172747798736496,-11.6134413117896,-12.0621166968272,-7352.20013950111,-2115.7538118095,-4267.06264461001,-15656001.467258,2437402.27712569,-10553.423625441,-2968.73629160623,-9624.17849256742,-23178969.9287555,6490622.5617314,-7352.20366468029,-2115.7282422469,-4297.18482688911,-15656001.911702,2437402.2091687,-10553.5783496869,-2968.68332509999,-9624.00574476869,-23178958.3153142,6490634.62384809,343.175462017111,333.055763960855,437.890891387757,42561.8115849396,226825.220758966,840.881113456617,832.506470388357,932.474524605782,85557.830473501,403548.395440168,-0.0266462055919847,-0.150898902979161,10.5214097486637,-0.115564892806397,0.0408014447397242,21.8757847685538,0.101053239387373,0.100043150317135,0.100704576946294,12722.6119720439,413051.890090713,8800382.16942078,2120150382.57921,1.03587245089997,1.03618744458658e-24,854.923,2,10,0,0,1,0,0
0.765,0.00428937349214695,-0.025873296141736,30.1211271688256,0.452737865578177,0.0824547124642181,0.153694210123587,-0.0701854561617329,-0.245710689380038,-11.8641352372051,-10.4065352431414,-7408.00893928544,-2130.00605431866,-4315.79089828123,-15773876.4761873,2484515.39340367,-10557.8357889664,-2967.86321974225,-9674.10847131271,-23163007.9647924,6443938.92206599,-7408.01322865893,-2129.98018102252,-4345.91202545005,-15773876.9289251,2484515.31094896,-10557.9894831765,-2967.79303428609,-9673.86276062333,-23162996.1006571,6443949.32860123,346.823349572623,336.667341446437,442.002006977405,42951.1870717525,228722.459145534,843.848948058372,835.504053316493,935.151720224629,85585.4558477711,403619.330110551,-0.103924054011527,0.215551323194205,10.3527120555716,-0.137904613444206,0.0346259254031533,21.8732971084137,0.101176062526827,0.100197540868007,0.100407703579799,13167.7095166317,413131.397369429,8664366.68923495,2310904165.72086,1.03548116645991,1.03579211275007e-24,850.377,2,10,0,0,1,0,0
0.77,0.0050469134667869,-0.0262289713316664,30.1197683413728,0.461582389710129,0.0962753906606039,0.151914169925488,-0.0738310461036982,-0.293208201010499,-10.5726562446693,-8.68369682666947,-7454.43019527464,-2146.06728070992,-4362.75274378604,-15885572.7188643,2486467.12407599,-10548.6436514081,-2969.67388392814,-9721.04869249227,-23154278.2112124,6389301.80014325,-7454.4352421881,-2146.04105173859,-4392.87251212741,-15885573.1804467,2486467.0278006,-10548.795565578,-2969.60005288203,-9720.75548429126,-23154267.6385561,6389310.48384008,350.484056544806,340.291873109902,446.124243634694,43341.2866028613,230621.560762741,846.806370132337,838.49092033151,937.821272743112,85853.2147451292,404226.357151657,0.0766305875232108,-0.030599674510551,10.501912357558,-0.111883802256685,0.0444679781907986,21.8671923516922,0.102717685102491,0.100270687995074,0.100008133265528,12919.5285062509,410126.891194299,8546770.63182886,2611309810.51263,1.06036845887071,1.06068824045474e-24,859.3,2,10,0,0,1,0,0
0.775,0.00580197690068571,-0.0265730176396501,30.1182481459462,0.469621520600752,0.109551824515968,0.15258214587576,-0.0653591951213172,-0.309713313246896,-8.07680794361368,-7.45582285991989,-7505.64833885866,-2161.03525541253,-4410.00411804478,-15999791.3749368,2510999.92447812,-10546.3917327309,-2969.83861042583,-9768.09036712946,-23167458.6511494,6430501.71785036,-7505.65414083556,-2161.0086823949,-4440.12236619072,-15999791.8445583,2510999.81492629,-10546.5443148768,-2969.77325123071,-9767.78065381621,-23167450.5743414,6430509.17367322,354.157548734862,343.929313219876,450.257573917363,43732.1626627245,232523.369847455,849.753508121339,841.467184982374,940.48324740016,85882.2717199373,404294.780554509,-0.0398666403593161,0.0404283838687977,10.3512825772456,-0.126914528256528,0.0393499452526758,21.8711406216698,0.100103564850477,0.100006074405098,0.100219100974169,13214.1979819536,409625.890649391,8417545.53210021,2846353891.68771,1.00627946041752,1.00658197128726e-24,865.328,2,10,0,0,1,0,0
0.78,0.00657273060195931,-0.0268525701408961,30.1167292885169,0.475740883041015,0.122726169795556,0.158162782084071,-0.047648664296456,-0.292679373774697,-4.73228612337571,-7.0167743617104,-7556.88960972155,-2176.10498397911,-4458.06620358205,-16114434.106508,2536028.92666135,-10544.3993224374,-2970.22191522334,-9815.8943991681,-23069039.7376505,6016997.34547081,-7556.89618245215,-2176.07813140897,-4488.18293287056,-16114434.5822488,2536028.80393518,-10544.5574852195,-2970.17426655904,-9815.60171979432,-23069035.0053644,6017004.36224518,357.843775773674,347.579615881037,454.401970229488,44123.7333023553,234427.08125802,852.690456927949,844.432959814147,943.137708427975,86012.7633905048,404791.793348634,-0.099410892544595,0.0866758034367251,10.4202032744915,-0.118601648462224,0.0462841870985109,21.8551641462454,0.101720499187655,0.100393230191106,0.101297387030661,12753.9174436523,409767.194505671,8301638.19078204,3167466404.4955,1.06839460839344,1.06871588089031e-24,856.39,2,10,0,0,1,0,0
0.785,0.00738498649938181,-0.0270294786515439,30.115378953708,0.479219340269967,0.136455316935366,0.16928882409828,-0.023778843079304,-0.242877044488663,-1.10606368591616,-7.58949507468979,-7604.5377575622,-2191.90925815452,-4505.92900184005,-16226463.1654213,2542088.83212212,-10537.1194536045,-2971.57271292608,-9863.14898919201,-23070336.3655568,6048512.27672671,-7604.5451425487,-2191.88222867587,-4536.04438079376,-16226463.6446406,2542088.6956668,-10537.2887424286,-2971.548934083,-9862.90611214752,-23070335.2594931,6048519.86622179,361.542686619947,351.242735714162,458.557404610214,44515.8379484538,236332.065415682,855.617319563973,847.388354388098,945.784719123814,86000.1761340232,404775.692330581,0.105666983527602,0.0420284361386992,10.4989517005254,-0.126415833234361,0.0409917548234162,21.8767475623736,0.100515623347137,0.100008278872535,0.100988363979255,12708.4060213597,409901.666066725,8176612.17024276,3445852945.10104,1.03006314682608,1.03037575134036e-24,860.965,2,10,0,0,1,0,0
0.79,0.0082648863239528,-0.0270815786331705,30.1143514785373,0.47971026433647,0.15144718265371,0.185464367800446,0.00285635560450851,-0.164632216782353,2.33109738587851,-9.04934035788948,-7654.37986639893,-2207.39434117076,-4555.18213121151,-16340286.838185,2558884.3460101,-10533.0259286594,-2972.42564681455,-9912.20354191072,-23171048.9445652,6436940.62923293,-7654.38813128525,-2207.36725959212,-4585.29648269004,-16340287.3178953,2558884.19456291,-10533.2113930272,-2972.42850317016,-9912.03890969393,-23171051.2756625,6436949.67857329,365.254251488454,354.918628546794,462.723850407684,44908.5774081896,238238.954810119,858.534205405379,850.333477739105,948.424342342823,86210.5361353907,405501.866116738,-0.0534658894468828,-0.0595426407687315,10.3601946712087,-0.135619719544344,0.0382168754748946,21.8778396204016,0.100005500844841,0.10006678428875,0.101128956366028,12974.1516831902,408636.658285662,8072337.05932092,3867077401.88805,1.02384880919255,1.0241575705311e-24,856.347,2,10,0,0,1,0,0
0.795,0.00923304158083852,-0.0270020146033989,30.1137704327172,0.477296159814732,0.16828776319853,0.204947503681276,0.0294555041614959,-0.0658218656904593,5.21395954204798,-11.2050050348152,-7703.1700699941,-2222.95843778992,-4603.65901839506,-16453534.6453691,2572751.17259665,-10527.6789601835,-2973.47056133802,-9959.71596210058,-23193542.4914204,6452776.47390661,-7703.17930303568,-2222.93143577532,-4633.77278882777,-16453535.1226652,2572751.00430889,-10527.8839076872,-2973.50001684218,-9959.65014023489,-23193547.70538,6452787.67891165,368.978419329042,358.60724986893,466.901280155184,45301.8761373146,240147.433086416,861.441214698229,853.268435470426,951.056640315855,86240.9904948212,405605.182321091,-0.09138087248932,-0.0156766773947245,10.3579170120515,-0.132806415177988,0.0404680834273918,21.8782171025396,0.100202608175043,0.100006390388028,0.101095787400041,12988.1382885598,407011.483626521,7957401.05688517,4211866174.43192,1.02591451008617,1.02622518982767e-24,858.208,2,10,0,0,1,0,0
0.8,0.0103017265177222,-0.0267964413929473,30.1137122855629,0.472278301357493,0.187324497414998,0.226099458719576,0.0537645338790734,0.0427501375977209,7.36372552770317,-13.6101977629828,-7751.60636949083,-2238.68860942758,-4652.82243571748,-16566919.3939634,2584960.20832837,-10521.886776463,-2974.71451001526,-10007.8061150597,-23139707.8121033,6235695.35971195,-7751.61667121735,-2238.66181298618,-4682.93614800304,-16566919.8662417,2584960.02100387,-10522.1128759218,-2974.76827454914,-10007.8488651973,-23139715.1758288,6235708.96990971,372.715158031438,362.308556292001,471.089667482662,45695.9652312953,242058.59901085,864.338451688746,856.193332846922,953.681672220381,86329.5792488341,405899.241314639,-0.0632423244607224,0.0185982506678557,10.6026812322949,-0.123745546429355,0.0475677247711026,21.8609175776692,0.102313928950841,0.100468220013784,0.100559326360607,12539.6459047783,407017.734291172,7849109.98168121,4620350033.95503,1.06711087793018,1.0674316314882e-24,861.449,2,10,0,0,1,0,0
0.805,0.0114751218710277,-0.0264794875557962,30.1141945277395,0.465118407840325,0.208636187757185,0.247266026008632,0.0744157432957871,0.148499114953412,8.68146189766532,-15.7859503103273,-7801.06299704894,-2254.09450650866,-4701.72539147212,-16680358.0463537,2601215.48340983,-10517.4691611337,-2975.45779809623,-10055.2464758944,-23167709.7926445,6334530.17647856,-7801.07447217082,-2254.06802702111,-4731.83958599986,-16680358.5114721,2601215.27477364,-10517.7164271597,-2975.53221383953,-10055.3949750094,-23167718.4741064,6334545.96242887,376.464414152751,366.022504118514,475.28898520419,46090.6796276612,243971.601977956,867.226007431491,859.108272032388,956.299498315383,86364.9804559187,406031.99209053,-0.120009578608139,0.178789331790022,10.4984399978663,-0.136426390699107,0.040586518819552,21.8772552771043,0.100196040631169,0.10000522124998,0.100678451845042,12776.7496061835,406557.949419111,7739958.46122311,5025808799.37401,1.01734063419667,1.01764767987982e-24,855.49,2,10,0,0,1,0,0
0.81,0.0127496375852399,-0.0260721875422394,30.1151702112916,0.45637073001981,0.232079885329755,0.266949714678636,0.0902000239457155,0.238454338655029,9.30113486708016,-17.5857733966948,-7855.95248013841,-2268.55422884308,-4752.6400554739,-16797816.1776517,2644110.07598939,-10520.6291703744,-2974.88120824488,-10105.1989463114,-23172325.9256222,6354149.83380972,-7855.96522977599,-2268.52815665554,-4782.7552256852,-16797816.6340225,2644109.84390951,-10520.8961200891,-2974.97140826882,-10105.43740065,-23172335.2267571,6354167.41958311,380.226155499376,369.749050804725,479.499207293619,46486.0587807675,245886.738256622,870.103985950112,862.013354367289,958.9101789291,86372.3017901875,406051.997775967,-0.148648945782063,-0.0555890250366864,10.3614386338738,-0.15110860961709,0.0367260128399938,21.8740075649748,0.100714252209183,0.100105228569456,0.100193587725553,13204.9344540503,406454.934671114,7631215.99266351,5434590642.13403,1.02001513093583,1.02032127641615e-24,850.421,2,10,0,0,1,0,0
0.815,0.0141181410128348,-0.0255997270086502,30.1165308864858,0.446626915785254,0.257354914328003,0.285205912107771,0.100662680686052,0.301195097628607,9.26662025746876,-18.7446757947382,-7911.69430932413,-2282.80972913504,-4803.73808285935,-16915729.7137322,2691113.39286554,-10525.0426994726,-2974.08491938101,-10155.1144457155,-23226364.1425291,6470988.78885676,-7911.70842746514,-2282.78412940803,-4833.85461374583,-16915730.1603591,2691113.13551063,-10525.3279053847,-2974.18558206169,-10155.4156408131,-23226373.4091493,6471007.53353255,384.0003289172,373.488153498955,483.720306825767,46882.0920866374,247803.571966379,872.972474414632,864.908678666827,961.513769648955,86383.4971708488,405953.035453992,0.214477183427141,0.108432676668753,10.4709795184536,-0.14297973590871,0.0417490286979127,21.8585521283785,0.10003279116542,0.100070304906715,0.101347534578304,12635.0193099033,403211.858866499,7521610.51580024,5954204083.88352,1.02889039381385,1.02920065255965e-24,851.788,2,10,0,0,1,0,0
0.82,0.0155732098178757,-0.0250905144573351,30.1181194952158,0.436479644956797,0.28415092186803,0.301856948636884,0.104968784907586,0.328860361508039,8.73015397924263,-19.3850751621415,-7966.40433603167,-2297.33446858081,-4855.34551832523,-17033414.8928992,2733403.85960898,-10527.9001264364,-2973.60300531529,-10205.337213982,-23225025.9242973,6472545.64001209,-7966.41990924149,-2297.30937806636,-4885.46363782044,-17033415.3293788,2733403.57545806,-10528.201983385,-2973.7079741002,-10205.6660743435,-23225034.6544513,6472565.02508725,387.786906335468,377.239770633832,487.952258376369,47278.6170316974,249721.748239054,875.831571493223,867.79434332866,964.110330499628,86407.676810256,406002.197137562,0.125708933864466,0.0601947119216864,10.3714978058069,-0.153971417069521,0.0353329520510481,21.8719106717344,0.100506946849612,0.10009741488048,0.100024592926933,13225.9972330476,403129.929371651,7418682.07583445,6454700349.92853,1.01230447500877,1.01260829455826e-24,838.445,2,10,0,0,1,0,0
0.825,0.0171078859976773,-0.0245765949371072,30.1197508690213,0.426523890459598,0.312229254797431,0.317280864063649,0.102499286294152,0.318161831664896,7.77930050995094,-19.7263196721289,-8015.09754084644,-2312.87443424524,-4904.88438264264,-17146527.3298783,2746425.89150357,-10522.6408342164,-2974.55208434184,-10252.2200336222,-23102570.5152059,6021842.58148435,-8015.11464873244,-2312.8498576503,-4935.00413351166,-17146527.7564022,2746425.57927432,-10522.9581150805,-2974.65458362813,-10252.5381954538,-23102578.2945064,6021862.30780402,391.585839311445,381.003860345734,492.1950355118,47675.7421167779,251641.50701644,878.681359212582,870.670444380786,966.699916489553,86667.2948736599,406710.02989974,-0.0110281901520251,0.00531491857612022,10.479311734285,-0.132305222930285,0.0454185961433762,21.8598310459583,0.102873035955781,0.10062160625901,0.101160726798922,12668.7974146383,403089.344283787,7331838.23606976,7242151862.67417,1.09379608343888,1.09412504028495e-24,873.144,2,10,0,0,1,0,0
0.83,0.0187167078127549,-0.0240918642898349,30.1212369417793,0.417362860198058,0.341434132057188,0.331720229518731,0.093132705443593,0.271237566801413,6.43675982754633,-20.0259181534521,-8065.69167646908,-2328.18802767282,-4956.02590103738,-17260842.2481584,2766706.55037066,-10519.8899582757,-2975.12493744657,-10301.1838067287,-23173905.9111383,6294277.96971577,-8065.71039317689,-2328.16393580853,-4986.14713797916,-17260842.6655213,2766706.20893652,-10520.2216785052,-2975.21807015201,-10301.4550442955,-23173912.3478981,6294297.99563392,395.397088838696,384.780381496751,496.448612567108,48073.4813080277,253562.991870058,881.521934794029,873.537075888061,969.282583733549,86851.485625838,407291.727486991,-0.169618595807164,-0.0775293918498417,10.5511767085003,-0.154092408441997,0.0349061428099873,21.8788794575175,0.100046457174642,0.100042562227166,0.100711023724283,12653.6427400522,402167.477597988,7244014.60669109,8054828044.64848,1.01574968170602,1.0160550042322e-24,861.083,2,10,0,0,1,0,0
0.835,0.0203948487449208,-0.0236695218998422,30.122412383202,0.409595617249016,0.371704372605363,0.345201238810231,0.0772702297489828,0.194965877391282,4.66454860825424,-20.3466231231074,-8120.82064043663,-2342.62925558346,-5008.3814200138,-17378482.7201924,2810109.67127714,-10523.3584033901,-2974.56068395058,-10351.5017704994,-23240046.8816381,6506525.73869731,-8120.84103528538,-2342.60558606156,-5038.503832397,-17378483.129788,2810109.29957277,-10523.7036046289,-2974.63795418033,-10351.6967363767,-23240051.5461867,6506546.08532043,399.220612498461,388.569293211646,500.712963808445,48471.7719422159,255485.829710125,884.353388502847,876.39433041601,971.858387995696,86910.5769134217,407359.233685232,-0.132683668636684,-0.000627597772688993,10.2495657549995,-0.155819241599353,0.0379503678547,21.8590910831153,0.100013799719029,0.100031925323368,0.101205046717334,13159.8973604228,400320.713349763,7148236.80832709,8782251365.10727,1.02485659123252,1.02516581414424e-24,870.787,2,10,0,0,1,0,0
0.84,0.0221351296329444,-0.0233396094799621,30.1231555164572,0.40377279534212,0.402945580581695,0.356757022801072,0.0557824816528861,0.0997814476750735,2.52507243311638,-20.7878217228658,-8176.34936292994,-2356.87625235325,-5060.32708134723,-17496355.103386,2856620.73954232,-10527.2760464915,-2973.75988200669,-10400.8018654015,-23221228.1889413,6405277.39938697,-8176.37149805958,-2356.85291274377,-5090.45023686369,-17496355.5071588,2856620.33659674,-10527.6328035143,-2973.81566448834,-10400.9016468491,-23221230.7140137,6405298.18720869,403.056376638128,392.370555313224,504.988064125272,48870.6392217274,257410.136679503,887.175805406602,879.242300024311,974.427383026537,86909.5909394826,407367.745658516,-0.0660881616892225,0.0188835991815948,10.5128592181462,-0.159171469351627,0.0375523969531333,21.8610455333419,0.100023714638314,0.100030483723045,0.100720098146756,12696.3009045378,399957.009032462,7053468.55521495,9525972132.92941,1.01523536675842,1.01554102699886e-24,866.948,2,10,0,0,1,0,0
0.845,0.0239252697429216,-0.0231250983150278,30.123401452414,0.400359977176645,0.434965676967661,0.365295199940827,0.0306494384468591,-0.00222801984731852,0.107059401517257,-21.0884217555652,-8228.60665012751,-2371.94009273096,-5112.93272646432,-17612599.2064399,2886911.02844192,-10526.942223004,-2974.08136121674,-10450.6663677362,-23188391.1802891,6228136.66218044,-8228.63057539725,-2371.91696763265,-5143.05612791674,-17612599.6067999,2886910.59347624,-10527.3075182039,-2974.11201065519,-10450.6641397163,-23188391.2873485,6228157.7506022,406.904341281113,396.184127804857,509.273887972129,49270.0315323962,259335.766701197,889.98927190967,882.081074632762,976.989622806237,86908.3860126622,407404.738775811,0.0284537858399777,-0.119467325205541,10.5552935903681,-0.153397323021665,0.0407862746825138,21.8571167351911,0.100537225639533,0.100253446194291,0.101374053836247,12437.5224626649,399563.951362602,6961649.21430448,10327833456.0974,1.04321359876942,1.04352730364887e-24,867.01,2,10,0,0,1,0,0
0.85,0.0257459304794034,-0.0230386504088377,30.1231455156864,0.399554637810289,0.467480682397687,0.369061320657944,0.00405469139608576,-0.0992674818675048,-2.33332483414262,-21.3303784306654,-8285.86057983166,-2385.95462130792,-5166.40385632803,-17731677.9569423,2940197.16209154,-10532.9845450063,-2972.93370975819,-10501.4241264352,-23245497.6099827,6448255.27050223,-8285.88632576214,-2385.93158265751,-5196.52700184372,-17731678.356497,2940196.69461086,-10533.3536063269,-2972.93776444959,-10501.3248589533,-23245495.2766578,6448276.60088066,410.764463249688,400.009970869394,513.570410482685,49669.901710341,261262.615884512,892.793872826686,884.910742108959,979.545161369325,87048.8456770582,407762.919221031,-0.186124206644615,0.0466964157971496,10.4134254646179,-0.17220550144792,0.0340265960541153,21.8619665690767,0.100743419566962,0.100035582272295,0.100392236094371,13005.9757318301,398255.68543371,6878350.51320254,11354604134.8504,1.0231915540729,1.02350024516661e-24,846.28,2,10,0,0,1,0,0
0.855,0.0275732898285921,-0.023080889821212,30.1224376270774,0.401334476679802,0.500096829046801,0.367996680860074,-0.0213226348997666,-0.181477279939848,-4.58115015426653,-21.2158625369451,-8333.26892854351,-2401.79377333139,-5217.49976068179,-17844181.4167545,2946631.12458353,-10526.1934234405,-2974.22485287752,-10548.5475768537,-23180868.2005127,6214281.11007563,-8333.29650183334,-2401.77069244157,-5247.62219830887,-17844181.818089,2946630.62448671,-10526.5614201214,-2974.20353024262,-10548.3660995738,-23180863.6193625,6214302.32593817,414.636711596784,403.848045588487,517.877606832116,50070.3861520682,263191.167393161,895.589688064085,887.731390558799,982.094049687183,87262.8400202704,408293.429699184,-0.287957039984453,-0.0546487299513997,10.5822612242478,-0.149641126478528,0.0422312535801606,21.8614712525778,0.102745229833338,0.100405751888138,0.100381619620046,12641.4101060739,397301.275177261,6800513.39473132,12618520448.7121,1.0711289709274,1.07145098226001e-24,882.933,2,10,0,0,1,0,0
0.86,0.0293837603474823,-0.0232412843485701,30.121370026272,0.405432968131173,0.532383148363662,0.362241763601485,-0.043654474828881,-0.241933810428861,-6.40483104840937,-20.711245768386,-8381.28117168282,-2417.52442942133,-5269.05611938784,-17956843.3581883,2955077.76140617,-10520.2510174899,-2975.35963843244,-10596.1347809278,-23279046.562084,6528174.01547142,-8381.31055544317,-2417.50118813698,-5299.17748941412,-17956843.7636213,2955077.22902303,-10520.6132592535,-2975.31598395761,-10595.8928471174,-23279040.1572529,6528194.72671719,418.521039706599,407.698312812639,522.195451768726,50471.4719905268,265121.408336941,898.376798183536,890.543105021556,984.636339635497,87541.8053225512,408988.487635568,-0.201822498125487,0.0183086675022385,10.4220402766866,-0.164679944209212,0.0356666600083155,21.8769822058675,0.100183936796214,0.100006943256895,0.100960520442109,12873.4704290001,393816.725230855,6727356.27513826,14141066067.7638,1.02281915556548,1.02312830336141e-24,858.898,2,10,0,0,1,0,0
0.865,0.0311569474176113,-0.0235034290129958,30.1200625741386,0.411465962271286,0.563881756539856,0.35293067156096,-0.0623887511668991,-0.276606735641627,-7.58546949084031,-19.6034491636526,-8439.84362099144,-2431.2438293842,-5323.29413922677,-18077168.1467558,3016532.52580552,-10527.92595589,-2973.85833280515,-10646.8717978442,-23292317.7088094,6580202.41927149,-8439.87477793886,-2431.22032595518,-5353.41420180091,-18077168.5582218,3016531.96192377,-10528.2788865616,-2973.79594405399,-10646.5951911086,-23292310.1233399,6580222.02272065,422.417417430339,411.560734304294,526.52392128219,50873.2062647518,267053.628351527,901.155295513112,893.34596958677,987.172082103798,87541.3393287746,408894.243234636,-0.0254007175358304,0.0615664778105859,10.2816846716963,-0.184830201700237,0.0327770993973076,21.8644924084401,0.101792955570382,0.100137351024491,0.100065217511678,13404.2436095706,392678.86060405,6641176.27480061,15329078190.8164,1.03992905292181,1.04024232836484e-24,834.356,2,10,0,0,1,0,0
0.87,0.0328767772884312,-0.0238508304459906,30.1186486659365,0.418968347232605,0.594155671848751,0.34066767122676,-0.0780314543598972,-0.284157388203549,-8.09252261203473,-18.104427331061,-8494.661146307,-2445.75448197628,-5377.36274462793,-18195209.1687464,3059705.86050734,-10530.8705365726,-2973.436694485,-10696.9997586375,-23214462.7439632,6282496.61110332,-8494.69402308429,-2445.73063114583,-5407.48139329387,-18195209.5877147,3059705.26635167,-10531.2112042438,-2973.35866303064,-10696.7156012492,-23214454.6514406,6282514.71553065,426.325806563814,415.435271920374,530.862990765986,51275.4398383679,268987.019176299,903.92524944158,896.140067993384,989.701327689442,87661.1453743518,409266.106790931,-0.0215158302534229,-0.06217362971128,10.1850785400426,-0.174547614506082,0.0384045303860603,21.8570489721515,0.100008865733128,0.100027919717103,0.100974001912629,13366.5337142035,392991.936332643,6565209.64026598,16818084871.0282,1.02000755571733,1.02031475613421e-24,839.181,2,10,0,0,1,0,0
0.875,0.0345308168186853,-0.0242721876817765,30.1172634088557,0.427585715857328,0.622970446284208,0.32633486720309,-0.0921732859508826,-0.265245385592454,-8.14353666648956,-16.5325683983343,-8544.48815735519,-2461.17466838579,-5430.25226998327,-18309358.6282408,3077243.09702146,-10527.3205115888,-2974.16226301021,-10745.320373117,-23244433.0714755,6369749.97936239,-8544.52268817201,-2461.15039619811,-5460.36953339213,-18309359.0558265,3077242.47405102,-10527.646846456,-2974.07008972426,-10745.0551277314,-23244424.9279388,6369766.51193079,430.24617153418,419.321887951998,535.212636005994,51678.2044218623,270921.872809776,906.686742811976,898.925481714692,992.224126932301,87754.9548035759,409494.521633754,-0.0174248069835142,2.92706409817181e-05,10.3703324557079,-0.174306870466268,0.0375294874521703,21.8728043673764,0.100052113424542,0.100005063955359,0.100331929011471,13146.8655098778,391741.816180989,6489261.28576154,18308921533.6752,1.00749210504246,1.00779495263776e-24,870.339,2,10,0,0,1,0,0
0.88,0.0361111367457765,-0.0247650215281307,30.1160348137577,0.437185191671326,0.650238532393406,0.310882938984072,-0.106796000374883,-0.222025768642286,-8.09121742190485,-15.0924838610306,-8594.74975127942,-2476.4281191966,-5483.04886902231,-18423717.1806271,3097368.23626079,-10524.4805712944,-2974.71711127246,-10793.219058163,-23254968.7351191,6330490.20525406,-8594.78586241617,-2476.40335417507,-5513.16490383607,-18423717.6178123,3097367.58602225,-10524.7914542334,-2974.61031527209,-10792.9970323944,-23254960.6439017,6330505.29773792,434.178468891256,423.220544740615,539.572832603315,52081.5760481623,272858.365459418,909.439848680498,901.702290928507,994.740528058033,87782.6239190385,409606.177994752,-0.0775132244326556,0.0646801694798685,10.4745470822553,-0.181496321014052,0.0350828487021282,21.8805802369388,0.100070010876536,0.100129133659672,0.101723019952106,12573.381855926,390213.28775151,6413650.97946037,19779602829.023,1.03843703412765,1.03875010140808e-24,858.756,2,10,0,0,1,0,0
0.885,0.0376127789488759,-0.0253354892773917,30.115077101201,0.447877860287299,0.675946369418891,0.294565542141777,-0.123420280159718,-0.157812975179836,-8.26340906540723,-13.8020172331162,-8646.5286544826,-2491.43325454789,-5536.66435701897,-18539322.6663415,3124841.80993553,-10523.4368930713,-2974.88671897759,-10841.8095662928,-23243487.7520776,6286062.16205188,-8646.56626726155,-2491.40791905861,-5566.77943412018,-18539323.1142194,3124841.13398916,-10523.7314586134,-2974.76329869743,-10841.6517533176,-23243479.4886686,6286075.96406911,438.122673846854,427.131205609203,543.943557283652,52485.6852765097,274797.302080042,912.184650909224,904.4705752659,997.250578997963,87793.2237733498,409640.055070247,-0.0478992739571248,-0.152844603203801,10.4347743668381,-0.176436352210985,0.0417192086947793,21.864221801934,0.100239256812327,0.100038747709928,0.100139493361312,13032.0397989154,390209.605069498,6337745.10320951,21278027757.1506,1.00805695193764,1.0083594198327e-24,861.96,2,10,0,0,1,0,0
0.89,0.0390287068250836,-0.0259928196342019,30.1144844335081,0.459921197740074,0.700055789920755,0.276293695313814,-0.141784845504602,-0.0772477369642944,-8.92300542536458,-12.669633414508,-8696.97758771545,-2506.65731999232,-5589.98469465844,-18653926.3356299,3146001.75476365,-10520.7206592632,-2975.34668054896,-10889.739634302,-23285602.0055356,6408387.06162805,-8697.01661642227,-2506.63132717269,-5620.09917909194,-18653926.7955511,3146001.05470786,-10520.9969529586,-2975.20489570345,-10889.6623865651,-23285593.0825302,6408399.73126147,442.078740507404,431.053833490015,548.324785654128,52890.3165662156,276737.648604111,914.921214867869,907.230412618872,999.754328345692,87871.1151372328,409846.105331922,-0.115534374580746,0.135610846117054,10.4445909321907,-0.181871227731278,0.0404756350351754,21.8769283903839,0.100029764665313,0.10001339947302,0.100717382810148,12885.8418134614,388479.894257445,6266789.54556112,23101746244.3287,1.0149600813168,1.01526554583918e-24,862.607,2,10,0,0,1,0,0
0.895,0.0403461004040169,-0.0267389904021038,30.114323643402,0.47352575745587,0.722435167728223,0.25482430804565,-0.159244601227695,0.0134718622071465,-10.0968063603165,-11.5649298607543,-8748.90529185006,-2521.7031659141,-5644.55756699523,-18769995.1371195,3174594.4935131,-10520.0148122733,-2975.59741426563,-10938.9545972119,-23236822.164655,6210022.7305956,-8748.94563795047,-2521.6764269237,-5674.67189063863,-18769995.6106452,3174593.77107793,-10520.2696365814,-2975.4381696644,-10938.9680690741,-23236812.0678486,6210034.29552546,446.046637294214,434.98839212631,552.716494353993,53295.5504311842,278679.914591539,917.649620453082,909.981879704019,1002.25182336621,87926.4416138166,410046.922891468,0.0168667994999964,0.275792180809644,10.3460862477677,-0.192835084165566,0.0385788746859461,21.8805819206409,0.100565883806442,0.100199772477946,0.101307189846653,12964.8796042178,388721.863127587,6197271.84515542,24954304784.5124,1.04135917433389,1.04167213411494e-24,860.411,2,10,0,0,1,0,0
0.9,0.0415466064171108,-0.0275573504005065,30.1146258097344,0.488588771574057,0.742835835609738,0.229161617707451,-0.170937828715845,0.106364097531683,-11.5065316677543,-10.3052255396919,-8803.54299280651,-2536.30290782206,-5700.47665123518,-18887985.2109304,3215642.74569647,-10522.5997654084,-2975.25670290936,-10989.5745798281,-23230955.4190126,6182730.9981767,-8803.58453941292,-2536.27535047166,-5730.59127704491,-18887985.6995191,3215642.00286064,-10522.8289270261,-2975.08576508064,-10989.6809439257,-23230943.912481,6182741.30340224,450.026331252502,438.934845550475,557.118659872488,53701.4118554605,280624.11863482,920.369939376483,912.725052470755,1004.7431104264,87947.2068044738,410155.86417991,-0.206622854045031,0.130465381973196,10.4191141923288,-0.19594023882874,0.0403819380183634,21.8741093046901,0.100821901035575,0.100171957728302,0.100187436349921,13073.862742388,388645.894809135,6127894.46783578,26840897992.896,1.02339745400091,1.02370463782226e-24,872.389,2,10,0,0,1,0,0
0.905,0.0426097015435024,-0.0284039101120664,30.115378109027,0.504467174577279,0.760848295962368,0.199407221747086,-0.170684586654359,0.191998835715334,-12.4093752346319,-8.55777394139458,-8857.45826757073,-2550.82595227694,-5755.14646549413,-19004699.3989047,3252852.06591199,-10524.2390815086,-2974.84435584182,-11038.3214320584,-23271327.4660722,6290601.21469635,-8857.50087727227,-2550.79754836683,-5785.26184360315,-19004699.9033718,3252851.3050637,-10524.4384887303,-2974.67367125517,-11038.5134308941,-23271315.056697,6290609.77247029,454.017783646323,442.893157896603,561.531258744619,54107.8503283307,282570.058501285,923.08223927383,915.460005387693,1007.22823525815,87994.0885434369,410273.978288616,-0.0257410356492002,0.00373592374867811,10.2420683859162,-0.197409633715395,0.0401385058621528,21.881549001364,0.100877134858111,0.100298865750054,0.101210292719585,13228.9857147026,386888.73915031,6060401.85529492,28984703938.5713,1.04765304074495,1.04796779739747e-24,884.296,2,10,0,0,1,0,0
0.91,0.043516208340507,-0.0292026064225806,30.116517784502,0.519829164610082,0.776046830554882,0.165986578824635,-0.151695362177949,0.260002958950154,-11.9646625106758,-6.2756004057194,-8910.32430403891,-2565.78402680184,-5811.1648903625,-19121623.5052435,3285464.35122326,-10524.615390433,-2974.96519128107,-11088.4465170992,-23280478.264992,6309755.846182,-8910.36782024725,-2565.75482419542,-5841.281408147,-19121624.0250726,3285463.57517643,-10524.7813770118,-2974.8134959189,-11088.7065200582,-23280466.3003295,6309762.12178241,458.020962603342,446.863293834974,565.954267958672,54514.9058028755,284517.933838241,925.786595672144,918.186811861882,1009.70724337698,87991.5454479593,410241.165221815,-0.156712095089617,0.0784415530019079,10.3313530255579,-0.188768055043198,0.0474589413981263,21.866917180887,0.100005391313019,0.10002297957174,0.100186910187265,13257.4416919618,386355.841172351,5991456.54947654,31121026867.0875,1.00400866874041,1.00431000297366e-24,890.98,2,10,0,0,1,0,0
0.915,0.0442527069163045,-0.0298484313245128,30.1179312533587,0.532608597428438,0.788060373208752,0.130793142242168,-0.109043500623589,0.300591378791044,-9.29661430072815,-3.55677895703461,-8964.92933802598,-2580.23838757101,-5866.82088786887,-19239295.4279326,3326852.93591493,-10527.0190512616,-2974.45521208439,-11137.7594105701,-23288658.9193391,6336894.0099559,-8964.9735907329,-2580.20853913968,-5896.93881912223,-19239295.9605412,3326852.14785456,-10527.1498444038,-2974.34616858377,-11138.0600019489,-23288649.6227248,6336897.56673486,462.035831325106,450.845218173759,570.387664450741,54922.4135100792,286467.002341779,928.483074697809,920.905544170699,1012.18017982961,87985.2568696216,410211.709544217,-0.105781285289467,-0.0683932175344971,10.3269737539682,-0.188950520158215,0.0471524101768317,21.8652169958204,0.100010183402924,0.10001879424366,0.100425979524955,13202.6980108853,386037.325929644,5924159.47073984,33344177370.2233,1.00881616629296,1.00911913105033e-24,866.956,2,10,0,0,1,0,0
0.92,0.0448169727300894,-0.0302193117363749,30.1194611011524,0.540177225655931,0.796711472951772,0.0964590566602901,-0.040739130897239,0.306161088864257,-4.06627656025829,-0.81342937123891,-9022.85150056862,-2594.07716731204,-5923.62535110047,-19359265.8713089,3384256.80109513,-10533.4026406555,-2973.18617869955,-11188.1919275589,-23273830.1874975,6302766.66756351,-9022.89631754135,-2594.04694800031,-5953.74481220162,-19359266.4114861,3384256.00438366,-10533.4990997121,-2973.14543956866,-11188.4980886478,-23273826.1212209,6302767.48099288,466.062355451979,454.83889610031,574.831425309654,55330.3682811141,288417.261376728,931.171745911313,923.616273523582,1014.64708966472,88214.8448010861,410783.542271598,-0.0174120788501103,0.222021151815436,10.4622065783068,-0.204955363722448,0.0399844110337,21.8741768865129,0.102142572610382,0.100270547617869,0.100050135633111,13013.956938659,384630.60171067,5866781.49661772,37042495715.7913,1.04942623989725,1.04974169441399e-24,877.278,2,10,0,0,1,0,0
0.925,0.0452206432257428,-0.030195151185955,30.1209214695704,0.539941005621456,0.80220134603848,0.0659589813336576,0.0504480481554181,0.273036930243987,3.75368539080198,1.6318745994191,-9077.61231020495,-2608.45399588354,-5979.55557828573,-19476796.8915152,3425988.39764275,-10535.945202565,-2972.60966597043,-11237.2124322416,-23246276.2092936,6193421.08401154,-9077.65753084818,-2608.42380073235,-6009.6764997553,-19476797.4314562,3425987.59544141,-10536.0111615463,-2972.66011401858,-11237.4854691719,-23246279.962979,6193419.45213694,470.100505508844,458.844293310334,579.285527817398,55738.8359882191,290368.942280045,933.852676157402,926.319070585401,1017.1080164285,88262.508195703,410963.239967864,0.030856838657282,0.126792377803482,10.4099001238538,-0.200004010086019,0.0388587429589471,21.879835957634,0.100857587550895,0.100231305577482,0.10059485446823,13001.2879621153,384723.936869332,5805686.93173225,39906591609.6965,1.033485698315,1.03379596728735e-24,870.344,2,10,0,0,1,0,0
0.93,0.0454871009472949,-0.0296799989112059,30.1221205786045,0.529926168552589,0.805070197793501,0.0410764440852476,0.157538417936387,0.202546474257636,13.5705321710441,3.38386228425875,-9128.3608824421,-2623.57885152494,-6034.56576574497,-19591305.3278211,3447476.47068358,-10533.6226679816,-2972.94230003358,-11284.7997440554,-23235190.6075618,6139914.38196858,-9128.40636954305,-2623.54917152603,-6064.68788632357,-19591305.8577473,3447475.66561338,-10533.6637444257,-2973.09983845152,-11285.0022905297,-23235204.178094,6139910.99810629,474.150245906248,462.861375533118,583.749949384203,56147.8750760441,292322.301846124,936.525931530959,929.014004456476,1019.56300257977,88261.9560690062,410955.365737507,-0.185186209995598,0.109592387037041,10.2963884601976,-0.182703371521598,0.0453753829550152,21.8679446466012,0.100725172999567,0.100149992667192,0.100165883051332,13346.5138858601,384676.317249402,5742801.00288568,42780345422.237,1.0205764000611,1.02088271150738e-24,906.885,2,10,0,0,1,0,0
0.935,0.045645581322794,-0.0286222285734306,30.1228870511414,0.508790639711772,0.805955743131553,0.0224020107446806,0.269623804400521,0.101452552482381,24.4576675087082,4.27385401677721,-9185.98359065542,-2637.46070822279,-6091.96339993277,-19710755.7054385,3502316.71014242,-10539.5533378646,-2971.77508775625,-11335.054277899,-23225114.8871325,6104276.7810405,-9186.02923623675,-2637.43208599422,-6122.08628698391,-19710756.2142291,3502315.90418668,-10539.5757398753,-2972.04471156065,-11335.1557304515,-23225139.3448,6104272.50718648,478.211541380695,466.890108800826,588.224667538118,56557.3445153328,294276.7264672,939.19157656656,931.70114322985,1022.01209231236,88301.731096173,411130.426225994,0.0523481848688082,-0.0588195081000455,10.4110504277558,-0.207343498244583,0.0330795776899429,21.8765599756807,0.102469257783941,0.10036577099658,0.100260682640474,13080.7192557514,384671.444476676,5684493.61183875,45990717471.0401,1.06223743563883,1.06255663420423e-24,888.308,2,10,0,0,1,0,0
0.94,0.0457227208105344,-0.0270239991112828,30.1230961641053,0.476458635613988,0.805523523819243,0.00830793649212756,0.375860984146081,-0.0185055648833725,34.6313407214745,4.26573545192568,-9238.78056759774,-2652.3100546078,-6148.6729817966,-19826868.6910146,3532954.54212882,-10539.7298842092,-2971.78061717539,-11384.271917894,-23335527.4162186,6472720.00614429,-9238.82629031855,-2652.28303060869,-6178.79607796071,-19826869.1674732,3532953.73660529,-10539.7381921457,-2972.15647815953,-11384.2534123291,-23335562.0475593,6472715.74040884,482.284360342089,470.930459584282,592.709659907641,56967.394065536,296232.914638123,941.84967880628,934.380554071404,1024.45532677709,88449.4143276946,411447.071675852,-0.00788024339614827,0.0587583525661346,10.3424857080303,-0.184987848454554,0.04106671662929,21.8581037518106,0.10046124384886,0.100212857295954,0.101610126670433,12845.269809121,381542.219826128,5628424.3900322,50460883924.7071,1.04566446390475,1.04597880311735e-24,899.568,2,10,0,0,1,0,0
0.945,0.045734189243481,-0.0249420658358152,30.1226911306227,0.434194128941114,0.804250459439227,-0.00400192588061146,0.464993613357676,-0.142123782686269,42.5841572156639,3.67074360029774,-9287.54476723058,-2667.90067943778,-6204.53940086824,-19940817.1304175,3546262.25729811,-10535.0995254324,-2972.662819924,-11432.0344632637,-23338166.7109174,6463440.79054405,-9287.59050141983,-2667.87573737194,-6234.66209199886,-19940817.5646117,3546261.45304765,-10535.0955235065,-2973.12781353736,-11431.892339481,-23338209.2950746,6463437.11980045,486.368671146758,474.982394595606,597.204904438991,57377.8806018809,298190.182388697,944.500297198784,937.052303689089,1026.8927485187,88484.1232689575,411560.532704088,-0.0806001144077595,-0.0310824400844703,10.3437164527777,-0.182975140932129,0.0361187788273654,21.8726827670253,0.100758900178576,0.100061988660018,0.100075954611476,13274.2094455113,380741.290002473,5571855.14005412,54202281599.0579,1.01769309707632,1.01799900215064e-24,877.659,2,10,0,0,1,0,0
0.95,0.0456797585451674,-0.0224809117757161,30.1216952860264,0.384378405261612,0.80224851529826,-0.0181620966106043,0.528973029287153,-0.252829087796498,47.3256223452987,3.0155797569848,-9340.41867836777,-2682.75628017677,-6261.90572875778,-20057727.0970889,3579553.75165606,-10535.3455100682,-2972.65879245258,-11481.3243585791,-23320345.0489749,6400683.67967325,-9340.46435812631,-2682.733799265,-6292.02742404381,-20057727.4814673,3579552.94940755,-10535.3273479716,-2973.18776548186,-11481.0715294913,-23320392.3745972,6400680.66409349,490.464444225723,479.045880938682,601.710379107322,57788.9339011464,300149.364282517,947.143499879987,939.716457238396,1029.32439804847,88537.1341949358,411718.186654559,-0.0929233221053515,-0.00845273678767553,10.4953153434499,-0.190222129582196,0.0321666087166328,21.8659428528554,0.100015538749487,0.100024234298995,0.100111578013188,12901.3765045478,380557.427079195,5516575.49821914,58394338091.8393,1.00272805764481,1.00302892482301e-24,871.773,2,10,0,0,1,0,0
0.955,0.0455417058633635,-0.0197714653929237,30.120212785877,0.330183144032027,0.799225241159588,-0.0376202545607696,0.565118817096146,-0.33513817912583,47.7067863416771,2.85084608999307,-9393.28032262993,-2697.51303117029,-6318.90176844466,-20174273.0893342,3612673.47967945,-10535.5345538364,-2972.5373178107,-11529.8381397246,-23293147.2567056,6307218.48423718,-9393.3258643358,-2697.4932597049,-6349.02198123054,-20174273.4195174,3612672.68045421,-10535.4969335819,-2973.10243662779,-11529.5030015455,-23293194.963492,6307215.63339109,494.571643852148,483.120885725105,606.226061979489,58200.4500062297,302109.915288553,949.779346733984,942.373078961381,1031.75031672739,88557.5031168652,411765.32022863,-0.0943987629175434,-0.0364405769904382,10.4185541291626,-0.183996556923915,0.0309075931350655,21.860708274744,0.100420228750522,0.100110026863382,0.100614244954042,12934.5281616276,380693.438472274,5460928.40284386,62587626627.7566,1.02264419831141,1.02295117371133e-24,889.713,2,10,0,0,1,0,0
0.96,0.0452890433706051,-0.016952633728678,30.1184174796433,0.275009495642993,0.79450266760419,-0.0643105383763567,0.572894784616054,-0.376893694232095,44.6903960982209,3.70146009462733,-9442.04543373184,-2713.10161036539,-6375.47245656524,-20287886.7144814,3624782.02505816,-10531.0252220067,-2973.39488568457,-11577.6268625599,-23303971.7808857,6331454.95213872,-9442.09072277521,-2713.08465773166,-6405.59087404488,-20287886.9894909,3624781.23055549,-10530.9609114684,-2973.96778046919,-11577.2499688657,-23304016.4712818,6331451.25067863,498.690238006777,487.207376505894,610.751931097247,58612.3961753647,304071.633382298,952.407896838803,945.022232559156,1034.17054490612,88609.3416393152,411897.384764286,-0.101848354562704,-0.0846963904741456,10.4453946342673,-0.182659815850528,0.025504572196855,21.8717664176893,0.100440887497869,0.100028866959107,0.10014012884734,13022.4723236223,380032.758428289,5407688.83862236,67331616456.5945,1.01191738085292,1.01222157201275e-24,885.574,2,10,0,0,1,0,0
0.965,0.0448853973999985,-0.0141472214825506,30.1165309691676,0.221673044762881,0.787192941068455,-0.0984937740986706,0.55937718577336,-0.371312820002063,38.9360363863515,5.73817323324521,-9489.71284755058,-2728.88430427401,-6431.96354055163,-20400750.2582929,3631640.56334566,-10525.3237986929,-2974.47591659897,-11625.0708727585,-23334570.4298738,6414339.22306276,-9489.75773294798,-2728.87015705253,-6462.0800715208,-20400750.479966,3631639.77615272,-10525.2253049188,-2975.03529378475,-11624.6995599385,-23334609.3659102,6414333.48488952,502.820193948901,491.30532103392,615.287964905189,59024.8098490542,306034.629115321,955.029209904123,947.663980573384,1036.58512226313,88706.2118778604,412141.449348447,-0.067918036069324,-0.0759792943289881,10.4925709532712,-0.180379647817475,0.021029462320965,21.8742434478827,0.100557571202774,0.100016396132259,0.100395850817923,12857.65564391,378446.526146935,5357076.62622136,72945651717.2547,1.01913997267893,1.01944703114558e-24,859.312,2,10,0,0,1,0,0
0.97,0.0442991375484675,-0.0114402007474235,30.1147932883417,0.1718247004771,0.776487406478502,-0.13800421324374,0.532814348289094,-0.317868873744445,32.2326031475349,8.90781330584167,-9537.60056539417,-2744.60777071048,-6488.58803477168,-20513852.6785576,3640118.01904487,-10519.9018214334,-2975.46679023262,-11672.3244669712,-23289829.8187732,6247279.77811734,-9537.64486453172,-2744.59633050973,-6518.70282806003,-20513852.8503823,3640117.24255747,-10519.7638172201,-2975.99960458091,-11672.0065980975,-23289862.0513764,6247270.87030403,506.961486249298,495.414687600557,619.834142185721,59437.7464281314,307999.297065249,957.643350222699,950.2983848444,1038.99408826657,88815.9492757785,412423.274470478,-0.0636651317044734,-0.00957984568588449,10.4212775002688,-0.171383027797845,0.0212039127474029,21.8629797996073,0.102175820521035,0.100330020125735,0.10028188748397,13019.1822221452,378117.508427911,5307684.3178891,79219810335.0058,1.05594084388861,1.0562580604106e-24,852.936,2,10,0,0,1,0,0
0.975,0.0435130970773491,-0.00886897170445018,30.1134307868457,0.126280592608603,0.761829705075314,-0.179165021161354,0.504205775884413,-0.222516997394237,25.5451784058335,12.6731944498974,-9591.18045506659,-2759.2285970415,-6546.69133060351,-20630681.948807,3676021.0627371,-10521.0701397233,-2975.20573639408,-11721.1170283386,-23318665.4678335,6328201.17699361,-9591.22396816367,-2759.2197280698,-6576.80476139036,-20630682.0750876,3676020.30090739,-10520.8909747022,-2975.70994216996,-11720.8945113412,-23318691.0130119,6328188.50379916,511.114080069843,499.535444403881,624.390441460787,59851.144695979,309965.26365926,960.250376134516,952.925505980994,1041.39748158665,88818.6755913159,412384.44775508,0.0152055970088585,-0.162135703207408,10.4580059269789,-0.179718893228653,0.0148123780627785,21.8579995446362,0.100236140675589,0.100157051151426,0.101174155918145,12704.0549550408,377064.677645534,5255255.1328491,84753581742.1123,1.03118933049332,1.03149914344933e-24,850.16,2,10,0,0,1,0,0
0.98,0.04253104244036,-0.00642929572046153,30.1126253976859,0.084557204733036,0.743187724914564,-0.217185460022535,0.479417547921087,-0.0969163291684597,20.5822164932206,16.4758398112696,-9648.47558928417,-2773.23683605487,-6606.60992241738,-20750740.52645,3731110.14586666,-10526.404363082,-2974.22028588054,-11771.651248405,-23265027.7187099,6150140.14049998,-9648.51812032661,-2773.23040675915,-6636.72254781507,-20750740.6110072,3731109.40267894,-10526.187177622,-2974.69970342846,-11771.5543320758,-23265048.3009264,6150123.66466017,515.277946366324,503.667560130308,628.956841425599,60264.9193575254,311932.187771952,962.850344550837,955.545404270384,1043.79534155217,89000.1054336803,412892.478806634,0.0866081028975455,0.0644539866040007,10.4715182621424,-0.198061867139998,7.63595805475248e-05,21.8763907844277,0.102287341561699,0.100352510616952,0.100451650778841,12890.7635095991,376588.433625397,5210429.46706102,93100142106.384,1.06207951065069,1.06239854723041e-24,882.458,2,10,0,0,1,0,0
0.985,0.0413791577184256,-0.00408945954227529,30.1124896334386,0.0455781466570316,0.721023606434702,-0.247781252394776,0.463723987305787,0.0430594202725502,17.8252142407056,19.5129057285647,-9700.50851579393,-2788.31620192264,-6665.85029850273,-20866942.7276893,3758941.0215469,-10525.8186694522,-2974.49109559173,-11821.214496698,-23318171.2157693,6312441.20424623,-9700.54989495165,-2788.3121124631,-6695.96278813617,-20866942.7732674,3758940.30052329,-10525.5708881998,-2974.95481957904,-11821.2575561183,-23318189.0409835,6312421.69134051,519.453054158039,507.811003628473,633.533320927271,60679.1546557414,313900.482933606,965.443311091081,958.158139036508,1046.1877052469,89040.325645936,412938.421368721,-0.0182390656851406,-0.0120186412350977,10.5211762044186,-0.173942342989619,0.00578672757940712,21.8603191910915,0.100543819047275,0.100214933960106,0.101076324741033,12586.775359003,374845.390249746,5160961.32922176,100202718231.678,1.03654764768733,1.03685894730116e-24,880.84,2,10,0,0,1,0,0
0.99,0.0401020939525186,-0.00180512059322752,30.1130512785849,0.00787517871418486,0.696304165144329,-0.267754346515569,0.456967142809777,0.179681098463855,17.6201374383821,21.3254742980498,-9753.92162488237,-2803.10331049597,-6725.53071451618,-20984192.9202042,3793958.60048396,-10526.8308529652,-2974.42551612934,-11870.9975258322,-23330984.7291336,6342564.40512829,-9753.96172697633,-2803.10150537538,-6755.64376579477,-20984192.9280794,3793957.9041798,-10526.5630986187,-2974.88248327215,-11871.1772069307,-23331002.3492711,6342543.07965399,523.639372977724,511.965743999789,638.119859077956,61093.7496350563,315869.660232806,968.029331319626,960.763768708823,1048.5746105306,89030.6131003733,412868.180595797,-0.0848259018536091,0.0659193167255953,10.453063622833,-0.178034706770802,-0.00145816784452579,21.8635461374106,0.100034395994363,0.100041782012569,0.100666491085197,12848.5622137313,374311.726589364,5111220.66423263,106881366563.084,1.01459633272652,1.01490104991466e-24,888.453,2,10,0,0,1,0,0
0.995,0.0387545841082434,0.000462459654082514,30.1142501157754,-0.0298106898342175,0.670286036000514,-0.276206142324656,0.457031453078278,0.295776719578396,19.1705848912729,21.3653892314311,-9805.76505964007,-2818.19182470048,-6785.09239611413,-21100451.7763133,3821572.41303483,-10525.9990532667,-2974.67587548757,-11920.3023869524,-23317290.3823964,6292450.05921264,-9805.80381422417,-2818.19228716014,-6815.20664622991,-21100451.7465026,3821571.74274879,-10525.7228471244,-2975.13290694065,-11920.598163672,-23317309.5529813,6292428.69382341,527.836873876165,516.131750652924,642.716435084767,61508.6995802935,317839.695430178,970.608461869228,963.362350951825,1050.95609524613,89046.9929397163,412906.708787611,-0.000315294628834526,0.0197272211427918,10.548357610846,-0.181277566275284,-0.00908653787162761,21.8778593150546,0.100097814871684,0.100032356737376,0.100286255138951,12764.6817827492,374349.070756057,5064071.08740707,114103820114.32,1.00803693231613,1.00833942870519e-24,882.433,2,10,0,0,1,0,0
1,0.037393642548525,0.00273297320903209,30.1159469733023,-0.06827161611973,0.644319652570884,-0.273104614738431,0.458308125498025,0.377205198033076,21.723061464566,19.8668779922406,-9859.3497650235,-2832.99033001681,-6845.63668199702,-21218053.0867535,3857578.20009565,-10527.1205078191,-2974.590114779,-11970.4540061575,-23312909.6580277,6278168.22214922,-9859.38715866605,-2832.99306299002,-6875.75262897032,-21218053.0184818,3857577.55577599,-10526.8474032043,-2975.0484229045,-11970.8312113555,-23312931.3810891,6278148.35527123,532.045526558665,520.308993194699,647.32302810796,61924.073351924,319810.926511754,973.180757439317,965.953942594312,1053.33219552183,89057.7078110425,412932.128721925,-0.0433270209197223,0.0394116573858378,10.4111349651906,-0.182084704059449,-0.0136287276645275,21.8759349450011,0.100312008884314,0.100072591053423,0.100082084440084,13123.8074355189,374319.910203398,5017714.20656933,121694957727.928,1.00904368972803,1.00934646251811e-24,892.624,2,10,0,0,1,0,0
