t,x,y,z,alpha,beta,x_dot,y_dot,z_dot,alpha_dot,beta_dot,x_est,y_est,z_est,x_dot_est,y_dot_est,z_dot_est,err_x,err_y,err_z,err_x_dot,err_y_dot,err_z_dot,x_std,y_std,z_std,x_dot_std,y_dot_std,z_dot_std,bx,by,bz,bx_est,by_est,bz_est,bx_std,by_std,bz_std,nis,nees,cond_P,det_P,cond_S,det_S,runtime,filterVariant,nx,useSRformulation,RK4Iterations,updateJacobians,updateQ,cubature
0,0.3,-0.3,31.119178665731,1,1,0,0,0,0,0,0,0,30.119178665731,0,0,0,-0.3,0.3,-1,0,0,0,0,0,0,0,0,0,-0.00189438033401451,0.00187082593548675,-0.0108409137544472,0,0,0,0,0,0,0,0,0,0,0,0,0,1,6,0,0,1,0,0
0.005,0.268170921938716,-0.267951213633583,31.083047198672,2.39471827702708,2.41337902891314,-12.5374590164552,12.626173290358,-14.2993598704636,-6668.82661942291,-6690.26807911332,0.732297786116276,0.0199924099871689,30.8803263448972,-10.7068839271084,18.358090299566,-11.756797827384,0.46412686417756,0.287943623620752,-0.20272085377486,1.83057508934679,5.73191700920794,2.54256204307955,0.284422492390011,0.284379582647392,0.146186079345644,7.55175602971274,7.5540075321026,8.19016213193759,-1.71926893254337,1.97433738602416,10.7157135089441,-1.98387248876156,1.96674931976031,10.1825109538331,0.362364837592843,0.362479680028314,0.650682584191227,1.2042520785311,5.90386988084216,3670.86085320924,1.88083135495119e-35,3.22457342102534,7.30415226758347e-21,1603.26,1,6,0,0,1,0,0
0.01,0.258938020945298,-0.257737848441894,30.9748028013864,4.44943003770763,4.48506399136533,9.16065976730538,-8.85600258570305,-28.7556803664636,-703.803206516405,-669.130230448313,0.127493427250438,0.0194670053845857,30.8400115879343,4.87340318938354,-4.2259765936445,-24.3342699116896,-0.13144459369486,0.27720485382648,-0.134791213452064,-4.28725657792184,4.63002599205855,4.42141045477402,0.219224090687888,0.219344606023446,0.101987969698988,10.4546275907642,10.4648230009646,11.4415225605858,2.10161358326856,-2.29763378357457,10.5503912710403,2.4762636600948,-2.23511100694475,10.540793407771,0.144866480160182,0.144910856897569,0.136534646988095,6.88744821389258,3.79203051231158,12875.9703319219,2.32512754485095e-35,1.13172370126719,8.21266893027526e-24,1595.309,1,6,0,0,1,0,0
0.015,0.299179724333251,-0.29664130562919,30.8017577878516,5.46458072619099,5.51390318303188,7.10244885948709,-6.87011046452481,-39.9247760253816,-1290.82381791069,-1312.6197638665,0.326780370101953,-0.113577391939689,30.7110158850131,5.99507996675675,-2.0737806167147,-35.1099567700696,0.0276006457687023,0.183063913689502,-0.0907419028384898,-1.10736889273035,4.79632984781012,4.81481925531199,0.196665745246025,0.196806000807736,0.0904595064222783,12.4838397837959,12.4896431119633,13.1760384238049,-0.491307226640957,0.545725591434733,10.5852123130574,-0.639116384120017,0.640100491562942,10.5948524426989,0.133755728235607,0.133794800749968,0.127538543912977,1.724387663256,2.32370746577278,22431.1782035872,2.37129433407145e-35,1.10063916847642,5.20935235705664e-24,1629.787,1,6,0,0,1,0,0
0.02,0.339483971272817,-0.335484792754836,30.5823265243794,6.41524989885031,6.49473294703131,9.197731858319,-8.84092681850495,-47.1591230181829,-548.18530470797,-568.18608157893,0.40828675357687,-0.156619703621866,30.5527662624008,9.32026341306689,-2.57946004857792,-41.6510003478032,0.0688027823040537,0.17886508913297,-0.0295602619785895,0.122531554747892,6.26146676992703,5.5081226703797,0.190784312734319,0.19091141726615,0.0967087046967617,13.8647661825923,13.8673656261008,13.1923523829912,-0.0915759731393203,0.155746668384432,10.4857557846625,-0.136577016338388,0.184470420111589,10.4539683210539,0.132196318165443,0.132233322136135,0.133311665003708,0.219502617212515,1.62788652055466,26672.5705743502,2.13789612142719e-35,1.01784419274939,5.43066837703774e-24,766.051,1,6,0,0,1,0,0
0.025,0.383341475369376,-0.377445809834837,30.3388564203688,7.09971231652749,7.2138981928925,8.49012434203507,-8.08227002044078,-49.4301307460559,-419.464788101452,-448.556231417054,0.302372323129878,-0.2333044220706,30.2361809048332,-0.888723682301163,-1.77372216376268,-52.9303807532966,-0.0809691522394986,0.144141387764236,-0.102675515535604,-9.37884802433623,6.3085478566781,-3.50025000724064,0.191820885891066,0.191939566397113,0.10283090809959,14.6878137888323,14.6893025654866,12.2993960509707,-0.627096174396414,0.496265358199075,10.1759114752222,-0.499906725551023,0.552920972123435,10.3433794814452,0.133708713904611,0.133724934442129,0.14069217024385,2.50145430401041,2.09682169864223,28579.4011579008,1.83256421924277e-35,1.10724896597729,6.32823566327099e-24,741.748,1,6,0,0,1,0,0
0.03,0.422957657364727,-0.414976648706065,30.0962705359778,7.63181210308953,7.78348656718326,7.48557917541346,-7.05207437900125,-46.7783817175355,-349.786173451684,-383.089984228289,0.30999248514195,-0.443244994331401,29.9958361470526,-4.11554069525399,-8.91752444141608,-49.5334364444522,-0.112965172222777,-0.0282683456253359,-0.100434388925281,-11.6011198706674,-1.86545006241483,-2.75505472691669,0.193462550535527,0.19354317809952,0.103063078887115,15.0605744890932,15.0610124372723,11.5151341403111,-0.616262420910363,0.452959698032516,10.1754363306261,-0.625482826415499,0.619076025607434,10.1379408270307,0.136748602024351,0.136766123327204,0.144026788874467,1.54615009939234,1.66512425665118,28585.0503952277,1.54143498599833e-35,1.10935801437925,7.25582944135106e-24,759.841,1,6,0,0,1,0,0
0.035,0.457087367683706,-0.447004315764923,29.8782804419754,8.04626618658762,8.23426286567211,6.2804411250593,-5.86546089277495,-39.6499520931566,-324.570589066879,-359.768373585719,0.409369851852014,-0.523660039196882,29.7271745404067,-1.63881891481679,-8.00848135231442,-43.916883366192,-0.0477175158316922,-0.0766557234319591,-0.151105901568676,-7.91926003987609,-2.14302045953948,-4.26693127303539,0.19452090234493,0.194566645791886,0.100799673230967,15.1750287179234,15.1749970704245,11.1921019113307,-0.598617010153458,0.589462572962885,9.98461265430213,-0.696095292940335,0.619059244981832,10.0122278945584,0.138804341037187,0.138813309641517,0.143031687315486,0.577055784174332,2.90663872006579,28814.3048466686,1.34422739305992e-35,1.06296274100316,7.59485280589506e-24,720.173,1,6,0,0,1,0,0
0.04,0.485190230764257,-0.473198068223842,29.7050984917837,8.37602086608747,8.59633259787456,5.06010807761461,-4.70403621566149,-28.9959644226226,-312.651807404199,-347.161141780637,0.903842630488632,-0.578357362444199,29.5660583987812,24.5417112106856,-6.27843542750953,-29.0699071213663,0.418652399724375,-0.105159294220357,-0.139040093002502,19.481603133071,-1.57439921184804,-0.0739426987436259,0.194297508524106,0.194319246742703,0.0982238874045707,15.1608225945569,15.1606432471834,11.1426863774342,-0.309018032566793,0.623793126299008,9.99776786332124,-0.705699157535625,0.633037328128369,9.89166493056633,0.140412497740104,0.140430950659374,0.141739341635102,8.52106321583438,7.85734450999099,29494.6016456864,1.19646889892708e-35,1.02418071469567,7.81078117709509e-24,729.674,1,6,0,0,1,0,0
0.045,0.507469732763819,-0.493931211464144,29.5911948700113,8.65209624716291,8.89909024032726,3.9361384024727,-3.66720991787035,-16.1454943031938,-298.374016442329,-329.312710076255,1.21801929266197,-0.655793536086816,29.428189997718,37.2642714585728,-6.80664875049889,-14.5614621184659,0.710549559898148,-0.161862324622672,-0.163004872293294,33.3281330561001,-3.13943883262854,1.58403218472796,0.193885267878915,0.194007881655361,0.0967212383905487,15.1196022330336,15.1260329639555,11.1893105048426,-0.406864532641851,0.601211557940154,9.89700622217685,-0.557667368137332,0.63729530766693,9.873219928294,0.140824495807985,0.140838643340452,0.140556845600991,1.23610624636668,19.1053019245675,30194.9068211413,1.10684422902117e-35,1.02846116597691,7.76998413394684e-24,747.703,1,6,0,0,1,0,0
0.05,0.524611903040439,-0.509985762290046,29.5438123378149,8.89820927763289,9.16526926648958,2.99010435869427,-2.81905472880216,-2.63115944066997,-272.521513274371,-296.685348793547,0.94175868111931,-0.428566324483903,29.3822397272742,13.8038584119409,10.5525834166683,2.9610153220589,0.417146778078871,0.0814194378061425,-0.161572610540728,10.8137540532466,13.3716381454705,5.59217476272887,0.193417320576784,0.193643082877571,0.0960914973132157,15.0811352354077,15.0937371700549,11.2192755673414,-0.822703362373671,0.825947885486228,9.88047375206573,-0.454459646756919,0.618219942114139,9.88149740194553,0.141039165690336,0.141059145607792,0.14016743357513,8.98691238824555,12.5663288750988,30643.3166080823,1.04856497122867e-35,1.02746737345691,7.7752281768284e-24,737.306,1,6,0,0,1,0,0
0.055,0.537596451320112,-0.522355431504022,29.5624887688815,9.13174551071179,9.41194532084242,2.25825322565015,-2.18032679465964,10.0328916638227,-229.525508235318,-243.664295840734,1.22383599046688,-0.54164568822022,29.3697521907119,28.3273965230417,4.53881473480297,17.5539763641796,0.686239539146768,-0.0192902567161985,-0.192736578169605,26.0691432973916,6.71914152946261,7.52108470035684,0.193520209774579,0.193730842539914,0.0960503766581716,15.0736802526473,15.0832446741374,11.2159308289167,-0.380445410667064,0.565644348429484,9.90760084655878,-0.551208805653881,0.697802427167106,9.93342154524539,0.140846682193398,0.140854922617366,0.139747049264891,2.38389458930875,22.6606172566621,30793.5489815336,1.0242492154888e-35,1.01631560846725,7.68636846678722e-24,733.089,1,6,0,0,1,0,0
0.06,0.547471555110653,-0.532039477448793,29.6396714412935,9.35971455019045,9.6459650675158,1.7319617942906,-1.73248876132303,20.5576500020042,-165.873157322158,-167.357448297252,1.18053433300036,-0.593630325676025,29.5839967670193,21.7919208306979,2.74598159897613,39.2081480228161,0.63306277788971,-0.0615908482272325,-0.0556746742741525,20.0599590364073,4.47847036029916,18.6504980208118,0.193905435619885,0.194180716151541,0.096338140278686,15.0713202984773,15.0848081320132,11.2056634044372,-0.605151240574869,0.597077373774028,10.2132231533287,-0.446832871782649,0.652420494628362,10.0224005065911,0.140628225662803,0.140605447295273,0.139606919902191,3.29967291988801,20.3780754993935,30744.9857009222,1.02201850456551e-35,1.01750526813946,7.61996619120673e-24,736.452,1,6,0,0,1,0,0
0.065,0.55512051719328,-0.539840562147794,29.7622461031049,9.57725878443939,9.86232433914747,1.35397963154509,-1.4152628510912,28.0312894640155,-83.1527424649202,-71.3162117886983,1.03284550460912,-0.66586352485413,29.9111826562428,10.2538481624479,-0.256265555830791,55.6013957499511,0.477724987415839,-0.126022962706336,0.148936553137819,8.89986853090282,1.15899729526041,27.5701062859357,0.195902091648217,0.196179991662303,0.0974664893045413,15.1098669804886,15.1225048365726,11.2225885339172,-0.680907242742768,0.56845759345629,10.4357831504039,-0.46647300088374,0.632190587712338,10.2431385156575,0.139414417849347,0.1394024093958,0.138551359641401,4.50417241743044,18.5838118484518,30452.008857559,1.080792903335e-35,1.01407248725295,7.25057763825348e-24,740.236,1,6,0,0,1,0,0
0.07,0.561078030453283,-0.546205155077901,29.9136238187893,9.77628854787604,10.0536115877677,1.04214850262629,-1.14626466628206,31.9875255558246,13.3485640044248,37.1881485636038,0.985796319054375,-0.77925781850206,30.1687743028333,6.46303978341234,-5.4364226516316,56.5640339811122,0.424718288601093,-0.233052663424159,0.255150484044078,5.42089128078606,-4.29015798534954,24.5765084252876,0.199096721070738,0.199331663837069,0.0992545340505119,15.1647514039053,15.1737135923834,11.2518003662953,-0.606382399738242,0.521835726047865,10.477306582268,-0.52994119200354,0.611488168896327,10.5139076383244,0.138273019931774,0.138267238131357,0.137675000589125,0.798784800790517,20.0717062544926,29866.7274955397,1.19641783344052e-35,1.01258438890682,6.92810939624234e-24,745.951,1,6,0,0,1,0,0
0.075,0.56551065622602,-0.551216002009793,30.0759543251928,9.93388521548281,10.1973534009997,0.731265442842719,-0.86210293774384,32.3876831692911,113.709570490172,144.708645530799,0.82434484393827,-0.746057614398723,30.3816579253056,-3.64629668895117,-1.3700015170735,49.4527126379874,0.25883418771225,-0.19484161238893,0.305703600112801,-4.37756213179389,-0.507898579329663,17.0650294686963,0.201993819575217,0.202175474986335,0.100909728045736,15.1949668990121,15.2007244630187,11.2707160498204,-0.706524789535811,0.624192734968109,10.5863056389159,-0.559549320583957,0.580645201028576,10.7122051072888,0.13796675660675,0.137964810066513,0.137632745060345,2.07272912590884,17.970681303078,29149.1693477028,1.3242592345075e-35,1.00962677225477,6.86312055394754e-24,744.242,1,6,0,0,1,0,0
0.08,0.56826850549253,-0.554641652358865,30.2321450149603,10.0319919791665,10.2778499181354,0.360764539230844,-0.501127677180219,29.5653851255947,196.524231128679,227.61932416456,0.694977589358016,-0.720208116915518,30.5471639372749,-10.6254505712553,1.54212104265711,37.7123040425602,0.126709083865485,-0.165566464556653,0.315018922314579,-10.9862151104861,2.04324871983733,8.14691891696551,0.20420013118163,0.204337879460708,0.102150059792031,15.2038911903171,15.2074888447016,11.2878560426556,-0.711156899396095,0.625582193999776,10.7126811398498,-0.629244141629663,0.603640677018194,10.8474705701842,0.137903318563852,0.137901764011895,0.137734703137569,1.33850146089766,16.8118112266015,28495.8382048341,1.44437818282951e-35,1.00611644827342,6.86076287214667e-24,744.348,1,6,0,0,1,0,0
0.085,0.569092191686172,-0.556129630581922,30.3674646517379,10.0580415199528,10.2859328431607,-0.051744935799298,-0.0773770039834507,24.1186653153877,248.029817183791,272.477882954964,0.793435592241763,-0.454935002621862,30.5879229225145,-3.76037053488926,17.7517350008891,19.8587548410187,0.224343400555591,0.10119462796006,0.220458270776658,-3.70862559908996,17.8291120048726,-4.25991047436897,0.205682465527754,0.205775063483807,0.102974373120366,15.1996885605442,15.2015133747825,11.3086132355126,-0.558013596247161,0.813117859139351,10.6991894477972,-0.681188696524755,0.620307493929768,10.9283535687018,0.137909822308147,0.137917348946254,0.137890375357687,5.50865993393127,13.268535377672,27995.3765255005,1.54480852073613e-35,1.00335184714691,6.87851834430311e-24,742.021,1,6,0,0,1,0,0
0.09,0.567872569510876,-0.555468296865213,30.4706366585324,10.0116702402202,10.2251136458409,-0.462744827233726,0.365727897473703,16.8174415473096,260.872984779393,274.526416979754,0.873781772400365,-0.457412096707752,30.5999922218009,1.01315881776529,16.40322707293,4.8518392806014,0.305909202889489,0.0980562001574607,0.129355563268457,1.47590364499902,16.0374991754563,-11.9656022667082,0.20591437031145,0.206010693297686,0.103142617539013,15.1736498129183,15.1770940881866,11.3181348642611,-0.566399658276412,0.636586343532621,10.7843414202947,-0.647338684273961,0.70735418782084,10.9105210039881,0.138356638186344,0.13836290647722,0.138440184549351,1.43424421668569,11.6064175566767,27704.3492898517,1.59091004078941e-35,1.00921855141637,7.02351772025949e-24,745.217,1,6,0,0,1,0,0
0.095,0.564748094028826,-0.552706891290981,30.5344677377607,9.90505501818306,10.1104693950341,-0.81630330384187,0.766587142794194,8.51115846133857,239.485257387004,242.001872970539,0.944561870004624,-0.56988767280771,30.5782334058009,4.73783094116977,9.04853064891596,-7.69201760278189,0.379813775975798,-0.0171807815167294,0.0437656680401625,5.55413424501164,8.28194350612177,-16.2031760641205,0.205507729082411,0.205627803076838,0.102989656481608,15.1470791731081,15.1523823341427,11.3293761232441,-0.556324994447096,0.548479342762543,10.8014246668613,-0.609532185692928,0.698085193219684,10.8643864928541,0.138582820494778,0.138585682650617,0.138727318235723,1.52030544824888,10.8390900416985,27620.5159187195,1.60067985006768e-35,1.00849455890859,7.09859189830867e-24,728.69,1,6,0,0,1,0,0
0.1,0.560094260851796,-0.548173545410402,30.5560474826605,9.75726353193914,9.96189279099483,-1.07384551861297,1.07521056217944,0.0520279954099084,195.161967934237,189.153348434389,0.905953306138574,-0.320476893057479,30.5352648116581,2.00761132379375,23.236217881161,-17.21307394752,0.345859045286779,0.227696652352922,-0.0207826710023895,3.08145684240672,22.1610073189815,-17.2651019429299,0.20474700344071,0.204878847815986,0.102668278983002,15.1248079995449,15.130727957478,11.3362218206362,-0.614351132283358,0.80193405730211,10.7761222371307,-0.567133662013697,0.645737796252076,10.7913025589664,0.138767815152115,0.138771073959418,0.138969094029276,1.39353697897023,10.6266479498675,27673.186580637,1.58358451070637e-35,1.01091313538215,7.16143420767455e-24,752.176,1,6,0,0,1,0,0
0.105,0.554412655830827,-0.542382009332248,30.5366014435278,9.58575069788321,9.79535358852719,-1.22453091948839,1.26806037827877,-7.76858430473345,142.834085522179,132.151128863821,0.622897307657209,-0.152728675388724,30.4559901474942,-14.0660798153029,30.892535642925,-24.6415041684629,0.0684846518263817,0.389653333943523,-0.0806112960335739,-12.8415488958145,29.6244752646462,-16.8729198637295,0.203798827534331,0.203970634443174,0.102237098816634,15.1071062428337,15.1146846016439,11.3348077183099,-0.782405742795059,0.748172123313644,10.6909771886151,-0.557144625701642,0.708486024071037,10.6985579206414,0.138961326702794,0.138941791644186,0.139146440104562,2.71218358069532,9.59218220377521,27807.8496164336,1.54884946579422e-35,1.00426289385718,7.21766464198358e-24,746.06,1,6,0,0,1,0,0
0.11,0.548161101650259,-0.535857798010554,30.4810582304182,9.4061474215569,9.62376601651938,-1.29789022465563,1.36497939317451,-14.270450851359,90.4236853475452,78.6772890009071,0.629620553330736,-0.205843470791164,30.3842215098837,-11.4258485980429,25.1207942400908,-27.4874107474181,0.0814594516804769,0.330014327219389,-0.0968367205345412,-10.1279583733873,23.7558148469163,-13.2169598960592,0.202701590100332,0.202850274893799,0.101645958710584,15.093365008849,15.0985883466838,11.3229986587686,-0.572430315043248,0.586496599511798,10.6671137669318,-0.629963346708965,0.746576956885322,10.5844318586248,0.139213997862595,0.13921044410317,0.139389589085352,1.84779422822519,6.96853398072039,27998.9652150751,1.49804864607684e-35,1.00716694541728,7.29735229157281e-24,740.99,1,6,0,0,1,0,0
0.115,0.541654691466736,-0.529017472652313,30.3973641631615,9.2282880863626,9.45410608971261,-1.32250649716865,1.39069153447422,-18.9352269656776,44.1764255283505,33.9442681450794,0.760061058453659,-0.427545982767486,30.2569589546218,-2.15795702597785,10.6169274373952,-30.468932761574,0.218406366986923,0.101471489884826,-0.140405208539644,-0.835450528809201,9.22623590292096,-11.5337057958965,0.201759799245228,0.201873665111826,0.101111063385125,15.0864895109947,15.0902255485574,11.3128201425376,-0.466628149533182,0.445911530380733,10.5180468409339,-0.611250001073763,0.714526860320662,10.4939744368534,0.139281457298214,0.139293829409157,0.139453057180352,4.82507249457691,5.53979040382196,28215.9929264826,1.4488906877321e-35,1.0071953194383,7.31983769902187e-24,734.772,1,6,0,0,1,0,0
0.12,0.535061539863686,-0.52213489639663,30.295586264397,9.05959806412728,9.29132658079876,-1.32932087899834,1.37834554207868,-21.4399513340735,7.3302553518831,0.177676856356073,0.739299978943807,-0.492029546284828,30.2378326461761,-2.85899139578071,7.05950031085247,-24.5417600684864,0.204238439080121,0.0301053501118019,-0.0577536182209265,-1.52967051678237,5.68115476877379,-3.1018087344129,0.200566670227401,0.20066825364879,0.100444499163794,15.0731224369926,15.077119261788,11.2944395110728,-0.569999048500113,0.542427556352859,10.5917761084686,-0.554093848094137,0.6290960932968,10.3847234327099,0.139636351378153,0.13964005162792,0.139765105986255,2.58054908804688,3.48250691895557,28462.2942774626,1.38706242615841e-35,1.01739037788261,7.42647309351499e-24,745.896,1,6,0,0,1,0,0
0.125,0.528422707128854,-0.515339949535743,30.1868676415181,8.90135440000777,9.13551626205346,-1.33865915021722,1.35294403938494,-21.6825112621803,-19.3225080487237,-22.7704308447633,0.782596326062747,-0.501597255187164,30.110496545862,0.263086399020587,6.9774057309197,-25.1754150384273,0.254173618933892,0.0137426943485796,-0.0763710956561831,1.60174554923781,5.62446169153476,-3.492903776247,0.200148801200612,0.200253582236948,0.100184335390861,15.0800818070109,15.0844189427023,11.2927659986296,-0.507371324835268,0.56402583389928,10.3559063672736,-0.552473351316957,0.599131934280537,10.3594958796027,0.139330258323861,0.139321900662677,0.139376964191321,0.16909903390928,4.31416811142021,28669.7929148826,1.35700314332973e-35,1.01257823681249,7.31972527840167e-24,742.8,1,6,0,0,1,0,0
0.13,0.521692701324956,-0.508646905077595,30.0823087349162,8.75569290748471,8.98818704656221,-1.36491031997916,1.33594145419851,-19.7844759905667,-36.813326054579,-36.1469620697765,0.787503226052967,-0.453189946335084,30.0868904098511,0.787571462561618,10.1435283103887,-17.8132948154469,0.265810524728012,0.0554569587425114,0.00458167493486497,2.15248178254078,8.8075868561902,1.97118117511974,0.199283134341284,0.199389501427069,0.0996885738137616,15.0710326731178,15.0756078485867,11.2729578142069,-0.532136401605689,0.601936960770191,10.4379140218211,-0.528712325482832,0.588301353260362,10.2784824165542,0.139797628866765,0.139799368142942,0.13975139732972,1.31250958188231,4.2084924445896,28855.8259930571,1.30939856924756e-35,1.00884632882268,7.45957303695493e-24,741.108,1,6,0,0,1,0,0
0.135,0.514796679514854,-0.502011782124979,29.9918708719955,8.62408864766846,8.85062380189099,-1.40536421039418,1.3292007657319,-16.0789245718668,-44.5859379139367,-39.6763452832839,0.645129671549717,-0.470331153201001,29.9135674855156,-7.33351211268912,8.94785277187665,-19.7575149037801,0.130332992034863,0.0316806289239775,-0.0783033864799852,-5.92814790229494,7.61865200614475,-3.67859033191332,0.199021268088964,0.199133037439805,0.0994934183534149,15.0771193752367,15.0820050346639,11.2695610887357,-0.629161514978,0.542769710309745,10.1417074887322,-0.519879795961034,0.597847227725712,10.2803357047094,0.139558371317396,0.139559949056722,0.139421022188297,1.75521031284112,3.44850440521373,29009.9867398431,1.28711746106608e-35,1.00536781058533,7.37372980364421e-24,777.265,1,6,0,0,1,0,0
0.14,0.507685327710229,-0.495396390041242,29.9234061716899,8.50685614186712,8.72341341854967,-1.45240298712507,1.32847421669817,-11.0684966038635,-42.4539233300617,-33.2907001481254,0.602807796337807,-0.395532625914876,29.8537630604518,-8.52992096799799,13.2485277609598,-12.0645028426097,0.0951224686275783,0.0998637641263661,-0.0696431112380755,-7.07751798087292,11.9200535442616,-0.996006238746221,0.19793163005553,0.198021473854327,0.0988178692624235,15.0608004096788,15.0641801113016,11.2433671583514,-0.562774859156156,0.607009834425689,10.2497564908859,-0.556606888838616,0.582557510959183,10.1894220134154,0.140288204718326,0.140292444347232,0.140007633386666,0.218263068663435,3.22009486333212,29197.5831990463,1.23345911545141e-35,1.00545934720542,7.59299146913362e-24,775.12,1,6,0,0,1,0,0
0.145,0.500347633824201,-0.488785457376807,29.8819666219498,8.40369859301891,8.60646774845562,-1.49810600624693,1.32869359366528,-5.36220150952605,-30.859962350597,-17.5658614287774,0.429100696942529,-0.334321418028022,29.7942177712352,-17.493525623787,16.1836323286625,-5.5144827079156,-0.0712469368816714,0.154464039348785,-0.0877488507145634,-15.9954196175401,14.8549387349972,-0.152281198389549,0.197353864032704,0.197449025950745,0.0984047970179116,15.0605051672027,15.0641750350971,11.2390818939399,-0.663468296061033,0.594842222366353,10.1804969340133,-0.560656295757304,0.598796842050172,10.1848824975426,0.140131378916565,0.140123823568365,0.139709840707084,0.54003986349879,3.65876594733161,29410.8555635992,1.20061457049067e-35,1.00627495254028,7.52572537377964e-24,715.204,1,6,0,0,1,0,0
0.15,0.492808116341649,-0.482185216613157,29.8694513491476,8.31307550074332,8.49849461047183,-1.53593424905294,1.3261253541361,0.39922529710864,-10.7434988332371,6.58522015594843,0.498339264435272,-0.492023928136841,29.8355024347924,-11.0872356215788,5.78021138085229,5.495662228914,0.00553114809362246,-0.00983871152368423,-0.0339489143552189,-9.55130137252584,4.45408602671619,5.09643693180536,0.197022100566501,0.197087388256912,0.0981352886148948,15.0647531010026,15.0669207861818,11.2343605409515,-0.487784107582944,0.422878004176855,10.2993111171835,-0.608774620553221,0.609457039016798,10.1818443868241,0.140121214035121,0.140132774901647,0.13962768872793,3.22549339921332,1.95100386589443,29573.2021198487,1.17705864226097e-35,1.00747075517091,7.51674789067022e-24,765.423,1,6,0,0,1,0,0
0.155,0.485111605962395,-0.475609588184447,29.8846325717545,8.23229612279628,8.3970938894461,-1.56411317146744,1.32126433483235,5.6199878043209,17.1048448052457,38.3892360316002,0.308372080131914,-0.592312500221893,29.9246611999137,-21.1604352517132,0.114686971016745,14.620622426769,-0.176739525830481,-0.116702912037446,0.0400286281592444,-19.5963220802458,-1.20657736381561,9.0006346224481,0.197472362469593,0.197527337174913,0.0983462682421701,15.0833250125174,15.0851196319058,11.2417868462482,-0.68299943929744,0.445133235944491,10.3495214476074,-0.574226744786066,0.544914226613443,10.2536332389165,0.139654062006671,0.139656934364814,0.139185104445514,1.59103374941477,3.07432994642731,29614.2138347879,1.18451559492893e-35,1.0131502911981,7.36892166777234e-24,738.406,1,6,0,0,1,0,0
0.16,0.477292853599544,-0.469051699370866,29.9235592215828,8.15525162101553,8.29647142454567,-1.58824640358385,1.32182225734129,9.81428428807631,49.9526917880896,74.062512904018,0.149552263027792,-0.639437326006019,29.8622175786948,-28.3044823441448,-1.85397206129048,11.2006940734289,-0.327740590571752,-0.170385626635154,-0.0613416428880548,-26.716235940561,-3.17579431863177,1.38640978535258,0.1984847368077,0.198515487545941,0.0988930667746274,15.1069303163064,15.1074276519589,11.2505922087443,-0.667411251813635,0.458136671581078,10.1336259252796,-0.629431020561206,0.501006669701258,10.3487680227337,0.139242427453819,0.139241904641359,0.138833995695614,2.57392076112688,5.21183169307334,29497.1274008545,1.21679460462771e-35,1.01074644784554,7.24546085803401e-24,767.332,1,6,0,0,1,0,0
0.165,0.469351067902637,-0.462452641958433,29.9802175511131,8.07613806651157,8.19169792032331,-1.61671984579102,1.34075674755421,12.6520744162582,85.0389250183573,110.693155763597,0.0554955484868821,-0.646475680231325,29.8881469855141,-31.0319058707363,-1.45269447615295,14.2527782222564,-0.413855519415755,-0.184023038272892,-0.0920705655989597,-29.4151860249453,-2.79345122370716,1.6007038059982,0.198513522803393,0.198498226584768,0.0988955372713533,15.0990762959429,15.0976761340014,11.2345716165617,-0.634493514597933,0.474589371152321,10.2853809690471,-0.672179448399743,0.47399618795938,10.332195718129,0.139823576447307,0.139841878168888,0.139405869246345,0.185611349477607,7.51702165278999,29381.5339646197,1.21695330670278e-35,1.00859150578363,7.43008226891987e-24,738.989,1,6,0,0,1,0,0
0.17,0.461243527312761,-0.455695142587204,30.0473672050603,7.98745784731691,8.07662447952292,-1.65771025938248,1.38833356711775,13.9767306753779,118.019797727698,142.883403919075,-0.288355510518369,-0.621457782706008,29.9420271630929,-48.6112925670819,0.578753179687209,16.9928964019918,-0.749599037831131,-0.165762640118803,-0.105340041967425,-46.9535823076994,-0.80958038743054,3.0161657266139,0.198733911324691,0.198725089057571,0.0989676405195913,15.0999933506752,15.0994654962538,11.2390824494422,-0.841652288591889,0.486905731126046,10.3365263452211,-0.694146334264619,0.462251530882399,10.3664293602396,0.139649752087853,0.139642885847944,0.139186774921601,1.19167628581628,17.840703896957,29330.9899258613,1.22679118734771e-35,1.00902001767269,7.36732521239313e-24,723.437,1,6,0,0,1,0,0
0.175,0.452904128058934,-0.448627052102344,30.11740887679,7.88292051989394,7.94689552122452,-1.71209541783186,1.46801332994245,13.8015799096651,145.02897606292,166.38386073689,-0.0166108602067535,-0.556301721602737,30.1375321928488,-27.9320364684253,4.57631815232269,25.6050686500523,-0.469514988265687,-0.107674669500393,0.0201233160587802,-26.2199410505934,3.10830482238024,11.8034887403872,0.199193807684501,0.199175156439748,0.0992121024989505,15.1051264046181,15.1058318585965,11.2532606293319,-0.396723956659597,0.513590366360026,10.5739425011311,-0.801104412149897,0.461525364883385,10.4075846420076,0.139424644842639,0.139435975768987,0.138964734015774,9.98226997888499,8.21145934833299,29265.6771942674,1.24687324012271e-35,1.0069159854294,7.29857234366499e-24,767.283,1,6,0,0,1,0,0
0.18,0.444276370047208,-0.441100156556109,30.1831830506767,7.75823080786339,7.8005265897182,-1.77488636850963,1.57450803103958,12.2866319035709,162.912653091955,178.086541923263,0.0992451822462607,-0.885721692113182,30.376562660927,-19.626682995495,-15.214524805895,30.1834958728436,-0.345031187800948,-0.444621535557073,0.193379610250337,-17.8517966269853,-16.7890328369346,17.8968639692728,0.200716063203743,0.200700187083063,0.100087405921043,15.1363135106551,15.136264248479,11.2802340324253,-0.500151532361472,0.201808915103037,10.7200320654485,-0.697184151349659,0.4750741409063,10.5356636838213,0.138563593291301,0.138585488225429,0.138266286192362,7.65692002842369,13.5249105716838,29058.29133049,1.31145453284216e-35,1.02054652833452,7.04893451722306e-24,758.492,1,6,0,0,1,0,0
0.185,0.435341286349585,-0.433014042954926,30.2386218587289,7.61231440520939,7.6386664744002,-1.83586403163827,1.69372342005712,9.70390889576616,170.206823035853,177.364243186337,0.0585166990424843,-0.835442892768498,30.4512388011678,-21.6536186239169,-10.1963467970625,20.1883821168834,-0.376824587307101,-0.402428849813571,0.212616942438851,-19.8177545922786,-11.8900702171196,10.4844732211172,0.202899284585982,0.202852806463557,0.101397934283379,15.1723496243895,15.1686154432758,11.3091248055552,-0.598234569687377,0.449743073434413,10.5630998881757,-0.646023438018332,0.355721844353703,10.6876324518677,0.137856724577516,0.137876855239444,0.137829755111936,1.40233380484012,13.5483457056695,28671.9801238288,1.41176459381212e-35,1.02307022699051,6.862275141404e-24,757.888,1,6,0,0,1,0,0
0.19,0.426134185926311,-0.424352383408193,30.2792119640979,7.44673975395462,7.46421167823958,-1.88354286218788,1.80595948780268,6.39761750436855,168.554152236381,167.279393385999,0.299087238150149,-0.562774365089835,30.5396841324015,-7.02450138610083,6.60637668155713,12.5429185139546,-0.127046947776162,-0.138421981681642,0.260472168303615,-5.14095852391295,4.80041719375445,6.14530100958601,0.203991521985414,0.20393680117144,0.102100503615212,15.1717998576873,15.1678121532066,11.3071550530697,-0.373479507717192,0.608497254464538,10.682593938108,-0.643852130140966,0.358984633417724,10.7145862381866,0.138265133271499,0.138276516186823,0.138348303602663,7.13910807938574,9.81856041018933,28274.1572977244,1.47668077650328e-35,1.01485566552838,6.9959458056676e-24,728.35,1,6,0,0,1,0,0
0.195,0.416723166692632,-0.415182509030196,30.3022599699797,7.26657349143882,7.28254640567146,-1.91634238743245,1.8972691012137,2.74554846034448,156.181327719458,147.700607845648,0.104183517964343,-0.618003034057249,30.537196723754,-19.3187850432417,2.08065243658443,0.615558861232568,-0.312539648728289,-0.202820525027053,0.234936753774315,-17.4024426558093,0.183383335370727,-2.12998959911192,0.204665571568683,0.204641631103465,0.10249340615581,15.1660985363905,15.1646050775609,11.3116800121824,-0.668295758112757,0.365547556017328,10.6453233262104,-0.548287575993141,0.434619000314049,10.7456075577872,0.138266106169314,0.138286606409193,0.138445631264498,1.51135484623164,12.1687530716082,27990.4723583919,1.52789094690849e-35,1.02279317266811,7.00641273188103e-24,714.083,1,6,0,0,1,0,0
0.2,0.407218285947494,-0.405675889312302,30.3069611626578,7.07733497801025,7.09746909862187,-1.91935584997752,1.93996330554188,-0.880484073359438,140.008224561006,127.182632402841,0.134787163897244,-0.403168495289043,30.3777376380059,-16.8036601091923,13.6801797500904,-15.897966905409,-0.27243112205025,0.00250739402325934,0.070776475348127,-14.8843042592148,11.7402164445486,-15.0174828320495,0.204528786122254,0.204503008041757,0.10242755193998,15.1464416839191,15.1451102236998,11.3136036834314,-0.491558386288214,0.551446862092468,10.4612114906253,-0.593051059976215,0.39881912133575,10.7153678372267,0.138652967164368,0.138662527389296,0.138796068652924,5.11653372053084,7.12265375249912,27866.5870462106,1.54053505032334e-35,1.00801783965369,7.12072850774191e-24,725.562,1,6,0,0,1,0,0
0.205,0.39772596579047,-0.396063313315967,30.2943039552356,6.88567251297513,6.91262318778374,-1.90930581512793,1.93812393517365,-4.14049921027241,119.266857037282,105.874258042869,0.145421235477457,-0.297762984976454,30.291092711009,-15.7192634667427,17.5405832727999,-21.0691402089685,-0.252304730313013,0.0983003283395125,-0.00321124422660718,-13.8099576516148,15.6024593376263,-16.9286409986961,0.202970524893676,0.2029618213868,0.101565884844486,15.1035818005944,15.1035056435483,11.2962433934566,-0.491178192936968,0.480598523821911,10.571381600992,-0.564012765358625,0.452261924150454,10.5819007403849,0.139570195622904,0.139573415575899,0.139635908501177,0.319737801559413,5.60504146478898,27971.3863788101,1.4828620316781e-35,1.01241851746123,7.39892428639284e-24,755.262,1,6,0,0,1,0,0
0.21,0.388306790289805,-0.386578126120754,30.2668320515222,6.69836505895476,6.73076523407504,-1.88808312370145,1.88675605935933,-6.75708338379627,96.6087353734777,86.8709258843404,0.222210615714079,-0.262621224501175,30.1285279392148,-10.8678546617621,17.1267326172089,-26.7942296273901,-0.166096174575726,0.123956901619579,-0.13830411230744,-8.97977153806064,15.2399765578495,-20.0371462435939,0.201598033251468,0.201611485148727,0.100778599902299,15.0818667326845,15.0828147638392,11.2960843531619,-0.421057217435697,0.430638921977388,10.4153552647085,-0.542693055536587,0.471601025006304,10.5010375173893,0.139607069489113,0.139606306096257,0.139599610150521,1.22674957265766,5.32070298611544,28243.6275988336,1.42515058078406e-35,1.01137166382809,7.40251704369775e-24,736.593,1,6,0,0,1,0,0
0.215,0.379003446576872,-0.377454057190567,30.2282872493647,6.52104805753051,6.55336067487075,-1.8612141538113,1.7909068193281,-8.5322322215921,74.162554428748,71.9657486667559,0.291638666848387,-0.214416006314709,30.1368485013825,-6.87991601281277,17.7553430962912,-18.9149322635838,-0.0873647797284854,0.163038050875858,-0.0914387479822379,-5.01870185900148,15.9644362769631,-10.3827000419917,0.199898540423241,0.199924836824458,0.0998506632650586,15.0587237333684,15.0599875043308,11.2823545286453,-0.408649225816885,0.440991718030472,10.5990172135814,-0.49946522829128,0.468757184676108,10.3753733303978,0.140061595373265,0.140070353073908,0.139967808031849,2.99994050327842,2.48111715952344,28588.6289351271,1.34755399989663e-35,1.01269054050684,7.53997379420611e-24,781.606,1,6,0,0,1,0,0
0.22,0.369829939081795,-0.368878718517303,30.1831791541582,6.35853060510955,6.38156766776531,-1.83478373558277,1.66419199155647,-9.35950927480543,52.6768739143121,61.0403871915751,0.190778715477721,-0.402494897943229,30.0626324311169,-13.1515905118463,4.77224548287548,-17.301205387063,-0.179051223604074,-0.0336161794259252,-0.12054672304132,-11.3168067762635,3.10805349131901,-7.94169611225756,0.199481189227607,0.199494475156785,0.0996222913668563,15.0708095514104,15.0712763966498,11.2886373296636,-0.514735710574124,0.257075042697707,10.4030522349206,-0.461916009514769,0.47330219334505,10.3710865836425,0.139449850299934,0.139476119788548,0.139358631897187,2.59985929412095,2.63745016451603,28855.1290310426,1.31833804336005e-35,1.01248868416564,7.34661064539783e-24,747.652,1,6,0,0,1,0,0
0.225,0.360786085818309,-0.360975055536555,30.1363111269959,6.21303460385863,6.21539390586499,-1.80845297558594,1.51912922142912,-9.22918804929479,34.4124691251376,55.1460283530594,0.208520914014456,-0.38588543581517,30.1135781278528,-11.5250316678632,5.53820207533115,-8.14716476720297,-0.152265171803852,-0.0249103802786158,-0.0227329991430679,-9.71657869227728,4.01907285390203,1.08202328209182,0.198982154895001,0.198980223982761,0.0993793589492739,15.0724324362546,15.0720906494376,11.2735028793109,-0.420317451567925,0.396882785083666,10.534558955476,-0.481759858500114,0.398544393025714,10.3174361714387,0.139682814853777,0.139688334810797,0.139562348936486,2.60956950095456,1.0466328019806,29007.7587404171,1.2858952057103e-35,1.01170808567481,7.41529514429577e-24,745.211,1,6,0,0,1,0,0
0.23,0.35186130674591,-0.353783290339181,30.0923068761071,6.08557788700835,6.05501792152914,-1.7867153488924,1.37655793462843,-8.22268345692731,19.6407612259476,53.0482301641243,0.200611013139805,-0.149018628511682,30.040312779004,-11.5891869604624,19.093442844628,-8.85514453583648,-0.151250293606105,0.204764661827499,-0.0519940971030926,-9.80247161156995,17.7168849099995,-0.632461078909172,0.199355456025881,0.199359629464055,0.0995816246025774,15.0910669765728,15.0911288582746,11.2742473649913,-0.424139126838078,0.558826863383032,10.3017213670541,-0.46416425038327,0.395556956955618,10.3552405119585,0.139196807710552,0.139196736344488,0.139083612807353,1.60536562984191,2.33172346307771,29050.1693240679,1.29010114334108e-35,1.00915591656088,7.26206047253304e-24,736.599,1,6,0,0,1,0,0
0.235,0.343038313426608,-0.347258236674194,30.0551779768025,5.97575341649695,5.90064775958063,-1.7676498265367,1.25002947712243,-6.50171957257363,9.49779768158188,53.5789625460164,0.296122109892791,-0.136745504979012,30.0409406234412,-5.50521674473507,17.8053804747406,-4.1293286138291,-0.0469162035338167,0.210512731695182,-0.0142373533612294,-3.73756691819837,16.5553509976182,2.37239095874453,0.199134042153464,0.199153231810938,0.0994358366839655,15.0876047818097,15.0884219170737,11.2560125489606,-0.335628722615225,0.401633298772213,10.38693678742,-0.454189436246537,0.466774029435539,10.3132657973511,0.139633991205654,0.13963255560509,0.139479349729722,1.21515824623666,1.49784496722551,29057.7084652122,1.27437253622759e-35,1.00951559592814,7.39547931650073e-24,731.632,1,6,0,0,1,0,0
0.24,0.334316717971396,-0.341298440880843,30.0279695596221,5.88039824691389,5.75170280614494,-1.74637921879429,1.1487548085332,-4.28804039179765,6.0026138462918,58.6876596641021,0.43421898905472,-0.141129258962829,30.0101916388907,2.40078796791033,15.9620097324938,-2.41835423156717,0.0999022710833244,0.200169181918014,-0.0177779207313662,4.14716718670462,14.8132549239606,1.86968616023048,0.19919756734404,0.199223653186698,0.0994093408461783,15.0919746588674,15.0930456160379,11.2547494869369,-0.279659668274935,0.389128659802656,10.3167191942195,-0.409634509872074,0.462258069394416,10.3285177803707,0.13947755187612,0.139488665608323,0.139275514515358,1.15136165427145,1.50485752434838,29081.1809647414,1.27177738029994e-35,1.01154694241917,7.3421392156665e-24,725.07,1,6,0,0,1,0,0
0.245,0.325686232060581,-0.335748408208528,30.0125275177884,5.79579478073971,5.60661983113411,-1.73170451532253,1.08530484722997,-1.83623720375874,8.23336527445176,65.3956459947289,0.541875977000939,-0.248463457728718,29.8690602154915,7.75112777528973,8.49586841527503,-6.41906220928643,0.216189744940358,0.0872849504798106,-0.143467302296831,9.48283229061226,7.41056356804506,-4.58282500552769,0.199086303819903,0.199158745981629,0.0993306295748248,15.0894693476425,15.0927482969991,11.2525942625045,-0.269757701171572,0.305305598269638,10.1266652744967,-0.351069722353653,0.452559441100522,10.3262395118238,0.139608875008024,0.139601078742913,0.139339575956043,3.51998815683923,3.65894825634024,29106.6392470025,1.26514319499193e-35,1.01394634044491,7.37451271626211e-24,742.261,1,6,0,0,1,0,0
0.25,0.317115797495664,-0.330423401710105,30.0093922415761,5.71784804879966,5.46570425440684,-1.72301336543009,1.05879328786021,0.592906863164365,16.6232909042267,73.7263535527243,0.377920488624938,-0.254312881619879,29.8394384294662,-3.23902336149125,7.98716380684017,-0.971180630767633,0.0608046911292742,0.076110520090226,-0.169953812109918,-1.51600999606116,6.92837051897996,-1.564087493932,0.198151358713995,0.198231745499112,0.0987843805584972,15.069510132299,15.0730362591817,11.2356362273844,-0.458565554163686,0.368994193321666,10.2458356665124,-0.300282800603555,0.406728251891217,10.2496518887664,0.140237298131436,0.140248977307926,0.139877196153512,1.34674207938835,4.05070164447022,29224.1706340456,1.22625015486945e-35,1.01484129207019,7.5683218220415e-24,739.429,1,6,0,0,1,0,0
0.255,0.308581795806055,-0.325150958788132,30.0178474809211,5.64155603497497,5.32652493839651,-1.7179278853041,1.06519002887767,2.75995645518099,30.4736767704898,83.6046108755319,0.352054792598909,-0.226148785652813,29.9512155916572,-4.42859415112712,9.49338663385582,10.7859929208,0.0434729967928536,0.0990021731353193,-0.0666318892638858,-2.71066626582302,8.42819660497815,8.02603646561905,0.197708523405054,0.197806403358924,0.0984885597561312,15.0686482889629,15.0725054045117,11.2381270049179,-0.355442844194139,0.388585523063904,10.427577697689,-0.343880784139004,0.395845541197093,10.2432766618843,0.140057972909857,0.140039775251861,0.139543542511962,1.75352305722815,2.43925534316124,29386.7217677842,1.20490193164791e-35,1.00928456954153,7.49090311078795e-24,721.785,1,6,0,0,1,0,0
0.26,0.300054386647407,-0.3197818567644,30.0360843107428,5.5623674441719,5.18710220706792,-1.72126574799466,1.09905039362525,4.47195874487737,48.1494999624247,93.948962975839,0.16174638094387,-0.174198481963282,30.0423322566589,-15.1648219746717,12.1671657239984,15.9350917918609,-0.138308005703537,0.145583374801118,0.00624794591612757,-13.443556226677,11.0681153303731,11.4631330469835,0.198530663476958,0.198616590038849,0.0989188812271068,15.0966619366965,15.0996799741928,11.2588561027978,-0.475751477878317,0.401594494695755,10.3873275761222,-0.342205933922509,0.397610873289858,10.333684485827,0.139249305793412,0.13925273166502,0.138806565180152,1.07055341899672,2.64133282567237,29401.3427068896,1.23016543602014e-35,1.00731440344837,7.24456258200295e-24,752.694,1,6,0,0,1,0,0
0.265,0.291486831531396,-0.314199457959826,30.0614770026671,5.47626319438042,5.04534670133452,-1.73490264997403,1.15252796961912,5.59803360905618,66.9473025196161,103.181557583768,0.00683909728754019,-0.229828384338413,30.0623961578576,-22.4747370394487,8.15386746493772,14.0718407290558,-0.284647734243856,0.0843710736214129,0.000919155190477056,-20.7398343894746,7.0013394953186,8.47380711999964,0.199602241393649,0.199673055792687,0.0995320114292671,15.1190841052659,15.121438884289,11.266027984112,-0.456725294110703,0.315713829501435,10.308599503706,-0.395706569893929,0.407511385867629,10.4038071692708,0.139001613955825,0.139003679362696,0.138669616412613,1.10144874981047,3.15844588045206,29240.4339084499,1.26927922353286e-35,1.0056389203827,7.17883768136546e-24,717.799,1,6,0,0,1,0,0
0.27,0.282835134476633,-0.308329734921929,30.0909169357043,5.3807460962559,4.89967594289214,-1.75578103483543,1.21610125369232,6.07747834502729,84.1426031141444,110.838213843753,0.0206950307701493,-0.261634040205814,30.1068713442371,-19.1301501583318,6.08858008428789,13.5418851018327,-0.262140103706483,0.0466956947161146,0.0159544085328936,-17.3743691234964,4.87247883059558,7.4644067568054,0.200211032530457,0.200184796003856,0.0998424416626538,15.1242052197201,15.1225066847366,11.2595576390831,-0.336536723662009,0.323666696419012,10.3837439902466,-0.435382538130911,0.380661581616175,10.4225342944817,0.139178889135851,0.139235728855632,0.138947775560428,0.750332397629308,2.34409344702349,29055.1852397241,1.29391084245099e-35,1.00623064451255,7.25018358116618e-24,773.649,1,6,0,0,1,0,0
0.275,0.274070286007721,-0.302145768030201,30.1211660896121,5.27488213465391,4.74904382488184,-1.78088902884406,1.28013731012695,5.91949640810239,97.3037687561879,116.211517784505,0.23969124996438,0.00178318131933817,30.1990073234553,-4.43510972115676,21.567102340673,14.7600394423085,-0.0343790360433412,0.30392894934954,0.0778412338432247,-2.6542206923127,20.286965030546,8.84054303420612,0.200656454852358,0.2006497860353,0.100072137782356,15.1246001546315,15.1245461805111,11.2626782817159,-0.172664291812069,0.543982607975444,10.4930410623188,-0.417481710686084,0.361944846564602,10.4543968061952,0.139165593594427,0.139153414455491,0.138907161038578,4.88156363196627,3.22489947828066,28910.6620460724,1.3176110797121e-35,1.00904226838434,7.23591320862653e-24,736.249,1,6,0,0,1,0,0
0.28,0.26518174699476,-0.295664077752389,30.1491903772469,5.15936829585248,4.59324693881527,-1.80576292281343,1.33663422942975,5.1955455463122,104.669496441059,118.627930204159,0.133524591153208,-0.318519749886701,30.1913517966179,-10.779976280644,0.893008421173878,8.64051213669966,-0.131657155841552,-0.0228556721343121,0.0421614193709223,-8.97421335783061,-0.443625808255876,3.44496659038746,0.201368455633138,0.201373396786627,0.100473267768086,15.1325589359999,15.1328223259501,11.2775849729974,-0.392559440855162,0.109695371047526,10.3844753574187,-0.330577850484075,0.442394388924647,10.514837451118,0.138846302339508,0.138861198205836,0.138659805171149,6.80735681974297,0.656171199831518,28764.8299480609,1.35414861891072e-35,1.01684687959362,7.14664266910289e-24,821.649,1,6,0,0,1,0,0
0.285,0.256185267407684,-0.288936005803371,30.1724391519549,5.03605722683004,4.43277811538916,-1.8242819548565,1.37952311320231,4.02575410665326,106.10829464863,118.203958010464,0.190017064063163,-0.0243861207966166,30.2912076100515,-6.68459188776679,18.8627382280492,9.77261401694411,-0.0661682033445204,0.264549885006754,0.118768458096545,-4.86030993291029,17.4832151148468,5.74685991029085,0.201428756863912,0.201422102067806,0.100542899610562,15.1236773870201,15.1233004447909,11.2763469049778,-0.267652796944203,0.551577549883482,10.5898848163219,-0.351843655127344,0.325137813462117,10.5028278976711,0.139180607644053,0.139184371257826,0.138998019342128,3.41419321708912,3.27090402374333,28654.6969045041,1.36485294089974e-35,1.01401474568052,7.24995714960987e-24,730.02,1,6,0,0,1,0,0
0.29,0.247120951287929,-0.282029483200391,30.1890493096144,4.90733205971283,4.26881140698105,-1.83280753072864,1.40825371948917,2.56261856646001,102.819765742725,115.50058526148,0.157094750078088,-0.00680695577560619,30.2567836700103,-8.30145664326655,18.2782602212414,1.79847802911599,-0.0900262012098412,0.275222527424785,0.0677343603958658,-6.46864911253791,16.8700065017522,-0.764140537344016,0.202022804378173,0.202027389140077,0.100892277565682,15.1319329096361,15.1320532465867,11.2926234905616,-0.316409945059021,0.354670971842785,10.4295909023543,-0.319485720781373,0.413798579153413,10.5595564873745,0.138736546590186,0.138738459520068,0.138619091198059,1.06029005668446,2.69781504328923,28557.0411922697,1.39739566062151e-35,1.00915873195048,7.11889978583908e-24,749.207,1,6,0,0,1,0,0
0.295,0.238039710936258,-0.275001884915575,30.1979621448705,4.7763989315203,4.10403978835927,-1.83056802578312,1.42765197899899,0.9727259754491,94.2396238022715,108.305371686533,0.305511430449674,0.0899281366234512,30.3564371131906,0.914823586992781,22.5147786624122,3.59193966689642,0.0674717195134166,0.364930021539026,0.158474968320083,2.7453916127759,21.0871266834132,2.61921369144732,0.201854564033228,0.201844708864212,0.100835619730536,15.1204539548319,15.1199031389042,11.2870029469929,-0.171372365408228,0.412563842295321,10.6689555913567,-0.316023056204568,0.408716462470478,10.5247988576104,0.139162052465368,0.139177390767593,0.139080017356253,2.14895021402266,6.18814873511338,28494.4049248463,1.3971319964915e-35,1.00643090990907,7.25611536940943e-24,741.414,1,6,0,0,1,0,0
0.3,0.229026293455916,-0.267911007603442,30.1989481885883,4.64516939702846,3.94069243733153,-1.80482149341471,1.43292554906002,-0.581516119259331,85.4975119855037,100.720964082666,0.138513010956844,-0.1752534918048,30.243101234373,-9.26902520678251,5.36371799744953,-7.81466312915707,-0.0905132824990728,0.0926575157986418,0.0441530457847769,-7.4642037133678,3.93079244838951,-7.23314700989774,0.202327955342094,0.202354297148349,0.101148445367819,15.1276700513161,15.128785673823,11.3031182311914,-0.380037168178585,0.135931848873692,10.3686815806857,-0.252414202317003,0.428158908530872,10.5812752665522,0.138674131770884,0.138667267565621,0.138640016537745,7.62903708289492,1.56359049365288,28431.6671374209,1.42423432317462e-35,1.01062138075437,7.10728834149211e-24,747.286,1,6,0,0,1,0,0
0.305,0.220175975603495,-0.260794913763239,30.1925536344733,4.51441857803131,3.78066538108063,-1.76422556193942,1.43705201053379,-1.95477047190624,77.5490677637777,92.4047850193479,0.138389982844617,-0.269254374062887,30.1957574307262,-8.32562180578693,0.37065398194556,-10.5698071927114,-0.0817859927588779,-0.008459460299648,0.00320379625290065,-6.56139624384751,-1.06639802858823,-8.61503672080515,0.201595179360104,0.201581465111076,0.100757673467112,15.1059109864933,15.1052187532901,11.2837187983336,-0.256959892268392,0.233438036152256,10.4809497434069,-0.292887610646751,0.327060896618867,10.4927786800754,0.139454428142184,0.13947290889348,0.13944373017288,0.525000420911408,0.969465455943759,28439.1179698485,1.39672463190229e-35,1.01338728562175,7.35568525538019e-24,741.548,1,6,0,0,1,0,0
0.31,0.211552024329555,-0.25364350443492,30.1799809329947,4.38432640607979,3.62585352319764,-1.71299611688895,1.44650927569908,-3.03199629080941,71.2179229539981,83.4484231755186,0.202511355528695,-0.300468285263231,30.0378399878184,-3.79796273554418,-0.610268719813093,-17.2407449047336,-0.00904066880086021,-0.0468247808283115,-0.142140945176263,-2.08496661865523,-2.05677799551217,-14.2087486139242,0.200891928751801,0.200848333161383,0.100342968244902,15.0932228161762,15.0913981955142,11.2794379049924,-0.194562923744063,0.254726140409116,10.2908191529813,-0.279141993894144,0.282881215365596,10.4519816333128,0.139506014470769,0.139520799118242,0.139429223646831,1.74965792972227,2.57078969661406,28559.640540451,1.36752742908147e-35,1.01133681551117,7.36474600277063e-24,733.741,1,6,0,0,1,0,0
0.315,0.203203761648741,-0.246429236958025,30.1629163223865,4.25433953892668,3.47748954793203,-1.65259415540205,1.46193209230824,-3.73632106953229,67.882391650232,75.3620408186149,0.329689230556698,-0.231716206336777,29.9584728967612,3.91885482637277,4.09262378862307,-14.8944591192105,0.126485468907958,0.0147130306212478,-0.204443425625273,5.57144898177482,2.63069169631483,-11.1581380496782,0.199443848330324,0.199454986308984,0.0995505327429772,15.0664867048876,15.0673761435078,11.2621716434324,-0.129511763129194,0.314749542550607,10.3518352337918,-0.242809527212156,0.258815782475604,10.3390448519902,0.140146330314629,0.140116344073725,0.139931088512402,0.820889799518318,4.67665956380211,28784.8066871377,1.30633764985084e-35,1.01006513810855,7.55021845283782e-24,725.354,1,6,0,0,1,0,0
0.32,0.19516374191582,-0.239121467880421,30.1433292692208,4.12363797034444,3.33616786197932,-1.58837678450704,1.48398457088817,-4.03231179644342,67.3991371244468,68.499043674872,0.493176043620299,-0.434306600107046,29.9214736410212,12.9925820960627,-7.94118579662649,-9.35113853538302,0.298012301704479,-0.195185132226625,-0.221855628199596,14.5809588805698,-9.42517036751466,-5.3188267389396,0.198465064898095,0.198475476750219,0.0989786407311041,15.0598620898959,15.0605789173016,11.2581796834014,-0.0755790669598911,0.0958006140544782,10.3473075844,-0.186280076219517,0.26961843039932,10.2819888114267,0.140044819766441,0.140063625930379,0.139767539107137,2.37962810365237,8.62343598090801,29061.5661152482,1.25954278343895e-35,1.01096665815697,7.51599105873877e-24,717.318,1,6,0,0,1,0,0
0.325,0.187442723518775,-0.231696346443536,30.1232641742764,3.99157254910951,3.20195045114451,-1.52378298365057,1.50924540407012,-3.92574714341702,69.3632440456936,63.2965735518027,0.445908520417498,-0.33500613363068,29.9885056817408,8.78574567286356,-0.872130808176485,0.849517904531287,0.258465796898723,-0.103309787187144,-0.13475849253558,10.3095286565141,-2.3813762122466,4.7752650479483,0.198020901514014,0.198057839979002,0.0987510949390963,15.0647309788278,15.0665301471349,11.2585128902025,-0.212413280888894,0.300704233914037,10.4318571379164,-0.118312362356223,0.188279588772267,10.2595854498906,0.139867696453932,0.139866655483902,0.139551612139058,2.63820040743308,5.56022636894524,29270.7649338764,1.23264791607105e-35,1.01351772806662,7.45273286529455e-24,717.141,1,6,0,0,1,0,0
0.33,0.180037353100134,-0.224151143627662,30.1046437185584,3.85789901839549,3.07451295045761,-1.4610620860946,1.53257821405378,-3.45920144889574,72.8398976746526,59.740353946909,0.194426662025484,-0.453384357537845,30.105945369298,-6.65961042674195,-7.81479656396144,9.6716849197184,0.0143893089253505,-0.229233213910182,0.00130165073958591,-5.19854834064735,-9.34737477801522,13.1308863686141,0.198540284416289,0.198600958950789,0.0990562648221042,15.0882021792461,15.0908572869723,11.2654999889018,-0.361816843796938,0.123439585377603,10.474817979495,-0.124788157542993,0.211338873004624,10.305328128054,0.1393316685219,0.139321831847466,0.139015204445248,4.78555982881616,3.65155051708193,29315.81881215,1.24324520594522e-35,1.00555318581947,7.28218187906349e-24,726.714,1,6,0,0,1,0,0
0.335,0.172937553261937,-0.216511238883851,30.0891003748973,3.72297141597124,2.95336673950071,-1.40065633255287,1.5477229710866,-2.70525875308821,76.845045829281,57.6939125050288,0.0627200669405992,-0.388664170047641,30.1685880836545,-12.9400120694124,-3.20025101642982,10.9044499703846,-0.110217486321338,-0.17215293116379,0.079487708757188,-11.5393557368595,-4.74797398751642,13.6097087234728,0.199752798772515,0.199788023813274,0.0997271280728023,15.1182507711229,15.1188638411441,11.2731425959918,-0.279151030748206,0.24296134012239,10.4040108068781,-0.201644327093562,0.161111638629276,10.3866673620951,0.138835654467675,0.138840786364644,0.138618469444367,0.674515029074065,3.20159045645498,29170.2478467944,1.28435822296279e-35,1.00768304851408,7.13958622960052e-24,747.207,1,6,0,0,1,0,0
0.34,0.166133383245879,-0.208830963344717,30.0778487965299,3.58757331462782,2.83787675002365,-1.34204929338306,1.54921117189124,-1.75706788416773,80.6337943155748,56.9734564806565,-0.0881705422221331,-0.248719110235031,30.1636012268019,-19.7421881094665,5.02058825326452,6.97927157548814,-0.254303925468012,-0.0398881468903141,0.0857524302719445,-18.4001388160835,3.47137708137328,8.73633945965586,0.200716205226262,0.200738136109253,0.100246009377909,15.1313291359122,15.1315603950578,11.2707463921265,-0.30396787081278,0.293636650484181,10.3347063570778,-0.23724674868927,0.172877519432575,10.4329300025072,0.138861055591183,0.138864910653242,0.138714231596005,1.49177554114765,3.05810180817393,28943.8521207644,1.32310999881693e-35,1.00569945590295,7.15459341286732e-24,729.153,1,6,0,0,1,0,0
0.345,0.159613963052672,-0.201184683939823,30.0716075154154,3.45293432788405,2.7275417935036,-1.28608216081181,1.5343506491573,-0.718228203670107,82.7261048621187,56.6085683080981,0.228353003497726,-0.167402053691286,30.2110159304215,1.42510431383961,8.69346901096137,7.0392209504651,0.0687390404450548,0.0337826302485361,0.139408415006009,2.71118647465141,7.15911836180408,7.7574491541352,0.20098104068454,0.200930120234061,0.100350888212381,15.1244944119254,15.1221240055873,11.2638190427728,0.0436283736654505,0.253727141275034,10.4560715316067,-0.279377485385893,0.209880199351094,10.4345166989651,0.139187826267189,0.139235335572936,0.139025911065665,5.50924561496356,2.39718351936174,28778.5697138282,1.33808954046395e-35,1.0074887822544,7.25918524444778e-24,751.323,1,6,0,0,1,0,0
0.35,0.153368227021018,-0.193661301164598,30.0705721617681,3.32113361646695,2.62228994408994,-1.23190849821783,1.49986166142723,0.307519052370288,81.8190636311376,55.7566610860845,0.12966266438987,-0.00241127053885687,30.2386029429261,-4.64875096630497,16.9037783933201,4.7880259954488,-0.0237055626311489,0.191250030625741,0.168030781157961,-3.41684246808713,15.4039167318929,4.48050694307851,0.201320975545684,0.201306065526203,0.100506576865447,15.1239364997403,15.1238672331876,11.2731528126909,-0.246932292335782,0.322113622554876,10.4607404594016,-0.164979402068259,0.227579447285565,10.475780280744,0.139018882966982,0.139019817981371,0.138874366010804,0.82105309615902,4.10263791409424,28680.4771843263,1.35929276136353e-35,1.01553509395899,7.20310674026373e-24,737.093,1,6,0,0,1,0,0
0.355,0.147389940043459,-0.186368216700758,30.0744377901177,3.19438009094622,2.52195704420357,-1.17841080560805,1.44154881605425,1.22543796491515,78.5385141547384,54.7592331044945,0.21440105941183,0.125212241302649,30.1986905036971,0.852731970290851,22.0901845814247,-0.954410347730794,0.067011119368371,0.311580458003407,0.124252713579416,2.0311427758989,20.6486357653705,-2.17984831264594,0.201579458027435,0.201530303631134,0.100626610985351,15.1237956995332,15.1219284444892,11.2818386276999,-0.1044844054345,0.307053352798785,10.4020911827303,-0.19010850255077,0.272949239896592,10.4996785792512,0.139003551399681,0.139032602308688,0.138879725731364,0.937000721542962,4.85637376297211,28618.1316389537,1.37567085343756e-35,1.0087415724386,7.20369095342188e-24,755.812,1,6,0,0,1,0,0
0.36,0.141666245296499,-0.1794153510774,30.082464528925,3.07454259112105,2.4260752022539,-1.12938833092657,1.36263125848312,1.95780734540022,73.204294862227,53.695710406155,0.167246925986583,0.0138072365119362,30.1823618941431,-2.0101784463352,13.0071967901262,-3.22998940328507,0.0255806806900837,0.193222587589337,0.0998973652180414,-0.880790115408632,11.6445655316431,-5.18779674868529,0.201236469359686,0.201228224420856,0.100476028385497,15.1093528956786,15.1093038159537,11.2793390588757,-0.192613595099902,0.134216664125406,10.4581937678504,-0.153179480411864,0.306167943766623,10.479595829341,0.139351675937819,0.139335209669361,0.139199075683348,1.62581834848192,3.04531885812601,28605.1854044431,1.36794926685857e-35,1.00874688534083,7.30484618601373e-24,715.003,1,6,0,0,1,0,0
0.365,0.136161858046129,-0.172888368728588,30.0935774567384,2.96281061763397,2.33368777402404,-1.09008932077723,1.26969323028959,2.44947795395979,66.4702016520542,52.9898262770994,0.262646101209335,0.0257445501375456,30.1533621582629,3.88308490103944,12.5569273024899,-5.32228811149542,0.126484243163205,0.198632918866133,0.0597847015245574,4.97317422181666,11.2872340722003,-7.77176606545521,0.200894839164757,0.200893055883593,0.100307396370257,15.1008064701062,15.100929030541,11.2796885066852,-0.078621685800589,0.218242696754031,10.4539302280106,-0.160874161498994,0.259535589407536,10.4720961203755,0.139368924299235,0.139370506121878,0.139207253626293,0.453698256561576,2.96831899139502,28646.549936894,1.35712422380791e-35,1.00754725284481,7.31125248019808e-24,735.863,1,6,0,0,1,0,0
0.37,0.13081386101552,-0.166832317633063,30.1064883076507,2.8601502607537,2.24365800521357,-1.06639492292071,1.17251596756285,2.67097105204441,58.2639518507608,52.4935128266504,0.12700567734553,-0.121173223896426,30.0463287989873,-4.37936372423261,3.00515879646488,-10.3326165515186,-0.00380818366999019,0.0456590937366364,-0.0601595086633551,-3.3129688013119,1.83264282890203,-13.003587603563,0.20051223451203,0.200519865482527,0.100120334724437,15.0939381378737,15.0944697091155,11.2781202100137,-0.238053330224311,0.0918116978229305,10.3249608702919,-0.120441000446268,0.255039422955664,10.4560103480152,0.139430072807395,0.139434894201801,0.139281206440758,2.9679583491249,1.49850340655197,28718.3176743813,1.34216319907563e-35,1.00882282741501,7.33217913039276e-24,726.004,1,6,0,0,1,0,0
0.375,0.12554298442225,-0.161253907971664,30.1198257465954,2.76675167948451,2.15449119643304,-1.0590296011294,1.0768008057376,2.61878823025412,49.8543940390655,52.8753082336847,-0.0709397485561077,-0.299267692121351,30.0777228844249,-15.1825600830805,-7.17690243944989,-4.81120454107792,-0.196482732978358,-0.138013784149687,-0.0421028621705524,-14.123530481951,-8.25370324518749,-7.42999277133204,0.199602750874596,0.199590257737454,0.0996126274556809,15.0773506386362,15.0768283663817,11.2629792344128,-0.295386383631876,0.0476790507204264,10.5090175722383,-0.156726247332219,0.196749498199008,10.3827336649587,0.13987989945308,0.139889511217126,0.139681255119858,2.92644594763011,1.98713619530706,28849.1577722938,1.30291452955409e-35,1.00970636165931,7.47047163710105e-24,741.838,1,6,0,0,1,0,0
0.38,0.120270213256535,-0.156127622259017,30.1322638850533,2.68194980013272,2.06453586512022,-1.06721055996415,0.989915871403183,2.31441118960689,42.4227490104272,54.5415282525068,-0.243301120425203,-0.158395373586847,30.0379366407129,-23.2773553419208,2.41244792374952,-5.01703576639992,-0.363571333681738,-0.00226775132782965,-0.0943272443403795,-22.2101447819566,1.42253205234634,-7.33144695600681,0.19952023523472,0.199535238863743,0.0995579581439468,15.0840356831724,15.0848716988474,11.2708787770037,-0.290660559377774,0.266033574743769,10.3743303781281,-0.215347526041283,0.128272096343193,10.4021033039072,0.13943212088352,0.139403837502335,0.139204758906174,1.30657418970628,4.33222453528638,28964.654944879,1.29561106104619e-35,1.01084326477924,7.32101963792792e-24,742.097,1,6,0,0,1,0,0
0.385,0.114927122115893,-0.151392573911462,30.1426400016303,2.60424116615273,1.97222148499238,-1.08747510481434,0.91881005985973,1.80103899130882,36.8237421598725,57.4187438098747,-0.139549726709491,-0.147200460365419,30.021248610724,-14.4623766561188,2.94343395612097,-3.0330674764401,-0.254476848825383,0.00419211354604342,-0.121391390906282,-13.3749015513045,2.02462389626124,-4.83410646774892,0.199257860553186,0.199292274194104,0.0994416875635522,15.0817372617832,15.083907494341,11.2647171320002,-0.0927431923341693,0.167458694178351,10.3836833584642,-0.264828402590646,0.168034268231892,10.3709527483773,0.139610385280838,0.139600483160235,0.139365758186219,1.52790963401211,3.21035346657283,29028.2144906792,1.28120489480979e-35,1.00421379103867,7.37769703981688e-24,737.349,1,6,0,0,1,0,0
0.39,0.109469553608007,-0.146959409786674,30.1500517426659,2.53171615817627,1.87668523987537,-1.11348570770558,0.868040774784975,1.13872356359843,33.4912067721221,60.6944272400598,-0.123511237005661,-0.14348198819427,30.0740380318387,-12.2208068525584,2.91805353676643,2.3584582266837,-0.232980790613668,0.00347742159240394,-0.0760137108271712,-11.1073211448528,2.05001276198146,1.21973466308527,0.199164875641398,0.199201888814171,0.0993662459449953,15.0854761637642,15.0873484452905,11.2594529167232,-0.152523607583754,0.156122285522322,10.4625665178621,-0.220703528884293,0.164326468505688,10.3556985472413,0.139552210961407,0.139556166232501,0.139334875562298,0.827186975772179,2.3405843213439,29079.4958119415,1.27276572699468e-35,1.00956194395374,7.36346829270269e-24,720.53,1,6,0,0,1,0,0
0.395,0.10389352184131,-0.142727079275121,30.153927496137,2.46183751519993,1.77754667012087,-1.13539068853177,0.837808068193258,0.398593854049652,33.0844914898493,64.3847430796928,-0.108926499228245,-0.0160181854919549,30.1022068744256,-10.4764534449041,10.1463788291486,4.05122013489143,-0.212820021069556,0.126708893783167,-0.0517206217114478,-9.34106275637233,9.30857076095531,3.65262628084178,0.199633552388832,0.199641475054444,0.0995817848967208,15.1012600636909,15.1015039177591,11.2654489555749,-0.147693535569959,0.247084759708083,10.4117295270687,-0.206712886882362,0.158585168644032,10.3866779640983,0.139193788806269,0.139218297740369,0.139003837793661,0.615409788921996,2.37171198475189,29074.4930948279,1.28664128983019e-35,1.01056915221255,7.25562388757672e-24,749.082,1,6,0,0,1,0,0
0.4,0.0982323350307926,-0.138593715638354,30.1540660855981,2.39259837879057,1.67583301949887,-1.14794074198524,0.828218740659163,-0.343538907109555,34.4932549824958,66.1649118053627,0.112385071838769,0.0543268638899408,30.1371896132281,3.12801348055338,13.1216254007707,5.20514162967936,0.0141527368079766,0.192920579528294,-0.0168764723700587,4.27595422253862,12.2934066601115,5.54868053678892,0.200059406938238,0.199989701698582,0.0998084026125412,15.1097937886084,15.1065323593515,11.2663015696424,0.0197932266499028,0.210397981635089,10.4240595295429,-0.193897615475039,0.195291825490002,10.4003462901576,0.139184292595243,0.139240014700162,0.138993793643751,2.39540743255041,1.52316029983684,29005.2018796798,1.30121508004784e-35,1.01069269652626,7.25584921254788e-24,731.695,1,6,0,0,1,0,0
0.405,0.0925588260451226,-0.134476150626264,30.1506419326266,2.32224877434607,1.57326647230852,-1.14039074999948,0.831595952085446,-1.01449631038707,37.4543057185057,65.8375808962631,0.16135570811826,0.0798592607012033,30.2070256298006,4.92999390140014,13.2294500671173,7.1331312552999,0.0687968820731375,0.214335411327467,0.0563836971739749,6.07038465139962,12.3978541150319,8.14762756568697,0.200474209503462,0.200411830532124,0.100036464673714,15.1156682073577,15.1131204813647,11.2683230366681,-0.0869959964786218,0.181025942297343,10.4892741492756,-0.111339946393393,0.212654406080128,10.4203805358681,0.139116728063202,0.139133106841561,0.138961464539055,0.326968090865097,1.91095017077861,28904.7990767988,1.31918094323855e-35,1.01559621666533,7.23407374250838e-24,801.161,1,6,0,0,1,0,0
0.41,0.0869794442053908,-0.130325201943816,30.1441762765475,2.24992420429577,1.4724319118205,-1.10992167622293,0.841887122898519,-1.54987705789765,40.893016138869,62.7752194116868,0.184157547664049,0.2121702465073,30.2820473138768,5.22672018941423,19.7403299008085,7.42790882644218,0.0971781034586582,0.342495448451116,0.13787103732928,6.33664186563716,18.89844277791,8.97778588433983,0.201116107647643,0.20104974738535,0.100387229584297,15.125756866409,15.1231531443928,11.2775037993253,-0.090820056914901,0.266518493336818,10.5254625446282,-0.0880133431450678,0.215170621297196,10.4634116139781,0.138889206683743,0.138908082915334,0.138761148058567,0.337279955862408,5.11792474225662,28787.9538424015,1.34828125520009e-35,1.01025023957193,7.16666167385468e-24,741.586,1,6,0,0,1,0,0
0.415,0.0816067455152309,-0.126124252069895,30.1354767193871,2.17553769954978,1.37597148644434,-1.05687692922927,0.851964662600123,-1.90049605346151,43.8994628054481,57.1217153302551,0.370894046286379,0.279234488296335,30.2406333989842,15.301026182492,21.8004783868788,0.150700582124519,0.289287300771148,0.405358740366229,0.105156679597134,16.3579031117212,20.9485137242787,2.05119663558603,0.201803308279533,0.201763125438349,0.100800530419026,15.1333334619196,15.1317900251327,11.2878419953048,0.053503222132195,0.23021637269001,10.3915081785373,-0.0739561431144907,0.253547957542174,10.5108362935887,0.138748464607561,0.138741001833618,0.138648510098178,1.61749984964515,7.44396844906851,28637.8879437718,1.38290194095244e-35,1.00623961417718,7.12348399701634e-24,745.466,1,6,0,0,1,0,0
0.42,0.0765400807343149,-0.121886324986237,30.1255484280013,2.09976212163969,1.2861547004326,-0.986263031105055,0.856967633403886,-2.03718754983454,45.8883334324656,49.7251572793644,0.217931741194642,0.241194436287634,30.2169713455269,4.57325583719942,17.7581623566634,-3.46485524273493,0.141391660460327,0.363080761273871,0.0914229175256326,5.55951886830447,16.9011947232595,-1.42766769290039,0.201622328631827,0.201631978438664,0.100755970295033,15.1182452353671,15.1189245778297,11.2812241487943,-0.180556419623631,0.157145200497432,10.4350589865324,-0.0040347330185777,0.270654389402891,10.4835849037783,0.139215606439894,0.139203291671529,0.139130957177659,2.39085881895321,5.24768592573795,28550.1193347267,1.38342292858597e-35,1.00931393571576,7.26964551436115e-24,743.965,1,6,0,0,1,0,0
0.425,0.0718443282669462,-0.117640886603658,30.1154860109799,2.02361576278925,1.20445311910091,-0.907005750500412,0.855097073629984,-1.95365994233279,46.3707997477273,41.3476526016782,0.268457942318506,0.0811839143435339,30.1419381669869,7.36598376369742,7.37428523971102,-8.2451710036743,0.19661361405156,0.198824800947192,0.0264521560070403,8.27298951419784,6.51918816608104,-6.29151106134152,0.201285556203819,0.201271806134467,0.100554104573871,15.1076771991967,15.1068002261873,11.2794316813932,-0.0254922344595193,0.0601425692906953,10.3708292080344,-0.0484756598805848,0.252544448765605,10.4647397425649,0.139320494979974,0.139337693685656,0.13919966098736,2.39477338869333,2.97262874513483,28562.9733606446,1.37393360299757e-35,1.00670838822141,7.30195554851782e-24,721.1,1,6,0,0,1,0,0
0.43,0.0675422609295013,-0.113420419252959,30.1063559908494,1.94818147206439,1.13133313104457,-0.827202104418487,0.846920508856381,-1.66736359628761,45.4658625514856,33.2907013778984,0.32771267363049,-0.0537776527931631,30.0997381194841,10.4450514433148,-0.196457839175615,-8.63945671182298,0.260170412700988,0.0596427664597962,-0.00661787136526162,11.2722535477333,-1.043378348032,-6.97209311553536,0.200557146449427,0.200526651438529,0.100132569246497,15.0923653060827,15.0911393468128,11.272913089696,-0.00668392268709457,0.0598718762658585,10.4121121322048,-0.0241407156001183,0.193296839177301,10.4149929850705,0.139623582034968,0.139636961552228,0.139463569683612,0.929352673239038,2.59736333131506,28666.0658095935,1.34528799325938e-35,1.01202945691239,7.39307339463208e-24,754.112,1,6,0,0,1,0,0
0.435,0.0636173914868925,-0.109249226654518,30.0990827521794,1.87427792077283,1.06624055219547,-0.754651371124749,0.835186441420943,-1.21723685238033,43.7753451445036,26.7594968569158,0.236949834456487,0.0706113789008335,30.0855256419176,4.52616294718227,8.17922206998409,-6.68590031755885,0.173332442969594,0.179860605555351,-0.0135571102618144,5.28081431830702,7.34403562856314,-5.46866346517851,0.19994368593841,0.199943875836376,0.0998028057383021,15.0838870454157,15.0844787533457,11.272377521179,-0.109695321205157,0.239804001184642,10.4302649366908,0.00265089161152561,0.141785224308464,10.3893052441844,0.139640872302857,0.139623475615919,0.13942110032234,1.22959072194335,2.16861994146629,28804.7699363015,1.31935101234568e-35,1.0121022245123,7.38897503850877e-24,741.556,1,6,0,0,1,0,0
0.44,0.0600196854630075,-0.105134580065923,30.0943508811664,1.80221721598447,1.00784926279849,-0.695125907453276,0.82404360625287,-0.659452368902515,41.85120523446,22.3933434344502,0.210796627175264,-0.17439098975879,30.0176688466266,3.25546532285252,-6.33574192987637,-7.7127679633753,0.150776941712257,-0.0692564096928677,-0.0766820345397719,3.9505912303058,-7.15978553612924,-7.05331559447279,0.199680177257779,0.199671881661174,0.0996584881959641,15.0859871417344,15.0857513773876,11.2729812450695,-0.0591206595301259,-0.0453149240083343,10.3244952449188,-0.0219956526087759,0.17770300387116,10.3817124689716,0.13950880065081,0.139514647393655,0.139289106100553,2.79575784189087,1.7286013697058,28916.6006399485,1.30431614071479e-35,1.00390810233,7.34981966836619e-24,758.246,1,6,0,0,1,0,0
0.445,0.0566807545086604,-0.101067614120276,30.0925354677043,1.73178517772758,0.954347914114475,-0.650280261579229,0.815888894335351,-0.0605788896784267,40.5043881331361,20.5841225905827,0.0130782606142784,-0.181205029227745,30.0318463190243,-7.92457379107879,-5.19616890590471,-2.92318149320735,-0.043602493894382,-0.0801374151074695,-0.060689148679946,-7.27429352949956,-6.01205780024006,-2.86260260352893,0.199142004617591,0.199170760673427,0.0993826729994344,15.0787961095022,15.0801378111864,11.2617367428975,-0.192903760606389,0.10834549216946,10.4162355100515,-0.0245359812871405,0.0879166219548632,10.3394730667611,0.139780264007715,0.139749502522216,0.139522526463375,1.77537385606755,0.851752445315583,29015.7799925063,1.27877917437071e-35,1.00983537346558,7.42799623144306e-24,750.481,1,6,0,0,1,0,0
0.45,0.0535298441988933,-0.0970311756976804,30.0936697469549,1.66226834235779,0.903794276370989,-0.619422605690256,0.811718629665524,0.510385320040318,40.411793484801,21.2097840894589,-0.153993367061733,-0.423352170933725,30.0823583410787,-16.0031942450175,-18.3678691264988,2.12766635562568,-0.207523211260627,-0.326320995236044,-0.0113114058761556,-15.3837716393272,-19.1795877561643,1.61728103558537,0.199179107392249,0.199198288379578,0.0993645956307246,15.0874653362432,15.0880870147182,11.2626046754525,-0.187206751130218,-0.0893092069649375,10.4536303211785,-0.0868440155641479,0.0789750630494115,10.3513843762317,0.139476602490151,0.139477763560371,0.139236489446275,2.50674645420307,3.94829598766803,29089.3158828619,1.27419376171414e-35,1.00707491444988,7.33693753570456e-24,743.641,1,6,0,0,1,0,0
0.455,0.0505040293183093,-0.093007143900275,30.0974533943345,1.59320725718124,0.854707811038796,-0.600041223530362,0.810916647029362,0.990164360609622,40.7870749011512,23.1169466888312,-0.130863774181978,-0.245147342919008,30.1084669426985,-12.1829592437623,-5.47479127278763,3.65398361772319,-0.181367803500288,-0.152140199018733,0.0110135483639591,-11.5829180202319,-6.28570791981699,2.66381925711357,0.199648508291567,0.199612462336081,0.0996216739032104,15.1008822081411,15.0986701743703,11.2693496961601,-0.0586117711842668,0.202615871145762,10.4090192536792,-0.139370446286925,-0.00933100648021728,10.3901839101127,0.139195628936816,0.139219403237096,0.138982557529114,2.67447138955244,1.55796786337571,29064.5527436202,1.28787426170767e-35,1.00929777859404,7.25376163617925e-24,738.69,1,6,0,0,1,0,0
0.46,0.0475625805964863,-0.0889974257231631,30.1033004218006,1.52420391650868,0.806044586692226,-0.585654439221915,0.806028666812891,1.32874741111961,42.0638202411554,25.8577398674695,-0.0194041808326223,-0.098514814955651,30.2365917832187,-3.99260863114534,3.53284667549366,9.5290594098831,-0.0669667614291086,-0.00951738923248787,0.13329136141808,-3.40695419192342,2.72681800868077,8.20031199876349,0.200082610852006,0.200016351810302,0.0998551444303387,15.1089520011466,15.106146109747,11.2678941603708,0.0061421817182908,0.181664545466964,10.5796903930442,-0.127507942636967,0.0446476559056851,10.4096286109873,0.139173814359437,0.139197258687196,0.138996101092564,3.37674469328469,2.03615190393199,28985.0888008435,1.30314054546381e-35,1.00727793450632,7.25064895040324e-24,751.072,1,6,0,0,1,0,0
0.465,0.0446906191496912,-0.0850311739011669,30.1104203336703,1.45540020788766,0.757414549380402,-0.572275645279172,0.793512817732477,1.49503410290115,43.0612425757726,28.2440845120496,0.318648204006033,-0.0782904459491728,30.1897132009173,16.165575203293,3.90092803941365,2.24789955079124,0.273957584856342,0.00674072795199409,0.0792928672469391,16.7378508485722,3.10741522168117,0.752865447890092,0.201161737157819,0.201108978516427,0.100446910351222,15.1294448999981,15.1277281213947,11.2820101713354,0.194958101780959,0.0912164316385856,10.3525445453357,-0.0870139414022822,0.0886817341031195,10.4978527428512,0.138642476149409,0.13864400953459,0.138539703882007,5.25918140058457,2.68788003376595,28824.5693134205,1.34869478384734e-35,1.01345456174588,7.09127211349743e-24,770.684,1,6,0,0,1,0,0
0.47,0.0418942810709264,-0.081158834443919,30.1179210318418,1.38762374637434,0.709093796601592,-0.555360556285901,0.768264817923131,1.47981599953117,42.9709597098356,29.5629326621767,0.19026780523684,-0.0716770040685581,30.1242179774147,6.6029153463086,3.51628863211243,-3.27892912177212,0.148373524165913,0.00948183037536091,0.00629694557283816,7.1582759025945,2.7480238141893,-4.75874512130329,0.201122636454652,0.201134338722007,0.100474481689354,15.1158598647042,15.1174057108115,11.2707279665534,-0.128055476508515,0.0801726905284123,10.3453592497186,0.0302754538415439,0.0901315879368372,10.4702788121248,0.1392373856935,0.139235296216487,0.139166629584558,2.08592656791145,0.885010774526254,28685.7005179184,1.35392029740338e-35,1.01826211057877,7.27855469746341e-24,740.332,1,6,0,0,1,0,0
0.475,0.039198674362326,-0.0774492365552454,30.124918945213,1.32229716650765,0.661861681616066,-0.531769632421133,0.727924454574558,1.29566583193396,40.8623063203191,29.239945306506,0.178440195372214,-0.378772969179516,29.9950113846538,5.40001745875255,-15.0747691995518,-9.26563062907602,0.139241521009888,-0.30132373262427,-0.129907560559216,5.93178709117368,-15.8026936541264,-10.56129646101,0.200572099392353,0.20056637749196,0.100130754824544,15.0989373462002,15.0989150515674,11.2619179654366,-0.0405729916237832,-0.164640055056781,10.2480899342861,-0.00911141006404781,0.0876308670686836,10.423868178622,0.139588122526657,0.139607350977802,0.139428368287142,4.90182516758077,4.62941461108014,28701.0378688606,1.33546997900673e-35,1.00433115892923,7.38268449690232e-24,728.416,1,6,0,0,1,0,0
0.48,0.03664261811695,-0.0739773492350992,30.1306420133213,1.26109631467266,0.616787684844047,-0.499107625688064,0.672347187968245,0.974225419108905,36.7389226835328,27.3791794939527,0.13638671635657,-0.252485555716308,30.0675449910512,2.66949280817508,-6.05612329292573,-0.787721319146548,0.0997440982396204,-0.178508206481209,-0.0630970222701144,3.16860043386314,-6.72847048089398,-1.76194673825545,0.199371794181147,0.19936624828694,0.0994415303645342,15.073664173591,15.07280441042,11.2518665409616,-0.0655026516634311,0.139164286476894,10.5160995620994,-0.00873494326502207,-0.0214052329440631,10.3357453584953,0.140114863701373,0.140103474439602,0.139812162148141,3.15656368978299,1.69395377977695,28869.5607870261,1.288547565042e-35,1.01067999322869,7.53261519722737e-24,1167.135,1,6,0,0,1,0,0
0.485,0.0342704955941451,-0.0708065296645381,30.1345132602461,1.20555834314464,0.574992079568149,-0.457532386504775,0.606347941245014,0.561222467232383,30.5071813221681,23.9014064763341,-0.138788580862019,-0.487333109946425,30.1487791665744,-13.3622971406105,-19.6030536191585,4.47561449233256,-0.173059076456164,-0.416526580281887,0.014265906328359,-12.9047647541057,-20.2094015604035,3.91439202510017,0.1994995136223,0.199500080305159,0.0994869937708867,15.0883462892412,15.0879538481135,11.2723025629338,-0.248598009823967,-0.140837200531856,10.5115816793322,-0.0209133636132029,0.0182312933541342,10.3809787806937,0.139338951153642,0.13933396125585,0.13902137571067,4.85780094585196,5.5257279964288,29006.9067547041,1.29036963679246e-35,1.00495477690079,7.28486899302533e-24,714.752,1,6,0,0,1,0,0
0.49,0.0321253613212098,-0.0679734865477955,30.1362054041562,1.15684619701519,0.537622464305217,-0.407438026441874,0.53587396493351,0.109958265319655,23.184033039199,19.2975777689956,-0.187004156370406,-0.702287057574329,30.1575232064126,-14.1300432594336,-30.4025482056515,2.92115162339201,-0.219129517691615,-0.634313571026534,0.0213178022563446,-13.7226052329917,-30.938422170585,2.81119335807236,0.200214006981437,0.200225201003104,0.0999291228258853,15.1088959230629,15.108653474802,11.2854972567132,-0.0972265848209882,-0.156240540198091,10.4146942027592,-0.111768595235885,-0.0642783138880515,10.4327188867257,0.138946906787172,0.138930436368138,0.13874615391423,0.466268246663972,11.7875818825408,28979.1289644822,1.31583517518371e-35,1.00871498822566,7.17343596989577e-24,733.922,1,6,0,0,1,0,0
0.495,0.0302443613511941,-0.0654815314729758,30.1356612848009,1.11519539743208,0.505507723744464,-0.350844907528314,0.468503271669885,-0.325725304211394,15.9278623424915,14.0123490543058,-0.392676884977499,-0.573620718410968,30.2250759178874,-24.3342389717705,-20.0654892667899,4.66468024508092,-0.422921246328693,-0.508139186937992,0.0894146330864889,-23.9833940642422,-20.5339925384598,4.99040554929231,0.200573153345208,0.200505318403545,0.100196064552,15.112634585762,15.1077371634984,11.2807520265623,-0.230928034800266,0.0808384395658057,10.5087018113196,-0.125517431211175,-0.140362542302561,10.4378382600163,0.139119624370192,0.139155144930594,0.138998734224328,3.3639995258689,12.7239403417275,28865.8097037937,1.32913587923274e-35,1.00479916091342,7.24094214951925e-24,728.85,1,6,0,0,1,0,0
0.5,0.0286520058936307,-0.0632981808562924,30.1330808045406,1.08006247319973,0.479252581588824,-0.29086227883753,0.411166232199785,-0.697705689856998,10.2196812780361,8.75334082730888,-0.223074750942075,-0.576957321229475,30.2232917334121,-11.6510056238651,-19.2294435241032,1.19519064888407,-0.251726756835706,-0.513659140373183,0.0902109288714974,-11.3601433450275,-19.640609756303,1.89289633874107,0.201141023733737,0.201089675832138,0.100530601264672,15.1195090508563,15.1173037517844,11.2843883719872,0.0342858450465037,-0.0249660957749177,10.4322813546388,-0.192454238211573,-0.0998960862368192,10.4782490685719,0.138900655707927,0.138897346551903,0.138804996100978,3.06624384540737,10.3904354489322,28741.2252110302,1.35504353285457e-35,1.00851228188359,7.17131956257023e-24,764.546,1,6,0,0,1,0,0
0.505,0.027354423506978,-0.0613615667973727,30.1288779996533,1.04992538508631,0.458858130580441,-0.23182274988967,0.368847505600718,-0.969168178581466,6.85233182006686,3.94547107075888,-0.286160936499704,-0.398818553181011,30.2123373211833,-14.5530270056377,-8.12066977042783,-1.82486790925765,-0.313515360006682,-0.337456986383638,0.0834593215299877,-14.321204255748,-8.48951727602855,-0.85569973067618,0.201268511952004,0.201231667308897,0.10060460346642,15.1155942156088,15.1139969156592,11.2799244435631,-0.137108945426813,0.108130006014067,10.4375548648879,-0.133646024883491,-0.104624687776112,10.4744834053802,0.139107362559002,0.139111780546327,0.139027170669853,2.41367598567196,7.79576175347243,28644.3267593853,1.3648651644035e-35,1.01463915990913,7.23776791183092e-24,741.744,1,6,0,0,1,0,0
0.51,0.0263355210347581,-0.0595947247106705,30.1236156350172,1.02296074419017,0.443987248204298,-0.178367355164871,0.342676519525647,-1.11793463997259,6.02516935776032,0.00658935613101601,-0.209636516774783,-0.20717857035838,30.1768522367122,-9.08885994182226,2.27127716787856,-4.99922625714268,-0.235972037809541,-0.147583845647709,0.0532366016949941,-8.91049258665739,1.92860064835292,-3.88129161717009,0.201142309056234,0.201064822403068,0.100508989269103,15.1081278074005,15.1053898542695,11.2774450391297,-0.0371053157901925,0.131972847071832,10.414458084966,-0.153303651511349,-0.0482616750732478,10.4634186722866,0.13923903225218,0.139276934235207,0.139133257776636,2.50376543502895,4.10825014179495,28615.7043005997,1.36325517654943e-35,1.01652400277366,7.27970149093426e-24,745.057,1,6,0,0,1,0,0
0.515,0.0255577626368698,-0.0579266316598887,30.1179282707204,0.997241571261893,0.433555492899945,-0.134519255352934,0.329138357653588,-1.13771974592652,7.64539426092508,-2.67194918652873,-0.221925264364004,-0.0225920868333458,30.1570328989432,-9.62484972377592,11.1100189930994,-5.84920985237017,-0.247483027000873,0.0353345448265429,0.0391046282228261,-9.49033046842299,10.7808806354458,-4.71149010644365,0.200769593266066,0.200761772726115,0.100272577504938,15.0988031094965,15.0997703216139,11.2742271358132,-0.100556913983093,0.147632614549329,10.4425249759518,-0.126278296470587,0.0129524422213907,10.4375845548736,0.139405505503547,0.139370841462302,0.139279682938425,0.968569791927549,3.24323233609727,28658.7011027983,1.35129715939205e-35,1.01870888917738,7.32221095963364e-24,743.886,1,6,0,0,1,0,0
0.52,0.0249635678269736,-0.0563064739088468,30.1124444564018,0.971402470712237,0.426403385376261,-0.104337040000693,0.323565869613675,-1.03719944574037,10.5346752690924,-4.05944446096502,-0.123208014199473,-0.0724486949442951,30.1157501248176,-3.64204459867169,5.51837799324977,-7.11288696819254,-0.148171582026447,-0.0161422210354483,0.00330566841579005,-3.53770755867099,5.19481212363609,-6.07568752245217,0.200353159190189,0.200476040362214,0.100082447042601,15.0894470252303,15.0959967399015,11.2752903963793,-0.0149737388227067,-0.0090693390728942,10.4051631746165,-0.129433841209477,0.0727162925139529,10.4239228332954,0.139476770990709,0.139393912912121,0.139258268541838,1.03613948856493,1.63690938464784,28734.5711154437,1.33767743224385e-35,1.01523555398548,7.330092576011e-24,742.514,1,6,0,0,1,0,0
0.525,0.0244833195585962,-0.0547133253828446,30.107717115249,0.94494365403988,0.421060127159764,-0.0886153880327906,0.318514186584284,-0.837699506938042,13.7803919601937,-3.91507219058143,-0.149306848136215,0.0189464698581966,30.2556946579186,-5.69264976442323,9.26165277137259,2.02959644770743,-0.173790167694811,0.0736597952410412,0.14797754266966,-5.60403437639044,8.94313858478831,2.86729595464547,0.199925636155967,0.200076554098416,0.0998600220252043,15.0838296276423,15.0902083184956,11.2716041266837,-0.10458629406462,0.103651324170621,10.6715708119124,-0.0950810850823855,0.0539414221493293,10.3974189684394,0.139542098068768,0.139529921398393,0.139355127589941,4.00192013932879,3.77352692906833,28814.9095539864,1.31936861508436e-35,1.01179918248065,7.36167980499196e-24,753.947,1,6,0,0,1,0,0
0.53,0.0240474786428975,-0.0531585279955226,30.1041696331735,0.918123334348697,0.416079270317602,-0.0865358568522221,0.308359219109276,-0.569262086650558,16.1710863569912,-2.28214611543216,-0.0412927077887475,0.0445608694906454,30.1267931727737,0.453558746984633,9.01423617824372,-7.83923207656173,-0.065340186431645,0.097719397486168,0.0226235396001626,0.540094603836855,8.70587695913444,-7.26996998991118,0.200918544726962,0.200885289493688,0.10036239682215,15.1143536063658,15.1116426691136,11.2930529109528,0.00514955130693712,0.067980620830066,10.2754839379311,-0.10353211674783,0.0834318035119089,10.4931882376043,0.138613335001609,0.138731279167386,0.13857796586854,3.10426559140527,1.40354502098187,28785.410186887,1.35370811622293e-35,1.00839693080619,7.10133320886325e-24,720.307,1,6,0,0,1,0,0
0.535,0.0235968420096789,-0.0516768456440583,30.1020631700973,0.891926884513966,0.410127644306395,-0.094746170488555,0.289208503024325,-0.266188816860339,16.6478159181273,0.540147624844029,0.0813094840200337,0.151690957480478,29.9572616644244,6.74285433968544,13.8619030750436,-14.6567736052873,0.0577126420103548,0.203367803124537,-0.144801505672944,6.837600510174,13.5726945720193,-14.3905847884269,0.200345740529206,0.20031671108601,0.100074196143242,15.095670292049,15.0941182522897,11.267512291376,0.0307112636055013,0.140067521530957,10.2074380962649,-0.0658491601180286,0.0911500891610849,10.409108512165,0.139616760378349,0.13961919109094,0.139539107309061,2.69978194037043,3.83673134583198,28755.8831736198,1.32996222668264e-35,1.0097030496312,7.39856060967556e-24,733.793,1,6,0,0,1,0,0
0.54,0.0230936122192219,-0.0503173504781158,30.1014860589977,0.867619186597924,0.402446895255254,-0.107948580370085,0.25916055035203,0.0372885754356496,15.3829252731001,3.98811753767167,0.30846165434786,0.199783237047697,29.8715103813126,18.6251876371233,14.9512564879948,-11.975287268516,0.285368042128638,0.250100587525813,-0.229975677685106,18.7331362174934,14.6920959376427,-12.0125758439517,0.198889811321047,0.198881716112234,0.0992315103401055,15.064150153206,15.063765318664,11.2428375417299,0.128414009749528,0.110644822823921,10.2807065684329,-0.0223801824521942,0.12698716727146,10.2973368076519,0.140315774627827,0.14031293665099,0.140076845835104,1.18392810322646,8.97505677332305,28925.0810880315,1.27042345809494e-35,1.01126664905561,7.60551721111638e-24,744.446,1,6,0,0,1,0,0
0.545,0.0225309102317797,-0.049124921115775,30.1023636602777,0.846502861463605,0.39278005086162,-0.118946778408386,0.221802782005064,0.310744496941237,12.1543334738747,7.29507071382927,0.251629421451359,0.279516005114228,29.8427682906555,12.6933393970502,18.0959198053387,-5.35137708935508,0.22909851121958,0.328640926230003,-0.259595369622188,12.8122861754585,17.8741170233336,-5.66212158629632,0.197818719472892,0.19786807750248,0.0985981281342393,15.0523377306087,15.0547311744264,11.2423958378811,-0.0619467617022969,0.146505833945676,10.2882210088882,0.0567965909607624,0.143043873393704,10.2434879515216,0.140252350144387,0.140238745729268,0.139865503739508,0.8233250787009,11.5011357359324,29207.045114213,1.22411171082759e-35,1.01447217054311,7.56760503507294e-24,733.336,1,6,0,0,1,0,0
0.55,0.0219370375494093,-0.0481280350418916,30.1044850814486,0.829424429502316,0.381728895967551,-0.120714614045532,0.180176766779781,0.530593219907611,7.91494531177058,9.60131168530675,-0.0555803372519604,0.210740710363042,29.9084427947947,-6.94629674307876,12.3391567120223,5.11654897273652,-0.0775173748013696,0.258868745404934,-0.19604228665393,-6.82558212903323,12.1589799452425,4.5859557528289,0.197450818573302,0.197490236045448,0.0983641754267154,15.0608315324408,15.0620109803228,11.2474545624021,-0.256450327833137,0.0429100278991815,10.3574700187961,0.0377844825709713,0.169632873479196,10.2252680880464,0.139985754674712,0.139994568172506,0.13953360219374,6.1405929764054,8.15174461788087,29429.0948184583,1.20074549952262e-35,1.00715550884459,7.47733266170883e-24,755.729,1,6,0,0,1,0,0
0.555,0.0213721624536971,-0.0473348829411388,30.1075410620249,0.816688010482821,0.370603475921582,-0.107388956464918,0.139474437777519,0.68140526458027,3.50159711389606,10.1149955281407,-0.164416440484066,0.141114988202733,30.0109810491915,-12.230131067475,7.4787255604843,13.3718600517132,-0.185788602937763,0.188449871143871,-0.0965600128334555,-12.1227421110101,7.33925112270679,12.6904547871329,0.198029620733867,0.198000031656638,0.0986598769854835,15.0867410516813,15.0848053256789,11.2554145559973,-0.126995617063168,0.0406068967306153,10.3873717939256,-0.0684651655546192,0.144602936812882,10.268588355945,0.139442958187825,0.139486013810338,0.139037058757338,1.45506767884047,6.07701896448598,29475.6090215389,1.21214622962604e-35,1.01225333657254,7.31313543201956e-24,749.944,1,6,0,0,1,0,0
0.56,0.0209193549807354,-0.0467306078442122,30.1111666460296,0.808024956310682,0.36126850495996,-0.0755626285516732,0.103845211841982,0.756514792519734,-0.241312681405996,8.27110289963823,0.0265500838242585,0.224273827094501,30.1061557266476,0.671980330805979,12.3525538795999,17.0556897079015,0.00563072884352314,0.271004434938714,-0.00501091938195572,0.747542959357652,12.2487086677579,16.2991749153817,0.199164081516237,0.199107908465217,0.099281790206359,15.1148273435461,15.1125519619068,11.2618545707021,0.09168679528102,0.155175039927042,10.3855170532839,-0.106611838995502,0.119274945706345,10.3386001076322,0.139023700413855,0.139042389134756,0.138717618997047,2.21845296819928,4.77312936750821,29344.986539311,1.2494506212927e-35,1.00953471990496,7.18997992183653e-24,716.109,1,6,0,0,1,0,0
0.565,0.0206701958641022,-0.0462847720716389,30.1149834403051,0.80260461535603,0.3557945134696,-0.025197118004159,0.0754721224764588,0.757253599814848,-2.63987755264283,4.06154912453597,-0.10778058007674,-0.102670070263345,30.2343191189538,-7.49241771026133,-7.57624775229888,19.4901412622289,-0.128450775940843,-0.0563852981917061,0.119335678648694,-7.46722059225717,-7.65171987477534,18.7328876624141,0.200312513817221,0.200282144609754,0.0999344664229733,15.1329603844107,15.1319843976429,11.2652027318823,-0.151945126961221,-0.158945976293543,10.4641408797192,-0.043136900144824,0.145966145575637,10.4045592314766,0.138864679074206,0.138859126551614,0.138627800042901,5.62061564872545,3.69015520004348,29098.2827875746,1.29564078932892e-35,1.00979812357224,7.1453582391743e-24,750.862,1,6,0,0,1,0,0
0.57,0.0207062768814522,-0.0459601454087061,30.1186377315007,0.79942800838032,0.356055764087756,0.0396400597139642,0.0549339099731169,0.69207900898929,-3.59709192995412,-2.28238900121424,0.034397045620261,-0.181588832425317,30.3065629430395,1.61556945444245,-10.3322262984961,15.8518859405896,0.0136907687388088,-0.135628687016611,0.187925211538802,1.57592939472848,-10.3871602084693,15.1598069316003,0.201663562409057,0.201628622850589,0.100640489820132,15.1519494523864,15.1508986125303,11.2763068214901,0.0502422545030357,0.00216011943160586,10.4508715033322,-0.0902255448594714,0.0347342458567473,10.4891740472231,0.138540784843669,0.13853899925398,0.138419620351995,1.16178710909767,4.30554557209408,28832.3575794926,1.35604116841066e-35,1.01359878072078,7.05789351319316e-24,767.696,1,6,0,0,1,0,0
0.575,0.0210820817224243,-0.0457225294077815,30.1218317321431,0.797540801927788,0.363410633399696,0.112055983282249,0.0404311417493286,0.574724085871585,-3.27600687093233,-9.87835724672192,0.0539312433541113,-0.339218065912024,30.3534822715118,2.27455877878332,-17.643040846823,10.3507707434732,0.032849161631687,-0.293495536504243,0.231650539368695,2.16250279550107,-17.6834719885723,9.7760466576016,0.202500549454377,0.202487844642025,0.101120908581863,15.153179440073,15.1530016140805,11.2835739451541,-0.034553521902368,-0.0749788133721591,10.4882180392934,-0.0442774660644973,0.0079218491235487,10.5375800785616,0.138651968123065,0.138643551318647,0.138549834710013,0.491303424730211,7.44729280571839,28566.9697458466,1.40311049116943e-35,1.01241446112785,7.09328044988187e-24,727.181,1,6,0,0,1,0,0
0.58,0.021812846141985,-0.0455486630165028,30.1243461323957,0.796250595437287,0.378316072348295,0.183091585274882,0.0293292477590666,0.422534914619706,-2.21697573983275,-17.4577853106288,0.240305217549213,-0.352743675502461,30.4190992433029,12.6041750592962,-15.9603367634324,6.34193874108095,0.218492371407228,-0.307195012485958,0.294753110907157,12.4210834740213,-15.9896660111914,5.91940382646124,0.202922077802951,0.202897002216054,0.101380841872589,15.146573347321,15.1452696937105,11.2917783044742,0.0957110525803183,0.0136637284488464,10.5913001190741,-0.0393692945270842,-0.0445811625329337,10.5685729234848,0.138744279709451,0.138752496282129,0.138675112025728,1.15037671524875,12.9059192250933,28376.1869776953,1.43479542158882e-35,1.00922470706178,7.12688617221897e-24,742.979,1,6,0,0,1,0,0
0.585,0.0228669189492885,-0.0454283297913706,30.1260529243731,0.795270752982455,0.400130756299376,0.242712897602069,0.0189715119660071,0.254422007321997,-1.08769164770414,-23.8244194537044,-0.0425485755950937,-0.217350705056911,30.4096288039948,-5.43961782713801,-6.28226783843218,-1.72113397756594,-0.0654154945443822,-0.17192237526554,0.28357587962171,-5.68233072474008,-6.30123935039818,-1.97555598488793,0.203281207843436,0.203284415669428,0.101643273430142,15.1419350097714,15.1420075615945,11.305703199017,-0.244931811703611,0.117007407967641,10.5354913860678,0.0206297252023216,-0.0483989560320649,10.612607960865,0.13863212478835,0.138630060542772,0.138613806298194,5.39102718657179,11.5278625992959,28242.6797006129,1.46469865942412e-35,1.01042596402279,7.09649483218518e-24,749.463,1,6,0,0,1,0,0
0.59,0.024167497597396,-0.0453625828322566,30.1269191440248,0.794689977473887,0.427195967291327,0.282706334494803,0.00742983210051196,0.0891534441725784,-0.441400125331262,-27.9401558281477,-0.0653750031555301,-0.0683910075870875,30.197127393731,-5.99830271369318,2.67402145757252,-17.9357404713246,-0.0895425007529262,-0.0230284247548309,0.0702082497062127,-6.28100904818798,2.66659162547201,-18.0248939154972,0.20311789042578,0.203144648513949,0.101592603647378,15.1286550619332,15.1299243546258,11.3051947933006,-0.0693171003315797,0.135203013251568,10.2840618903816,-0.0742198785864341,-0.00311607185705035,10.6016589635101,0.138895258194299,0.13888086945169,0.138916652815954,6.23700183349185,5.50225819107202,28184.3079340487,1.46906406413752e-35,1.00852617945375,7.18059636557959e-24,741.588,1,6,0,0,1,0,0
0.595,0.0256042287753971,-0.0453588031602036,30.1270018488706,0.794820150816655,0.45701837377484,0.297696796755582,-0.00594698806847801,-0.0563308926670917,-0.573864406024535,-28.6392586613057,-0.213389975200763,-0.179694158125862,29.9263883611458,-13.9337457609894,-4.53391340955325,-28.7421615080266,-0.23899420397616,-0.134335354965658,-0.200613487724762,-14.231442557745,-4.52796642148477,-28.6858306153595,0.201224947479289,0.201279102752422,0.100599746204271,15.0794340886385,15.0819584482528,11.2759532865983,-0.170858641230251,-0.0482441486370044,10.1783832094921,-0.0817529294049802,0.046590503434369,10.4579590595875,0.140081034921356,0.140061456357401,0.139973619713856,4.83968813812673,9.31504591816536,28328.3139261002,1.39485255183646e-35,1.00992279906644,7.54185066697833e-24,749.707,1,6,0,0,1,0,0
0.6,0.0270446483309662,-0.0454231562452895,30.1264347234157,0.796035212036898,0.486463077809341,0.284113967368184,-0.0200306452648764,-0.168584088604084,-1.47158793211548,-25.9006440685608,0.197328584451574,-0.206400638164086,29.9280709299719,11.5700771426397,-5.94988876041353,-17.1966603278823,0.170283936120608,-0.160977481918796,-0.198363793443884,11.2859631752716,-5.92985811514865,-17.0280762392782,0.198552747978415,0.198579690844441,0.0990579539838933,15.0319049806521,15.0331405151553,11.2486426949489,0.240122551091302,0.00675165108937858,10.500269599515,-0.132145037717227,0.00871721339411318,10.2731965246142,0.140895636308144,0.140913062401555,0.140629354168956,9.59286742739736,6.02045027833117,28765.9805398104,1.28130576590255e-35,1.00414049040163,7.79559797665695e-24,747.579,1,6,0,0,1,0,0
0.605,0.0283498087511616,-0.0455535562117059,30.1254071835653,0.798525246392534,0.512503681544706,0.242938766748308,-0.0326146793559442,-0.23894154406867,-2.80442326533517,-20.2694850875975,0.283801075459854,-0.149074666991783,29.8099174792014,14.8913095806269,-2.27227599528878,-14.9086375836618,0.255451266708692,-0.103521110780077,-0.315489704363927,14.6483708138785,-2.23966131593284,-14.6696960395932,0.197773089893204,0.197787185862171,0.0985727959375295,15.0433841548081,15.0439101454364,11.2653565448664,0.0312213312876829,0.0680153128470934,10.2254030319606,0.00729315635889909,9.4740327367135e-05,10.2767022101163,0.139944025241097,0.139980124735827,0.139638920496286,0.400691510164536,12.2905898492977,29186.0902025567,1.23802368192376e-35,1.01797917745257,7.48207470076302e-24,739.07,1,6,0,0,1,0,0
0.61,0.0293961004301734,-0.0457350805870411,30.1241378380627,0.802169593879083,0.532623956653304,0.179410302706731,-0.040708522136836,-0.264491360381777,-4.10005926089951,-12.3673924037308,0.427962943018007,-0.154068838441925,29.8722273842712,21.5543394796947,-2.75435545179681,-1.46635081673015,0.398566842587833,-0.108333757854884,-0.251910453791509,21.374929176988,-2.71364692965997,-1.20185945634837,0.196902547348751,0.196933403281096,0.0981379863188792,15.0436394307006,15.0450662361621,11.2506983930226,0.0860865812263659,0.0253588073544057,10.4147786773437,0.0375182322523458,0.0196204053354857,10.1963390969715,0.140271162138555,0.140280414749659,0.139897913979147,2.55328743182526,12.4306270119667,29468.0802428907,1.19062912692261e-35,1.01306445515595,7.57771228371657e-24,745.314,1,6,0,0,1,0,0
0.615,0.030089756277292,-0.0459396207039804,30.1228445102757,0.806480949481904,0.544907218851645,0.100359042388695,-0.0419564145281416,-0.248457271405878,-4.81115884305366,-3.18711172396558,0.234352906190723,-0.0845101976703455,29.9793977272377,7.67747025329886,1.29252565582071,9.60113095383535,0.204263149913431,-0.0385705769663651,-0.143446783038004,7.57711121091016,1.33448207034885,9.84958822524123,0.197321907390975,0.197385245981496,0.0983924324983216,15.0700975672687,15.0731747293826,11.2545115564947,-0.15803304691494,0.0846993144060335,10.411141468613,0.085529329378055,0.0181661120662391,10.2417018422498,0.139566414080115,0.139563646653464,0.139215413434898,4.77140554471013,6.55748969483193,29570.3464925823,1.19254191681355e-35,1.01015824546656,7.35313887784663e-24,751.211,1,6,0,0,1,0,0
0.62,0.0303714403321675,-0.0461297986612747,30.1217148165528,0.810679922165886,0.548261381124269,0.0128927284904288,-0.0349466141486872,-0.199594656793699,-4.54569282724058,6.14314206746267,0.130994979036912,-0.0119283419721647,30.2306932432969,1.23045503306137,5.04099701252068,23.0604158581215,0.100623538704745,0.03420145668911,0.108978426744066,1.21756230457094,5.07594362666937,23.2600105149152,0.198484848078092,0.198563434505113,0.0990396517279138,15.1026361500467,15.1057068639208,11.2577832976847,-0.0993240313936894,0.0942826823667001,10.630192985606,0.0174354782771809,0.0420941155428385,10.3127822850252,0.139087020513485,0.139070819518423,0.138772191560091,6.06579388110946,4.97327621460383,29451.905101847,1.22703073923997e-35,1.00721570298373,7.20521082444328e-24,745.237,1,6,0,0,1,0,0
0.625,0.0302155067818371,-0.0462642951778956,30.1208821205002,0.813833676492891,0.542440601637696,-0.076449852725089,-0.0194843579184918,-0.130668264397735,-3.17021096403115,14.6137603284263,0.0603715344799038,-0.121358844063152,30.2953852388413,-2.42237509720605,-2.30638269280837,18.1819703244942,0.0301560276980667,-0.075094548885256,0.17450311834119,-2.34592524448096,-2.28689833488988,18.312638588892,0.200870125176998,0.200914010341948,0.10033343417877,15.1519608763829,15.1530042058284,11.2813688560884,-0.0796702356886063,-0.0390521424205656,10.4007997453234,-0.0201004123093786,0.0666198453111745,10.4824223493083,0.138095091093689,0.138109219659187,0.137959418369065,1.1210805169598,4.28926696660789,29103.9573686572,1.31780534370344e-35,1.00662731609823,6.92309330081228e-24,725.901,1,6,0,0,1,0,0
0.63,0.029626065549162,-0.0463049509989614,30.1204100085889,0.815065102954788,0.527924108021635,-0.162173475753776,0.00296443413680534,-0.0565855818618724,-0.800868840027092,21.6556487165736,0.176611324934453,-0.123707762076807,30.276549075998,5.23149570171066,-2.28784089705345,8.99159254291916,0.146985259385291,-0.0774028110778455,0.15613906740914,5.39366917746444,-2.29080533119025,9.04817812478103,0.20217248806016,0.202195505229191,0.101061727129973,15.1587664185232,15.1589817187446,11.276751259331,0.0579074767208543,0.0358653749071809,10.3575096878535,-0.0436015770630929,0.0296917439588463,10.5261375300014,0.138517272165454,0.138523346728703,0.138459470670432,2.01954837041431,3.2760244304228,28698.7548654238,1.37962026324436e-35,1.00382993173298,7.05825901173584e-24,811.147,1,6,0,0,1,0,0
0.635,0.0286299453168196,-0.0462240245092336,30.1202880515461,0.81371101709549,0.505698828882365,-0.240595740695011,0.0296556481383486,0.00820756212999135,2.21036776116712,26.9344407027784,0.103088730539882,-0.378197188710247,30.2685103871116,0.760184306754673,-16.9917166489868,3.06117019278968,0.0744587852230627,-0.331973164201014,0.148222335565551,1.00078004744968,-17.0213722971251,3.05296263065969,0.202319392680888,0.202349902579226,0.101108895262577,15.1398212582019,15.1407569018027,11.269128288295,-0.0787110577726702,-0.160046600142796,10.4324943010485,-0.00319756378804362,0.0284435512495608,10.5153734006246,0.139047964255265,0.139044917176912,0.138969025734107,2.48743245371963,5.39747234562715,28464.3587611494,1.3998561027681e-35,1.00495611118699,7.2189330544821e-24,723.081,1,6,0,0,1,0,0
0.64,0.0272692061306502,-0.0460081809377898,30.1204397297652,0.809426836345185,0.476913837527246,-0.309254878791331,0.0575021746751916,0.0519425131401787,5.37265450869234,30.4495172069703,0.165538326426433,-0.170969810479336,30.2370559547721,4.79762207633235,-3.09600364710134,-2.31940056724773,0.138269120295782,-0.124961629541546,0.116616225006885,5.10687695512368,-3.15350582177653,-2.37134308038791,0.20209481591453,0.202120031605507,0.10094078385145,15.1227743060139,15.1229375777426,11.2768947269053,0.0208523873903112,0.167358812440003,10.4341681109268,-0.0256069297902909,-0.0571736425166019,10.5112671257392,0.139189630223162,0.139180405502569,0.139051957708058,3.01504910611545,3.18368388484519,28414.3149033546,1.40304412239764e-35,1.00783343066086,7.25634517389448e-24,718.563,1,6,0,0,1,0,0
0.645,0.025595483465352,-0.0456584970454643,30.1207408459573,0.802268313651237,0.442810724122657,-0.36677314977771,0.0837523060687875,0.0674782912200702,8.20889627122569,32.597849911961,-0.135928098682236,-0.214709795767311,30.1831356245354,-12.8429290241254,-5.77403250812852,-6.91796023671067,-0.161523582147588,-0.169051298721847,0.0623947785781363,-12.4761558743477,-5.8577848141973,-6.98543852793074,0.201591230345606,0.20162276959356,0.100666709228465,15.1071065089223,15.1080277475069,11.2833166357328,-0.252288523625087,-0.010390424505747,10.4171200910084,-0.00157457951100804,0.0116348678233648,10.489883160498,0.139347027276453,0.139345032195042,0.139168618974625,3.53104308251468,3.02214907764591,28467.2604332002,1.39060917580065e-35,1.00782716057971,7.30222317273176e-24,871.044,1,6,0,0,1,0,0
0.65,0.0236643403719661,-0.0451875936255685,30.1210450511366,0.792550921072676,0.404556181562958,-0.412969512485606,0.106478823019379,0.0531712383180714,10.3134370961867,33.4814134291778,-0.175192576230009,-0.325800551033913,30.0819604384441,-13.1086260269849,-12.0544549030706,-11.6871009145042,-0.198856916601975,-0.280612957408345,-0.0390846126925616,-12.6956565144993,-12.16093372609,-11.7402721528223,0.200913214652058,0.200942483554729,0.100305993081765,15.0934805760135,15.0946076373183,11.2831404181415,-0.0799064416455418,-0.0681907586652863,10.3495198121566,-0.0991982725008691,-0.00379101935322524,10.4518345380101,0.139514485806005,0.139513886805917,0.139336967678933,0.769801719041218,4.1988312822496,28584.5941102976,1.36553038063939e-35,1.00717256265563,7.35531568048937e-24,739.971,1,6,0,0,1,0,0
0.655,0.0215342367989192,-0.0446145905566191,30.121211534157,0.780818516155753,0.36336112747242,-0.446873943047909,0.124968951201294,0.0128598619826391,11.4703701746794,33.3806741512291,-0.260931147033853,-0.295792337498554,29.9632625878447,-16.4002770971883,-9.44277592219976,-14.1112340944684,-0.282465383832772,-0.251177746941935,-0.157948946312287,-15.9534031541404,-9.56774487340105,-14.1240939564511,0.199896074619816,0.199862994004761,0.0997689567687225,15.0762774738032,15.0744910066263,11.2731757224374,-0.123952639033087,0.0263759576860929,10.2880292201368,-0.108437041813176,-0.0425395224692677,10.3838557984359,0.139852282048679,0.139890549573884,0.139643478919322,0.725652537704575,6.67321885463927,28755.92973289,1.32161887451729e-35,1.00361727968855,7.46375076216136e-24,747.049,1,6,0,0,1,0,0
0.66,0.0192684007228152,-0.0439595223096273,30.1211296556789,0.767681217432437,0.320465677070536,-0.467555033127194,0.139560594277282,-0.0453290355640133,11.7385022867364,32.4894912092729,-0.423346833579146,-0.418668904836678,29.9803679762817,-24.0705819002994,-16.2744863429046,-6.60810264221659,-0.442615234301961,-0.374709382527051,-0.140761679397177,-23.6030268671722,-16.4140469371819,-6.56277360665257,0.198718840161992,0.198720992498583,0.0991162696221627,15.0605114942604,15.0610233654579,11.2594673948916,-0.196203645705244,-0.0917179290877107,10.4414716617316,-0.133468260043265,-0.034012126631151,10.3023616133576,0.140141269275131,0.140120422827998,0.139860846939468,1.36174342657795,10.8685745442278,29004.8151905072,1.26932469658535e-35,1.00525280517602,7.54267830382021e-24,722.59,1,6,0,0,1,0,0
0.665,0.0169342592780596,-0.0432387720684282,30.120736885683,0.753603186467346,0.276977514584703,-0.474275662186252,0.151402267023504,-0.110441677016871,11.4838857803429,31.1133948679701,-0.287814045278509,-0.339668727245458,29.9267831860664,-13.6246296990536,-10.5167208118257,-4.84937864723979,-0.304748304556569,-0.296429955177029,-0.193953699616632,-13.1503540368674,-10.6681230788492,-4.73893697022292,0.19852241852361,0.198534925618122,0.0990198467680759,15.0697285544858,15.0708918941201,11.2669446924348,0.0154026588977462,0.0481758080366853,10.2747201958464,-0.184931899738446,-0.0769493167503272,10.3146344837415,0.139651191015423,0.13964554025318,0.139335960839745,2.94252139113443,9.37650694251833,29176.6809350934,1.25334781567829e-35,1.00509986644332,7.38362244480062e-24,729.814,1,6,0,0,1,0,0
0.67,0.0145982942546532,-0.042460003938615,30.1200278934793,0.73888372377077,0.234206530350707,-0.468142646068732,0.162875817393532,-0.17074587871014,10.9116162190253,28.7520367301043,-0.189079755268251,-0.335311912142379,29.9221282684245,-6.96645721442711,-10.0540167459737,0.0882006760786799,-0.203678049522905,-0.292851908203764,-0.197899625054773,-6.49831456835838,-10.2168925633672,0.25894655478882,0.198247611514428,0.198233017422587,0.0988763106622465,15.0732656938825,15.0728076063234,11.2550998860065,-0.00436277378511789,-0.00690608169714934,10.3047073641147,-0.13502006523922,-0.0517963851913013,10.2766092219119,0.139809023387589,0.139834779296398,0.139505773196077,1.01441663981701,9.16755901599461,29268.0449314747,1.23393477496077e-35,1.01398987398371,7.43817431319082e-24,710.743,1,6,0,0,1,0,0
0.675,0.0123262863377727,-0.0416216598468816,30.1190536092256,0.723473954639694,0.193184360419463,-0.448338386660537,0.1753442847884,-0.215659885673525,10.6390005371148,25.9838025160724,-0.129291610530051,0.0159877543643178,30.0974757641033,-3.49038653444239,10.8449957953671,13.2273261490975,-0.141617896867824,0.0576094142111994,-0.0215778451223246,-3.04204814778186,10.6696515105787,13.442986034771,0.198280852979672,0.198278804976533,0.0988653190147044,15.0820571480182,15.081936421754,11.2492203394534,-0.0264096165714575,0.265524916398565,10.5398117729627,-0.097598902847143,-0.0520547691107614,10.272969392793,0.139678491490971,0.139681733587383,0.139358044465026,9.05820458429033,3.68244912785084,29316.7367650816,1.22794232657025e-35,1.0157194833218,7.39227856377436e-24,696.343,1,6,0,0,1,0,0
0.68,0.0101771951856582,-0.0407137997510834,30.1179118247272,0.707130269742246,0.15498724298492,-0.418432946879138,0.190848244492957,-0.237179583638398,10.8450919564983,22.5014508393709,-0.256713960582302,0.188926147415917,30.1468068103878,-11.4150227804235,18.6158560501113,12.7457648769427,-0.26689115576796,0.229639947167,0.0288949856605998,-10.9965898335443,18.4250078056183,12.9829444605811,0.199721518046321,0.199638986554011,0.0996071000482959,15.120393394797,15.1166581905023,11.2702629291385,-0.160763528302714,0.160054321582851,10.3635544851811,-0.074660643186913,0.0662889096107881,10.3908413888264,0.138707439869855,0.138759944527753,0.138494997501531,0.8816242413617,5.04744403947558,29209.298332776,1.27739308519965e-35,1.01984420702983,7.10486099426663e-24,684.944,1,6,0,0,1,0,0
0.685,0.0081961725481392,-0.039720971729351,30.1167318423135,0.689435516522155,0.120415188530515,-0.380413616754334,0.209580892175631,-0.230811389786503,11.7306931027273,18.5938507515522,-0.0547696113771992,-0.137951485481867,30.1918912173269,1.10964809626336,-3.56147892969813,11.3989639528685,-0.0629657839253384,-0.098230513752516,0.0751593750133971,1.49006171301769,-3.77105982187376,11.629775342655,0.200639285313904,0.20062374424561,0.100138741017395,15.1308888073426,15.1310065704736,11.2698120003463,0.0875415182862144,-0.20517258969183,10.3902970379217,-0.114945506600297,0.122573549553952,10.4239743002286,0.138913000594253,0.138862394500567,0.138730321836108,7.74976295232587,1.8437499560938,28984.8747629821,1.31630142585618e-35,1.01191488912616,7.16115555604673e-24,689.487,1,6,0,0,1,0,0
0.69,0.00641598906258676,-0.0386285613285773,30.1156558168985,0.669998765197367,0.0901310538620121,-0.337292969865591,0.23101445013717,-0.195951403442625,13.1638861331769,14.4653560690443,0.023765785945865,-0.0579088141596589,30.273615308554,4.76605629966917,1.33989843664318,11.2130604119509,0.0173497968832783,-0.0192802528310816,0.15795949165549,5.10334926953476,1.10888398650601,11.4090118153936,0.201175360411407,0.201211897014452,0.100464773336183,15.1297666902559,15.1316800677936,11.2692327514656,0.0117608968456367,0.0869101585823837,10.4934564917014,-0.0444682107779169,0.0102883207877055,10.4546977663018,0.13900528619523,0.138979409288836,0.138818689799262,0.5456863723384,2.83637376490221,28774.8508483351,1.34578041717231e-35,1.0151006252822,7.19177241564912e-24,720.069,1,6,0,0,1,0,0
0.695,0.00485647928663354,-0.0374285218440494,30.1148190412552,0.648511576083212,0.0642868624165644,-0.291295288078686,0.253026877773405,-0.135924904400644,15.087664951635,10.6232017398018,-0.000705682432920308,-0.222946252666451,30.2420227491764,2.14611326055233,-8.72769171419623,3.59581497139383,-0.00556216171955384,-0.185517730822402,0.127203707921152,2.43740854863102,-8.98071859196963,3.73173987579447,0.201902564200261,0.201924122790068,0.100835713238394,15.1370269771784,15.1377577250124,11.2813081633975,-0.0513777355108115,-0.0988175915569825,10.3729704877786,-0.0162872023751124,0.0351056676262545,10.5099396563068,0.13873874381988,0.138758423284092,0.13863847408924,1.97046813506108,2.6388392848418,28609.4987267456,1.38364440883693e-35,1.01041983176077,7.12312067695915e-24,731.846,1,6,0,0,1,0,0
0.7,0.00352534062775733,-0.0361229580600305,30.1143321543179,0.624862186642994,0.0427642392424856,-0.245105264949519,0.273642242035351,-0.0571843055085936,17.2402842534231,7.19161246271003,0.0162829003999817,-0.2200828294588,30.2708634831363,2.4770510590761,-7.72614160169647,1.66721225342676,0.0127575597722244,-0.18395987139877,0.156531328818339,2.72215632402562,-7.99978384373182,1.72439655893536,0.201835712197844,0.201794225622643,0.100778809172221,15.1253976707759,15.1230220824297,11.2787965032125,-0.0177423014868908,0.0138100538183117,10.505841612546,-0.0223567579081731,-0.0224238317775958,10.4893810661509,0.139156983368968,0.139196644671271,0.139064206905418,0.0830205010629861,3.77736053889403,28529.2626154912,1.38829753815143e-35,1.00806839023267,7.25590387384844e-24,685.272,1,6,0,0,1,0,0
0.705,0.00242021142792342,-0.0347248223101226,30.114267573152,0.599272681683416,0.0255032797052011,-0.200085810517544,0.290434149406392,0.0315639546053147,18.9541360642802,4.11176866850076,-0.0121634484271132,-0.157151131402937,30.1901061553538,0.251226696188852,-3.53065811655966,-5.96131606339784,-0.0145836598550366,-0.122426309092814,0.0758385822018093,0.451312506706395,-3.82109226596605,-5.99288001800316,0.201859560046415,0.201831547147802,0.100791288424874,15.1210598855933,15.1197486469533,11.2877196496176,-0.0451376059379737,0.054231375414636,10.3687360859221,-0.0153714181413245,-0.0233549482933083,10.5091948506896,0.139046360423347,0.139040310037856,0.138931914551389,1.37811935204423,2.04721472592303,28513.0725443485,1.39648125070881e-35,1.00486416693728,7.21443748984538e-24,690.866,1,6,0,0,1,0,0
0.71,0.00153741922571167,-0.0332621367279415,30.1146501139783,0.572348889364903,0.0123226181144824,-0.155406772600233,0.299725091030533,0.120148088929198,19.9001703440005,1.54028384629812,-0.229508588211035,-0.025751276339518,30.195532640687,-12.6001245439775,4.05013406813984,-5.61824801929678,-0.231046007436746,0.00751086038842351,0.0808825267087643,-12.4447177713772,3.75040897710931,-5.73839610822598,0.201106860662629,0.20113022384476,0.100425857656974,15.0995165396042,15.1007773067101,11.279265357649,-0.1931141598155,0.11106960129649,10.5052281391241,-0.0232186507350689,-0.00459599204242577,10.4550084032412,0.139560768378357,0.139530716515482,0.139386224676648,2.29866986456877,3.04789081451271,28560.5151049289,1.37083588228774e-35,1.00528268546609,7.36721834685162e-24,744.839,1,6,0,0,1,0,0
0.715,0.000876616877871547,-0.0317794269071397,30.1154525588215,0.545051103942997,0.00306477676999686,-0.11056160342376,0.298525580841793,0.198103265764132,19.7759571279583,-0.63837362840419,-0.228386415030636,-0.0435302551961156,30.1735109644939,-11.1559107514499,2.0289912572039,-6.87305883514997,-0.229263031908507,-0.0117508282889759,0.0580584056723496,-11.0453491480261,1.7304656763621,-7.07116210091411,0.199177296191369,0.201270434710483,0.100267547409821,15.0226257671975,15.1175160155836,11.2842697590044,-0.0462069942505254,0.00758576161728639,10.4678627987169,-0.0956592878280264,0.0376728653822784,10.4579885038947,0.140398155823239,0.139034806404337,0.139172310613841,0.175777784296043,2.76812568228586,28729.1743399242,1.34311469246158e-35,1.02468942001069,7.38004254719722e-24,684.561,1,6,0,0,1,0,0
0.72,0.000438651872753078,-0.0303335523707338,30.1165977716411,0.518492502673943,-0.00239685583637206,-0.0655654931601247,0.284850695248268,0.256091950281795,18.5770307344824,-2.67333060374546,-0.291485319562588,0.174449265557736,30.1018464826389,-13.8885917923536,14.1604047727657,-9.95883083060126,-0.291923971435341,0.20478281792847,-0.0147512890022565,-13.8230262991935,13.8755540775174,-10.2149227808831,0.199636728978255,0.200763536090465,0.100138428865522,15.065206003107,15.1014733471096,11.282580385525,-0.10075300455056,0.191232865100814,10.3847551793189,-0.095059134861166,0.0298605276219665,10.4435374075429,0.138921580358406,0.139491915093224,0.139231956639092,1.51927025677538,4.22116267034977,28747.3096550543,1.33676460429774e-35,1.00952186135308,7.27968871411433e-24,708.378,1,6,0,0,1,0,0
0.725,0.000223070527000367,-0.0289856227053629,30.1179668243328,0.493917519634543,-0.00405722346800402,-0.0209040226325792,0.258963448864281,0.286882867069836,16.0275502294052,-4.78494349710348,-0.360315695549929,0.0929370313110642,30.0049232844577,-16.8260371355795,7.46565345629342,-12.1042094136044,-0.36053876607693,0.121922654016427,-0.113043539875114,-16.8051331129469,7.20669000742913,-12.3910922806742,0.199479575989086,0.200004570000187,0.0998178724736896,15.0742334959323,15.0845272013143,11.2713129451634,-0.115881898246418,-0.0155254655288311,10.3206115669704,-0.116559990398596,0.102032910637703,10.3956083042561,0.139417373495792,0.139724334288534,0.139505795700089,0.993966837156374,5.5057931201508,28814.6620661587,1.31282335891534e-35,1.00948161740878,7.38507200292419e-24,676.377,1,6,0,0,1,0,0
0.73,0.000225794854652244,-0.0277947273616086,30.1194124428912,0.472552927935634,-0.00195941706449014,0.0224584819321337,0.221413583351194,0.286462734200887,12.3941635322929,-7.02144084715819,-0.436250506021598,0.118757692290132,29.9280678019676,-20.071394645798,8.16890368458294,-10.7265421526096,-0.43647630087625,0.146552419651741,-0.191344640923609,-20.0938531277301,7.94749010123174,-11.0130048868104,0.198797360308896,0.199073739697754,0.0993199681132411,15.0651371535013,15.0699799583767,11.2579442595333,-0.134192074789627,0.0644205219426458,10.3038492703541,-0.140565997232191,0.0733185563978416,10.3296053790903,0.139873458056701,0.139972838917869,0.139722268401291,0.0401707944612632,9.35613561827922,28965.9802639008,1.27494411301665e-35,1.00650678603669,7.48316886277023e-24,709.039,1,6,0,0,1,0,0
0.735,0.000435504638707618,-0.0268120043247424,30.1207758193534,0.455512459245207,0.00378625685897229,0.0625698535853865,0.174865898129735,0.254269235018753,7.82168046079089,-9.25472758306704,-0.416051007382497,0.180855953686755,29.9420273659105,-17.5019353753593,11.061884700878,-3.42626072245202,-0.416486512021205,0.207667958011497,-0.178748453442967,-17.5645052289447,10.8870188027483,-3.68052995747078,0.198206141421245,0.19828705947631,0.0988679299685937,15.0624917205988,15.0630136462543,11.2508812215391,-0.0726552769197253,0.0974631632587305,10.381865294333,-0.167473746205963,0.081279142771703,10.2771459772903,0.139951610391234,0.140041601179221,0.139713164719138,1.03112551286649,9.58933312890989,29161.90047711,1.240348287785e-35,1.00745905144955,7.49790299105511e-24,734.852,1,6,0,0,1,0,0
0.74,0.000830167052640298,-0.0260744648855555,30.1219051720307,0.443412368462933,0.0128257656820066,0.0970602685730882,0.122370920518094,0.193649676753954,2.861775510627,-11.3614804179868,-0.57858001211893,0.157020901312743,29.9747601426772,-26.2721151699742,8.66537206948113,2.58227958284805,-0.57941017917157,0.183095366198298,-0.147145029353517,-26.3691754385473,8.54300114896304,2.3886299060941,0.19821949474065,0.198287325864447,0.0988385912951765,15.0730165622383,15.0757824811102,11.2561463969636,-0.220368350750308,0.0389458054353348,10.3654203309267,-0.161467019237292,0.101646932906973,10.2864427698974,0.139654270400495,0.139643716556768,0.139310144022952,0.703099287497723,13.3235864762433,29290.3023120662,1.23243216797531e-35,1.01101092595813,7.38084940720172e-24,738.833,1,6,0,0,1,0,0
0.745,0.00137772873627266,-0.0255983699815434,30.1226737102966,0.436737920855295,0.0246080410750434,0.124241174459746,0.0692579782802541,0.111167532322307,-2.15810536725637,-12.7822571769175,-0.337230288213418,0.232968878407343,30.0307497119158,-10.2627889412181,12.6101403377075,7.76613361247828,-0.33860801694969,0.258567248388886,-0.091923998380844,-10.3870301156779,12.5408823594273,7.65496608015597,0.198639988587901,0.198683367499385,0.0990683992261271,15.0875128196413,15.0910428409361,11.2599645256669,0.0755729685283888,0.118193280378741,10.3683371932397,-0.217775950837871,0.0928825383520712,10.3088715173031,0.139413920917323,0.139423554084049,0.139099670658909,4.63816828122517,8.14686458449265,29296.8849436436,1.24153421207941e-35,1.00808884714374,7.31024561512461e-24,710.098,1,6,0,0,1,0,0
0.75,0.00203759700302224,-0.025377503411027,30.122993667854,0.435221818218017,0.0382984723151054,0.14233703233297,0.0192925967637698,0.015740450165911,-6.46916983236017,-13.4178252855977,-0.174161914407784,0.22647509959569,30.1744035531051,-1.10078026124898,11.2737708619401,14.9963848396506,-0.176199511410806,0.251852603006717,0.0514098852510865,-1.24311729358195,11.2544782651763,14.9806443894847,0.199305080797205,0.199367750622077,0.0994362276170571,15.1040357412098,15.1076450620307,11.2606607349775,0.0303732515865865,0.0621136785063762,10.5071503331752,-0.136403859185477,0.118125986172757,10.3458610091466,0.139206680010782,0.139199139219464,0.138942860108179,2.92036209218222,5.32012907078516,29202.9215508528,1.26424690025627e-35,1.01792388548407,7.24824776717417e-24,725.297,1,6,0,0,1,0,0
0.755,0.00276593282817285,-0.0253840078077483,30.1228255972464,0.438142619044739,0.0530240365996009,0.151811400190177,-0.0225413718853445,-0.0823876208230597,-9.74986535401526,-13.186280689956,-0.106940994668131,0.0731197099698778,30.2107994320374,1.37361296568614,1.61993541935791,11.8928906090595,-0.109706927496304,0.0985037177776261,0.0879738347909949,1.22180156549596,1.64247679124325,11.9752782298826,0.200647172816875,0.200738169159602,0.100161303352544,15.1314665669488,15.1354108012342,11.274691822682,-0.0243937353072766,-0.0487443794081018,10.3782796811126,-0.0823893229419902,0.115085397644582,10.4425636764667,0.138633531261165,0.138627764594977,0.138476095580901,1.79205648900196,2.73795487240059,29006.1969716463,1.31846022433617e-35,1.01846321420176,7.08191792733679e-24,715.404,1,6,0,0,1,0,0
0.76,0.00352517917515626,-0.0255695626006868,30.1221822790914,0.444444014783037,0.0679569926526243,0.154724245892313,-0.0529665062454223,-0.172747798736496,-11.6134413117896,-12.0621166968272,-0.0550241604932317,-0.194288192632057,30.3070273941299,2.87989641937363,-13.3919882580677,11.9766550121063,-0.0585493396683879,-0.16871863003137,0.184845115038586,2.72517217348132,-13.3390217518222,12.1494028108428,0.201309286180155,0.201417727055027,0.100557344708533,15.1328033829472,15.1371121307338,11.2726108454092,-0.0266462055919847,-0.150898902979161,10.5214097486637,-0.0609608211190189,0.0634171620635864,10.4662021540255,0.138915991803759,0.13891051205385,0.138761824676373,2.59331004065413,4.76741130480732,28770.4561103162,1.35241484069154e-35,1.0157236167105,7.16949787105323e-24,685.031,1,6,0,0,1,0,0
0.765,0.00428937349214695,-0.025873296141736,30.1211271688256,0.452737865578177,0.0824547124642181,0.153694210123587,-0.0701854561617329,-0.245710689380038,-11.8641352372051,-10.4065352431414,-0.119337589103799,0.0531554772502191,30.2543515249504,-2.31162435129521,3.36055471155838,2.4782040957632,-0.123626962595946,0.0790287733919551,0.133224356124725,-2.46531856141879,3.43074016772011,2.72391478514323,0.202197855281501,0.202216427509569,0.101005308953132,15.1427969993026,15.1425054382645,11.2847996546828,-0.103924054011527,0.215551323194205,10.3527120555716,-0.045255670174899,-0.0258554828653333,10.5308029150085,0.138608996693274,0.138657742148117,0.138569536506437,4.82938433267499,2.69972528255762,28568.9892380409,1.39652314127597e-35,1.015998237133,7.0921738779801e-24,730.393,1,6,0,0,1,0,0
0.77,0.0050469134667869,-0.0262289713316664,30.1197683413728,0.461582389710129,0.0962753906606039,0.151914169925488,-0.0738310461036982,-0.293208201010499,-10.5726562446693,-8.68369682666947,0.055958544680366,-0.0433995984388406,30.2708318662563,7.29248010767351,-2.32255297607198,0.0162766539395565,0.0509116312135791,-0.0171706271071742,0.151063524883463,7.14056593774802,-2.24872192996828,0.309484854950056,0.201939798910931,0.201977223267497,0.100876264126044,15.1231167738268,15.1243740419754,11.2776978106335,0.0766305875232108,-0.030599674510551,10.501912357558,-0.0679334697907995,0.0571200371476914,10.4945810299042,0.139244370921382,0.139228532058054,0.139126082491421,1.47728461549925,3.07584387191598,28471.1992254864,1.39625146085748e-35,1.00621414999776,7.27486534413442e-24,705.007,1,6,0,0,1,0,0
0.775,0.00580197690068571,-0.0265730176396501,30.1182481459462,0.469621520600752,0.109551824515968,0.15258214587576,-0.0653591951213172,-0.309713313246896,-8.07680794361368,-7.45582285991989,0.0512754724531709,-0.0347937898619737,30.1714468004735,5.36085483986262,-1.19331759311219,-8.10575133844826,0.0454734955524852,-0.00822077222232355,0.0531986545272492,5.20827269398686,-1.12795839799087,-7.79603802520136,0.20177565925943,0.201826706254194,0.100796395257312,15.1143476080602,15.1163079024396,11.2857304941141,-0.0398666403593161,0.0404283838687977,10.3512825772456,-0.0109226806605235,0.0251520450532255,10.5065066679271,0.139134193568768,0.139132722923235,0.139010166639616,1.29977465424022,1.51042185848748,28469.773321752,1.39755348032136e-35,1.01027412360627,7.24116527498582e-24,711.815,1,6,0,0,1,0,0
0.78,0.00657273060195931,-0.0268525701408961,30.1167292885169,0.475740883041015,0.122726169795556,0.158162782084071,-0.047648664296456,-0.292679373774697,-4.73228612337571,-7.0167743617104,-0.0332585042419019,0.0345767611002657,30.1195774932264,-0.724010368271835,3.23888746406556,-9.72214529811405,-0.0398312348438612,0.0614293312411619,0.00284820470946093,-0.882173150355905,3.28653612836202,-9.42946592433935,0.200897189143729,0.200933906473244,0.100323382532068,15.093245112922,15.0944732624485,11.276763000866,-0.099410892544595,0.0866758034367251,10.4202032744915,-0.0134268689297685,0.0283267525843942,10.4397849206504,0.139638262338982,0.139649848432627,0.139491443884079,0.572991477038795,1.06610654527249,28560.897982786,1.36444987997979e-35,1.00617099706169,7.39914128268702e-24,703.5,1,6,0,0,1,0,0
0.785,0.00738498649938181,-0.0270294786515439,30.115378953708,0.479219340269967,0.136455316935366,0.16928882409828,-0.023778843079304,-0.242877044488663,-1.10606368591616,-7.58949507468979,0.155963508202972,0.0381816227744911,30.1299490058465,10.0740328536835,3.2491826006644,-6.64962439024608,0.14857852170359,0.065211101426035,0.0145700521385038,9.90474402958523,3.2729614437437,-6.40674734575741,0.200195562114133,0.200177169051302,0.0999077778070053,15.0846010629108,15.083443763257,11.2749149140739,0.105666983527602,0.0420284361386992,10.4989517005254,-0.0434113122444292,0.0521090228219834,10.4044466522252,0.139631291605506,0.139665121953853,0.139463273879065,1.60351703287284,1.20947697121781,28726.5490104192,1.33333872331908e-35,1.00372160948192,7.39708354196008e-24,746.906,1,6,0,0,1,0,0
0.79,0.0082648863239528,-0.0270815786331705,30.1143514785373,0.47971026433647,0.15144718265371,0.185464367800446,0.00285635560450851,-0.164632216782353,2.33109738587851,-9.04934035788948,0.112474184439904,-0.090681609601428,30.0642641829179,6.01346556358463,-4.44973007790951,-8.52234024975351,0.104209298115951,-0.0636000309682575,-0.0500872956194602,5.82800119578418,-4.45258643351402,-8.35770803297116,0.200004250922567,0.200009220056457,0.0998351147714952,15.0882555144742,15.0886192089737,11.2803946043244,-0.0534658894468828,-0.0595426407687315,10.3601946712087,0.0185910602553841,0.0535982011041944,10.4133625703985,0.139377713809773,0.139373437076035,0.139196260256997,1.07034142438236,0.957896776659057,28842.1455871855,1.32222212663626e-35,1.0093538983385,7.31127555007972e-24,708.008,1,6,0,0,1,0,0
0.795,0.00923304158083852,-0.0270020146033989,30.1137704327172,0.477296159814732,0.16828776319853,0.204947503681276,0.0294555041614959,-0.0658218656904593,5.21395954204798,-11.2050050348152,0.0217614581855927,-0.14585138495186,30.0160407108491,-0.0888825387450522,-6.90365819688278,-7.68982689964548,0.0125284166047542,-0.118849370348461,-0.0977297218680805,-0.293830042426328,-6.93311370104428,-7.62400503395502,0.199516430132639,0.199525459748652,0.0996000741573621,15.0821501031157,15.0825937727798,11.2685151568121,-0.09138087248932,-0.0156766773947245,10.3579170120515,0.0026592747422176,0.0100781253679979,10.3690963200055,0.139663050476967,0.139662305765695,0.139470848410097,0.493699977567031,1.39761316665029,28928.5976839981,1.29802615205236e-35,1.00649314560304,7.40090177848922e-24,720.472,1,6,0,0,1,0,0
0.8,0.0103017265177222,-0.0267964413929473,30.1137122855629,0.472278301357493,0.187324497414998,0.226099458719576,0.0537645338790734,0.0427501375977209,7.36372552770317,-13.6101977629828,-0.0182878851850792,-0.14792396400245,30.1478737639804,-2.37037527845858,-6.06802482481445,3.17961525771681,-0.0285896117028014,-0.121127522609502,0.0341614784174805,-2.59647473717816,-6.12178935869352,3.13686512011909,0.199121693401475,0.199085700604698,0.0993422930673612,15.0807109147129,15.0789763075516,11.2591587164282,-0.0632423244607224,0.0185982506678557,10.6026812322949,-0.0295402009638055,-0.0088757353460641,10.3363682014184,0.139702451698571,0.139730143715936,0.139501430919572,3.74249143518476,0.549416566742848,29034.0976753679,1.2756435593133e-35,1.00471413401191,7.41556731227813e-24,742.319,1,6,0,0,1,0,0
0.805,0.0114751218710277,-0.0264794875557962,30.1141945277395,0.465118407840325,0.208636187757185,0.247266026008632,0.0744157432957871,0.148499114953412,8.68146189766532,-15.7859503103273,-0.123911017329061,0.0612149281323492,30.2118888574222,-8.25958732038083,6.90454626319682,5.1004825911047,-0.135386139200089,0.0876944156881454,0.0976943296826377,-8.50685334638947,6.83013051990103,4.95198347615129,0.200011357152201,0.199955534098421,0.0998140359917191,15.1077699848068,15.1054633659187,11.2781697234008,-0.120009578608139,0.178789331790022,10.4984399978663,-0.0457565620352035,-0.00946206314387678,10.4261023166288,0.138872235285875,0.138886362158215,0.138690931467287,2.39553164377217,1.62718957977486,29016.7088637002,1.30550037707612e-35,1.00290614960243,7.15560063894092e-24,730.295,1,6,0,0,1,0,0
0.81,0.0127496375852399,-0.0260721875422394,30.1151702112916,0.45637073001981,0.232079885329755,0.266949714678636,0.0902000239457155,0.238454338655029,9.30113486708016,-17.5857733966948,-0.249187624979104,-0.0538072759055026,30.1690936550001,-14.6559959091196,-0.842158574134449,-0.348363314424803,-0.261937262564344,-0.0277350883632632,0.0539234437085638,-14.9229456237982,-0.932358598080165,-0.586817653079832,0.20084382225615,0.200838262589234,0.100308479958175,15.1219540647101,15.1223830021118,11.2811664799153,-0.148648945782063,-0.0555890250366864,10.3614386338738,-0.083509669912197,0.0604600661375751,10.4691045040599,0.1388218888966,0.138788802527928,0.138718281392251,1.51695249206226,2.11797597963806,28868.3661706984,1.33906882698117e-35,1.00780773539753,7.14308301386364e-24,741.094,1,6,0,0,1,0,0
0.815,0.0141181410128348,-0.0255997270086502,30.1165308864858,0.446626915785254,0.257354914328003,0.285205912107771,0.100662680686052,0.301195097628607,9.26662025746876,-18.7446757947382,0.117534390224165,0.0536723260949602,30.1872831968563,8.33222396289737,5.53277029338141,-0.174324376246608,0.10341624921133,0.0792720531036104,0.0707523103704692,8.0470180507896,5.43210761269536,-0.475519473875215,0.200684881129678,0.200833267249754,0.100298253912922,15.1055467056763,15.1130713899374,11.2675044069137,0.214477183427141,0.108432676668753,10.4709795184536,-0.127524523097921,0.0210641560614645,10.4405015253371,0.139388341517891,0.139291297587466,0.139204489933856,6.45768762417795,1.1403870289695,28764.6084343188,1.33932931272767e-35,1.00453375388979,7.30475844799342e-24,1608.616,1,6,0,0,1,0,0
0.82,0.0155732098178757,-0.0250905144573351,30.1181194952158,0.436479644956797,0.28415092186803,0.301856948636884,0.104968784907586,0.328860361508039,8.73015397924263,-19.3850751621415,0.325984937133567,0.0855562515241861,30.1313297874412,19.0007777476169,6.70293757125362,-4.390218098728,0.310411727315692,0.110646765981521,0.0132102922253893,18.69892079898,6.59796878634603,-4.71907846023604,0.200745846699274,0.200879773219581,0.100303631159716,15.1040949968705,15.1094419665449,11.2700856266084,0.125708933864466,0.0601947119216864,10.3714978058069,-0.00637825088458673,0.0564339452779261,10.4549663278727,0.13918532528171,0.139215372205216,0.139091567685532,1.27104771106471,3.0106985346737,28712.3672223052,1.34516736812769e-35,1.0170537752525,7.26326627929683e-24,656.143,1,6,0,0,1,0,0
0.825,0.0171078859976773,-0.0245765949371072,30.1197508690213,0.426523890459598,0.312229254797431,0.317280864063649,0.102499286294152,0.318161831664896,7.77930050995094,-19.7263196721289,0.32973452416845,0.0408537097896442,30.1495006425862,16.662423124487,3.36097757461838,-2.63680896643477,0.312626638170773,0.0654303047267514,0.0297497735648501,16.3451422604233,3.25847828832423,-2.95497079809967,0.200358242816944,0.200459676718641,0.100066288201422,15.0938044991311,15.0974056895398,11.2670735126141,-0.0110281901520251,0.00531491857612022,10.479311734285,0.0620276887867852,0.0664457866352149,10.4197859335494,0.139474575362417,0.139520518689555,0.139365397597023,0.652599356477276,2.88024114360357,28739.834541779,1.33114194486942e-35,1.01551321772822,7.35445818126093e-24,687.185,1,6,0,0,1,0,0
0.83,0.0187167078127549,-0.0240918642898349,30.1212369417793,0.417362860198058,0.341434132057188,0.331720229518731,0.093132705443593,0.271237566801413,6.43675982754633,-20.0259181534521,0.122374357318519,-0.106668284833638,30.2192237165062,2.64375812622029,-5.48196032935444,1.03309512702054,0.103657649505764,-0.0825764205438031,0.097986774726961,2.31203789670156,-5.57509303479803,0.761857560219128,0.200362095529986,0.200411531699765,0.100041278141864,15.0975120914468,15.0987944514534,11.2753412829289,-0.169618595807164,-0.0775293918498417,10.5511767085003,0.0603469731620097,0.050624228407025,10.4318881631653,0.139262118829073,0.139300773619107,0.139109352851411,4.31503759894479,1.75237849582286,28788.5418844827,1.33056174680112e-35,1.00650911167727,7.2825215358866e-24,706.529,1,6,0,0,1,0,0
0.835,0.0203948487449208,-0.0236695218998422,30.122412383202,0.409595617249016,0.371704372605363,0.345201238810231,0.0772702297489828,0.194965877391282,4.66454860825424,-20.3466231231074,-0.0207174359844191,-0.133029800583465,30.0820862104499,-5.6033069723434,-6.14986248472592,-8.34884372920691,-0.0411122847293399,-0.109360278683623,-0.0403261727521496,-5.94850821115363,-6.2271327144749,-8.54380960659819,0.200833112076374,0.200877275574045,0.100323769784294,15.1095986668619,15.1107456862946,11.2862262478207,-0.132683668636684,-0.000627597772688993,10.2495657549995,-0.0130528952176253,0.000490985419825766,10.4761429164191,0.138952162131872,0.138943374132806,0.1387980932644,3.41368936987677,1.05500324708287,28760.2526615501,1.34997487623834e-35,1.00855786155719,7.18068453221276e-24,689.452,1,6,0,0,1,0,0
0.84,0.0221351296329444,-0.0233396094799621,30.1231555164572,0.40377279534212,0.402945580581695,0.356757022801072,0.0557824816528861,0.0997814476750735,2.52507243311638,-20.7878217228658,-0.0517640416675145,-0.12895042797307,30.1244598672337,-6.34682735858143,-5.09815375079922,-3.28070529915268,-0.0738991713004589,-0.105610818493108,0.00130435077642585,-6.7035843813825,-5.15393623245211,-3.38048674682775,0.199972098339185,0.200052860349646,0.0998805278621318,15.085604344086,15.0886266002516,11.2619968445226,-0.0660881616892225,0.0188835991815948,10.5128592181462,-0.0631778007759868,-0.00911704051969121,10.3820397200411,0.139840172049725,0.139807361728946,0.139647803545625,0.918518010792859,0.605010024119813,28790.7623577071,1.31629900083979e-35,1.00728048286647,7.45396341454957e-24,713.408,1,6,0,0,1,0,0
0.845,0.0239252697429216,-0.0231250983150278,30.123401452414,0.400359977176645,0.434965676967661,0.365295199940827,0.0306494384468591,-0.00222801984731852,0.107059401517257,-21.0884217555652,0.052552722477553,-0.298396269785048,30.1991629611179,0.722636343289081,-14.4726353905451,1.32322530746178,0.0286274527346314,-0.27527117147002,0.0757615087038713,0.357341143348254,-14.5032848289919,1.3254533273091,0.20003373004229,0.200067428468866,0.0998456394840206,15.0938358194531,15.0946527702465,11.2705327617291,0.0284537858399777,-0.119467325205541,10.5552935903681,-0.0768251321343641,-0.00777235789639457,10.4098616887497,0.139286113755666,0.13931213488846,0.139123660548209,2.3074437743287,2.61462082983958,28863.1413787922,1.31575040560015e-35,1.00284775572102,7.2877840531881e-24,708.741,1,6,0,0,1,0,0
0.85,0.0257459304794034,-0.0230386504088377,30.1231455156864,0.399554637810289,0.467480682397687,0.369061320657944,0.00405469139608576,-0.0992674818675048,-2.33332483414262,-21.3303784306654,-0.125302843425696,-0.227479664509129,30.1786475265802,-9.79947402789155,-8.73813262994321,-1.72814253877524,-0.1510487739051,-0.204441014100291,0.0555020108938126,-10.1685353485495,-8.74218732133929,-1.62887505690774,0.200612206838595,0.200611851597808,0.100180829131559,15.1092788972557,15.1085049097706,11.2838143979825,-0.186124206644615,0.0466964157971496,10.4134254646179,-0.0450574082996747,-0.0645552725243072,10.4610373057094,0.138926608279781,0.13894714243088,0.138792714148127,1.78624271230315,2.24288615718671,28827.552257312,1.3374096589637e-35,1.00803078705801,7.17789318560076e-24,705.761,1,6,0,0,1,0,0
0.855,0.0275732898285921,-0.023080889821212,30.1224376270774,0.401334476679802,0.500096829046801,0.367996680860074,-0.0213226348997666,-0.181477279939848,-4.58115015426653,-21.2158625369451,-0.405238044086417,-0.290277898694383,30.258524286853,-25.0004851021646,-11.7749686924516,1.52603388623154,-0.432811333915009,-0.267197008873171,0.136086659775637,-25.3684817830247,-11.7536460575519,1.70751116617139,0.200679686548392,0.200710323777556,0.100244851889132,15.1066824352511,15.1079702929044,11.2762698203148,-0.287957039984453,-0.0546487299513997,10.5822612242478,-0.107486804199134,-0.040698448393825,10.4452152592052,0.139225961819132,0.139204492412061,0.139113919522557,2.66158470613871,8.70441611423112,28770.4948355782,1.34105774747973e-35,1.00347029984869,7.26920684818292e-24,678.546,1,6,0,0,1,0,0
0.86,0.0293837603474823,-0.0232412843485701,30.121370026272,0.405432968131173,0.532383148363662,0.362241763601485,-0.043654474828881,-0.241933810428861,-6.40483104840937,-20.711245768386,-0.526237978947603,-0.246255870104803,30.2183877568696,-29.2932127461733,-8.31031281558607,-3.87568184396087,-0.555621739295085,-0.223014585756233,0.0970177305976497,-29.6554545097747,-8.26665834075719,-3.63374803353201,0.201236432790397,0.201240380813102,0.100564498281608,15.1152195924445,15.116132653764,11.2867620310397,-0.201822498125487,0.0183086675022385,10.4220402766866,-0.204160750161572,-0.0611226298952814,10.4985757996202,0.138843958401912,0.138866334786876,0.138773841420219,0.632134165428956,10.8302442656897,28683.2171244618,1.36559372971759e-35,1.00477283644042,7.15913898498653e-24,691.771,1,6,0,0,1,0,0
0.865,0.0311569474176113,-0.0235034290129958,30.1200625741386,0.411465962271286,0.563881756539856,0.35293067156096,-0.0623887511668991,-0.276606735641627,-7.58546949084031,-19.6034491636526,-0.384352070518538,-0.147514194650153,30.0820840847977,-18.3154392502999,-2.24850347080114,-11.851551554443,-0.415509017936149,-0.124010765637158,-0.0379784893408952,-18.6683699218608,-2.18611471963424,-11.5749448188013,0.20108974662592,0.201106179330692,0.1005118837908,15.1042492171247,15.1066966901145,11.2799244425735,-0.0254007175358304,0.0615664778105859,10.2816846716963,-0.247376072930786,-0.0462830899732902,10.4715964420679,0.139248646595807,0.139248425216792,0.139181049075879,5.01023152668609,6.23004702159089,28628.2053095136,1.3631805390332e-35,1.00475869773799,7.28316946840766e-24,683.819,1,6,0,0,1,0,0
0.87,0.0328767772884312,-0.0238508304459906,30.1186486659365,0.418968347232605,0.594155671848751,0.34066767122676,-0.0780314543598972,-0.284157388203549,-8.09252261203473,-18.104427331061,-0.243492912578374,-0.221764527673721,29.9003470985978,-9.23537069019725,-7.07309913786511,-17.3128234669456,-0.276369689866805,-0.197913697227731,-0.218301567338684,-9.57603836142401,-6.99506768350521,-17.028666078742,0.200028010165922,0.199990253183383,0.0998794322594598,15.0797948589547,15.07920908423,11.2597034187306,-0.0215158302534229,-0.06217362971128,10.1850785400426,-0.202510624345814,-0.0130919230750215,10.3787010590615,0.139898916155777,0.139942350192157,0.139771489094161,3.73681218194213,8.57253685582225,28724.3295348666,1.32021362967409e-35,1.01562492194757,7.48752907013939e-24,718.341,1,6,0,0,1,0,0
0.875,0.0345308168186853,-0.0242721876817765,30.1172634088557,0.427585715857328,0.622970446284208,0.32633486720309,-0.0921732859508826,-0.265245385592454,-8.14353666648956,-16.5325683983343,-0.108578747393216,-0.208829504500764,29.8886107483169,-1.7012955433353,-6.17682556904064,-8.94511052428627,-0.143109564211901,-0.184557316818987,-0.228652660538765,-2.02763041053839,-6.08465228308976,-8.67986513869382,0.198316583687942,0.1983228299449,0.0988799955008176,15.0499039800847,15.0507258280597,11.2410811476877,-0.0174248069835142,2.92706409817181e-05,10.3703324557079,-0.157103462568739,-0.0384252547370425,10.2552422923252,0.140517763217592,0.140502349007948,0.140188607319483,1.72249654185663,7.46612755246383,29006.6688244184,1.25017330605825e-35,1.01824738909819,7.65988027238425e-24,712.04,1,6,0,0,1,0,0
0.88,0.0361111367457765,-0.0247650215281307,30.1160348137577,0.437185191671326,0.650238532393406,0.310882938984072,-0.106796000374883,-0.222025768642286,-8.09121742190485,-15.0924838610306,-0.0667483984229827,-0.116949311875194,29.9882554332351,-0.471960166024928,-0.718221015322352,3.25939491609321,-0.102859535168759,-0.0921842903470633,-0.127779380522577,-0.782843105009,-0.61142501494747,3.48142068473549,0.19776308470301,0.197786584586669,0.0985205614530267,15.0570412355465,15.0579456782204,11.2511658896036,-0.0775132244326556,0.0646801694798685,10.4745470822553,-0.113268406010669,-0.0330453419229594,10.2478371365287,0.13996668990601,0.139971600158787,0.139562186680688,3.18197552137714,3.73819126401379,29292.0793645563,1.22063752033356e-35,1.01781697552168,7.47540202146864e-24,741.425,1,6,0,0,1,0,0
0.885,0.0376127789488759,-0.0253354892773917,30.115077101201,0.447877860287299,0.675946369418891,0.294565542141777,-0.123420280159718,-0.157812975179836,-8.26340906540723,-13.8020172331162,0.00153697192821855,-0.314736563152205,30.0778971005233,2.39406334082435,-13.0089586875078,9.76168660347061,-0.0360758070206573,-0.289401073874814,-0.037180000677775,2.09949779868257,-12.8855384073481,9.91949957865044,0.198475129069719,0.198508156318973,0.0989371450761449,15.0876508676942,15.0888107601226,11.2679897344041,-0.0478992739571248,-0.152844603203801,10.4347743668381,-0.101763334256347,1.35614956186177e-05,10.3163314099853,0.139223697319499,0.139226653286329,0.138872405051808,2.08351598475502,4.09485942316177,29355.2297362757,1.23851840376869e-35,1.0136382468516,7.24578980627388e-24,703.181,1,6,0,0,1,0,0
0.89,0.0390287068250836,-0.0259928196342019,30.1144844335081,0.459921197740074,0.700055789920755,0.276293695313814,-0.141784845504602,-0.0772477369642944,-8.92300542536458,-12.669633414508,-0.0287302702628042,-0.125215333993474,30.1713421486957,-0.712514816631809,-0.794133537719338,12.9438538039456,-0.0677589770878877,-0.0992225143592721,0.0568577151875381,-0.988808511945623,-0.652348692214737,13.0211015409099,0.199547418109032,0.199555982532418,0.0995883847850022,15.1133694319192,15.1128783977084,11.2715222432004,-0.115534374580746,0.135610846117054,10.4445909321907,-0.0812532163279834,-0.0652724420995487,10.3791966172897,0.138936374473768,0.138955506011357,0.138712254596172,2.37617893649519,2.11374758902204,29207.5278551505,1.27446805647529e-35,1.01061813337194,7.17137188364414e-24,684.943,1,6,0,0,1,0,0
0.895,0.0403461004040169,-0.0267389904021038,30.114323643402,0.47352575745587,0.722435167728223,0.25482430804565,-0.159244601227695,0.0134718622071465,-10.0968063603165,-11.5649298607543,0.107936504197968,0.222246719656379,30.1762775082289,6.59153338232451,19.0069801188613,8.85501065610549,0.0675904037939514,0.248985710058483,0.0619538648268941,6.33670907427886,19.166224720089,8.84153879389835,0.20059466346404,0.200665521704852,0.100223031591175,15.127590209539,15.1304765946463,11.2717729934966,0.0168667994999964,0.275792180809644,10.3460862477677,-0.0939555788988635,0.000814330700692202,10.4418915301803,0.138821110037067,0.138782071204445,0.13862826883355,5.05384891220742,2.62884420302921,28964.1502297406,1.31850052037168e-35,1.00877074929875,7.13302146675125e-24,714.794,1,6,0,0,1,0,0
0.9,0.0415466064171108,-0.0275573504005065,30.1146258097344,0.488588771574057,0.742835835609738,0.229161617707451,-0.170937828715845,0.106364097531683,-11.5065316677543,-10.3052255396919,-0.061559010223393,0.330882174059073,30.2047224159435,-4.83502994717351,22.4843572414891,6.82617191892941,-0.103105616640504,0.358439524459579,0.0900966062091606,-5.06419156488096,22.6552950702049,6.71980782139773,0.201032974002857,0.201082739082668,0.100429011703252,15.125795879477,15.1271082690148,11.2650180390745,-0.206622854045031,0.130465381973196,10.4191141923288,-0.0495179112434258,0.119307185939456,10.4473059180445,0.139070442810534,0.139075041994971,0.138979762875001,1.32202949499278,4.33281567935918,28765.3844930111,1.34123758893375e-35,1.017041365684,7.22504325793298e-24,724.323,1,6,0,0,1,0,0
0.905,0.0426097015435024,-0.0284039101120664,30.115378109027,0.504467174577279,0.760848295962368,0.199407221747086,-0.170684586654359,0.191998835715334,-12.4093752346319,-8.55777394139458,0.01785192184632,0.241049531567281,30.0966162240499,-0.0831906401173579,14.500638937315,-2.17963455336294,-0.0247577796971824,0.269453441679348,-0.018761884977174,-0.282597861864444,14.6713235239694,-2.37163338907828,0.201317968331943,0.201328294484309,0.100527511080117,15.1233883741698,15.1227757561598,11.271535213062,-0.0257410356492002,0.00373592374867811,10.2420683859162,-0.107906486057038,0.156778409265357,10.4666026014669,0.139076045296049,0.139087480914982,0.138933100017135,4.16001427165846,1.88014740396174,28664.5643217298,1.35917921686812e-35,1.00726385919826,7.22249172843175e-24,724.054,1,6,0,0,1,0,0
0.91,0.043516208340507,-0.0292026064225806,30.116517784502,0.519829164610082,0.776046830554882,0.165986578824635,-0.151695362177949,0.260002958950154,-11.9646625106758,-6.2756004057194,-0.0808402448971688,0.249433996784609,30.0469246423259,-6.33371182597355,13.676153382526,-3.75848839445559,-0.124356453237676,0.27863660320719,-0.0695931421761456,-6.49969840479819,13.827848744704,-4.01849135340574,0.200530043272659,0.200545185471305,0.10006331510988,15.0989499672896,15.0991101858773,11.2611336749091,-0.156712095089617,0.0784415530019079,10.3313530255579,-0.0813742824577723,0.127711639826231,10.3942468818025,0.139752770930481,0.13975186354393,0.139517184234713,0.617465432759798,2.85588409218819,28703.0495345458,1.33288176548277e-35,1.00801522377511,7.42481785232059e-24,726.443,1,6,0,0,1,0,0
0.915,0.0442527069163045,-0.0298484313245128,30.1179312533587,0.532608597428438,0.788060373208752,0.130793142242168,-0.109043500623589,0.300591378791044,-9.29661430072815,-3.55677895703461,-0.100687978933249,0.061632737517571,30.0096977767169,-7.16500928176314,1.68450954331661,-3.21659005313416,-0.144940685849554,0.0914811688420838,-0.108233476641805,-7.29580242400531,1.7935530439402,-3.51718143192521,0.199801966030718,0.199776606749994,0.0996388768729305,15.0854820734899,15.0841229117114,11.2633958238389,-0.105781285289467,-0.0683932175344971,10.3269737539682,-0.115243549156902,0.130684576160545,10.360542219627,0.139791459881743,0.139819112753307,0.13945903396701,2.09168217013136,2.11295904180219,28846.1730710054,1.30486120743676e-35,1.00761472375071,7.42991861331153e-24,704.495,1,6,0,0,1,0,0
0.92,0.0448169727300894,-0.0302193117363749,30.1194611011524,0.540177225655931,0.796711472951772,0.0964590566602901,-0.040739130897239,0.306161088864257,-4.06627656025829,-0.81342937123891,-0.000584699985081325,0.268895524167854,30.0730003314109,-0.90083955804866,14.4594207470774,3.09782249717828,-0.0454016727151707,0.299114835904229,-0.0464607697415256,-0.99729861470895,14.5001598779747,2.79166140831402,0.199255493292755,0.199319601502817,0.099352939878733,15.0802111727277,15.0836287919463,11.2649010555513,-0.0174120788501103,0.222021151815436,10.4622065783068,-0.122405148330456,0.066122467836628,10.3348307660507,0.139772410499678,0.139713608168791,0.13940732206301,2.65349536125949,2.91771266879159,29002.0987842591,1.28251693216367e-35,1.01292847839053,7.41098861025677e-24,698.119,1,6,0,0,1,0,0
0.925,0.0452206432257428,-0.030195151185955,30.1209214695704,0.539941005621456,0.80220134603848,0.0659589813336576,0.0504480481554181,0.273036930243987,3.75368539080198,1.6318745994191,0.148875576136428,0.331439766324601,30.1070446313745,7.44409630825402,17.0660933318262,4.9518361767584,0.103654932910685,0.361634917510556,-0.0138768381958629,7.37813732692036,17.0156452836708,4.67879924651441,0.199634756640493,0.199684999115169,0.0995678092710927,15.0983516200992,15.1001215163968,11.2762490151355,0.030856838657282,0.126792377803482,10.4099001238538,-0.0892452032079224,0.13477737315379,10.3792393135061,0.139211244892814,0.139225498484393,0.138959217147202,0.794608806651391,4.07814777961333,29055.4322921342,1.29270212135409e-35,1.00961295634719,7.25357971374298e-24,691.765,1,6,0,0,1,0,0
0.93,0.0454871009472949,-0.0296799989112059,30.1221205786045,0.529926168552589,0.805070197793501,0.0410764440852476,0.157538417936387,0.202546474257636,13.5705321710441,3.38386228425875,-0.00355243940698937,0.358513459380215,30.0664654695752,-2.87325982952968,17.4441596503046,1.71547322494683,-0.0490395403542843,0.388193458291421,-0.0556551090293324,-2.91433627361493,17.2866212323682,1.5129267506892,0.200071953522779,0.200098606356297,0.0998590901875919,15.1092420371931,15.1094792024633,11.276200640422,-0.185186209995598,0.109592387037041,10.2963884601976,-0.0393780470893602,0.153672099267128,10.4037522956285,0.139147885515694,0.139173861258701,0.138961165034453,1.7859670635959,4.6524923497674,28989.0575617073,1.30729093673528e-35,1.01184923373789,7.24171097088586e-24,700.87,1,6,0,0,1,0,0
0.935,0.045645581322794,-0.0286222285734306,30.1228870511414,0.508790639711772,0.805955743131553,0.0224020107446806,0.269623804400521,0.101452552482381,24.4576675087082,4.27385401677721,0.1664000298992,0.16472924233527,30.1009516080234,7.20654555129033,4.99506309859883,4.15358258576211,0.120754448576406,0.193351470908701,-0.0219354431179875,7.18414354054565,4.72543929419831,4.05213003327973,0.199931632949803,0.199946850414908,0.0998045201342006,15.1020987923693,15.1018560707177,11.2631154670806,0.0523481848688082,-0.0588195081000455,10.4110504277558,-0.0910094778646605,0.160680474079264,10.3747648805449,0.139521396565187,0.139526608689767,0.139291198115747,3.59792909192037,2.10480925777371,28938.9569467921,1.30137440882197e-35,1.00450487146839,7.35261723526544e-24,690.856,1,6,0,0,1,0,0
0.94,0.0457227208105344,-0.0270239991112828,30.1230961641053,0.476458635613988,0.805523523819243,0.00830793649212756,0.375860984146081,-0.0185055648833725,34.6313407214745,4.26573545192568,0.234268993557443,0.146870079424469,30.0864387893662,10.0633082828897,4.52253223470494,2.67716258418059,0.188546272746909,0.173894078535752,-0.0366573747390894,10.0550003463976,4.14667125055886,2.69566814906397,0.200115640248967,0.200146987461348,0.0998852192044711,15.1057237145659,15.1068927469241,11.2661950405668,-0.00788024339614827,0.0587583525661346,10.3424857080303,-0.0339278460440643,0.0922468573584078,10.3977626054788,0.139286061650132,0.139284141489566,0.139060242246237,0.252459387327246,2.39468838472054,28913.0769545555,1.3093596753354e-35,1.01408443926899,7.27787261580272e-24,703.988,1,6,0,0,1,0,0
0.945,0.045734189243481,-0.0249420658358152,30.1226911306227,0.434194128941114,0.804250459439227,-0.00400192588061146,0.464993613357676,-0.142123782686269,42.5841572156639,3.67074360029774,0.193683223694279,0.0225103426066887,30.0743444942773,6.41452030765394,-2.26864092511515,2.01446328316584,0.147949034450798,0.0474524084425039,-0.0483466363454116,6.41852223353456,-2.73363453847282,2.1565870658521,0.200089100580391,0.200126305233503,0.0998555996725484,15.1036324480886,15.1052084540428,11.2651253282405,-0.0806001144077595,-0.0310824400844703,10.3437164527777,-0.0107209981613888,0.083475340993453,10.3878195634727,0.139410207083638,0.139415683041516,0.139177614811335,1.02766142131201,1.43675333770087,28902.6334657696,1.30906105229269e-35,1.01063530643555,7.31712199583677e-24,689.243,1,6,0,0,1,0,0
0.95,0.0456797585451674,-0.0224809117757161,30.1216952860264,0.384378405261612,0.80224851529826,-0.0181620966106043,0.528973029287153,-0.252829087796498,47.3256223452987,3.0155797569848,0.140011505640148,-0.0496833331293665,30.1607972514091,2.64939669352899,-5.29575380081804,6.85361706705823,0.0943317470949811,-0.0272024213536503,0.0391019653826381,2.66755879013959,-5.82472683010519,7.10644615485473,0.199955684180249,0.200020345801824,0.099780546979873,15.0997421488999,15.1025444160741,11.2645358021366,-0.0929233221053515,-0.00845273678767553,10.4953153434499,-0.0239051326854639,0.038410145589577,10.3781221303715,0.139490795240318,0.139472100254418,0.139206531897557,1.06512240912167,0.94888430521625,28916.127983554,1.30493829231263e-35,1.00927029133802,7.33461556130766e-24,706.254,1,6,0,0,1,0,0
0.955,0.0455417058633635,-0.0197714653929237,30.120212785877,0.330183144032027,0.799225241159588,-0.0376202545607696,0.565118817096146,-0.33513817912583,47.7067863416771,2.85084608999307,0.0860493824759326,-0.13668298914825,30.1853102144394,-0.570075518148255,-9.07308232715508,5.51168246916543,0.0405076766125691,-0.116911523755327,0.0650974285623766,-0.532455263587485,-9.63820114425123,5.84682064829126,0.200522447880763,0.200599974186068,0.100096236315413,15.1135559103513,15.1166112856624,11.2787077239984,-0.0943987629175434,-0.0364405769904382,10.4185541291626,-0.0421299856397848,0.0109187709941255,10.4353492261256,0.13900629109889,0.138993354280847,0.138766539581652,0.272339569282686,1.04903272547561,28876.7088378129,1.32853266452865e-35,1.00649362411014,7.18824893988131e-24,702.919,1,6,0,0,1,0,0
0.96,0.0452890433706051,-0.016952633728678,30.1184174796433,0.275009495642993,0.79450266760419,-0.0643105383763567,0.572894784616054,-0.376893694232095,44.6903960982209,3.70146009462733,0.0285729496488887,-0.262413616141884,30.2095292986102,-3.5817558419848,-14.9140185248693,3.9935499828879,-0.0167160937217164,-0.245460982413206,0.0911118189668818,-3.51744530360844,-15.4869133094853,4.37044367712,0.200935659079142,0.200960238948992,0.100326071138993,15.119594114439,15.1199380007453,11.2796782793503,-0.101848354562704,-0.0846963904741456,10.4453946342673,-0.0593472954242134,-0.0220397760115691,10.4511129992214,0.139040155718486,0.139068021633351,0.138894419274083,0.298197791463898,2.41631518003285,28784.1014484772,1.34616691154491e-35,1.00483005871467,7.21278179573734e-24,717.315,1,6,0,0,1,0,0
0.965,0.0448853973999985,-0.0141472214825506,30.1165309691676,0.221673044762881,0.787192941068455,-0.0984937740986706,0.55937718577336,-0.371312820002063,38.9360363863515,5.73817323324521,0.023210750739424,-0.347405744682464,30.2454086541597,-3.22463633199227,-17.9501585905018,2.97153449801261,-0.0216746466605745,-0.333258523199913,0.128877684992059,-3.1261425578936,-18.5095357762752,3.34284731801467,0.201182125843074,0.201179856746869,0.100477865653648,15.1192549756514,15.1184826067705,11.2802655288025,-0.067918036069324,-0.0759792943289881,10.4925709532712,-0.0774193663756588,-0.0682114646181711,10.4673963143249,0.139080734155328,0.139090759996792,0.138941501541746,0.0405688531451763,4.58397917183361,28696.7986021149,1.35944470648765e-35,1.00453647589235,7.22425015798726e-24,701.122,1,6,0,0,1,0,0
0.97,0.0442991375484675,-0.0114402007474235,30.1147932883417,0.1718247004771,0.776487406478502,-0.13800421324374,0.532814348289094,-0.317868873744445,32.2326031475349,8.90781330584167,0.0242235417439157,-0.318269614383493,30.2161987948048,-2.64629949804168,-14.3396616023192,-1.84482961467596,-0.0200755958045518,-0.30682941363607,0.101405506463152,-2.50829528479795,-14.8724759506083,-1.52696074093151,0.201427101179592,0.201450965385325,0.100638707934217,15.1189507252371,15.1194667250679,11.2850548946012,-0.0636651317044734,-0.00957984568588449,10.4212775002688,-0.0778504698111161,-0.100958402591715,10.4922652003287,0.139013974236891,0.138993528441302,0.138890467461096,0.703591676462458,3.9376983055028,28625.7218480909,1.37450008441646e-35,1.00358031725436,7.20194710698422e-24,714.009,1,6,0,0,1,0,0
0.975,0.0435130970773491,-0.00886897170445018,30.1134307868457,0.126280592608603,0.761829705075314,-0.179165021161354,0.504205775884413,-0.222516997394237,25.5451784058335,12.6731944498974,0.127704019576924,-0.474964125019615,30.1950999791281,3.76777037778208,-22.3737330222838,-4.47437772128265,0.0841909224995745,-0.466095153315165,0.0816691922824221,3.94693539894343,-22.8779387981682,-4.25186072388841,0.201226264997228,0.201217992109469,0.100539090011187,15.1093266812426,15.1084260867681,11.2804950428303,0.0152055970088585,-0.162135703207408,10.4580059269789,-0.0756356529858994,-0.0959822329731468,10.4730589629622,0.139265210154748,0.139288492035585,0.139158472662425,0.662826542690153,7.15683890910321,28596.6025818274,1.36975751427828e-35,1.00600529966528,7.28670956005276e-24,707.325,1,6,0,0,1,0,0
0.98,0.04253104244036,-0.00642929572046153,30.1126253976859,0.084557204733036,0.743187724914564,-0.217185460022535,0.479417547921087,-0.0969163291684597,20.5822164932206,16.4758398112696,0.308547180411758,-0.306295991915431,30.1823184501229,13.8806773140937,-10.7180537839185,-5.52776208986995,0.266016137971398,-0.29986669619497,0.0696930524370157,14.0978627741162,-11.1974713318395,-5.43084576070149,0.200934233209778,0.200923111333421,0.100383221680489,15.1014976022521,15.1001538048184,11.2806092660461,0.0866081028975455,0.0644539866040007,10.4715182621424,-0.039036083607195,-0.153748929622117,10.4619480183834,0.13932513255791,0.139331694204906,0.139218951809019,3.26970647136245,5.75504993571744,28628.8544475495,1.36001217137493e-35,1.00792974453034,7.303801611854e-24,704.157,1,6,0,0,1,0,0
0.985,0.0413791577184256,-0.00408945954227529,30.1124896334386,0.0455781466570316,0.721023606434702,-0.247781252394776,0.463723987305787,0.0430594202725502,17.8252142407056,19.5129057285647,0.326778582040172,-0.2448600491711,30.1998135343822,13.3835407725904,-7.06450028898403,-4.56952180167453,0.285399424321746,-0.240770589628825,0.0873239009436394,13.6313220249851,-7.52822427628981,-4.61258122194708,0.200643927084305,0.200679211423735,0.100259208509073,15.0951922444554,15.0967762139401,11.2811973771269,-0.0182390656851406,-0.0120186412350977,10.5211762044186,0.023520559767491,-0.101884679708367,10.454956344332,0.139342135805418,0.139332810610724,0.139211395977939,0.730537583488285,5.6609819825456,28680.6887836496,1.34988987880911e-35,1.01444281036846,7.30464736954222e-24,694.452,1,6,0,0,1,0,0
0.99,0.0401020939525186,-0.00180512059322752,30.1130512785849,0.00787517871418486,0.696304165144329,-0.267754346515569,0.456967142809777,0.179681098463855,17.6201374383821,21.3254742980498,0.244725968979287,-0.0855920557986931,30.173147818224,7.37909997363309,1.80802755964872,-6.44890328668168,0.204623875026768,-0.0837869352054656,0.0600965396391519,7.64685432014866,1.35106041683894,-6.62858438514553,0.200677855216332,0.200715456407327,0.10028771549416,15.0989959988668,15.1006707243101,11.2845857127718,-0.0848259018536091,0.0659193167255953,10.453063622833,0.0309611751362154,-0.0856931127076445,10.4675945510245,0.139162437364596,0.139171045269532,0.139071010288396,1.89076779540404,3.15876571782928,28713.5475767748,1.35037071831384e-35,1.01037314164508,7.25443718007522e-24,689.531,1,6,0,0,1,0,0
0.995,0.0387545841082434,0.000462459654082514,30.1142501157754,-0.0298106898342175,0.670286036000514,-0.276206142324656,0.457031453078278,0.295776719578396,19.1705848912729,21.3653892314311,0.276812639257453,-0.00407705166065118,30.2051922418621,8.98351572261991,5.09963765438077,-4.29489754793077,0.23805805514921,-0.00453951131473369,0.0909421260867731,9.25972186494456,4.6426062013025,-4.59067426750917,0.200504296147706,0.20051951629219,0.100190172986175,15.0963312656197,15.0968696672951,11.2778633065304,-0.000315294628834526,0.0197272211427918,10.548357610846,0.00522632182512137,-0.036258574730838,10.448882053092,0.139327860401293,0.139338293584876,0.139235302597853,0.670349465490533,3.62868746929595,28733.3309459007,1.34156610479605e-35,1.0109836538715,7.30639119828463e-24,697.469,1,6,0,0,1,0,0
1,0.037393642548525,0.00273297320903209,30.1159469733023,-0.06827161611973,0.644319652570884,-0.273104614738431,0.458308125498025,0.377205198033076,21.723061464566,19.8668779922406,0.242397018260982,0.0874527747255057,30.146866591542,6.57302416011212,8.81421065135236,-8.0097419656609,0.205003375712457,0.0847198015164736,0.0309196182396269,6.84612877485055,8.35590252585433,-8.38694716369398,0.20067617962285,0.200680406883645,0.100277648082801,15.1019490090191,15.1021226769396,11.2811650110751,-0.0433270209197223,0.0394116573858378,10.4111349651906,0.0173160196924022,-0.0123987942280461,10.4713603829861,0.139108276002391,0.139113520058006,0.139027745075489,0.517473417671867,2.73117561186798,28734.2245160856,1.34709416140994e-35,1.00746491993828,7.23838586974713e-24,710.511,1,6,0,0,1,0,0
