t,x,y,z,alpha,beta,x_dot,y_dot,z_dot,alpha_dot,beta_dot,x_est,y_est,z_est,x_dot_est,y_dot_est,z_dot_est,err_x,err_y,err_z,err_x_dot,err_y_dot,err_z_dot,x_std,y_std,z_std,x_dot_std,y_dot_std,z_dot_std,bx,by,bz,bx_est,by_est,bz_est,bx_std,by_std,bz_std,nis,nees,cond_P,det_P,cond_S,det_S,runtime,filterVariant,nx,useSRformulation,RK4Iterations,updateJacobians,updateQ,cubature
0,0.3,-0.3,31.119178665731,1,1,0,0,0,0,0,0,0,30.119178665731,0,0,0,-0.3,0.3,-1,0,0,0,0,0,0,0,0,0,-0.00189438033401451,0.00187082593548675,-0.0108409137544472,0,0,0,0,0,0,0,0,0,0,0,0,0,0,6,0,0,1,0,0
0.005,0.268170921938716,-0.267951213633583,31.083047198672,2.39471827702708,2.41337902891314,-12.5374590164552,12.626173290358,-14.2993598704636,-6668.82661942291,-6690.26807911332,1.70609738367863,-0.658952106799046,16.1696958179348,-17717.1789304351,17944.4672266337,-11218.1911812972,1.43792646173992,-0.391000893165463,-14.9133513807372,-17704.6414714187,17931.8410533433,-11203.8918214267,0.293432241090397,0.293382896817865,0.147932138522184,450.800526502988,450.798654392355,11184.4983497437,-1.71926893254337,1.97433738602416,10.7157135089441,11.7358183781584,-11.880358531823,16.6995595096929,0.883001341825643,0.775593943535702,43.6400189427558,622.743766943761,13464.1291510247,5717030269.46579,7.96916386783471e-22,3167.28979060706,6.88972799972405e-16,36.851,0,6,0,0,1,0,0
0.01,0.258938020945298,-0.257737848441894,30.9748028013864,4.44943003770763,4.48506399136533,9.16065976730538,-8.85600258570305,-28.7556803664636,-703.803206516405,-669.130230448313,-1.08432840158063,0.774059562376278,16.1723934744423,4932.42338775362,-5031.08525403046,-17754.4660516165,-1.34326642252592,1.03179741081817,-14.8024093269441,4923.26272798631,-5022.22925144476,-17725.71037125,0.2929051477553,0.29285604834503,0.147932113095001,574.737696150813,574.73537280539,15794.2931755384,2.10161358326856,-2.29763378357457,10.5503912710403,-13.2014812015997,13.4687942286017,5.71079390964359,0.821215035506679,0.704426273577624,43.6352608848676,975.908757162136,10232.5390302309,11400777925.2711,4.18019803861458e-21,3838.72800144769,4.6872207827735e-16,43.757,0,6,0,0,1,0,0
0.015,0.299179724333251,-0.29664130562919,30.8017577878516,5.46458072619099,5.51390318303188,7.10244885948709,-6.87011046452481,-39.9247760253816,-1290.82381791069,-1312.6197638665,1.0444949965741,-0.508316680264858,16.0766033746918,-1376.30976359378,1224.73126066764,-24429.6527480763,0.74531527224085,-0.211675374635668,-14.7251544131597,-1383.41221245326,1231.60137113217,-24389.7279720509,0.292905159868718,0.292856060533032,0.147932113102898,673.700965060179,673.698943612337,19318.1773048468,-0.491307226640957,0.545725591434733,10.5852123130574,3.62322832719295,-3.60845463530453,6.25306641051747,0.821218293977582,0.704427699004045,43.6356718869573,68.2203369066538,9921.82809621932,17055530373.7608,1.19553357771403e-20,3838.78488305661,4.68734689554556e-16,34.413,0,6,0,0,1,0,0
0.02,0.339483971272817,-0.335484792754836,30.5823265243794,6.41524989885031,6.49473294703131,9.197731858319,-8.84092681850495,-47.1591230181829,-548.18530470797,-568.18608157893,0.794000269387835,-0.292935809743705,16.0195716798492,-3847.9012934208,3607.28562986218,-30574.2023768498,0.454516298115019,0.0425489830111306,-14.5627548445302,-3857.09902527912,3616.12655668069,-30527.0432538316,0.292905219764413,0.292856120396368,0.147932113113056,759.424689229924,759.42288684553,22277.5323358649,-0.0915759731393203,0.155746668384432,10.4857557846625,1.67907229604354,-1.49967102966205,5.30051645369093,0.821226332858851,0.704434700341541,43.6360807881686,11.503038958365,9743.47600986341,22681225437.1619,2.58588409796944e-20,3838.78051751024,4.68762110510532e-16,32.025,0,6,0,0,1,0,0
0.025,0.383341475369376,-0.377445809834837,30.3388564203688,7.09971231652749,7.2138981928925,8.49012434203507,-8.08227002044078,-49.4301307460559,-419.464788101452,-448.556231417054,0.528140591474288,-0.571189088101413,15.5771224631199,-10429.7940046391,9855.78232276576,-36620.6741432905,0.144799116104911,-0.193743278266576,-14.7617339572489,-10438.2841289812,9863.86459278621,-36571.2440125444,0.292905275889893,0.292856176493562,0.147932113122995,836.026177367657,836.024532588369,24874.6417746418,-0.627096174396414,0.496265358199075,10.1759114752222,3.94067304260326,-3.7196571841514,4.94155644414062,0.821233983570776,0.704441261399386,43.6364875844158,76.9596901428326,10261.2977281701,28277803278.3318,4.7574664907516e-20,3838.78058298962,4.68788315254245e-16,30.648,0,6,0,0,1,0,0
0.03,0.422957657364727,-0.414976648706065,30.0962705359778,7.63181210308953,7.78348656718326,7.48557917541346,-7.05207437900125,-46.7783817175355,-349.786173451684,-383.089984228289,0.86556634477229,-1.00766578814671,15.5645577162238,-17814.286767308,17025.9352949751,-42549.1318012754,0.442608687407563,-0.592689139440642,-14.531712819754,-17821.7723464834,17032.9873693541,-42502.3534195579,0.29290533164966,0.292856232225297,0.147932113132878,905.822679180299,905.82115421672,27213.3939503864,-0.616262420910363,0.452959698032516,10.1754363306261,4.36884123490089,-4.3225926767003,4.60109076426961,0.821241587283649,0.704447779896523,43.6368922714258,94.985149490748,10417.3731292654,33845207579.1801,7.87315574051735e-20,3838.78074131038,4.68814362588715e-16,28.931,0,6,0,0,1,0,0
0.035,0.457087367683706,-0.447004315764923,29.8782804419754,8.04626618658762,8.23426286567211,6.2804411250593,-5.86546089277495,-39.6499520931566,-324.570589066879,-359.768373585719,1.1665828767519,-0.85852138313235,15.2276004107356,-25994.9459034357,25131.7398955745,-48896.2834246531,0.709495509068194,-0.411517067367427,-14.6506800312398,-26001.2263445608,25137.6053564673,-48856.63347256,0.292905387114387,0.292856287662144,0.14793211314271,970.283272900558,970.281842807838,29355.5839917806,-0.598617010153458,0.589462572962885,9.98461265430213,4.87178553320254,-4.84929662826942,4.99573473649882,0.821249151057889,0.7044542640835,43.6372948451814,118.876074105073,11234.6457571115,39383385454.6543,1.20903656303689e-19,3838.78090175647,4.68840274380489e-16,32.324,0,6,0,0,1,0,0
0.04,0.485190230764257,-0.473198068223842,29.7050984917837,8.37602086608747,8.59633259787456,5.06010807761461,-4.70403621566149,-28.9959644226226,-312.651807404199,-347.161141780637,2.16442225391681,-0.899534729789327,15.146070113008,-34439.0847109439,33638.0488289712,-55768.1515044403,1.67923202315256,-0.426336661565485,-14.5590283787756,-34444.1448190216,33642.7528651868,-55739.1555400177,0.292905442285045,0.292856342805067,0.147932113152489,1030.40935199252,1030.40799930292,31341.5256101247,-0.309018032566793,0.623793126299008,9.99776786332124,5.17677496325822,-4.99857335637608,5.56381541990806,0.821256674969514,0.704460714070617,43.6376953019205,123.418153554099,11955.6091121011,44892287667.0425,1.75611084040846e-19,3838.78106246141,4.68866050823814e-16,27.856,0,6,0,0,1,0,0
0.045,0.507469732763819,-0.493931211464144,29.5911948700113,8.65209624716291,8.89909024032726,3.9361384024727,-3.66720991787035,-16.1454943031938,-298.374016442329,-329.312710076255,1.98213443311338,-1.04524622606534,14.8770961724529,-43504.2544172393,42367.6267208623,-63520.3087775039,1.47466470034956,-0.551315014601195,-14.7140986975584,-43508.1905556418,42371.2939307802,-63504.1632832007,0.292905497161215,0.292856397653653,0.147932113162217,1086.9200353332,1086.9187472594,33199.2553399768,-0.406864532641851,0.601211557940154,9.89700622217685,5.58679832236784,-5.09267467592806,6.61238666977583,0.821264158956909,0.704467129806381,43.6380936381344,136.971708135,13105.8098804481,50371868245.6155,2.4432055983308e-19,3838.78122336902,4.68891691687472e-16,31.605,0,6,0,0,1,0,0
0.05,0.524611903040439,-0.509985762290046,29.5438123378149,8.89820927763289,9.16526926648958,2.99010435869427,-2.81905472880216,-2.63115944066997,-272.521513274371,-296.685348793547,0.801737314210005,-0.425456332897145,14.7247795147374,-52958.7709628605,51426.3340802331,-72187.4669898319,0.277125411169567,0.0845294293929008,-14.8190328230775,-52961.7610672192,51429.1531349619,-72184.8358303912,0.29290555174249,0.292856452207489,0.147932113171892,1140.35254396027,1140.35131081319,34949.211238889,-0.822703362373671,0.825947885486228,9.88047375206573,5.4905334396136,-5.12842269231511,7.69121696257442,0.821271602960274,0.704473511239962,43.6384898505653,151.234273379154,14260.8250464176,55822084820.336,3.28446027541438e-19,3838.7813844602,4.68917196747464e-16,28.563,0,6,0,0,1,0,0
0.055,0.537596451320112,-0.522355431504022,29.5624887688815,9.13174551071179,9.41194532084242,2.25825322565015,-2.18032679465964,10.0328916638227,-229.525508235318,-243.664295840734,2.05468019344424,-1.16247765725219,14.6104709575945,-61632.8805864599,60053.0738876397,-81813.9557774882,1.51708374212413,-0.640122225748167,-14.952017811287,-61635.1388396855,60055.2542144343,-81823.988669152,0.29290560602849,0.292856506466201,0.147932113181515,1191.12085631939,1191.1196705528,36606.8409956058,-0.380445410667064,0.565644348429484,9.90760084655878,4.98668679184425,-4.84016192793203,8.85403870215172,0.821279006924425,0.704479858324465,43.6388839362047,116.718700998671,15550.1304328781,61242898484.9026,4.29349298456374e-19,3838.78154571672,4.68942565795689e-16,28.884,0,6,0,0,1,0,0
0.06,0.547471555110653,-0.532039477448793,29.6396714412935,9.35971455019045,9.6459650675158,1.7319617942906,-1.73248876132303,20.5576500020042,-165.873157322158,-167.357448297252,1.41540870185917,-1.06452298367066,14.9393790311177,-70811.9923727713,68870.4115713753,-92189.4124817377,0.867937146748519,-0.532483506221864,-14.7002924101758,-70813.7243345656,68872.1440601366,-92209.9701317397,0.292905660018873,0.292856560429444,0.147932113191086,1239.5520660138,1239.5509216168,38184.1603347025,-0.605151240574869,0.597077373774028,10.2132231533287,5.28840641797688,-4.98562167816236,9.92013830623052,0.82128637079881,0.704486171016969,43.639275892291,132.732612698398,16311.6972315965,66634273479.0109,5.4834070819602e-19,3838.78170712038,4.68967798639985e-16,31.119,0,6,0,0,1,0,0
0.065,0.55512051719328,-0.539840562147794,29.7622461031049,9.57725878443939,9.86232433914747,1.35397963154509,-1.4152628510912,28.0312894640155,-83.1527424649202,-71.3162117886983,1.17195759302484,-1.12544248629295,15.1660556051519,-79804.5978908428,77575.8122839079,-103307.861997689,0.616837075831556,-0.58560192414516,-14.5961904979531,-79805.9518704744,77577.227546759,-103335.893287153,0.292905713713331,0.29285661409691,0.147932113200605,1285.91000436704,1285.90889646119,39690.736186419,-0.680907242742768,0.56845759345629,10.4357831504039,4.95316559035949,-4.84908104897787,11.0137128342785,0.821293694537469,0.704492449278486,43.6396657163072,123.235782756437,17311.0439474622,71996177970.3884,6.86679786919717e-19,3838.78186865351,4.68992895104002e-16,30.852,0,6,0,0,1,0,0
0.07,0.561078030453283,-0.546205155077901,29.9136238187893,9.77628854787604,10.0536115877677,1.04214850262629,-1.14626466628206,31.9875255558246,13.3485640044248,37.1881485636038,1.38481677433174,-1.25637821996223,15.1538799925334,-88651.152495884,86243.2277008532,-114974.057711978,0.823738743878463,-0.710173064884332,-14.7597438262559,-88652.1946443867,86244.3739655194,-115006.045237534,0.292905767111586,0.292856667468323,0.147932113210071,1330.41119079771,1330.41011536048,41134.3346921063,-0.606382399738242,0.521835726047865,10.477306582268,4.79191284525353,-4.79395529204731,11.6917694994439,0.821300978098996,0.704498693073927,43.6400534059791,115.920547175607,18701.5138107925,77328582392.1642,8.45575942067741e-19,3838.78203029819,4.69017855027057e-16,30.021,0,6,0,0,1,0,0
0.075,0.56551065622602,-0.551216002009793,30.0759543251928,9.93388521548281,10.1973534009997,0.731265442842719,-0.86210293774384,32.3876831692911,113.709570490172,144.708645530799,1.1169393180595,-0.969619501107341,15.2835036841874,-97692.3447989896,95064.6817000091,-126805.46267907,0.551428661833479,-0.418403499097548,-14.7924506410054,-97693.0760644325,95065.5438029469,-126837.850362239,0.292905820213395,0.292856720543438,0.147932113219484,1373.23595398134,1373.23490765063,42521.3639764756,-0.706524789535811,0.624192734968109,10.5863056389159,4.82069026163226,-4.78613628259372,11.8275629122187,0.821308221446492,0.704504902372068,43.6404389592725,120.812034791786,19937.936058145,82631461472.8793,1.02618915284778e-18,3838.78219203704,4.69042678263997e-16,35.932,0,6,0,0,1,0,0
0.08,0.56826850549253,-0.554641652358865,30.2321450149603,10.0319919791665,10.2778499181354,0.360764539230844,-0.501127677180219,29.5653851255947,196.524231128679,227.61932416456,1.13099338725959,-0.983224551473053,15.4734365032994,-106739.687462592,103868.042705398,-138561.303572293,0.562724881767059,-0.428582899114187,-14.7587085116609,-106740.048227132,103868.543833076,-138590.868957418,0.292905873018547,0.292856773322046,0.147932113228845,1414.53639957117,1414.53537950365,43857.1859713448,-0.711156899396095,0.625582193999776,10.7126811398498,4.71579661049731,-4.66461164318247,11.6775303206672,0.821315424547522,0.70451107714551,43.6408223743915,115.942825126941,21130.6758497756,87904793052.3269,1.229630675699e-18,3838.78235385256,4.69067364685052e-16,32.975,0,6,0,0,1,0,0
0.085,0.569092191686172,-0.556129630581922,30.3674646517379,10.0580415199528,10.2859328431607,-0.051744935799298,-0.0773770039834507,24.1186653153877,248.029817183791,272.477882954964,1.58947469401004,-0.453805639965651,15.4858945948641,-115698.280222513,112885.75110178,-150077.222755448,1.02038250232387,0.102323990616271,-14.8815700568738,-115698.228477577,112885.828478784,-150101.341420763,0.292905925526865,0.292856825803968,0.147932113238154,1454.44225340085,1454.44125716703,45146.34174225,-0.558013596247161,0.813117859139351,10.6991894477972,4.68482362087028,-4.62799525306262,11.2338180001705,0.821322587374076,0.704517217370642,43.6412036497756,115.149592573731,22568.9902901746,93148557253.2413,1.45696375997515e-18,3838.78251572754,4.69091914175688e-16,29.655,0,6,0,0,1,0,0
0.09,0.567872569510876,-0.555468296865213,30.4706366585324,10.0116702402202,10.2251136458409,-0.462744827233726,0.365727897473703,16.8174415473096,260.872984779393,274.526416979754,1.56583357950237,-0.948670532569123,15.6763393730582,-124778.199995803,121562.643508118,-161050.377173764,0.997961009991489,-0.39320223570391,-14.7942972854742,-124777.737250976,121562.27778022,-161067.194615312,0.292905977738201,0.292856877989059,0.14793211324741,1493.06523432615,1493.06425983121,46392.7179628463,-0.566399658276412,0.636586343532621,10.7843414202947,4.76459968362846,-4.3686640686844,10.4048697065221,0.821329709902518,0.704523323027606,43.641582784098,107.664575884012,23733.552252555,98362737867.4684,1.70920437309951e-18,3838.78267764516,4.69116326636463e-16,29.598,0,6,0,0,1,0,0
0.095,0.564748094028826,-0.552706891290981,30.5344677377607,9.90505501818306,10.1104693950341,-0.81630330384187,0.766587142794194,8.51115846133857,239.485257387004,242.001872970539,1.55336028691651,-1.18120543307359,15.7845329860246,-133727.511581556,130215.688248224,-171432.474801484,0.988612192887684,-0.62849854178261,-14.7499347517361,-133726.695278252,130214.921661082,-171440.985959946,0.292906029652441,0.292856929877202,0.147932113256613,1530.50238531096,1530.50143073403,47599.6723077908,-0.556324994447096,0.548479342762543,10.8014246668613,4.62584157425361,-4.4111997681237,9.51825444865372,0.821336792113547,0.704529394100254,43.6419597762625,103.415381029414,24948.2413705193,103547326075.261,1.98732193445584e-18,3838.78283958851,4.69140601982869e-16,28.303,0,6,0,0,1,0,0
0.1,0.560094260851796,-0.548173545410402,30.5560474826605,9.75726353193914,9.96189279099483,-1.07384551861297,1.07521056217944,0.0520279954099084,195.161967934237,189.153348434389,1.31993224724584,-0.396042510667058,15.840923802304,-142546.864561785,139009.624567322,-181153.484528271,0.759837986394042,0.152131034743344,-14.7151236803566,-142545.790716266,139008.54935676,-181153.536556267,0.292906081269501,0.292856981468315,0.147932113265764,1566.83865106358,1566.83771481045,48770.1295198575,-0.614351132283358,0.80193405730211,10.7761222371307,4.45283333026584,-4.32434464504251,8.49989259391158,0.821343833992147,0.704535430576109,43.6423346254018,104.236071487234,26136.7421452322,108702306664.54,2.29224005729193e-18,3838.78300154087,4.6916474014519e-16,30.035,0,6,0,0,1,0,0
0.105,0.554412655830827,-0.542382009332248,30.5366014435278,9.58575069788321,9.79535358852719,-1.22453091948839,1.26806037827877,-7.76858430473345,142.834085522179,132.151128863821,0.752211211069021,-0.469526265419627,15.8109541886262,-151241.685624325,147316.403162861,-190232.739072953,0.197798555238194,0.0728557439126207,-14.7256472549016,-151240.461093406,147315.135102483,-190224.970488648,0.292906132589329,0.292857032762345,0.147932113274862,1602.14890070177,1602.14798136758,49906.6561259378,-0.782405742795059,0.748172123313644,10.6909771886151,4.18928521202785,-3.87005995309172,7.46781601394037,0.821350835527545,0.704541432446331,43.6427073308743,92.1575856328971,27350.7861073764,113827676250.918,2.62483729792437e-18,3838.78316348587,4.69188741068338e-16,28.179,0,6,0,0,1,0,0
0.11,0.548161101650259,-0.535857798010554,30.4810582304182,9.4061474215569,9.62376601651938,-1.29789022465563,1.36497939317451,-14.270450851359,90.4236853475452,78.6772890009071,1.28493410595011,-0.87981748875326,15.8509775164898,-159388.65109344,155321.751167808,-198689.775737429,0.736773004299851,-0.343959690742706,-14.6300807139284,-159387.353203215,155320.386188415,-198675.505286578,0.292906183611903,0.29285708375927,0.147932113283908,1636.49953492663,1636.49863126607,51011.5193331258,-0.572430315043248,0.586496599511798,10.6671137669318,3.82932294185152,-3.72313982783562,6.4831505836988,0.82135779671316,0.704547399705671,43.6430778922626,75.752650799346,28392.1429593098,118923430406.385,2.98594791154621e-18,3838.78332540729,4.69212604711701e-16,28.951,0,6,0,0,1,0,0
0.115,0.541654691466736,-0.529017472652313,30.3973641631615,9.2282880863626,9.45410608971261,-1.32250649716865,1.39069153447422,-18.9352269656776,44.1764255283505,33.9442681450794,1.54587546905148,-1.24457321170729,15.6918824217736,-167456.914567886,163174.582202893,-206727.931251504,1.00422077758475,-0.715555739054982,-14.7054817413878,-167455.592061389,163173.191511358,-206708.996024538,0.29290623433723,0.292857134459099,0.147932113292901,1669.94977754554,1669.94888844882,52086.7340179604,-0.466628149533182,0.445911530380733,10.5180468409339,3.8648340198278,-3.70890551830965,5.73067232896085,0.821364717546559,0.704553332352432,43.64344630937,71.7878870948147,29636.7541978397,123989569059.99,3.37636261395238e-18,3838.78348728903,4.69236331048986e-16,28.452,0,6,0,0,1,0,0
0.12,0.535061539863686,-0.52213489639663,30.295586264397,9.05959806412728,9.29132658079876,-1.32932087899834,1.37834554207868,-21.4399513340735,7.3302553518831,0.177676856356073,1.21414812185414,-0.932846902977513,15.8467707810537,-175587.607796261,171112.343742784,-214336.754297912,0.679086581990452,-0.410712006580883,-14.4488154833434,-175586.278475382,171110.965397242,-214315.314346578,0.29290628476535,0.292857184861869,0.147932113301842,1702.55272400353,1702.55184847681,53134.1006266462,-0.569999048500113,0.542427556352859,10.5917761084686,3.83014085375906,-3.70179570942648,5.0621786553007,0.821371598029412,0.704559230388433,43.6438125822188,74.3730087784983,30399.2680886946,129026094276.8,3.79682934851094e-18,3838.7836491151,4.69259920068059e-16,29.229,0,6,0,0,1,0,0
0.125,0.528422707128854,-0.515339949535743,30.1868676415181,8.90135440000777,9.13551626205346,-1.33865915021722,1.35294403938494,-21.6825112621803,-19.3225080487237,-22.7704308447633,1.35174516920398,-0.832786232312885,15.5150442292442,-183469.125770385,178879.010588644,-221941.000486538,0.823322462075128,-0.317446282777141,-14.6718234122739,-183467.787111235,178877.657644605,-221919.317975276,0.29290633489633,0.292857234967648,0.147932113310729,1734.35620060011,1734.35533774939,54155.2360480853,-0.507371324835268,0.56402583389928,10.3559063672736,3.60362959530089,-3.47913210905606,4.84971270805242,0.821378438167437,0.70456509381896,43.6441767110471,66.1224451051588,31791.7929617519,134033012333.841,4.24805405772219e-18,3838.78381086998,4.69283371770783e-16,28.897,0,6,0,0,1,0,0
0.13,0.521692701324956,-0.508646905077595,30.0823087349162,8.75569290748471,8.98818704656221,-1.36491031997916,1.33594145419851,-19.7844759905667,-36.813326054579,-36.1469620697765,1.26020020143984,-0.696247234769689,15.6320021297164,-191340.003860221,186574.438582098,-229413.448162686,0.738507500114881,-0.187600329692093,-14.4503066051998,-191338.638949901,186573.102640644,-229393.663686695,0.292906384730266,0.292857284776534,0.147932113319565,1765.40347458895,1765.40262360674,55151.5989903969,-0.532136401605689,0.601936960770191,10.4379140218211,3.54831069186374,-3.34154555130549,4.54874322993406,0.82138523797036,0.704570922652732,43.6445386963069,63.9621739218545,32576.905066099,139010331371.353,4.73070145872162e-18,3838.78397253799,4.69306686172857e-16,29.341,0,6,0,0,1,0,0
0.135,0.514796679514854,-0.502011782124979,29.9918708719955,8.62408864766846,8.85062380189099,-1.40536421039418,1.3292007657319,-16.0789245718668,-44.5859379139367,-39.6763452832839,0.942142211585463,-0.839280015000174,15.1699853561582,-199191.102989695,194093.942223628,-237237.432048304,0.427345532070608,-0.337268232875196,-14.8218855158373,-199189.697625485,194092.613022863,-237221.353123733,0.292906434267285,0.292857334288651,0.147932113328347,1795.73384564082,1795.73300579498,56124.5110123671,-0.629161514978,0.542769710309745,10.1417074887322,3.4056088920938,-3.19008053559784,4.77086023787568,0.821391997451859,0.704576716901856,43.644898538661,60.0451025200276,34138.8486269464,143958062325.13,5.2453958220969e-18,3838.78413410408,4.69329863303651e-16,28.668,0,6,0,0,1,0,0
0.14,0.507685327710229,-0.495396390041242,29.9234061716899,8.50685614186712,8.72341341854967,-1.45240298712507,1.32847421669817,-11.0684966038635,-42.4539233300617,-33.2907001481254,1.10020311007327,-0.626715100070979,15.283722346035,-206781.536006983,201628.651749549,-245170.085036772,0.592517782363042,-0.131318710029738,-14.6396838256548,-206780.083603996,201627.323275332,-245159.016540169,0.29290648350754,0.292857383504154,0.147932113337078,1825.38314204652,1825.38231267093,57075.1740865187,-0.562774859156156,0.607009834425689,10.2497564908859,3.17913847745261,-3.12853117456306,4.76832385306445,0.82139871662952,0.704582476581782,43.6452562389807,55.5419680321564,34940.3732381212,148876219542.937,5.79272175340358e-18,3838.7842955531,4.69352903206043e-16,30.543,0,6,0,0,1,0,0
0.145,0.500347633824201,-0.488785457376807,29.8819666219498,8.40369859301891,8.60646774845562,-1.49810600624693,1.32869359366528,-5.36220150952605,-30.859962350597,-17.5658614287774,0.77363476726304,-0.624549253848311,15.1281501970306,-214401.423579364,208984.189641904,-253567.582756389,0.273287133438839,-0.135763796471504,-14.7538164249192,-214399.925473357,208982.860948311,-253562.220554879,0.292906532451214,0.292857432423225,0.147932113345755,1854.38413977864,1854.38332026521,58004.6853687234,-0.663468296061033,0.594842222366353,10.1804969340133,3.10174639577703,-2.93896571730465,5.27735458973553,0.821405395524788,0.704588201711268,43.645611798343,53.0152028464402,36116.3765487196,153764820050.974,6.37322497677877e-18,3838.78445687013,4.6937580593625e-16,39.765,0,6,0,0,1,0,0
0.15,0.492808116341649,-0.482185216613157,29.8694513491476,8.31307550074332,8.49849461047183,-1.53593424905294,1.3261253541361,0.39922529710864,-10.7434988332371,6.58522015594843,1.23913248626508,-1.08637712282269,15.2376534252656,-221624.988865051,216067.606569928,-262296.478455213,0.746324369923435,-0.604191906209534,-14.631797923882,-221623.452930802,216066.280444574,-262296.87768051,0.292906581098517,0.292857481046073,0.147932113354381,1882.76691859154,1882.76610838353,58914.0496992899,-0.487784107582944,0.422878004176855,10.2993111171835,2.85198030110645,-2.81584926370285,5.64554026338414,0.821412034162914,0.704593892312332,43.6459652180281,43.0107532507051,36955.7330480879,158623883653.245,6.98741312006705e-18,3838.7846180403,4.69398571563664e-16,28.518,0,6,0,0,1,0,0
0.155,0.485111605962395,-0.475609588184447,29.8846325717545,8.23229612279628,8.3970938894461,-1.56411317146744,1.32126433483235,5.6199878043209,17.1048448052457,38.3892360316002,0.640871283078322,-0.992488219002467,15.2576328420273,-229040.118284554,223199.505201548,-271460.723806249,0.155759677115928,-0.51687863081802,-14.6269997297271,-229038.554171383,223198.183937213,-271466.343794053,0.292906629449687,0.292857529372937,0.147932113362953,1910.5591663572,1910.55836494341,59804.1902476663,-0.68299943929744,0.445133235944491,10.3495214476074,2.86807176459517,-2.84862328573046,6.17976703234141,0.821418632572906,0.704599548410208,43.6463164995167,46.693382639527,37913.5004817707,163453433059.782,7.63575650088766e-18,3838.78477904945,4.6942120017068e-16,27.407,0,6,0,0,1,0,0
0.16,0.477292853599544,-0.469051699370866,29.9235592215828,8.15525162101553,8.29647142454567,-1.58824640358385,1.32182225734129,9.81428428807631,49.9526917880896,74.062512904018,0.625022045678054,-0.91425627786736,14.8854579318554,-236117.422605866,230195.55941157,-281103.92963863,0.14772919207851,-0.445204578496494,-15.0381012897274,-236115.834359462,230194.237589313,-281113.743922918,0.292906677504987,0.29285757740408,0.147932113371474,1937.78644055282,1937.78564746263,60675.9576271898,-0.667411251813635,0.458136671581078,10.1336259252796,2.52370542190978,-2.69240968985532,6.56495647549024,0.821425190787482,0.704605170033311,43.6466656444875,40.0742877050009,39407.9806612853,168253493197.163,8.31868891308698e-18,3838.78493988294,4.69443691852532e-16,28.636,0,6,0,0,1,0,0
0.165,0.469351067902637,-0.462452641958433,29.9802175511131,8.07613806651157,8.19169792032331,-1.61671984579102,1.34075674755421,12.6520744162582,85.0389250183573,110.693155763597,0.68335714008335,-0.828305729586982,15.068702142454,-243027.919931099,237069.407154032,-290831.369410586,0.214006072180713,-0.365853087628549,-14.9115154086591,-243026.303211253,237068.066397285,-290844.021485002,0.292906725264708,0.292857625139793,0.147932113379942,1964.47239405586,1964.47160885493,61530.1377405405,-0.634493514597933,0.474589371152321,10.2853809690471,2.3875894505144,-2.5461171774779,6.55688711999591,0.821431708843017,0.704610757213184,43.6470126548142,36.3493646101641,40143.6812923824,173024091949.395,9.03660841303605e-18,3838.78510052705,4.69466046717115e-16,28.519,0,6,0,0,1,0,0
0.17,0.461243527312761,-0.455695142587204,30.0473672050603,7.98745784731691,8.07662447952292,-1.65771025938248,1.38833356711775,13.9767306753779,118.019797727698,142.883403919075,0.0461726075039765,-0.755213117951863,15.1252052855937,-250027.436724355,243817.421126491,-300753.330277914,-0.415070919808785,-0.299517975364659,-14.9221619194666,-250025.779014096,243816.032792924,-300767.307008589,0.292906772729169,0.292857672580394,0.147932113388358,1990.63897103018,1990.63819331674,62367.4585656217,-0.841652288591889,0.486905731126046,10.3365263452211,2.28007691479767,-2.39998999908236,6.7725598613965,0.821438186779493,0.70461630998446,43.647357532563,35.9946529491441,41046.3053481547,177765259920.785,9.7898781052474e-18,3838.78526096756,4.69488264884821e-16,29.436,0,6,0,0,1,0,0
0.175,0.452904128058934,-0.448627052102344,30.11740887679,7.88292051989394,7.94689552122452,-1.71209541783186,1.46801332994245,13.8015799096651,145.02897606292,166.38386073689,1.28957209111834,-0.639646839358899,15.4551463961863,-256279.250519226,250453.637064226,-310620.35947082,0.836667963059402,-0.191019787256555,-14.6622624806037,-256277.538423808,250452.169050896,-310634.16105073,0.292906819898711,0.292857719726225,0.147932113396721,2016.30657761094,2016.30580701249,63188.5960518079,-0.396723956659597,0.513590366360026,10.5739425011311,1.93714372512873,-2.25721474662811,6.72878500403888,0.821444624640447,0.70462182838482,43.6477002799902,26.0972918518596,41546.9913883136,182477030291.992,1.05788269268013e-17,3838.78542119102,4.69510346488366e-16,27.037,0,6,0,0,1,0,0
0.18,0.444276370047208,-0.441100156556109,30.1831830506767,7.75823080786339,7.8005265897182,-1.77488636850963,1.57450803103958,12.2866319035709,162.912653091955,178.086541923263,0.97537468457963,-1.50084448372943,15.6814924805822,-262890.141105423,256635.475574573,-320439.37369443,0.531098314532422,-1.05974432717332,-14.5016905700945,-262888.366219055,256633.901066542,-320451.660326333,0.292906866773704,0.292857766577654,0.147932113405033,2041.49423124351,2041.49346741403,63994.1792651827,-0.500151532361472,0.201808915103037,10.7200320654485,2.23332259315863,-2.09436302663489,6.72466089463672,0.821451022472923,0.704627312454943,43.6480408995389,25.2573813189662,42167.4648976946,187159438342.977,1.14037504300867e-17,3838.78558118381,4.69532291672612e-16,27.755,0,6,0,0,1,0,0
0.185,0.435341286349585,-0.433014042954926,30.2386218587289,7.61231440520939,7.6386664744002,-1.83586403163827,1.69372342005712,9.70390889576616,170.206823035853,177.364243186337,0.630406217213953,-0.753748235299639,15.4735670612335,-269343.42122315,263185.104578689,-330217.320936102,0.195064930864368,-0.320734192344713,-14.7650547974954,-269341.585359118,263183.410855269,-330227.024844998,0.292906913354541,0.292857813135076,0.147932113413292,2066.21969185359,2066.218934471,64784.7948965516,-0.598234569687377,0.449743073434413,10.5630998881757,1.98945467867615,-2.25677272230489,6.50214116521059,0.82145738032742,0.704632762238471,43.6483793938368,27.8452143765508,43296.5717680711,191812522676.313,1.2264911563378e-17,3838.78574093279,4.69554100594402e-16,28.541,0,6,0,0,1,0,0
0.19,0.426134185926311,-0.424352383408193,30.2792119640979,7.44673975395462,7.46421167823958,-1.88354286218788,1.80595948780268,6.39761750436855,168.554152236381,167.279393385999,1.22194201574728,-0.226056405651576,15.6758617454919,-275303.133159961,269484.326625741,-339602.710404393,0.795807829820964,0.198295977756617,-14.6033502186061,-275301.249617099,269482.520666253,-339609.108021897,0.292906959641641,0.292857859398908,0.1479321134215,2090.4995774809,2090.49882624485,65560.9912261722,-0.373479507717192,0.608497254464538,10.682593938108,1.72885496603383,-1.85810304213271,5.87984388100558,0.821463698257838,0.704638177781955,43.6487157656931,20.7801955062367,43830.0938611514,196436324076.111,1.31625414487827e-17,3838.78590042479,4.69575773422381e-16,27.694,0,6,0,0,1,0,0
0.195,0.416723166692632,-0.415182509030196,30.3022599699797,7.26657349143882,7.28254640567146,-1.91634238743245,1.8972691012137,2.74554846034448,156.181327719458,147.700607845648,0.319193807738579,-0.864771130022244,15.6675947716039,-281554.881791633,275215.77925074,-348751.340705455,-0.0975293589540531,-0.449588620992048,-14.6346651983758,-281552.965449245,275213.881981639,-348754.086253915,0.292907005635447,0.292857905369593,0.147932113429655,2114.34946656953,2114.34872119948,66323.2816231959,-0.668295758112757,0.365547556017328,10.6453233262104,1.7838483785446,-1.53122018606339,5.48416543295073,0.821469976321431,0.704643559134822,43.6490500180963,18.8845257967823,44577.9567083601,201030884874.053,1.40968401571128e-17,3838.786059647,4.69597310336824e-16,29.014,0,6,0,0,1,0,0
0.2,0.407218285947494,-0.405675889312302,30.3069611626578,7.07733497801025,7.09746909862187,-1.91935584997752,1.93996330554188,-0.880484073359438,140.008224561006,127.182632402841,0.742041994192042,-0.277493678903798,15.4311602571597,-287152.342825786,281140.525896232,-357652.630578796,0.334823708244548,0.128182210408504,-14.8758009054981,-287150.423469936,281138.585932927,-357651.750094723,0.292907051336425,0.292857951047597,0.147932113437759,2137.78398875105,2137.78324898448,67072.1476449116,-0.491558386288214,0.551446862092468,10.4612114906253,1.31783338785024,-1.59322468094882,4.91701816281709,0.821476214578752,0.70464890634932,43.6493821542107,15.4894535029169,45556.3865078004,205596251435.902,1.50679774792456e-17,3838.78621858685,4.69618711529461e-16,29.705,0,6,0,0,1,0,0
0.205,0.39772596579047,-0.396063313315967,30.2943039552356,6.88567251297513,6.91262318778374,-1.90930581512793,1.93812393517365,-4.14049921027241,119.266857037282,105.874258042869,0.695007506334592,-0.415541134503254,15.633009581343,-292704.702883866,286637.913762545,-366101.196363342,0.297281540544122,-0.0194778211872876,-14.6612943738926,-292702.793578051,286635.97563861,-366097.055864131,0.292907096745066,0.292857996433412,0.147932113445811,2160.81690566501,2160.81617125594,67808.0417903786,-0.491178192936968,0.480598523821911,10.571381600992,1.31959681319364,-1.24793273042609,4.22584634112015,0.821482413093606,0.704654219480482,43.6497121773744,12.2031651178185,45880.4296118108,210132471296.429,1.6076093693557e-17,3838.78637723168,4.69639977203304e-16,29.865,0,6,0,0,1,0,0
0.21,0.388306790289805,-0.386578126120754,30.2668320515222,6.69836505895476,6.73076523407504,-1.88808312370145,1.88675605935933,-6.75708338379627,96.6087353734777,86.8709258843404,0.834805532627546,-0.510188900671634,15.4339288785348,-298000.771093647,291968.542587141,-374411.085886347,0.446498742337741,-0.12361077455088,-14.8329031729874,-297998.883010523,291966.655831081,-374404.328802964,0.292907141861883,0.292858041527549,0.147932113453811,2183.46118312216,2183.4604538397,68531.389954446,-0.421057217435697,0.430638921977388,10.4153552647085,1.16126779181316,-1.15677371994496,3.8895772826905,0.821488571932993,0.704659498586079,43.6500400910963,9.7461780002254,46684.4948385459,214639594476.209,1.71213003290235e-17,3838.78653556939,4.69661107572469e-16,28.412,0,6,0,0,1,0,0
0.215,0.379003446576872,-0.377454057190567,30.2282872493647,6.52104805753051,6.55336067487075,-1.8612141538113,1.7909068193281,-8.5322322215921,74.162554428748,71.9657486667559,0.824606931071417,-0.434075586249652,15.7308958699867,-303163.575548853,297190.398119757,-382345.23764644,0.445603484494545,-0.0566215290590848,-14.497391379378,-303161.714334699,297188.607212938,-382336.705414218,0.292907186687413,0.292858086330546,0.147932113461759,2205.72905571801,2205.72833134519,69242.5936210871,-0.408649225816885,0.440991718030472,10.5990172135814,1.0769414972487,-1.06116169876848,3.36407677723898,0.821494691167061,0.704664743726576,43.6503658990532,8.60824109059884,46769.3379967894,219117673702.454,1.82036809236069e-17,3838.78669358788,4.69682102862004e-16,28.966,0,6,0,0,1,0,0
0.22,0.369829939081795,-0.368878718517303,30.1831791541582,6.35853060510955,6.38156766776531,-1.83478373558277,1.66419199155647,-9.35950927480543,52.6768739143121,61.0403871915751,0.461952722426326,-0.923971385327318,15.4600720037197,-308274.260707916,302081.547442879,-390324.756768287,0.0921227833445312,-0.555092666810014,-14.7231071504386,-308272.425924181,302079.883250888,-390315.397259013,0.292907231222215,0.292858130842961,0.147932113469657,2227.63208484086,2227.63136517346,69942.0318291326,-0.514735710574124,0.257075042697707,10.4030522349206,0.946497883098655,-0.919813589810261,3.27760683897507,0.821500770869051,0.704669954965086,43.6506896050873,6.72064798486205,47575.8445202692,223566763598.516,1.9323291777548e-17,3838.78685127536,4.69702963307712e-16,29.061,0,6,0,0,1,0,0
0.225,0.360786085818309,-0.360975055536555,30.1363111269959,6.21303460385863,6.21539390586499,-1.80845297558594,1.51912922142912,-9.22918804929479,34.4124691251376,55.1460283530594,0.685122855013594,-0.490905532962615,15.6575203303566,-313030.087102954,307146.550080321,-398083.084096272,0.324336769195285,-0.12993047742606,-14.4787907966393,-313028.278649978,307145.0309511,-398073.854908223,0.292907275466871,0.292858175065375,0.147932113477502,2249.18121088157,2249.18049572717,70630.0629386356,-0.420317451567925,0.396882785083666,10.534558955476,0.70328152300155,-0.980599146129327,2.9058453888876,0.82150681111525,0.704675132367329,43.6510112132032,6.07151617886451,47717.0530852096,227986921435.602,2.04801627012123e-17,3838.7870086203,4.69723689155974e-16,27.34,0,6,0,0,1,0,0
0.23,0.35186130674591,-0.353783290339181,30.0923068761071,6.08557788700835,6.05501792152914,-1.7867153488924,1.37655793462843,-8.22268345692731,19.6407612259476,53.0482301641243,0.62917853943843,0.019938289680943,15.3088019061422,-317729.587120181,312122.129230494,-406028.776954004,0.27731723269252,0.373721580020124,-14.783504969965,-317727.800404832,312120.752672559,-406020.554270547,0.292907319421982,0.29285821899839,0.147932113485297,2270.38680033849,2270.38608951555,71307.0262220484,-0.424139126838078,0.558826863383032,10.3017213670541,0.664383284410678,-0.735773976369152,2.95993902928481,0.821512811984934,0.704680276001585,43.6513307275656,5.48868980052772,48570.180571439,232378205891.972,2.16742977571452e-17,3838.78716561108,4.6974428066358e-16,28.126,0,6,0,0,1,0,0
0.235,0.343038313426608,-0.347258236674194,30.0551779768025,5.97575341649695,5.90064775958063,-1.7676498265367,1.25002947712243,-6.50171957257363,9.49779768158188,53.5789625460164,0.845070243519264,-0.394299132262172,15.4191357606266,-322192.069002965,316681.267524253,-413892.620129583,0.502031930092656,-0.0470408955879781,-14.6360422161758,-322190.301353138,316680.017494776,-413886.11841001,0.292907363088172,0.29285826264263,0.14793211349304,2291.25868841484,2291.25798175188,71973.2433010003,-0.335628722615225,0.401633298772213,10.38693678742,0.534920217678359,-0.467921757327072,2.72548317631937,0.821518773560321,0.704685385938654,43.6516481524961,2.83104005249937,48789.2829967036,236740678572.905,2.29056759960088e-17,3838.7873222366,4.69764738097547e-16,27.65,0,6,0,0,1,0,0
0.24,0.334316717971396,-0.341298440880843,30.0279695596221,5.88039824691389,5.75170280614494,-1.74637921879429,1.1487548085332,-4.28804039179765,6.0026138462918,58.6876596641021,0.966718152394954,-0.407790368185461,15.2937707311334,-326534.817369937,321263.939371569,-421954.79713544,0.632401434423559,-0.0664919273046174,-14.7341988284886,-326533.070990718,321262.79061676,-421950.509095048,0.292907406466088,0.29285830599874,0.147932113500732,2311.80621762496,2311.80551495981,72629.0194466073,-0.279659668274935,0.389128659802656,10.3167191942195,0.493581777209307,-0.51743058048118,2.87360565611468,0.821524695926519,0.704690462251807,43.6519634924706,2.67446053742915,49314.4311806375,241074402791.937,2.41742521860864e-17,3838.78747848589,4.69785061734947e-16,28.065,0,6,0,0,1,0,0
0.245,0.325686232060581,-0.335748408208528,30.0125275177884,5.79579478073971,5.60661983113411,-1.73170451532253,1.08530484722997,-1.83623720375874,8.23336527445176,65.3956459947289,0.952632149041609,-0.621804992419942,14.9882072801313,-330781.268934619,325676.302330311,-430227.287481982,0.626945916981027,-0.286056584211414,-15.024320237657,-330779.537230104,325675.217025464,-430225.451244778,0.292907449556394,0.292858349067385,0.147932113508374,2332.03827285722,2332.03757403639,73274.644758836,-0.269757701171572,0.305305598269638,10.1266652744967,0.4276900980158,-0.434059490510069,2.90005616311231,0.82153057917147,0.704695505016744,43.6522767521169,1.92136428866963,50078.4182220893,245379444019.785,2.54799575360559e-17,3838.78763434803,4.69805251862731e-16,26.612,0,6,0,0,1,0,0
0.25,0.317115797495664,-0.330423401710105,30.0093922415761,5.71784804879966,5.46570425440684,-1.72301336543009,1.05879328786021,0.592906863164365,16.6232909042267,73.7263535527243,0.367189737411224,-0.410966705623172,15.1442970923266,-335071.928539627,330122.037928322,-438506.699734011,0.0500739399155595,-0.080543303913067,-14.8650951492495,-335070.205526262,330120.979135034,-438507.292640874,0.292907492359777,0.292858391849251,0.147932113515964,2351.96331328341,2351.96261816143,73910.3952383961,-0.458565554163686,0.368994193321666,10.2458356665124,0.31531674791603,-0.417760837906314,2.81383334593871,0.821536423385908,0.704700514311552,43.6525879362115,2.26790467341258,50203.3392973402,249655869895.062,2.6822700410748e-17,3838.78778981254,4.69825308777557e-16,41.608,0,6,0,0,1,0,0
0.255,0.308581795806055,-0.325150958788132,30.0178474809211,5.64155603497497,5.32652493839651,-1.7179278853041,1.06519002887767,2.75995645518099,30.4736767704898,83.6046108755319,0.616007784002938,-0.318800254141855,15.3858445656561,-338930.270598878,334417.638868215,-446910.218591126,0.307425988196883,0.00635070464627651,-14.6320029152651,-338928.552670992,334416.573678186,-446912.978547581,0.292907534876942,0.292858434345043,0.147932113523504,2371.5894014543,2371.58870989321,74536.533762896,-0.355442844194139,0.388585523063904,10.427577697689,0.00152014282293764,-0.255856526964664,3.02564840527489,0.821542228663298,0.704705490216657,43.6528970496771,1.02901658976471,50206.347297892,253903749590.545,2.82023670396174e-17,3838.78794486893,4.69845232785613e-16,28.752,0,6,0,0,1,0,0
0.26,0.300054386647407,-0.3197818567644,30.0360843107428,5.5623674441719,5.18710220706792,-1.72126574799466,1.09905039362525,4.47195874487737,48.1494999624247,93.948962975839,0.228138942784815,-0.248880163594563,15.3089606366298,-342849.57905396,338597.804821584,-455545.733501363,-0.0719154438625921,0.0709016931698375,-14.727123674113,-342847.857788212,338596.70577119,-455550.205460108,0.292907577108614,0.292858476555486,0.147932113530993,2390.92422987907,2390.92354174787,75153.3109775122,-0.475751477878317,0.401594494695755,10.3873275761222,-0.0248402851047059,-0.136790126875554,3.26292569151548,0.821547995099792,0.704710432814786,43.65320409758,0.904159922712031,50628.4046645364,258123154734.639,2.96188222176704e-17,3838.78809950688,4.69865024202441e-16,29.221,0,6,0,0,1,0,0
0.265,0.291486831531396,-0.314199457959826,30.0614770026671,5.47626319438042,5.04534670133452,-1.73490264997403,1.15252796961912,5.59803360905618,66.9473025196161,103.181557583768,0.229588417268569,-0.467122855294287,15.1766812413231,-346484.421150012,342577.041831482,-464284.446692687,-0.0618984142628279,-0.152923397334461,-14.884795761344,-346482.686247362,342575.889303513,-464290.044726296,0.292907619055538,0.292858518481323,0.147932113538432,2409.97514534942,2409.97446052363,75760.9661091485,-0.456725294110703,0.315713829501435,10.308599503706,-0.266120632730214,-0.0280412303493094,3.2212848071959,0.821553722794174,0.704715342190918,43.6535090851273,0.294288917970879,51110.0097386764,262314158711.983,3.10719099986065e-17,3838.78825371662,4.69884683352772e-16,28.729,0,6,0,0,1,0,0
0.27,0.282835134476633,-0.308329734921929,30.0909169357043,5.3807460962559,4.89967594289214,-1.75578103483543,1.21610125369232,6.07747834502729,84.1426031141444,110.838213843753,0.534733206906097,-0.41975152879503,15.2756641073136,-349858.32102421,346542.806844535,-472981.503388159,0.251898072429465,-0.111421793873101,-14.8152528283907,-349856.565243176,346541.590743282,-472987.580866504,0.292907660718475,0.292858560123317,0.14793211354582,2428.74917123793,2428.74848959916,76359.7277119672,-0.336536723662009,0.323666696419012,10.3837439902466,-0.374886991542416,-0.0197459987156723,3.07691880812765,0.821559411847811,0.704720218432243,43.653812017664,0.289435032331549,51257.3638079944,266476836672.274,3.25614543799428e-17,3838.78840748829,4.69904210570342e-16,27.712,0,6,0,0,1,0,0
0.275,0.274070286007721,-0.302145768030201,30.1211660896121,5.27488213465391,4.74904382488184,-1.78088902884406,1.28013731012695,5.91949640810239,97.3037687561879,116.211517784505,0.972481720805432,0.249057203758544,15.4308583173182,-353025.629416807,350612.519067879,-481644.307072698,0.698411434797712,0.551202971788745,-14.6903077722938,-353023.848527778,350611.238930569,-481650.226569106,0.292907702098209,0.292858601482249,0.147932113553159,2447.25302797324,2447.25234940878,76949.814351234,-0.172664291812069,0.543982607975444,10.4930410623188,-0.381069488556608,0.0794631133896271,3.02269288161778,0.821565062364605,0.704725061628118,43.6541129006708,0.622445291535307,51312.4035569586,270611265628.022,3.40872599799058e-17,3838.78856081228,4.69923606197725e-16,27.163,0,6,0,0,1,0,0
0.28,0.26518174699476,-0.295664077752389,30.1491903772469,5.15936829585248,4.59324693881527,-1.80576292281343,1.33663422942975,5.1955455463122,104.669496441059,118.627930204159,0.29305478792178,-0.965618769724415,15.2814234785384,-356403.000830061,353938.85472608,-490344.928817884,0.0278730409270193,-0.669954691972026,-14.8677668987085,-356401.195067139,353937.518091851,-490350.12436343,0.292907743195536,0.292858642558917,0.147932113560447,2465.49315187076,2465.49247627325,77531.4352316,-0.392559440855162,0.109695371047526,10.3844753574187,-0.341965760760736,0.393480621744573,2.94182618919687,0.821570674450937,0.704729871870027,43.6544117397607,0.192148049131728,51744.5849573238,274717524521.921,3.56491127058866e-17,3838.7887136792,4.69942870586164e-16,28.893,0,6,0,0,1,0,0
0.285,0.256185267407684,-0.288936005803371,30.1724391519549,5.03605722683004,4.43277811538916,-1.8242819548565,1.37952311320231,4.02575410665326,106.10829464863,118.203958010464,0.598122234241797,0.324037439446743,15.5922904525818,-359278.095647697,357991.224576122,-498783.758968792,0.341936966834113,0.612973445250114,-14.5801486993731,-359276.271365742,357989.845053009,-498787.784722899,0.292907784011276,0.292858683354139,0.147932113567686,2483.47571247768,2483.47503974477,78104.7907752413,-0.267652796944203,0.551577549883482,10.5898848163219,-0.683453139887047,0.0665493181371453,2.58926148173611,0.821576248215623,0.704734649251533,43.6547085406772,0.997194674436809,51520.9261901196,278795694045.887,3.72467804142685e-17,3838.78886607978,4.69962004095392e-16,28.518,0,6,0,0,1,0,0
0.29,0.247120951287929,-0.282029483200391,30.1890493096144,4.90733205971283,4.26881140698105,-1.83280753072864,1.40825371948917,2.56261856646001,102.819765742725,115.50058526148,0.409506224714478,-0.184339968908108,15.3713613193154,-362150.804580069,361306.889617505,-507264.323073965,0.162385273426549,0.0976895142922834,-14.8176879902991,-362148.971772538,361305.481363786,-507266.885692532,0.292907824546261,0.292858723868747,0.147932113574874,2501.20662857285,2501.20595860687,78670.0731546595,-0.316409945059021,0.354670971842785,10.4295909023543,-0.688926085000921,0.601497222099514,2.51815276317238,0.821581783769858,0.704739393868237,43.6550033092909,0.561652917897633,51972.4802895846,282845856695.37,3.88800135614494e-17,3838.78901800506,4.69981007093467e-16,29.857,0,6,0,0,1,0,0
0.295,0.238039710936258,-0.275001884915575,30.1979621448705,4.7763989315203,4.10403978835927,-1.83056802578312,1.42765197899899,0.9727259754491,94.2396238022715,108.305371686533,0.785042564881438,0.0112221453955673,15.7385262095442,-364667.383800141,364726.31928152,-515389.485120015,0.547002853945181,0.286224030311142,-14.4594359353263,-364665.553232115,364724.891629541,-515390.45784599,0.292907864801342,0.292858764103593,0.147932113582013,2518.69158294697,2518.69091565468,79227.4667844144,-0.171372365408228,0.412563842295321,10.6689555913567,-0.856202731467231,0.523117300708749,2.05674480872337,0.821587281227172,0.704744105817738,43.6552960515973,1.25189882109894,51603.4117709078,286868096269.213,4.05485458458921e-17,3838.78916944635,4.699998799566e-16,30.091,0,6,0,0,1,0,0
0.3,0.229026293455916,-0.267911007603442,30.1989481885883,4.64516939702846,3.94069243733153,-1.80482149341471,1.43292554906002,-0.581516119259331,85.4975119855037,100.720964082666,0.127905580989076,-0.742680454931029,15.3183556019667,-367356.428482534,367669.395992176,-523619.988336812,-0.10112071246684,-0.474769447327587,-14.8805925866215,-367354.62366104,367667.963066626,-523619.406820693,0.292907904777387,0.292858804059542,0.147932113589103,2535.93603607467,2535.93537136699,79777.1487755897,-0.380037168178585,0.135931848873692,10.3686815806857,-0.839284419362669,0.695690152301282,1.99778756176979,0.821592740703377,0.704748785199587,43.655586773714,1.25541877107453,52248.0880625352,290862498451.772,4.22520948410502e-17,3838.78932039488,4.70018623068986e-16,28.046,0,6,0,0,1,0,0
0.305,0.220175975603495,-0.260794913763239,30.1925536344733,4.51441857803131,3.78066538108063,-1.76422556193942,1.43705201053379,-1.95477047190624,77.5490677637777,92.4047850193479,0.427183126892334,-0.432583858983383,15.4978609330132,-369556.610732761,370823.323906445,-531492.90060969,0.207007151288839,-0.171788945220143,-14.6946927014601,-369554.846507199,370821.886854435,-531490.945839218,0.29290794447528,0.292858843737479,0.147932113596143,2552.9452387784,2552.94457657015,80319.2893563862,-0.256959892268392,0.233438036152256,10.4809497434069,-1.16219914025362,0.539576644410993,1.40565985781513,0.821598162316517,0.704753432115246,43.6558754818781,2.21790286029082,52041.4110259967,294829151017.23,4.39903626190257e-17,3838.78947084229,4.70037236822634e-16,29.022,0,6,0,0,1,0,0
0.31,0.211552024329555,-0.25364350443492,30.1799809329947,4.38432640607979,3.62585352319764,-1.71299611688895,1.44650927569908,-3.03199629080941,71.2179229539981,83.4484231755186,0.563813878055106,-0.321896334559718,15.2292433490102,-371656.275911047,373758.457389695,-539382.830494462,0.352261853725551,-0.0682528301247984,-14.9507375839845,-371654.56291493,373757.010880419,-539379.798498171,0.292907983895919,0.292858883138302,0.147932113603135,2569.72424397338,2569.72358418306,80854.0522618752,-0.194562923744063,0.254726140409116,10.2908191529813,-1.15661736044169,0.746526800354582,1.25820273061428,0.821603546186825,0.70475804666805,43.6561621824435,2.74773882403279,52408.8102786475,298768142595.354,4.57630363648293e-17,3838.78962078039,4.70055721617202e-16,29.689,0,6,0,0,1,0,0
0.315,0.203203761648741,-0.246429236958025,30.1629163223865,4.25433953892668,3.47748954793203,-1.65259415540205,1.46193209230824,-3.73632106953229,67.882391650232,75.3620408186149,0.712876227778094,-0.102595236018876,15.3284439332162,-373598.731664308,376578.323021271,-547038.746050468,0.509672466129353,0.143834000939149,-14.8344723891703,-373597.079070152,376576.861089179,-547035.009729398,0.292908023040219,0.292858922262925,0.147932113610077,2586.27791757381,2586.27726012342,81381.5950956301,-0.129511763129194,0.314749542550607,10.3518352337918,-1.20133347649673,0.884730248225492,0.840643467931895,0.821608892436666,0.704762628963156,43.6564468818786,3.4293804381679,52245.0280219537,302679563824.068,4.75697889811238e-17,3838.78977020113,4.70074077859828e-16,28.129,0,6,0,0,1,0,0
0.32,0.19516374191582,-0.239121467880421,30.1433292692208,4.12363797034444,3.33616786197932,-1.58837678450704,1.48398457088817,-4.03231179644342,67.3991371244468,68.499043674872,0.830758560748488,-0.69112800010678,15.3267596856207,-375407.338197207,378975.566207986,-554652.169934834,0.635594818832668,-0.452006532226359,-14.8165695836001,-375405.749820423,378974.082223415,-554648.137623038,0.292908061909111,0.292858961112277,0.147932113616971,2602.61094863236,2602.61029344719,81902.0696656756,-0.0755790669598911,0.0958006140544782,10.3473075844,-1.23895687588315,1.05658682546309,0.719358839079788,0.821614201190496,0.704767179107511,43.6567295867633,5.08669467281195,52192.1590319914,306563506552.846,4.94102796833412e-17,3838.78991909667,4.70092305964964e-16,29.16,0,6,0,0,1,0,0
0.325,0.187442723518775,-0.231696346443536,30.1232641742764,3.99157254910951,3.20195045114451,-1.52378298365057,1.50924540407012,-3.92574714341702,69.3632440456936,63.2965735518027,0.399671046129188,-0.0685878525064545,15.4578406356633,-377265.533760667,381643.022323094,-562176.324853472,0.212228322610414,0.163108493937082,-14.6654235386131,-377264.009977684,381641.51307769,-562172.399106329,0.292908100503539,0.292858999687304,0.147932113623816,2618.72785877771,2618.72720578615,82415.6222969466,-0.212413280888894,0.300704233914037,10.4318571379164,-1.28210951812343,0.948432146875482,0.574251438156082,0.821619472574806,0.704771697209807,43.6570103037868,3.6291693367125,51930.0413789946,310420064548.346,5.12841545850791e-17,3838.79006745933,4.70110406354212e-16,29.196,0,6,0,0,1,0,0
0.33,0.180037353100134,-0.224151143627662,30.1046437185584,3.85789901839549,3.07451295045761,-1.4610620860946,1.53257821405378,-3.45920144889574,72.8398976746526,59.740353946909,-0.0778308083934295,-0.530635351504276,15.5236265491239,-379008.64310853,383800.391264234,-569710.047668833,-0.257868161493563,-0.306484207876614,-14.5810171694345,-379007.182046443,383798.858686019,-569706.588467384,0.292908138824461,0.292859037988962,0.147932113630612,2634.63301100862,2634.632360142,82922.3941222326,-0.361816843796938,0.123439585377603,10.474817979495,-1.50942973195035,1.25153885435108,0.558922546095464,0.821624706718085,0.704776183380437,43.657289039745,5.72780278813016,51743.8803996064,314249332473.737,5.31910472736858e-17,3838.79021528172,4.70128379456161e-16,27.262,0,6,0,0,1,0,0
0.335,0.172937553261937,-0.216511238883851,30.0891003748973,3.72297141597124,2.95336673950071,-1.40065633255287,1.5477229710866,-2.70525875308821,76.845045829281,57.6939125050288,0.115596838062611,-0.155755736074086,15.4109394655638,-380398.806949395,386110.31707557,-577318.214374927,-0.0573407151993269,0.0607555028097643,-14.6781609093336,-380397.406293062,386108.769352599,-577315.509116174,0.29290817687285,0.292859076018225,0.14793211363736,2650.3306178972,2650.32996908963,83422.5213533882,-0.279151030748206,0.24296134012239,10.4040108068781,-1.74774394611467,1.17961757781274,0.534242012080156,0.821629903750761,0.704780637731461,43.6575658015378,6.7436883087498,51772.7488595576,318051406749.676,5.51305793759604e-17,3838.79036255657,4.70146225706221e-16,27.767,0,6,0,0,1,0,0
0.34,0.166133383245879,-0.208830963344717,30.0778487965299,3.58757331462782,2.83787675002365,-1.34204929338306,1.54921117189124,-1.75706788416773,80.6337943155748,56.9734564806565,0.0133833675729335,0.0352425259791088,15.3008141131408,-381775.196488597,388226.774340688,-584958.145319765,-0.152750015672946,0.244073489323826,-14.7770346833891,-381773.854439304,388225.225129516,-584956.388251881,0.292908214649694,0.292859113776079,0.14793211364406,2665.82474924929,2665.82410243752,83916.1355344207,-0.30396787081278,0.293636650484181,10.3347063570778,-1.7504976746386,1.39091387243245,0.417935958936519,0.821635063805161,0.704785060376559,43.6578405961666,7.26661425415917,51790.5112003402,321826385205.603,5.71023611139e-17,3838.79050927665,4.70163945546462e-16,28.876,0,6,0,0,1,0,0
0.345,0.159613963052672,-0.201184683939823,30.0716075154154,3.45293432788405,2.7275417935036,-1.28608216081181,1.5343506491573,-0.718228203670107,82.7261048621187,56.6085683080981,0.992771187874774,-0.0419735658305389,15.4604840171447,-382674.050024811,390127.544977244,-592549.787445059,0.833157224822102,0.159211118109284,-14.6111234982707,-382672.76394265,390126.010626595,-592549.069216855,0.292908252155992,0.292859151263523,0.147932113650713,2681.119339265,2681.1186943883,84403.3637779109,0.0436283736654505,0.253727141275034,10.4560715316067,-1.8492864644074,1.53483699139231,0.316413880809004,0.821640187015462,0.704789451430994,43.658113430732,11.3405763494604,51434.6338433811,325574366850.111,5.91059918504367e-17,3838.79065543525,4.70181539425456e-16,27.544,0,6,0,0,1,0,0
0.35,0.153368227021018,-0.193661301164598,30.0705721617681,3.32113361646695,2.62228994408994,-1.23190849821783,1.49986166142723,0.307519052370288,81.8190636311376,55.7566610860845,0.142078441928899,0.188479589939427,15.4652685860323,-384100.546938822,392013.384626396,-600242.173666684,-0.0112897850921192,0.382140891104024,-14.6053035757358,-384099.315030324,392011.884764735,-600242.481185737,0.292908289392758,0.292859188481569,0.147932113657317,2696.2181932388,2696.21755023877,84884.3289860874,-0.246932292335782,0.322113622554876,10.4607404594016,-1.57626406189526,1.58446698397256,0.410385057043805,0.821645273517647,0.704793811011573,43.6583843124311,7.3590403718618,51276.1149698499,329295452115.712,6.11410606251179e-17,3838.79080102554,4.70199007798114e-16,27.064,0,6,0,0,1,0,0
0.355,0.147389940043459,-0.186368216700758,30.0744377901177,3.19438009094622,2.52195704420357,-1.17841080560805,1.44154881605425,1.22543796491515,78.5385141547384,54.7592331044945,0.507771679363176,0.183822697537453,15.364852023329,-385005.184847794,393695.487772478,-608012.862983691,0.360381739319716,0.370190914238212,-14.7095857667887,-385004.006436989,393694.046223662,-608014.088421656,0.292908326361015,0.292859225431243,0.147932113663874,2711.12499383461,2711.12435265515,85359.150057754,-0.1044844054345,0.307053352798785,10.4020911827303,-1.92799712890855,1.73954483716032,0.378657959205709,0.821650323449452,0.704798139236606,43.6586532485553,11.6105494858986,51248.7839689206,332989742617.177,6.32071466796905e-17,3838.79094604097,4.70216351125527e-16,32.843,0,6,0,0,1,0,0
0.36,0.141666245296499,-0.1794153510774,30.082464528925,3.07454259112105,2.4260752022539,-1.12938833092657,1.36263125848312,1.95780734540022,73.204294862227,53.695710406155,0.233787455189379,-0.284314302200731,15.442172246034,-386031.539666711,395100.185527139,-615752.49101585,0.0921212098928799,-0.104898951123331,-14.640292282891,-386030.41027838,395098.82289588,-615754.448823195,0.292908363061803,0.292859262113582,0.147932113670383,2725.8433069686,2725.84266755574,85827.9420821589,-0.192613595099902,0.134216664125406,10.4581937678504,-1.85995270924134,1.81078302245502,0.266707943025921,0.821655336950329,0.704802436225865,43.6589202464876,11.9926160797589,50973.8886593383,336657341202.299,6.530381997356e-17,3838.79109047524,4.70233569874814e-16,29.049,0,6,0,0,1,0,0
0.365,0.136161858046129,-0.172888368728588,30.0935774567384,2.96281061763397,2.33368777402404,-1.09008932077723,1.26969323028959,2.44947795395979,66.4702016520542,52.9898262770994,0.531435561341299,-0.0190271017890412,15.4267247892394,-386762.642661577,396646.641763765,-623537.553291861,0.39527370329517,0.153861266939547,-14.666852667499,-386761.552572256,396645.372070534,-623540.002769815,0.292908399496172,0.292859298529635,0.147932113676846,2740.37658732892,2740.37594963071,86290.8165207977,-0.078621685800589,0.218242696754031,10.4539302280106,-2.01041567329149,1.71913620541948,0.249341504265561,0.821660314161395,0.704806702100549,43.6591853137003,12.8915035784123,50814.5431874886,340298351965.957,6.74306416891031e-17,3838.79123432206,4.70250664518957e-16,30.162,0,6,0,0,1,0,0
0.37,0.13081386101552,-0.166832317633063,30.1064883076507,2.8601502607537,2.24365800521357,-1.06639492292071,1.17251596756285,2.67097105204441,58.2639518507608,52.4935128266504,0.0446821899879072,-0.351092393205268,15.2372456881803,-387668.166578047,397881.997844677,-631375.758404255,-0.0861316710276129,-0.184260075572205,-14.8692426194704,-387667.100183124,397880.825328709,-631378.429375307,0.292908435665183,0.292859334680464,0.147932113683261,2754.72818355957,2754.72754752602,86747.8813780543,-0.238053330224311,0.0918116978229305,10.3249608702919,-1.96300530435664,1.87391559504273,0.1454285525484,0.821665255225386,0.704810936983244,43.6594484577526,13.14255566732,50881.5789673179,343912880323.838,6.95871647268222e-17,3838.79137757565,4.70267635536655e-16,29.809,0,6,0,0,1,0,0
0.375,0.12554298442225,-0.161253907971664,30.1198257465954,2.76675167948451,2.15449119643304,-1.0590296011294,1.0768008057376,2.61878823025412,49.8543940390655,52.8753082336847,-0.154713128586245,-0.457058510643466,15.5107102930269,-388371.772326226,399092.858380593,-639025.821032939,-0.280256113008495,-0.295804602671802,-14.6091154535686,-388370.713296625,399091.781579788,-639028.439821169,0.292908471569908,0.29285937056714,0.147932113689629,2768.90134313287,2768.90070871583,87199.2413615048,-0.295386383631876,0.0476790507204264,10.5090175722383,-2.18455903408964,1.82269818767984,-0.110766861972486,0.821670160286618,0.704815140997881,43.6597096862882,14.3907917680279,50312.9575688373,347501032745.044,7.17729341903359e-17,3838.79152022989,4.70284483412162e-16,29.206,0,6,0,0,1,0,0
0.38,0.120270213256535,-0.156127622259017,30.1322638850533,2.68194980013272,2.06453586512022,-1.06721055996415,0.989915871403183,2.31441118960689,42.4227490104272,54.5415282525068,-0.178191272624747,0.201628302412514,15.3136145358485,-388909.676883393,400468.144288161,-646791.352721946,-0.298461485881282,0.357755924671531,-14.8186493492048,-388908.609672833,400467.154372289,-646793.667133135,0.292908507211433,0.292859406190748,0.147932113695951,2782.89921693318,2782.89858408625,87644.9980326383,-0.290660559377774,0.266033574743769,10.3743303781281,-2.31125604239963,1.84653010174505,-0.0739848438083618,0.821675029490938,0.704819314269705,43.6599690070329,14.1495858117159,50361.6354407836,351062916532.153,7.39874878612099e-17,3838.79166227939,4.70301208635143e-16,29.655,0,6,0,0,1,0,0
0.385,0.114927122115893,-0.151392573911462,30.1426400016303,2.60424116615273,1.97222148499238,-1.08747510481434,0.91881005985973,1.80103899130882,36.8237421598725,57.4187438098747,0.365779652970151,-0.044104822429677,15.3263388332531,-389145.855319888,401432.618833367,-654418.32326647,0.250852530854258,0.107287751481785,-14.8163011683772,-389144.767844784,401431.700023307,-654420.124305462,0.29290854259085,0.29285944155238,0.147932113702226,2796.72486357228,2796.72423225075,88085.249948684,-0.0927431923341693,0.167458694178351,10.3836833584642,-2.37397921237483,2.12931912109025,-0.380904736639688,0.821679862985681,0.70482345692523,43.6602264277924,19.265371203269,50106.6726882422,354598640434.002,7.6230356663638e-17,3838.79180371856,4.70317811700516e-16,32.176,0,6,0,0,1,0,0
0.39,0.109469553608007,-0.146959409786674,30.1500517426659,2.53171615817627,1.87668523987537,-1.11348570770558,0.868040774784975,1.13872356359843,33.4912067721221,60.6944272400598,0.176482499521352,-0.05670584641342,15.451025840879,-389533.931512455,402387.138253602,-661927.428295651,0.0670129459133445,0.0902535633732542,-14.6990259017869,-389532.818026747,402386.270212827,-661928.567019215,0.292908577709266,0.292859476653142,0.147932113708455,2810.38125345562,2810.38062361638,88520.092796178,-0.152523607583754,0.156122285522322,10.4625665178621,-2.2420202214713,2.09908522649495,-0.557304889588857,0.821684660919626,0.704827569092209,43.6604819564499,17.3735944892088,49691.2460777412,358108314084.581,7.85010651189928e-17,3838.79194454198,4.70334293108305e-16,28.305,0,6,0,0,1,0,0
0.395,0.10389352184131,-0.142727079275121,30.153927496137,2.46183751519993,1.77754667012087,-1.13539068853177,0.837808068193258,0.398593854049652,33.0844914898493,64.3847430796928,0.156217410716479,0.231022166334324,15.3832629837062,-389760.369394931,403357.992834591,-669415.644641268,0.052323888875169,0.373749245609445,-14.7706645124308,-389759.234004243,403357.155026522,-669416.043235122,0.292908612567795,0.292859511494148,0.147932113714638,2823.87127261648,2823.87064421794,88949.6195168477,-0.147693535569959,0.247084759708083,10.4117295270687,-2.36043623839237,2.1462441188403,-0.672453257361457,0.821689423442956,0.704831650899589,43.6607356009636,18.1616769668481,49520.607758409,361592048287.32,8.0799131790269e-17,3838.79208474462,4.70350653363491e-16,29.235,0,6,0,0,1,0,0
0.4,0.0982323350307926,-0.138593715638354,30.1540660855981,2.39259837879057,1.67583301949887,-1.14794074198524,0.828218740659163,-0.343538907109555,34.4932549824958,66.1649118053627,0.615328263752712,0.152595055887487,15.4047161119443,-389726.549103401,404120.547212567,-676780.893507303,0.51709592872192,0.29118877152584,-14.7493499736538,-389725.401162659,404119.718993826,-676780.549968395,0.292908647167562,0.292859546076522,0.147932113720775,2837.19772633416,2837.19709933619,89373.9204263475,0.0197932266499028,0.210397981635089,10.4240595295429,-2.41415679581937,2.29158131962743,-0.921859049066357,0.821694150707211,0.704835702477482,43.6609873693648,21.8139277745034,49213.2709435886,365049954484.167,8.31240697164532e-17,3838.79222432158,4.70366892975867e-16,32.578,0,6,0,0,1,0,0
0.405,0.0925588260451226,-0.134476150626264,30.1506419326266,2.32224877434607,1.57326647230852,-1.14039074999948,0.831595952085446,-1.01449631038707,37.4543057185057,65.8375808962631,0.290523228146646,0.0874755143713468,15.5119827700271,-389873.445777718,404809.172791303,-684026.226704631,0.197964402101523,0.221951664997611,-14.6386591625995,-389872.305386968,404808.341195351,-684025.21220832,0.292908681509701,0.292859580401397,0.147932113726867,2850.36334255084,2850.3627169147,89793.0833263336,-0.0869959964786218,0.181025942297343,10.4892741492756,-2.30352422963638,2.31006572324948,-1.10331565042806,0.821698842865249,0.704839723957124,43.6612372697554,20.1127270161132,48777.0928824403,368482145343.98,8.54753868368569e-17,3838.79236326777,4.70383012459889e-16,30.93,0,6,0,0,1,0,0
0.41,0.0869794442053908,-0.130325201943816,30.1441762765475,2.24992420429577,1.4724319118205,-1.10992167622293,0.841887122898519,-1.54987705789765,40.893016138869,62.7752194116868,0.249082452232648,0.35419043830752,15.5725584582693,-389833.079401069,405539.83397043,-691204.675261984,0.162103008027258,0.484515640251336,-14.5716178182782,-389831.969479392,405538.992083308,-691203.125384926,0.292908715595355,0.292859614469917,0.147932113732913,2863.37077510058,2863.37015078888,90207.1936103295,-0.090820056914901,0.266518493336818,10.5254625446282,-2.45841609387923,2.3299188159296,-1.22096302585554,0.821703500071203,0.704843715470841,43.6614853103058,21.0378336703779,48395.5450496584,371888734478.142,8.78525864054578e-17,3838.79250157888,4.70399012334534e-16,28.503,0,6,0,0,1,0,0
0.415,0.0816067455152309,-0.126124252069895,30.1354767193871,2.17553769954978,1.37597148644434,-1.05687692922927,0.851964662600123,-1.90049605346151,43.8994628054481,57.1217153302551,0.639218719139679,0.273752510688076,15.3757458626202,-389557.861527073,406077.794316151,-698400.813291517,0.557611973624448,0.399876762757971,-14.7597308567668,-389556.804650144,406076.942351489,-698398.912795464,0.292908749425677,0.292859648283233,0.147932113738914,2876.22260676292,2876.22198373953,90616.3343637963,0.053503222132195,0.23021637269001,10.3915081785373,-2.51358897805739,2.46138327243867,-1.35266686132571,0.821708122480439,0.704847677152014,43.6617314992524,24.5608737315604,48346.1707585794,375269836303.907,9.02551673952997e-17,3838.79263925023,4.70414893123156e-16,30.974,0,6,0,0,1,0,0
0.42,0.0765400807343149,-0.121886324986237,30.1255484280013,2.09976212163969,1.2861547004326,-0.986263031105055,0.856967633403886,-2.03718754983454,45.8883334324656,49.7251572793644,-0.0529219686749632,0.0790203088096983,15.4503294231594,-389581.049713259,406507.346722447,-705443.889697535,-0.129462049409278,0.200906633795935,-14.6752190048419,-389580.063450228,406506.489754814,-705441.852509985,0.292908783001828,0.292859681842505,0.147932113744869,2888.92135215256,2888.92073038258,91020.5864587898,-0.180556419623631,0.157145200497432,10.4350589865324,-2.41709565243322,2.47222443723279,-1.63754942207583,0.821712710249516,0.704851609135042,43.6619758448959,22.0145855339462,47924.7340355201,378625566063.245,9.26826248930071e-17,3838.79277627751,4.70430655353347e-16,34.438,0,6,0,0,1,0,0
0.425,0.0718443282669462,-0.117640886603658,30.1154860109799,2.02361576278925,1.20445311910091,-0.907005750500412,0.855097073629984,-1.95365994233279,46.3707997477273,41.3476526016782,0.359110434488046,-0.187699088983887,15.352296277447,-389138.893697443,406844.54893944,-712506.371172042,0.2872661062211,-0.0700582023802284,-14.7631897335328,-389137.986691692,406843.693842367,-712504.417512099,0.292908816324975,0.292859715148901,0.14793211375078,2901.46946045579,2901.46883990547,91420.0286435581,-0.0254922344595193,0.0601425692906953,10.3708292080344,-2.69090283559897,2.44287570467332,-1.72094743411678,0.821717263536144,0.704855511555309,43.6622183555987,27.0906265544282,47727.2248189136,381956039897.121,9.51344504834758e-17,3838.7929126566,4.70446299556791e-16,27.469,0,6,0,0,1,0,0
0.43,0.0675422609295013,-0.113420419252959,30.1063559908494,1.94818147206439,1.13133313104457,-0.827202104418487,0.846920508856381,-1.66736359628761,45.4658625514856,33.2907013778984,0.401998356882587,-0.174976164168237,15.4118938325054,-388751.179781935,407211.044777858,-719489.047961981,0.334456095953085,-0.0615557449152772,-14.6944621583439,-388750.352579831,407210.197857349,-719487.380598384,0.292908849396296,0.292859748203597,0.147932113756646,2913.86931802335,2913.86869866006,91814.7376274054,-0.00668392268709457,0.0598718762658585,10.4121121322048,-2.58434988807482,2.3892385974256,-1.89242901463747,0.821721782499146,0.704859384549147,43.662459039783,25.6417134857675,47315.7305825858,385261374718.693,9.76101326248076e-17,3838.79304838338,4.70461826269135e-16,33.266,0,6,0,0,1,0,0
0.435,0.0636173914868925,-0.109249226654518,30.0990827521794,1.87427792077283,1.06624055219547,-0.754651371124749,0.835186441420943,-1.21723685238033,43.7753451445036,26.7594968569158,0.0842002371330645,0.366717820537101,15.4387835459114,-388416.379838718,407690.818836953,-726474.331956893,0.020582845646172,0.475967047191618,-14.660299206268,-388415.625187347,407689.983650511,-726473.11472004,0.292908882216976,0.292859781007778,0.147932113762468,2926.12325082889,2926.12263262111,92204.7881611239,-0.109695321205157,0.239804001184642,10.4302649366908,-2.60381613703983,2.43241543545439,-1.93778347711251,0.821726267298416,0.704863228253808,43.6626979059287,23.5109244708763,46948.5128518951,388541688194.286,1.00109157013558e-16,3838.79318345412,4.70477236029845e-16,30.229,0,6,0,0,1,0,0
0.44,0.0600196854630075,-0.105134580065923,30.0943508811664,1.80221721598447,1.00784926279849,-0.695125907453276,0.82404360625287,-0.659452368902515,41.85120523446,22.3933434344502,0.201943562311357,-0.428073361090344,15.2764213298487,-387857.704517072,407624.506199123,-733529.192712642,0.141923876848349,-0.322938781024422,-14.8179295513177,-387857.009391165,407623.682155517,-733528.533260273,0.292908914788205,0.292859813562634,0.147932113768246,2938.23352680152,2938.23290971872,92590.2531132733,-0.0591206595301259,-0.0453149240083343,10.3244952449188,-2.74436750617374,2.65793751215316,-1.99184697571016,0.821730718094884,0.704867042807421,43.662934962571,30.6212297211701,46828.1669654226,391797098920.067,1.02631006940378e-16,3838.79331786515,4.70492529382069e-16,28.995,0,6,0,0,1,0,0
0.445,0.0566807545086604,-0.101067614120276,30.0925354677043,1.73178517772758,0.954347914114475,-0.650280261579229,0.815888894335351,-0.0605788896784267,40.5043881331361,20.5841225905827,-0.199263169753378,0.0229696842078764,15.4104027001601,-387415.590979778,407919.355708498,-740489.99276026,-0.255943924262038,0.124037298328152,-14.6821327675442,-387414.940699517,407918.539819603,-740489.93218137,0.292908947111184,0.292859845869364,0.14793211377398,2950.20235804,2950.20174205264,92971.2035425652,-0.192903760606389,0.10834549216946,10.4162355100515,-2.73204991964253,2.42688172305181,-2.16279342798093,0.821735135050469,0.704870828348969,43.6631702182987,25.1563264659312,46311.2545504137,395027725856.276,1.05175163636124e-16,3838.79345161269,4.70507706872512e-16,28.798,0,6,0,0,1,0,0
0.45,0.0535298441988933,-0.0970311756976804,30.0936697469549,1.66226834235779,0.903794276370989,-0.619422605690256,0.811718629665524,0.510385320040318,40.411793484801,21.2097840894589,-0.2064957301377,-0.518604611124143,15.4597604346624,-386773.379708507,407783.169091884,-747493.533280197,-0.260025574336593,-0.421573435426463,-14.6339093122924,-386772.760285901,407782.357373254,-747494.043665517,0.292908979187118,0.292859877929173,0.147932113779669,2962.031902916,2962.03128799551,93347.7087665949,-0.187206751130218,-0.0893092069649375,10.4536303211785,-2.89595920409861,2.622929931677,-2.13144930866993,0.82173951832805,0.704874585018249,43.6634036817522,31.0181868138248,45907.2469332812,398233688902.95,1.0774110660853e-16,3838.79358469355,4.70522769051295e-16,27.924,0,6,0,0,1,0,0
0.455,0.0505040293183093,-0.093007143900275,30.0974533943345,1.59320725718124,0.854707811038796,-0.600041223530362,0.810916647029362,0.990164360609622,40.7870749011512,23.1169466888312,0.1504272249114,0.338125604052822,15.3846908081492,-385949.820795617,408063.48519246,-754550.046893985,0.0999231955930908,0.431132747953097,-14.7127625861853,-385949.220754394,408062.674275813,-754551.037058345,0.292909011017218,0.292859909743273,0.147932113785316,2973.72426807318,2973.72365419187,93719.8364271402,-0.0586117711842668,0.202615871145762,10.4090192536792,-2.92000288495342,2.47688706220252,-2.160195731035,0.821743868091423,0.704878312955841,43.6636353616209,28.4067332774443,45664.7405539016,401415108642.476,1.10328313969528e-16,3838.7937171044,4.70537716471828e-16,30.618,0,6,0,0,1,0,0
0.46,0.0475625805964863,-0.0889974257231631,30.1033004218006,1.52420391650868,0.806044586692226,-0.585654439221915,0.806028666812891,1.32874741111961,42.0638202411554,25.8577398674695,0.336813512640421,0.316538415707471,15.6309169455147,-385138.353938393,407953.237684609,-761493.389827685,0.289250932043935,0.405535841430634,-14.472383476286,-385137.768283954,407952.431655942,-761494.718575096,0.292909042602704,0.292859941312881,0.147932113790919,2985.28151032808,2985.28089745915,94087.652552237,0.0061421817182908,0.181664545466964,10.5796903930442,-2.81592372178416,2.80976792885883,-2.28308773989417,0.821748184505265,0.704882012303079,43.6638652666419,31.4660097570584,44994.2432726488,404572106144.312,1.12936262753297e-16,3838.79384884211,4.70552549690679e-16,29.78,0,6,0,0,1,0,0
0.465,0.0446906191496912,-0.0850311739011669,30.1104203336703,1.45540020788766,0.757414549380402,-0.572275645279172,0.793512817732477,1.49503410290115,43.0612425757726,28.2440845120496,0.870098943249293,0.0732158907127897,15.286813967544,-384162.442521738,407694.599715918,-768633.805012984,0.825408324099601,0.158247064613957,-14.8236063661263,-384161.870246092,407693.8062031,-768635.300047086,0.2929090739448,0.292859972639222,0.147932113796478,2996.70563847894,2996.70502659644,94451.2216152216,0.194958101780959,0.0912164316385856,10.3525445453357,-2.76841539263799,2.83677629165548,-2.20311980226797,0.821752467735094,0.704885683202016,43.6640934055977,34.4115438630719,45114.5372321927,407704803120.872,1.15564429225169e-16,3838.7939799037,4.7056726926745e-16,29.535,0,6,0,0,1,0,0
0.47,0.0418942810709264,-0.081158834443919,30.1179210318418,1.38762374637434,0.709093796601592,-0.555360556285901,0.768264817923131,1.47981599953117,42.9709597098356,29.5629326621767,-0.066279017428241,0.0535914443424764,15.2845354066884,-383669.299535838,407452.558035745,-775625.599341365,-0.108173298499167,0.134750278786395,-14.8333856251534,-383668.744175282,407451.789770927,-775627.079157365,0.292909105044737,0.292860003723524,0.147932113801995,3007.99861502763,3007.99800410639,94810.6065909205,-0.128055476508515,0.0801726905284123,10.3453592497186,-2.5956371042716,2.78368109468026,-2.54436048239104,0.821756717947238,0.704889325795393,43.664319787314,28.3252124365986,44773.2456506593,410813322154.996,1.18212289181452e-16,3838.79411028642,4.70581875764643e-16,29.11,0,6,0,0,1,0,0
0.475,0.039198674362326,-0.0774492365552454,30.124918945213,1.32229716650765,0.661861681616066,-0.531769632421133,0.727924454574558,1.29566583193396,40.8623063203191,29.239945306506,0.155722724066379,-0.641303900530238,15.1393616796467,-382727.780188452,406915.792522811,-782626.266052279,0.116524049704053,-0.563854663974993,-14.9855572655663,-382727.248418819,406915.064598356,-782627.561718111,0.292909135903748,0.292860034567023,0.147932113807469,3019.16235781981,3019.16174783545,95165.8690091531,-0.0405729916237832,-0.164640055056781,10.2480899342861,-2.92668286368706,2.80287197521791,-2.68018875874891,0.821760935308795,0.704892940226611,43.6645444206584,36.0639161378023,44628.8829924885,413897785875.508,1.20879318240309e-16,3838.79423998751,4.70596369747547e-16,28.345,0,6,0,0,1,0,0
0.48,0.03664261811695,-0.0739773492350992,30.1306420133213,1.26109631467266,0.616787684844047,-0.499107625688064,0.672347187968245,0.974225419108905,36.7389226835328,27.3791794939527,0.0859952854100621,0.239041686730141,15.5392886213991,-381855.900337625,406888.710591302,-789378.299407035,0.0493526672931121,0.31301903596524,-14.5913533919222,-381855.401229999,406888.038244114,-789379.273632454,0.292909166523077,0.292860065170959,0.147932113812901,3030.19874160804,3030.19813253691,95517.0690057031,-0.0655026516634311,0.139164286476894,10.5160995620994,-2.85882932226869,2.58765418775445,-2.92298145267758,0.8217651199876,0.704896526639696,43.6647673145381,29.3638651315004,43740.3005273591,416958317661,1.23564992123776e-16,3838.7943690045,4.70610751784103e-16,28.743,0,6,0,0,1,0,0
0.485,0.0342704955941451,-0.0708065296645381,30.1345132602461,1.20555834314464,0.574992079568149,-0.457532386504775,0.606347941245014,0.561222467232383,30.5071813221681,23.9014064763341,-0.455273229663558,-0.542309649999101,15.5420219767515,-381119.231018489,406223.73814156,-796207.156168694,-0.489543725257703,-0.471503120334563,-14.5924912834946,-381118.773486103,406223.131793619,-796207.717391161,0.292909196903967,0.292860095536578,0.14793211381829,3041.10959954215,3041.10899136135,95864.2653709037,-0.248598009823967,-0.140837200531856,10.5115816793322,-2.89292142554535,2.90937394831486,-2.80659752166565,0.821769272152185,0.704900085179275,43.6649884778979,34.2986600588092,43396.2900483618,419995041688.871,1.2626878693104e-16,3838.79449733487,4.7062502244479e-16,29.37,0,6,0,0,1,0,0
0.49,0.0321253613212098,-0.0679734865477955,30.1362054041562,1.15684619701519,0.537622464305217,-0.407438026441874,0.53587396493351,0.109958265319655,23.184033039199,19.2975777689956,-0.0386942624342208,-0.590692892181598,15.3994169279736,-380010.109641208,405776.345282955,-803016.321507278,-0.0708196237554306,-0.522719405633802,-14.7367884761826,-380009.702203182,405775.80940899,-803016.431465544,0.292909227047671,0.292860125665128,0.147932113823638,3051.89672459106,3051.89611727835,96207.5155959711,-0.0972265848209882,-0.156240540198091,10.4146942027592,-3.08495126978227,2.66089726564257,-2.97259388423181,0.821773391971752,0.704903615990541,43.6652079197187,35.6269200170325,43232.2625343302,423008082242.336,1.28990179403086e-16,3838.79462497632,4.70639182302504e-16,28.098,0,6,0,0,1,0,0
0.495,0.0302443613511941,-0.0654815314729758,30.1356612848009,1.11519539743208,0.505507723744464,-0.350844907528314,0.468503271669885,-0.325725304211394,15.9278623424915,14.0123490543058,-0.423008945866592,0.10778479333671,15.5474000382256,-379158.978020278,405549.966758261,-809649.00090731,-0.453253307217786,0.173266324809686,-14.5882612465753,-379158.627175371,405549.498254989,-809648.675182005,0.292909256955442,0.292860155557865,0.147932113828943,3062.56187089972,3062.56126443355,96546.8759172131,-0.230928034800266,0.0808384395658057,10.5087018113196,-2.94628083741392,2.66322886634089,-3.23259737139985,0.821777479616131,0.704907119219224,43.6654256490155,29.8510429783077,42683.6285621847,425997563985.568,1.31728647178824e-16,3838.7947519269,4.70653231932437e-16,27.631,0,6,0,0,1,0,0
0.5,0.0286520058936307,-0.0632981808562924,30.1330808045406,1.08006247319973,0.479252581588824,-0.29086227883753,0.411166232199785,-0.697705689856998,10.2196812780361,8.75334082730888,0.32906621364031,-0.172517987953758,15.4315959928207,-377877.381295836,404928.421604547,-816306.276111696,0.300414207746679,-0.109219807097465,-14.7014848117199,-377877.090433557,404928.010438315,-816305.578406006,0.29290928662854,0.292860185216046,0.147932113834207,3073.10675508497,3073.10614944441,96882.4013582308,0.0342858450465037,-0.0249660957749177,10.4322813546388,-3.08209249406022,2.92117464334435,-3.29378655189363,0.821781535255752,0.704910595011565,43.6656416748355,38.8180346698279,42477.7933706096,428963612395.432,1.34483669042815e-16,3838.79487818445,4.70667171911964e-16,27.994,0,6,0,0,1,0,0
0.505,0.027354423506978,-0.0613615667973727,30.1288779996533,1.04992538508631,0.458858130580441,-0.23182274988967,0.368847505600718,-0.969168178581466,6.85233182006686,3.94547107075888,-0.157983228485719,0.219240124845796,15.4480927401419,-377019.24550744,404504.484820338,-822853.220579416,-0.185337651992697,0.280601691643169,-14.6807852595115,-377019.01368469,404504.115972833,-822852.251411237,0.292909316068228,0.292860214640934,0.14793211383943,3083.53305747341,3083.53245263815,97214.1457702231,-0.137108945426813,0.108130006014067,10.4375548648879,-2.82447255148228,2.84234035012629,-3.51816928211244,0.821785559061611,0.704914043514289,43.6658560062567,31.1821554810702,42104.2678817351,431906352985.508,1.37254725164725e-16,3838.79500374703,4.70681002820523e-16,29.475,0,6,0,0,1,0,0
0.51,0.0263355210347581,-0.0595947247106705,30.1236156350172,1.02296074419017,0.443987248204298,-0.178367355164871,0.342676519525647,-1.11793463997259,6.02516935776032,0.00658935613101601,0.116933147898748,0.307111718108075,15.4137430461525,-375871.558717251,403931.400720912,-829365.081667288,0.0905976268639904,0.366706442818746,-14.7098725888647,-375871.380349896,403931.058044393,-829363.963732648,0.292909345275772,0.292860243833796,0.147932113844611,3093.8424232846,3093.84181923494,97542.1618704983,-0.0371053157901925,0.131972847071832,10.414458084966,-2.99019067104866,2.99192598482337,-3.64676311552385,0.821789551205232,0.70491746487457,43.6660686523857,35.7731032190791,41794.5552456127,434825912051.46,1.400412973306e-16,3838.79512861297,4.70694725239509e-16,30.864,0,6,0,0,1,0,0
0.515,0.0255577626368698,-0.0579266316598887,30.1179282707204,0.997241571261893,0.433555492899945,-0.134519255352934,0.329138357653588,-1.13771974592652,7.64539426092508,-2.67194918652873,-0.0642005213333276,0.363959528231358,15.458230221859,-374874.253001565,403311.298914577,-835806.462696858,-0.0897582839701974,0.421886159891247,-14.6596980488614,-374874.11848231,403310.96977622,-835805.324977112,0.292909374252443,0.2928602727959,0.147932113849752,3104.03646376247,3104.03586047927,97866.5012792884,-0.100556913983093,0.147632614549329,10.4425249759518,-2.89302272151133,3.03504926447786,-3.78995993584711,0.821793511858642,0.70492085924001,43.6662796223561,34.1669109984486,41384.1699060913,437722415900.532,1.42842869166119e-16,3838.79525278064,4.70708339752153e-16,27.408,0,6,0,0,1,0,0
0.52,0.0249635678269736,-0.0563064739088468,30.1124444564018,0.971402470712237,0.426403385376261,-0.104337040000693,0.323565869613675,-1.03719944574037,10.5346752690924,-4.05944446096502,0.176574818695001,-0.0815691226312351,15.4002961500389,-373715.48312518,402482.994817055,-842253.372134794,0.151611250868028,-0.0252626487223884,-14.712148306363,-373715.37878814,402482.671251186,-842252.334935349,0.292909402999513,0.29286030152852,0.147932113854852,3114.11675725765,3114.11615472232,98187.2145549586,-0.0149737388227067,-0.0090693390728942,10.4051631746165,-2.95104121188167,3.06350053638981,-3.86723647536244,0.821797441194336,0.704924226758609,43.6664889253271,38.128135707424,41109.563343032,440595991218.252,1.45658926351918e-16,3838.79537624851,4.70721846943419e-16,27.234,0,6,0,0,1,0,0
0.525,0.0244833195585962,-0.0547133253828446,30.107717115249,0.94494365403988,0.421060127159764,-0.0886153880327906,0.318514186584284,-0.837699506938042,13.7803919601937,-3.91507219058143,-0.0733518719334917,0.242074607944788,15.7953415284581,-372723.284065261,401908.713781766,-848516.675802064,-0.0978351914920879,0.296787933327633,-14.3123755867909,-372723.195449873,401908.39526758,-848515.838102557,0.292909431518261,0.292860330032931,0.147932113859911,3124.08485026333,3124.08424845784,98504.3512276939,-0.10458629406462,0.103651324170621,10.6715708119124,-2.86376453850461,2.91658734839595,-3.99859337487064,0.821801339385243,0.704927567578738,43.6666965704815,32.9775007428189,40244.1525207922,443446765121.738,1.48488956831137e-16,3838.79549901508,4.70735247399893e-16,27.92,0,6,0,0,1,0,0
0.53,0.0240474786428975,-0.0531585279955226,30.1041696331735,0.918123334348697,0.416079270317602,-0.0865358568522221,0.308359219109276,-0.569262086650558,16.1710863569912,-2.28214611543216,0.226301874033491,0.14940338759338,15.2038810546929,-371524.322802211,401168.186041568,-855121.00805357,0.202254395390594,0.202561915588903,-14.9002885784806,-371524.236266354,401167.877682349,-855120.438791483,0.292909459809965,0.292860358310413,0.14793211386493,3133.94225840711,3133.94165731393,98817.9598317465,0.00514955130693712,0.067980620830066,10.2754839379311,-2.94734100561781,3.02981545882984,-3.81237994678678,0.821805206604701,0.704930881849114,43.6669025670242,36.9615462068534,40693.2040771669,446274864988.9,1.51332451009288e-16,3838.79562107932,4.70748541709674e-16,27.94,0,6,0,0,1,0,0
0.535,0.0235968420096789,-0.0516768456440583,30.1020631700973,0.891926884513966,0.410127644306395,-0.094746170488555,0.289208503024325,-0.266188816860339,16.6478159181273,0.540147624844029,0.302546594854434,0.359412829157959,15.0993155327524,-370397.960165654,400524.68190808,-861540.315398855,0.278949752844755,0.411089674802018,-15.0027476373449,-370397.865419483,400524.392699577,-861540.049210038,0.292909487875906,0.292860386362246,0.147932113869909,3143.69046740108,3143.68986700316,99128.0879363151,0.0307112636055013,0.140067521530957,10.2074380962649,-2.83572637825579,2.99801845390959,-4.2921227521677,0.82180904302642,0.704934169718773,43.6671069241803,34.7438181410359,40505.502075599,449080418270.184,1.54188901946604e-16,3838.79574243986,4.70761730462271e-16,28.271,0,6,0,0,1,0,0
0.54,0.0230936122192219,-0.0503173504781158,30.1014860589977,0.867619186597924,0.402446895255254,-0.107948580370085,0.25916055035203,0.0372885754356496,15.3829252731001,3.98811753767167,0.587821154350446,0.281096158400738,15.2014881585955,-369189.975503269,399766.060513609,-867878.184140676,0.564727542131224,0.331413508878854,-14.8999979004022,-369189.867554689,399765.801353058,-867878.221429252,0.292909515717369,0.292860414189713,0.147932113874848,3153.3309339522,3153.33033423299,99434.7821751297,0.128414009749528,0.110644822823921,10.2807065684329,-2.80304751195251,3.06946280278342,-4.43717354228223,0.821812848824457,0.704937431337042,43.6673096511941,36.7492059918508,40040.6429736693,451863552977.589,1.57057805542962e-16,3838.7958630957,4.70774814248497e-16,29.293,0,6,0,0,1,0,0
0.545,0.0225309102317797,-0.049124921115775,30.1023636602777,0.846502861463605,0.39278005086162,-0.118946778408386,0.221802782005064,0.310744496941237,12.1543334738747,7.29507071382927,0.0409191156006648,0.38555657348539,15.2147847644613,-368277.325250083,399064.533702102,-874240.085287478,0.0183882053688851,0.434681494601165,-14.8875788958164,-368277.206303305,399064.31189932,-874240.396031975,0.292909543335641,0.292860441794101,0.147932113879748,3162.86508663514,3162.86448757856,99738.0882748054,-0.0619467617022969,0.146505833945676,10.2882210088882,-2.69897396816782,3.04091035949534,-4.44066183706634,0.821816624173185,0.704940666853521,43.667510757327,32.5226630983569,39704.7370161826,454624397140.177,1.59938660715545e-16,3838.79598304598,4.70787793660371e-16,27.886,0,6,0,0,1,0,0
0.55,0.0219370375494093,-0.0481280350418916,30.1044850814486,0.829424429502316,0.381728895967551,-0.120714614045532,0.180176766779781,0.530593219907611,7.91494531177058,9.60131168530675,-0.532239164917177,0.0902261526802232,15.3200943677287,-367371.585076093,398207.372368826,-880556.660466091,-0.554176202466587,0.138354187722115,-14.7843907137199,-367371.464361479,398207.192192059,-880557.191059311,0.29290957073201,0.292860469176698,0.147932113884608,3172.29432672939,3172.29372831979,100038.05108203,-0.256450327833137,0.0429100278991815,10.3574700187961,-2.87750595182877,3.07632962617148,-4.51571694800194,0.821820369247265,0.704943876418048,43.667710251856,34.0201931666223,39254.7883880147,457363079031.029,1.62830969569342e-16,3838.79610228981,4.70800669291009e-16,29.747,0,6,0,0,1,0,0
0.555,0.0213721624536971,-0.0473348829411388,30.1075410620249,0.816688010482821,0.370603475921582,-0.107388956464918,0.139474437777519,0.68140526458027,3.50159711389606,10.1149955281407,-0.166610469249928,0.0806774385886094,15.3587040164932,-366129.3098955,397441.539275303,-886879.254301224,-0.187982631703625,0.128012321529748,-14.7488370455317,-366129.202506543,397441.399800866,-886879.935706489,0.292909597907765,0.292860496338791,0.147932113889429,3181.62002902236,3181.61943124453,100334.714589639,-0.126995617063168,0.0406068967306153,10.3873717939256,-3.06337179964719,2.9751627852604,-4.53546189620146,0.821824084221613,0.704947060180684,43.6679081440723,36.5491120907992,38890.3788968151,460079727181.251,1.65734237560637e-16,3838.79622082655,4.70813441734534e-16,28.294,0,6,0,0,1,0,0
0.56,0.0209193549807354,-0.0467306078442122,30.1111666460296,0.808024956310682,0.36126850495996,-0.0755626285516732,0.103845211841982,0.756514792519734,-0.241312681405996,8.27110289963823,0.477176880140075,0.41604212993108,15.3486073215107,-364795.391093961,396786.730150455,-893193.995202575,0.456257525159339,0.462772737775292,-14.7625593245189,-364795.315531333,396786.626305243,-893194.751717368,0.292909624864198,0.292860523281674,0.147932113894212,3190.84354258027,3190.84294541943,100628.121961644,0.09168679528102,0.155175039927042,10.3855170532839,-2.92480499419629,2.97235973753101,-4.60364845190476,0.821827769271378,0.704950218291682,43.6681044432801,36.2060187106457,38603.0611343072,462774470164.908,1.68647973653611e-16,3838.79633865562,4.70826111585974e-16,29.609,0,6,0,0,1,0,0
0.565,0.0206701958641022,-0.0462847720716389,30.1149834403051,0.80260461535603,0.3557945134696,-0.025197118004159,0.0754721224764588,0.757253599814848,-2.63987755264283,4.06154912453597,-0.210504643771591,-0.484356684325908,15.4716821458084,-363955.158028608,395671.760734874,-899427.69046614,-0.231174839635693,-0.43807191225427,-14.6433012944967,-363955.13283149,395671.685262751,-899428.44771974,0.292909651602602,0.292860550006636,0.147932113898955,3199.96619148833,3199.9655949301,100918.315557251,-0.151945126961221,-0.158945976293543,10.4641408797192,-2.68868038934588,3.08761375355241,-4.71257015003519,0.821831424571911,0.704953350901468,43.6682991587944,35.8249916614773,38144.4568583386,465447436703.699,1.71571690470185e-16,3838.79645577637,4.70838679441163e-16,28.064,0,6,0,0,1,0,0
0.57,0.0207062768814522,-0.0459601454087061,30.1186377315007,0.79942800838032,0.356055764087756,0.0396400597139642,0.0549339099731169,0.69207900898929,-3.59709192995412,-2.28238900121424,0.3655521462755,-0.0330352256900004,15.4470935830433,-362671.0803464,395037.194344591,-905675.319638981,0.344845869394048,0.0129249197187057,-14.6715441484574,-362671.11998646,395037.139410681,-905676.01171799,0.292909678124271,0.292860576514973,0.147932113903661,3208.98927556176,3208.98867959214,101205.336953929,0.0502422545030357,0.00216011943160586,10.4508715033322,-2.90794901712731,2.77783200602496,-4.74739906988415,0.821835050298738,0.704956458160617,43.6684922999402,35.0316700900904,37881.5265644923,468098755660.963,1.74504904433239e-16,3838.79657218859,4.70851145896655e-16,30.255,0,6,0,0,1,0,0
0.575,0.0210820817224243,-0.0457225294077815,30.1218317321431,0.797540801927788,0.363410633399696,0.112055983282249,0.0404311417493286,0.574724085871585,-3.27600687093233,-9.87835724672192,0.137141251695864,-0.245781823431875,15.5061533258395,-361695.70140468,394154.17567571,-911847.431824155,0.11605916997344,-0.200059294024094,-14.6156784063037,-361695.813460663,394154.135244568,-911848.006548241,0.2929097044305,0.292860602807978,0.147932113908328,3217.91407102895,3217.91347563433,101489.226969573,-0.034553521902368,-0.0749788133721591,10.4882180392934,-2.69249443023357,2.92953251426265,-4.88145192756035,0.821838646627534,0.704959540219826,43.6686838760507,34.1428373203128,37517.5237708743,470728556102.344,1.77447135903342e-16,3838.79668789193,4.70863511549622e-16,29.208,0,6,0,0,1,0,0
0.58,0.021812846141985,-0.0455486630165028,30.1243461323957,0.796250595437287,0.378316072348295,0.183091585274882,0.0293292477590666,0.422534914619706,-2.21697573983275,-17.4577853106288,0.51778572740808,0.00717874298882155,15.6568331622072,-360515.76509764,393438.107332099,-917937.861738724,0.495972881266095,0.0527274060053243,-14.4675129701885,-360515.948189225,393438.078002851,-917938.284273639,0.292909730522585,0.292860628886946,0.147932113912957,3226.74183118825,3226.74123635538,101770.025683803,0.0957110525803183,0.0136637284488464,10.5913001190741,-2.75314039818981,2.85110462359014,-4.96745610198091,0.821842213734097,0.704962597229896,43.6688738964663,34.4339756472107,37036.1640193588,473336967087.119,1.80397909309118e-16,3838.79680288617,4.70875776997769e-16,33.607,0,6,0,0,1,0,0
0.585,0.0228669189492885,-0.0454283297913706,30.1260529243731,0.795270752982455,0.400130756299376,0.242712897602069,0.0189715119660071,0.254422007321997,-1.08769164770414,-23.8244194537044,-0.458896275727435,0.310948753931799,15.5861017314491,-359845.336053987,392742.155391217,-924058.920036172,-0.481763194676724,0.35637708372317,-14.539951192924,-359845.578766884,392742.136419705,-924059.174458179,0.292909756401821,0.292860654753173,0.147932113917548,3235.47378703947,3235.47319275546,102047.77245844,-0.244931811703611,0.117007407967641,10.5354913860678,-2.60576715658991,2.92990831874256,-4.98762478405983,0.821845751794321,0.70496562934171,43.6690623705325,28.7378912705239,36861.5922393195,475924117484.215,1.83356753271376e-16,3838.79691717121,4.70887942839241e-16,29.242,0,6,0,0,1,0,0
0.59,0.024167497597396,-0.0453625828322566,30.1269191440248,0.794689977473887,0.427195967291327,0.282706334494803,0.00742983210051196,0.0891534441725784,-0.441400125331262,-27.9401558281477,0.0277427324083309,0.367938665542362,15.2113264708835,-358657.020430078,391961.745372692,-930240.788702249,0.00357523481093486,0.413301248374619,-14.9155926731413,-358657.303136412,391961.73794286,-930240.877855693,0.292909782069505,0.292860680407954,0.147932113922102,3244.11114789142,3244.11055414374,102322.505957199,-0.0693171003315797,0.135203013251568,10.2840618903816,-2.92273713951781,3.02436950445475,-5.16695508362596,0.821849260984172,0.704968636706208,43.6692493075995,35.0702530406424,37089.2739460068,478490136844.1,1.86323200721151e-16,3838.79703074719,4.70900009672536e-16,35.395,0,6,0,0,1,0,0
0.595,0.0256042287753971,-0.0453588031602036,30.1270018488706,0.794820150816655,0.45701837377484,0.297696796755582,-0.00594698806847801,-0.0563308926670917,-0.573864406024535,-28.6392586613057,-0.25565188385125,-0.165169884326157,15.0595842596957,-357763.671331265,390974.703380317,-936294.058026208,-0.281256112626647,-0.119811081165954,-15.0674175891749,-357763.969028061,390974.709327305,-936294.001695315,0.292909807526935,0.292860705852586,0.147932113926618,3252.65510194654,3252.65450872296,102594.264164634,-0.170858641230251,-0.0482441486370044,10.1783832094921,-2.73721199377843,3.03336415130144,-5.54083974103261,0.821852741479662,0.704971619474367,43.6694347170199,34.1106694216129,37031.7077905782,481035154106.196,1.89296789011772e-16,3838.79714361411,4.70911978096419e-16,28.865,0,6,0,0,1,0,0
0.6,0.0270446483309662,-0.0454231562452895,30.1264347234157,0.796035212036898,0.486463077809341,0.284113967368184,-0.0200306452648764,-0.168584088604084,-1.47158793211548,-25.9006440685608,0.943463606160943,-0.0191169365795375,15.5251334176742,-356345.732782302,390243.865132674,-942080.244667839,0.916418957829977,0.026306219665752,-14.6013013057416,-356346.016896269,390243.885163319,-942080.07608375,0.292909832775406,0.292860731088365,0.147932113931098,3261.10681686364,3261.10622415227,102863.084404377,0.240122551091302,0.00675165108937858,10.500269599515,-2.81682376526127,2.84006392323898,-5.76106930633761,0.821856193456824,0.704974577797185,43.6696186081483,37.0848041400708,36139.7320389013,483559298694.729,1.92277060025085e-16,3838.79725577217,4.70923848709835e-16,30.265,0,6,0,0,1,0,0
0.605,0.0283498087511616,-0.0455535562117059,30.1254071835653,0.798525246392534,0.512503681544706,0.242938766748308,-0.0326146793559442,-0.23894154406867,-2.80442326533517,-20.2694850875975,0.358723811346874,0.159400576679253,15.1250477677589,-355594.3245851,389530.785020733,-948144.95816219,0.330374002595713,0.204954132890959,-15.0003594158064,-355594.567523866,389530.817635412,-948144.719220646,0.292909857816215,0.292860756116587,0.147932113935541,3269.46744029987,3269.46684808913,103129.003356689,0.0312213312876829,0.0680153128470934,10.2254030319606,-2.39296179182222,2.88043482798214,-5.5414566468015,0.821859617091692,0.704977511825649,43.6698009903392,29.4082787609344,36420.3323145902,486062699570.667,1.9526356027198e-16,3838.79736722183,4.70935622111827e-16,32.493,0,6,0,0,1,0,0
0.61,0.0293961004301734,-0.0457350805870411,30.1241378380627,0.802169593879083,0.532623956653304,0.179410302706731,-0.040708522136836,-0.264491360381777,-4.10005926089951,-12.3673924037308,0.514642552475969,0.0379924125065989,15.4036227889502,-354583.373846407,388712.032730876,-953928.821029052,0.485246452045795,0.08372749309364,-14.7205150491125,-354583.55325671,388712.073439398,-953928.556537692,0.292909882650659,0.292860780938546,0.147932113939947,3277.73810043275,3277.73750871137,103392.057075371,0.0860865812263659,0.0253588073544057,10.4147786773437,-2.57619280759292,2.93320976287491,-5.92045768545584,0.821863012560272,0.704980421710728,43.6699818729464,33.1619247082226,35790.1630147351,488545486018.986,1.98255840987326e-16,3838.79747796311,4.70947298901453e-16,28.146,0,6,0,0,1,0,0
0.615,0.030089756277292,-0.0459396207039804,30.1228445102757,0.806480949481904,0.544907218851645,0.100359042388695,-0.0419564145281416,-0.248457271405878,-4.81115884305366,-3.18711172396558,-0.187393927628828,0.206988599719399,15.40465889703,-353894.305922592,388000.512708952,-959786.455435819,-0.21748368390612,0.252928220423379,-14.7181856132457,-353894.406281634,388000.554665367,-959786.206978547,0.292909907280033,0.29286080555554,0.147932113944316,3285.91990646323,3285.91931522023,103652.28100405,-0.15803304691494,0.0846993144060335,10.411141468613,-2.51174476079806,2.88472038710906,-5.82306702205538,0.821866380038521,0.704983307603345,43.6701612653214,28.6003806195307,35544.5952888925,491007787091.706,2.01253458219463e-16,3838.79758799694,4.70958879677705e-16,27.769,0,6,0,0,1,0,0
0.62,0.0303714403321675,-0.0461297986612747,30.1217148165528,0.810679922165886,0.548261381124269,0.0128927284904288,-0.0349466141486872,-0.199594656793699,-4.54569282724058,6.14314206746267,-0.0237301022147085,0.238347189079219,15.7260706027176,-352892.701018322,387237.00343817,-965502.626459662,-0.054101542546876,0.284476987740494,-14.3956442138352,-352892.713911051,387237.038384785,-965502.426865005,0.292909931705633,0.29286082996886,0.14793211394865,3294.01394910061,3294.01335832528,103909.709991882,-0.0993240313936894,0.0942826823667001,10.630192985606,-2.74149341761123,2.93703291150402,-5.91692052088502,0.821869719702326,0.704986169654359,43.6703391768121,32.2074310594286,34872.2764232123,493449731941.825,2.04255972914363e-16,3838.79769732347,4.70970365039433e-16,29.487,0,6,0,0,1,0,0
0.625,0.0302155067818371,-0.0462642951778956,30.1208821205002,0.813833676492891,0.542440601637696,-0.076449852725089,-0.0194843579184918,-0.130668264397735,-3.17021096403115,14.6137603284263,0.0302874153586367,-0.146964414436327,15.3850148579747,-351931.512026279,386318.454101369,-971438.94130669,7.19085767996422e-05,-0.100700119258431,-14.7358672625255,-351931.435576426,386318.473585727,-971438.810638425,0.292909955928752,0.292860854179803,0.147932113952948,3302.0213010301,3302.02071071203,104164.378308682,-0.0796702356886063,-0.0390521424205656,10.4007997453234,-2.67947193933335,2.94298328667655,-5.78235899567688,0.821873031727481,0.704989008014546,43.670515616762,33.3199388727609,35085.7309988433,495871449366.153,2.07262950994604e-16,3838.79780594363,4.70981755585261e-16,28.406,0,6,0,0,1,0,0
0.63,0.029626065549162,-0.0463049509989614,30.1204100085889,0.815065102954788,0.527924108021635,-0.162173475753776,0.00296443413680534,-0.0565855818618724,-0.800868840027092,21.6556487165736,0.427169675484116,0.0632238566402443,15.3158124040498,-350838.059898052,385614.707957968,-977253.050692162,0.397543609934954,0.109528807639206,-14.8045976045391,-350837.897724576,385614.704993534,-977252.99410658,0.292909979950684,0.292860878189659,0.14793211395721,3309.94301736386,3309.94242749288,104416.31965952,0.0579074767208543,0.0358653749071809,10.3575096878535,-2.65430055217242,2.80658520195415,-6.10165416340719,0.821876316289662,0.704991822834583,43.6706905945088,32.1818641859242,34942.4168680375,498273068566.702,2.1027396343326e-16,3838.79791385795,4.70993051913519e-16,33.273,0,6,0,0,1,0,0
0.635,0.0286299453168196,-0.0462240245092336,30.1202880515461,0.81371101709549,0.505698828882365,-0.240595740695011,0.0296556481383486,0.00820756212999135,2.21036776116712,26.9344407027784,0.0371591005357864,-0.499456132290401,15.4294944909428,-350018.449644127,384623.58953353,-982977.565432384,0.00852915521896689,-0.453232107781168,-14.6907935606033,-350018.209048386,384623.559877882,-982977.573639946,0.292910003772721,0.292860901999721,0.147932113961436,3317.78013607614,3317.77954664236,104665.567198803,-0.0787110577726702,-0.160046600142796,10.4324943010485,-2.51738972949922,2.8745133551096,-6.23295429433139,0.82187957356441,0.704994614265027,43.6708641193831,32.2770263727422,34559.004801844,500654718142.722,2.13288586322859e-16,3838.79802106734,4.71004254622161e-16,30.915,0,6,0,0,1,0,0
0.64,0.0272692061306502,-0.0460081809377898,30.1204397297652,0.809426836345185,0.476913837527246,-0.309254878791331,0.0575021746751916,0.0519425131401787,5.37265450869234,30.4495172069703,0.311343865327,0.439200986298631,15.4283584262938,-348931.050499308,384179.228902957,-988720.131449437,0.284074659196349,0.485209167236421,-14.6920813034714,-348930.741244429,384179.171400782,-988720.18339195,0.292910027396154,0.292860925611278,0.147932113965628,3325.53367842331,3325.53308941709,104912.153543857,0.0208523873903112,0.167358812440003,10.4341681109268,-2.65566423618023,2.67748335867345,-6.24623097400841,0.821882803727108,0.704997382456297,43.6710362007076,29.0308855011535,34328.8920143251,503016526751.969,2.16306400939502e-16,3838.79812757269,4.71015364308697e-16,35.403,0,6,0,0,1,0,0
0.645,0.025595483465352,-0.0456584970454643,30.1207408459573,0.802268313651237,0.442810724122657,-0.36677314977771,0.0837523060687875,0.0674782912200702,8.20889627122569,32.597849911961,-0.484289992864884,-0.0559069193648443,15.4105071771671,-348204.719741801,383202.702676735,-994441.966787245,-0.509885476330236,-0.01024842231938,-14.7102336687902,-348204.352968652,383202.618924429,-994442.034265537,0.292910050822272,0.29286094902562,0.147932113969784,3333.20464934938,3333.20406076131,105156.110788046,-0.252288523625087,-0.010390424505747,10.4171200910084,-2.56940205063736,2.99518016931427,-6.33683665065554,0.82188600695296,0.705000127558657,43.6712068477958,30.6919454446623,34127.5135952692,505358622980.64,2.19326993802298e-16,3838.79823337494,4.71026381570117e-16,28.472,0,6,0,0,1,0,0
0.65,0.0236643403719661,-0.0451875936255685,30.1210450511366,0.792550921072676,0.404556181562958,-0.412969512485606,0.106478823019379,0.0531712383180714,10.3134370961867,33.4814134291778,-0.0130343544895266,-0.232329310480773,15.3056587732709,-346974.723358231,382339.421777443,-1000165.9343824,-0.0366986948614927,-0.187141716855204,-14.8153862778657,-346974.310388718,382339.31529862,-1000165.98755364,0.292910074052363,0.292860972244033,0.147932113973906,3340.79403787761,3340.79344969852,105397.470513433,-0.0799064416455418,-0.0681907586652863,10.3495198121566,-2.85222712895516,2.82169678441267,-6.44943015600583,0.821889183416972,0.705002849722199,43.671376069951,34.2847997959236,34033.9228744153,507681135270.582,2.2234995672821e-16,3838.79833847513,4.71037307002823e-16,29.654,0,6,0,0,1,0,0
0.655,0.0215342367989192,-0.0446145905566191,30.121211534157,0.780818516155753,0.36336112747242,-0.446873943047909,0.124968951201294,0.0128598619826391,11.4703701746794,33.3806741512291,-0.144582785404553,0.0399138077148437,15.2163015622402,-345925.656350736,381634.630604943,-1005851.4506893,-0.166117022203472,0.0845283982714628,-14.9049099719168,-345925.209476793,381634.505635992,-1005851.46354916,0.292910097087713,0.292860995267803,0.147932113977993,3348.30281748887,3348.30222970983,105636.263803011,-0.123952639033087,0.0263759576860929,10.2880292201368,-2.70237674783011,2.75825627276824,-6.61638939368557,0.821892333293931,0.705005549096826,43.6715438764651,30.2957757662083,33927.06026548,509984191681.227,2.25374886882448e-16,3838.79844287433,4.71048141202562e-16,36.005,0,6,0,0,1,0,0
0.66,0.0192684007228152,-0.0439595223096273,30.1211296556789,0.767681217432437,0.320465677070536,-0.467555033127194,0.139560594277282,-0.0453290355640133,11.7385022867364,32.4894912092729,-0.364862300285288,-0.294433687011693,15.4460212358927,-344864.856378125,380697.078066308,-1011384.8990912,-0.384130701008104,-0.250474164702065,-14.6751084197862,-344864.388823092,380696.938505714,-1011384.85376217,0.292910119929606,0.292861018098213,0.147932113982045,3355.73194648725,3355.73135909955,105872.521252524,-0.196203645705244,-0.0917179290877107,10.4414716617316,-2.7601088324699,2.84995761156419,-6.77924688947386,0.821895456758387,0.705008225832236,43.6717102766179,32.5697802842299,33390.4256476157,512267920199.988,2.28401386824522e-16,3838.79854657386,4.71058884764353e-16,32.867,0,6,0,0,1,0,0
0.665,0.0169342592780596,-0.0432387720684282,30.120736885683,0.753603186467346,0.276977514584703,-0.474275662186252,0.151402267023504,-0.110441677016871,11.4838857803429,31.1133948679701,0.226990299582548,0.107686078654111,15.1942565436465,-343460.996688444,380018.542007484,-1017059.7848831,0.210056040304488,0.150924850722539,-14.9264803420366,-343460.522412782,380018.390605217,-1017059.67444143,0.292910142579324,0.292861040736546,0.147932113986064,3363.08236835351,3363.08178134865,106106.272981884,0.0154026588977462,0.0481758080366853,10.2747201958464,-2.85012571395308,2.735341636029,-6.72536197520809,0.821898553984633,0.705010880077903,43.6718752796756,33.1551376653888,33495.1503549945,514532448871.096,2.31429064550071e-16,3838.79864957486,4.71069538282427e-16,30.214,0,6,0,0,1,0,0
0.67,0.0145982942546532,-0.042460003938615,30.1200278934793,0.73888372377077,0.234206530350707,-0.468142646068732,0.162875817393532,-0.17074587871014,10.9116162190253,28.7520367301043,0.17104504307397,-0.0396230575001391,15.2400798629304,-342256.514899896,379121.474202527,-1022587.7522392,0.156446748819316,0.00283694643847591,-14.8799480305489,-342256.04675725,379121.31132671,-1022587.58149332,0.292910165038148,0.29286106318408,0.147932113990049,3370.35501208676,3370.35442545646,106337.548646216,-0.00436277378511789,-0.00690608169714934,10.3047073641147,-2.65658161616279,2.87452980490555,-6.99639201925654,0.821901625146687,0.705013511983067,43.6720388948904,32.8600732591517,33201.7011738642,516777905133.261,2.34457533528595e-16,3838.79875187872,4.71080102350156e-16,28.244,0,6,0,0,1,0,0
0.675,0.0123262863377727,-0.0416216598468816,30.1190536092256,0.723473954639694,0.193184360419463,-0.448338386660537,0.1753442847884,-0.215659885673525,10.6390005371148,25.9838025160724,0.101223643709021,0.752412947619903,15.5893738576021,-341017.183716638,378551.360963916,-1027967.89994185,0.0888973573712483,0.794034607466784,-14.5296797516235,-341016.735378251,378551.185619631,-1027967.68428197,0.292910187307355,0.292861085442092,0.147932113994,3377.55079253502,3377.5502062712,106566.377446534,-0.0264096165714575,0.265524916398565,10.5398117729627,-2.68636376219888,2.8272318659541,-7.0667371122118,0.821904670418274,0.705016121696712,43.6722011314988,29.4856406565489,32508.1861761221,519004416535.401,2.37486412737189e-16,3838.79885348684,4.71090577559996e-16,30.46,0,6,0,0,1,0,0
0.68,0.0101771951856582,-0.0407137997510834,30.1179118247272,0.707130269742246,0.15498724298492,-0.418432946879138,0.190848244492957,-0.237179583638398,10.8450919564983,22.5014508393709,-0.304409263349095,0.46856948282337,15.3332966820122,-339867.44368537,377561.772163083,-1033536.90603354,-0.314586458534753,0.509283282574454,-14.784615142715,-339867.025252423,377561.581314838,-1033536.66885396,0.292910209388221,0.292861107511858,0.147932113997918,3384.67061071501,3384.67002480978,106792.788140068,-0.160763528302714,0.160054321582851,10.3635544851811,-2.71966152552646,3.10271582506277,-6.92708209881588,0.821907689972809,0.705018709367554,43.6723619987214,32.5341953816992,32618.3346700941,521212110256.48,2.40515326690405e-16,3838.79895440057,4.71100964503419e-16,28.9,0,6,0,0,1,0,0
0.685,0.0081961725481392,-0.039720971729351,30.1167318423135,0.689435516522155,0.120415188530515,-0.380413616754334,0.209580892175631,-0.230811389786503,11.7306931027273,18.5938507515522,0.399053837567307,-0.589667014560416,15.3663147166314,-338276.737597388,376264.748884068,-1038965.25803334,0.390857665019168,-0.549946042831065,-14.7504171256821,-338276.357183771,376264.539303176,-1038965.02722195,0.292910231282018,0.292861129394648,0.147932114001803,3391.71535412159,3391.71476856727,107016.809050264,0.0875415182862144,-0.20517258969183,10.3902970379217,-2.86236499941811,3.01026511433437,-7.20191760322004,0.821910683983376,0.705021275144025,43.6725215057615,40.5533980753875,32337.6383398661,523401113035.78,2.43543905466351e-16,3838.79905462173,4.71111263770858e-16,28.627,0,6,0,0,1,0,0
0.69,0.00641598906258676,-0.0386285613285773,30.1156558168985,0.669998765197367,0.0901310538620121,-0.337292969865591,0.23101445013717,-0.195951403442625,13.1638861331769,14.4653560690443,0.188703659614519,0.24210079499192,15.5212275205671,-336998.053782577,375644.308733993,-1044317.69049158,0.182287670551933,0.280729356320497,-14.5944282963314,-336997.716489607,375644.077719543,-1044317.49454018,0.292910252990016,0.292861151091734,0.147932114005654,3398.6858970274,3398.68531181648,107238.468076448,0.0117608968456367,0.0869101585823837,10.4934564917014,-2.62478890457285,2.6526425548242,-7.26780303536216,0.821913652622716,0.705023819174263,43.6726796618043,29.2808111005226,31895.2679928261,525571551754.065,2.46571784729136e-16,3838.79915415159,4.71121475951642e-16,28.167,0,6,0,0,1,0,0
0.695,0.00485647928663354,-0.0374285218440494,30.1148190412552,0.648511576083212,0.0642868624165644,-0.291295288078686,0.253026877773405,-0.135924904400644,15.087664951635,10.6232017398018,-0.00911176619280626,-0.272476568131596,15.3447896227557,-335689.843840743,374499.677245827,-1049764.18824342,-0.0139682454794398,-0.235048046287547,-14.7700294184996,-335689.552545455,374499.42421895,-1049764.05231852,0.292910274513484,0.292861172604382,0.147932114009473,3405.58310077286,3405.58251589803,107457.792703197,-0.0513777355108115,-0.0988175915569825,10.3729704877786,-2.69959438645809,2.94329763235365,-7.25281131501672,0.821916596063209,0.70502634160609,43.6728364760162,34.7698972795893,31900.8379416787,527723552692.332,2.4959860574777e-16,3838.799252992,4.71131601633943e-16,26.857,0,6,0,0,1,0,0
0.7,0.00352534062775733,-0.0361229580600305,30.1143321543179,0.624862186642994,0.0427642392424856,-0.245105264949519,0.273642242035351,-0.0571843055085936,17.2402842534231,7.19161246271003,0.0824422827407217,0.0501873561612604,15.5400301493196,-334254.99246968,373642.114874319,-1055046.1734601,0.0789169421129644,0.0863103142212908,-14.5743020049984,-334254.747364415,373641.841232077,-1055046.1162758,0.292910295853684,0.292861193933855,0.14793211401326,3412.40781404725,3412.40722950135,107674.810009407,-0.0177423014868908,0.0138100538183117,10.505841612546,-2.76518337698101,2.77177307736298,-7.46190182444587,0.821919514476854,0.705028842587004,43.6729919575435,32.6446932084359,31407.0913581349,529857241819.999,2.52624015411629e-16,3838.79935114462,4.71141641404715e-16,30.987,0,6,0,0,1,0,0
0.705,0.00242021142792342,-0.0347248223101226,30.114267573152,0.599272681683416,0.0255032797052011,-0.200085810517544,0.290434149406392,0.0315639546053147,18.9541360642802,4.11176866850076,-0.00320749143657706,0.18019416412134,15.3374826687923,-332871.900883297,372690.07729291,-1060450.60408776,-0.00562770286450048,0.214918986431462,-14.7767849043598,-332871.700797486,372689.786858761,-1060450.63565171,0.29291031701188,0.292861215081415,0.147932114017014,3419.16087316081,3419.16028893688,107889.546677072,-0.0451376059379737,0.054231375414636,10.3687360859221,-2.73137814503599,2.88636252943549,-7.41196693577065,0.821922408035259,0.705031322264165,43.6731461155121,32.7422420748215,31450.2379506571,531972745309.76,2.55647666242589e-16,3838.79944861134,4.71151595849642e-16,30.242,0,6,0,0,1,0,0
0.71,0.00153741922571167,-0.0332621367279415,30.1146501139783,0.572348889364903,0.0123226181144824,-0.155406772600233,0.299725091030533,0.120148088929198,19.9001703440005,1.54028384629812,-0.433316882271152,0.353831094269579,15.5429576706079,-331605.854223505,371731.702887743,-1065678.97851364,-0.434854301496863,0.38709323099752,-14.5716924433703,-331605.698816733,371731.403162652,-1065679.09866173,0.29291033798933,0.292861236048319,0.147932114020736,3425.84310230867,3425.8425183999,108102.028999805,-0.1931141598155,0.11106960129649,10.5052281391241,-2.75361872373664,2.93466837392098,-7.63467543977607,0.821925276909621,0.705033780784378,43.6732989590262,31.2753882589304,30953.0107025699,534070188363.714,2.58669216403941e-16,3838.79954539385,4.71161465553082e-16,32.647,0,6,0,0,1,0,0
0.715,0.000876616877871547,-0.0317794269071397,30.1154525588215,0.545051103942997,0.00306477676999686,-0.11056160342376,0.298525580841793,0.198103265764132,19.7759571279583,-0.63837362840419,-0.0187991727598619,0.0633023842411193,15.4828931468963,-330021.285760304,370579.938883848,-1070981.68411378,-0.0196757896377334,0.0950818111482589,-14.6325594119252,-330021.1751987,370579.640358267,-1070981.88221704,0.292910358787288,0.292861256835822,0.147932114024426,3432.45531382646,3432.45473022621,108312.282891079,-0.0462069942505254,0.00758576161728639,10.4678627987169,-2.89370638430101,2.99724969243004,-7.57975054215999,0.821928121270715,0.705036218294084,43.6734504971678,36.5305505848215,30800.5925615498,536149696405.614,2.61688329706167e-16,3838.79964149409,4.71171251098015e-16,29.095,0,6,0,0,1,0,0
0.72,0.000438651872753078,-0.0303335523707338,30.1165977716411,0.518492502673943,-0.00239685583637206,-0.0655654931601247,0.284850695248268,0.256091950281795,18.5770307344824,-2.67333060374546,-0.170730772699027,0.59524944791456,15.3609640125943,-328649.454394186,369714.479165515,-1076281.39722057,-0.17116942457178,0.625583000285294,-14.7556337590468,-328649.388828693,369714.194314819,-1076281.65331252,0.292910379407006,0.292861277445175,0.147932114028085,3438.99830843834,3438.99772514013,108520.333892229,-0.10075300455056,0.191232865100814,10.3847551793189,-2.73944650913221,2.89971792369443,-7.70224629563081,0.821930941288873,0.705038634939346,43.6736007389958,30.8602788050898,30746.5816770121,538211394178.293,2.64704675609712e-16,3838.79973691399,4.71180953065989e-16,31.156,0,6,0,0,1,0,0
0.725,0.000223070527000367,-0.0289856227053629,30.1179668243328,0.493917519634543,-0.00405722346800402,-0.0209040226325792,0.258963448864281,0.286882867069836,16.0275502294052,-4.78494349710348,-0.217914895229506,0.0112255458718114,15.26622959637,-327245.272326335,368417.774637547,-1081543.06064774,-0.218137965756507,0.0402111685771744,-14.8517372279628,-327245.251422313,368417.515674098,-1081543.34753061,0.292910399849734,0.292861297877626,0.147932114031712,3445.47287549746,3445.47229249496,108726.207180208,-0.115881898246418,-0.0155254655288311,10.3206115669704,-2.77620126479437,3.0822702905188,-7.87292906128199,0.821933737133979,0.705041030865837,43.6737496935451,35.6671101599755,30649.6515637957,540255406139.461,2.67717929224825e-16,3838.79983165561,4.71190572037074e-16,26.625,0,6,0,0,1,0,0
0.73,0.000225794854652244,-0.0277947273616086,30.1194124428912,0.472552927935634,-0.00195941706449014,0.0224584819321337,0.221413583351194,0.286462734200887,12.3941635322929,-7.02144084715819,-0.269776111481244,0.234937984091051,15.2419397676707,-325853.548418762,367409.186330318,-1086748.39226207,-0.270001906335896,0.26273271145266,-14.8774726752206,-325853.570877244,367408.964916735,-1086748.67872481,0.292910420116715,0.292861318134419,0.147932114035308,3451.87979321926,3451.8792105063,108929.927575105,-0.134192074789627,0.0644205219426458,10.3038492703541,-2.77528776473697,2.88089865293152,-8.02682195813114,0.821936508975444,0.705043406218829,43.6738973698263,32.1187707258471,30465.8340492812,542281856672.572,2.70727771308578e-16,3838.799925721,4.71200108589808e-16,27.269,0,6,0,0,1,0,0
0.735,0.000435504638707618,-0.0268120043247424,30.1207758193534,0.455512459245207,0.00378625685897229,0.0625698535853865,0.174865898129735,0.254269235018753,7.82168046079089,-9.25472758306704,-0.0867955583789704,0.338173703464995,15.3558557847644,-324388.14509146,366345.329844247,-1091870.00783432,-0.087231063017678,0.364985707789738,-14.764920034589,-324388.207661313,366345.154978349,-1091870.26210355,0.292910440209192,0.292861338216795,0.147932114038873,3458.21982890788,3458.21924647841,109131.519547449,-0.0726552769197253,0.0974631632587305,10.381865294333,-2.7750816072618,2.95457806121497,-8.13514482491459,0.821939256982203,0.705045761143177,43.6740437768243,33.3100892626067,30094.7803611228,544290869250.141,2.73733888259157e-16,3838.80001911225,4.71209563301154e-16,32.517,0,6,0,0,1,0,0
0.74,0.000830167052640298,-0.0260744648855555,30.1219051720307,0.443412368462933,0.0128257656820066,0.0970602685730882,0.122370920518094,0.193649676753954,2.861775510627,-11.3614804179868,-0.507943322495265,0.17282852794193,15.3363045542719,-323163.004999227,365174.045394061,-1097007.08255646,-0.508773489547905,0.198902992827485,-14.7856006177589,-323163.102059495,365173.92302314,-1097007.27620614,0.292910460128401,0.292861358125991,0.147932114042408,3464.49373917588,3464.49315702401,109331.00722529,-0.220368350750308,0.0389458054353348,10.3654203309267,-2.69460988871901,2.98561656572541,-8.14947824513735,0.821941981322694,0.705048095783314,43.6741889234982,31.813822476397,29913.1299321457,546282567774.036,2.76735972107519e-16,3838.80011183151,4.71218936746448e-16,28.546,0,6,0,0,1,0,0
0.745,0.00137772873627266,-0.0255983699815434,30.1226737102966,0.436737920855295,0.0246080410750434,0.124241174459746,0.0692579782802541,0.111167532322307,-2.15810536725637,-12.7822571769175,0.345418007941384,0.400286949566767,15.3329823240027,-321477.832073478,364146.016634017,-1102101.94249505,0.344040279205111,0.42588531954831,-14.7896913862939,-321477.956314652,364145.947376039,-1102102.05366259,0.292910479875577,0.29286137786324,0.147932114045912,3470.70227015758,3470.70168827756,109528.41440107,0.0755729685283888,0.118193280378741,10.3683371932397,-2.8204314547918,2.92251540343929,-8.26101668753348,0.821944682164847,0.705050410283234,43.6743328187802,35.0442652004135,29702.0104566818,548257075128.796,2.7973372050651e-16,3838.80020388099,4.71228229499358e-16,35.275,0,6,0,0,1,0,0
0.75,0.00203759700302224,-0.025377503411027,30.122993667854,0.435221818218017,0.0382984723151054,0.14233703233297,0.0192925967637698,0.015740450165911,-6.46916983236017,-13.4178252855977,0.239787623324215,0.243058709267338,15.5403967791064,-320168.347251954,362972.23904846,-1107081.49665294,0.237750026321193,0.268436212678365,-14.5825968887477,-320168.489588987,362972.219755863,-1107081.51239339,0.292910499451949,0.292861397429771,0.147932114049385,3476.84615771626,3476.84557610247,109723.764538308,0.0303732515865865,0.0621136785063762,10.5071503331752,-2.50913797291972,2.99336290797808,-8.35344019254086,0.821947359676075,0.705052704786486,43.6744754715751,32.3799763674423,29215.2405982415,550214514015.471,2.82726836717537e-16,3838.800295263,4.71237442131836e-16,27.567,0,6,0,0,1,0,0
0.755,0.00276593282817285,-0.0253840078077483,30.1228255972464,0.438142619044739,0.0530240365996009,0.151811400190177,-0.0225413718853445,-0.0823876208230597,-9.74986535401526,-13.186280689956,0.079329765104939,-0.0817076647736167,15.3522801650413,-318895.101106764,361737.905385409,-1112172.13793622,0.0765638322767661,-0.0563236569658684,-14.770545432205,-318895.252918165,361737.927926781,-1112172.0555486,0.292910518858744,0.29286141682681,0.147932114052829,3482.92612764539,3482.92554629235,109917.080778076,-0.0243937353072766,-0.0487443794081018,10.3782796811126,-2.52808903555257,2.93068513428234,-8.30728912120883,0.821950014023256,0.705054979436161,43.6746168907597,32.5411452040095,29262.9909527793,552155006753.524,2.85715029594873e-16,3838.8003859797,4.71246575214077e-16,27.497,0,6,0,0,1,0,0
0.76,0.00352517917515626,-0.0255695626006868,30.1221822790914,0.444444014783037,0.0679569926526243,0.154724245892313,-0.0529665062454223,-0.172747798736496,-11.6134413117896,-12.0621166968272,0.077748014845648,-0.385176166053441,15.5648754300273,-317578.670804543,360515.746646359,-1117076.86327876,0.0742228356704918,-0.359606603452754,-14.557306849064,-317578.825528789,360515.799612865,-1117076.69053096,0.292910538097182,0.292861436055577,0.147932114056243,3488.94289586418,3488.94231476651,110108.3859453,-0.0266462055919847,-0.150898902979161,10.5214097486637,-2.5631609375999,2.80964092630287,-8.53122962961366,0.821952645372725,0.705057234374881,43.6747570851821,32.7180711615794,28778.2277185165,554078675234.248,2.88698013567698e-16,3838.80047603362,4.71255629314478e-16,27.927,0,6,0,0,1,0,0
0.765,0.00428937349214695,-0.025873296141736,30.1211271688256,0.452737865578177,0.0824547124642181,0.153694210123587,-0.0701854561617329,-0.245710689380038,-11.8641352372051,-10.4065352431414,-0.146335811172625,0.66985583496392,15.3182177500771,-316363.625413028,359805.817572968,-1122118.97210023,-0.150625184664772,0.695729131105656,-14.8029094187485,-316363.779107238,359805.887758424,-1122118.72638954,0.292910557168482,0.29286145511729,0.147932114059627,3494.89716860757,3494.89658776005,110297.702554881,-0.103924054011527,0.215551323194205,10.3527120555716,-2.54561923596975,2.69516060299701,-8.47700640553914,0.821955253890263,0.705059469744793,43.6748960636608,26.4074220652379,28916.8651243093,555985640948.732,2.91675508619952e-16,3838.80056542697,4.71264604999592e-16,30.468,0,6,0,0,1,0,0
0.77,0.0050469134667869,-0.0262289713316664,30.1197683413728,0.461582389710129,0.0962753906606039,0.151914169925488,-0.0738310461036982,-0.293208201010499,-10.5726562446693,-8.68369682666947,0.382126474112393,-0.023743174720774,15.5341541341798,-314887.735416035,358446.382532953,-1126955.06625063,0.377079560645607,0.0024857966108924,-14.585614207193,-314887.887330205,358446.456363999,-1126954.77304242,0.292910576073857,0.292861474013161,0.147932114062981,3500.78964261097,3500.78906200847,110485.052817645,0.0766305875232108,-0.030599674510551,10.501912357558,-2.60034386929199,3.04575192749387,-8.73635858870971,0.821957839741081,0.705061685687553,43.6750338349846,35.7261207214654,28424.0827194079,557876024774.112,2.94647240268087e-16,3838.80065416222,4.71273502834095e-16,28.228,0,6,0,0,1,0,0
0.775,0.00580197690068571,-0.0265730176396501,30.1182481459462,0.469621520600752,0.109551824515968,0.15258214587576,-0.0653591951213172,-0.309713313246896,-8.07680794361368,-7.45582285991989,0.0568450644787876,0.166240104108047,15.3147826094105,-313754.950184836,357426.207120779,-1131923.9428383,0.0510430875781019,0.192813121747697,-14.8034655365357,-313755.102766982,357426.272479974,-1131923.63312498,0.292910594814516,0.292861492744399,0.147932114066307,3506.62100528986,3506.62042492738,110670.45864612,-0.0398666403593161,0.0404283838687977,10.3512825772456,-2.39934900562912,2.79637493516246,-8.67028249544135,0.821960403089814,0.705063882344322,43.6751704079117,28.4857575225114,28528.5278327836,559749947676.427,2.97612939536798e-16,3838.80074224192,4.7128232338074e-16,27.168,0,6,0,0,1,0,0
0.78,0.00657273060195931,-0.0268525701408961,30.1167292885169,0.475740883041015,0.122726169795556,0.158162782084071,-0.047648664296456,-0.292679373774697,-4.73228612337571,-7.0167743617104,-0.114223156021798,0.302407754345068,15.4183122197859,-312587.425119983,356392.514133909,-1136743.30667214,-0.120795886623757,0.329260324485965,-14.698417068731,-312587.583282765,356392.561782574,-1136743.01399276,0.292910613391663,0.292861511312207,0.147932114069603,3512.39193491443,3512.39135478709,110853.941660165,-0.099410892544595,0.0866758034367251,10.4202032744915,-2.48768051011129,2.85001243612897,-8.90519761938413,0.821962944100508,0.705066059855756,43.6753057911692,28.900512262365,28203.6766527297,561607529805.349,3.00572342932823e-16,3838.80082966854,4.71291067200326e-16,28.542,0,6,0,0,1,0,0
0.785,0.00738498649938181,-0.0270294786515439,30.115378953708,0.479219340269967,0.136455316935366,0.16928882409828,-0.023778843079304,-0.242877044488663,-1.10606368591616,-7.58949507468979,0.485726365191869,0.173960000383869,15.5285245335989,-311156.320877243,355266.721421741,-1141534.56952394,0.478341378692487,0.200989479035413,-14.5868544201091,-311156.490166067,355266.745200584,-1141534.32664689,0.292910631806499,0.292861529717786,0.147932114072871,3518.10310077953,3518.10252088255,111035.523192438,0.105666983527602,0.0420284361386992,10.4989517005254,-2.52484835265002,2.88522530698462,-8.91452468302582,0.821965462936609,0.705068218361994,43.6754399934524,32.4409654787144,27870.5948314231,563448890704.851,3.03525192416884e-16,3838.80091644466,4.71299734851657e-16,28.45,0,6,0,0,1,0,0
0.79,0.0082648863239528,-0.0270815786331705,30.1143514785373,0.47971026433647,0.15144718265371,0.185464367800446,0.00285635560450851,-0.164632216782353,2.33109738587851,-9.04934035788948,0.0394014299483526,-0.12459231701099,15.3271360140621,-310143.944172509,354083.842001612,-1146418.81729491,0.0311365436243998,-0.0975107383778196,-14.7872154644752,-310144.129636877,354083.839145256,-1146418.6526627,0.292910650060219,0.29286154796233,0.14793211407611,3523.75516336997,3523.75458369868,111215.224293713,-0.0534658894468828,-0.0595426407687315,10.3601946712087,-2.2978786391394,2.83033767056784,-8.91126667652577,0.821967959760954,0.705070358002654,43.6755730234245,28.8838276157811,27961.8056410203,565274149912.327,3.06471235373841e-16,3838.80100257275,4.71308326891509e-16,28.136,0,6,0,0,1,0,0
0.795,0.00923304158083852,-0.0270020146033989,30.1137704327172,0.477296159814732,0.16828776319853,0.204947503681276,0.0294555041614959,-0.0658218656904593,5.21395954204798,-11.2050050348152,-0.0730110344268177,-0.00450767338082067,15.324041725613,-309030.466646668,353063.023277275,-1151205.94787249,-0.0822440760076563,0.0224943412225782,-14.7897287071043,-309030.671594172,353062.993821771,-1151205.88205062,0.292910668154015,0.29286156604703,0.14793211407932,3529.34877452138,3529.34819507124,111393.065738062,-0.09138087248932,-0.0156766773947245,10.3579170120515,-2.42773893396109,2.71805661760699,-9.12628048193437,0.821970434735763,0.70507247891682,43.6757048897161,28.0589397658405,27791.7802423424,567083426159.613,3.09410224581153e-16,3838.80108805551,4.71316843874592e-16,28.534,0,6,0,0,1,0,0
0.8,0.0103017265177222,-0.0267964413929473,30.1137122855629,0.472278301357493,0.187324497414998,0.226099458719576,0.0537645338790734,0.0427501375977209,7.36372552770317,-13.6101977629828,0.0196016960428078,0.0970433728951711,15.684277071945,-307864.272213786,352036.660943944,-1155835.98644766,0.00929996952508552,0.123839814288118,-14.429435213618,-307864.498313245,352036.607179411,-1155836.0291978,0.292910686089072,0.292861583973071,0.147932114082503,3534.88457757692,3534.88399834345,111569.068027891,-0.0632423244607224,0.0185982506678557,10.6026812322949,-2.44509976212967,2.75068424985018,-9.20132503290403,0.821972888022626,0.705074581243039,43.6758356009242,28.5457291909999,27139.267351572,568876837870.918,3.12341918175704e-16,3838.80117289562,4.7132528635352e-16,30.533,0,6,0,0,1,0,0
0.805,0.0114751218710277,-0.0264794875557962,30.1141945277395,0.465118407840325,0.208636187757185,0.247266026008632,0.0744157432957871,0.148499114953412,8.68146189766532,-15.7859503103273,-0.139597825088301,0.564002633013949,15.5306793121579,-306817.055423004,351146.003932015,-1160639.27658886,-0.151072946959328,0.590482120569746,-14.5835152155816,-306817.30268903,351145.929516272,-1160639.42508797,0.292910703866572,0.292861601741634,0.147932114085658,3540.36320753965,3540.36262851851,111743.251398847,-0.120009578608139,0.178789331790022,10.4984399978663,-2.39484660732598,2.77834039664375,-9.02499083284285,0.821975319782496,0.705076665119307,43.6759651656125,26.0062014543017,27180.937695043,570654502922.281,3.15266079619069e-16,3838.8012570957,4.71333654878779e-16,27.401,0,6,0,0,1,0,0
0.81,0.0127496375852399,-0.0260721875422394,30.1151702112916,0.45637073001981,0.232079885329755,0.266949714678636,0.0902000239457155,0.238454338655029,9.30113486708016,-17.5857733966948,-0.222975555252139,-0.104647017331585,15.3278942557286,-305766.351137102,349824.207195912,-1165439.62816554,-0.235725192837379,-0.0785748297893458,-14.7872759555629,-305766.618086817,349824.116995888,-1165439.86661988,0.292910721487692,0.292861619353896,0.147932114088784,3545.78529122117,3545.78471240809,111915.635824597,-0.148648945782063,-0.0555890250366864,10.3614386338738,-2.42708915189745,2.93272898289933,-9.20290994815614,0.821977730175679,0.705078730683067,43.6760935923101,30.4163551899587,27286.3585610715,572416538837.092,3.18182477661306e-16,3838.80134065849,4.71341949998693e-16,28.956,0,6,0,0,1,0,0
0.815,0.0141181410128348,-0.0255997270086502,30.1165308864858,0.446626915785254,0.257354914328003,0.285205912107771,0.100662680686052,0.301195097628607,9.26662025746876,-18.7446757947382,0.838300473884568,0.358989830359721,15.4787058084795,-304312.455642321,348923.961076544,-1170084.50615758,0.824182332871733,0.384589557368371,-14.6378250780063,-304312.740848234,348923.860413863,-1170084.80735267,0.292910738953603,0.292861636811028,0.147932114091884,3551.15144738616,3551.15086877699,112086.241021475,0.214477183427141,0.108432676668753,10.4709795184536,-2.43260933672704,2.69859073222537,-9.41539084838029,0.821980119361826,0.705080778071199,43.6762208895117,29.9247597880734,26925.2055323525,574163062555.266,3.21090886303317e-16,3838.80142358678,4.71350172259392e-16,30.036,0,6,0,0,1,0,0
0.82,0.0155732098178757,-0.0250905144573351,30.1181194952158,0.436479644956797,0.28415092186803,0.301856948636884,0.104968784907586,0.328860361508039,8.73015397924263,-19.3850751621415,0.607731518927891,0.230784154996461,15.3334368789518,-303376.758188371,347793.08211431,-1174816.82704373,0.592158309110016,0.255874669453796,-14.7846826162641,-303377.06004532,347792.977145525,-1174817.1559041,0.292910756265473,0.292861654114195,0.147932114094956,3556.46228689344,3556.4617084841,112255.086453019,0.125708933864466,0.0601947119216864,10.3714978058069,-2.04671950907432,2.85339489302187,-9.3800934735495,0.821982487499927,0.705082807420013,43.6763470656767,27.1378643794215,26960.1918783192,575894190507.855,3.23991084757872e-16,3838.80150588338,4.71358322204787e-16,30.056,0,6,0,0,1,0,0
0.825,0.0171078859976773,-0.0245765949371072,30.1197508690213,0.426523890459598,0.312229254797431,0.317280864063649,0.102499286294152,0.318161831664896,7.77930050995094,-19.7263196721289,0.218357548258381,0.0712404400986435,15.4966018310557,-302532.627376459,346644.009806065,-1179405.86802931,0.201249662260704,0.0958170350357507,-14.6231490379656,-302532.944657323,346643.907306778,-1179406.18619115,0.292910773424464,0.29286167126456,0.147932114098,3561.71841283325,3561.71783461976,112422.191334386,-0.0110281901520251,0.00531491857612022,10.479311734285,-2.10039281463982,2.80518711774743,-9.55958047508567,0.821984834748297,0.705084818865242,43.6764721292292,26.4681731714235,26585.1755366287,577610038640.427,3.2688285740935e-16,3838.80158755098,4.71366400376541e-16,29.12,0,6,0,0,1,0,0
0.83,0.0187167078127549,-0.0240918642898349,30.1212369417793,0.417362860198058,0.341434132057188,0.331720229518731,0.093132705443593,0.271237566801413,6.43675982754633,-20.0259181534521,-0.237932393503551,-0.17037868549845,15.6076052990576,-301747.544170513,345459.130970453,-1183985.24428936,-0.256649101316306,-0.146286821208615,-14.5136316427216,-301747.875890742,345459.037837747,-1183985.51552693,0.292910790431732,0.292861688263278,0.147932114101018,3566.92042066116,3566.91984263964,112587.574636657,-0.169618595807164,-0.0775293918498417,10.5511767085003,-2.20947649424159,2.74551804052659,-9.53194169229126,0.821987161264575,0.705086812542037,43.676596088557,26.2850009472047,26289.542730159,579310722528.533,3.29765993772258e-16,3838.80166859256,4.71374407314036e-16,28.286,0,6,0,0,1,0,0
0.835,0.0203948487449208,-0.0236695218998422,30.122412383202,0.409595617249016,0.371704372605363,0.345201238810231,0.0772702297489828,0.194965877391282,4.66454860825424,-20.3466231231074,-0.138745619365496,0.0488510991681094,15.1609789132084,-300788.740312425,344445.055428037,-1188742.22568249,-0.159140468110416,0.0725206210679516,-14.9614334699937,-300789.085513664,344444.978157807,-1188742.42064837,0.292910807288429,0.292861705111501,0.14793211410401,3572.06889832862,3572.06832049526,112751.255091031,-0.132683668636684,-0.000627597772688993,10.2495657549995,-2.34057968623155,2.65660806022001,-9.54352633166442,0.821989467205711,0.705088788584958,43.6767189520118,25.9913647404623,26741.3894139655,580996357123.031,3.32640288448597e-16,3838.80174901079,4.71382343554353e-16,29.97,0,6,0,0,1,0,0
0.84,0.0221351296329444,-0.0233396094799621,30.1231555164572,0.40377279534212,0.402945580581695,0.356757022801072,0.0557824816528861,0.0997814476750735,2.52507243311638,-20.7878217228658,0.0739312745331941,0.110505050274205,15.5492208401936,-299825.31914556,343369.837648916,-1193149.02963675,0.0517961449002497,0.133844659754167,-14.5739346762636,-299825.675902583,343369.781866434,-1193149.1294182,0.292910823995702,0.292861721810375,0.147932114106974,3577.16442641023,3577.1638487613,112913.251192915,-0.0660881616892225,0.0188835991815948,10.5128592181462,-2.27726102897794,2.72460279266578,-9.93590363155914,0.821991752727964,0.705090747127971,43.6768407279084,26.6211422841568,26070.0261890967,582667056852.692,3.35505541084141e-16,3838.80182880882,4.71390209632242e-16,28.608,0,6,0,0,1,0,0
0.845,0.0239252697429216,-0.0231250983150278,30.123401452414,0.400359977176645,0.434965676967661,0.365295199940827,0.0306494384468591,-0.00222801984731852,0.107059401517257,-21.0884217555652,0.363658203871632,-0.289351663741179,15.610143382452,-298870.977715022,342121.891909992,-1197644.9512418,0.339732934128711,-0.266226565426151,-14.5132580699621,-298871.343010221,342121.861260554,-1197644.94901378,0.292910840554691,0.29286173836104,0.147932114109913,3582.20757822789,3582.20700075976,113073.581205918,0.0284537858399777,-0.119467325205541,10.5552935903681,-2.18102479715525,2.73736661147515,-9.7558468228803,0.82199401798689,0.705092688304438,43.6769614245246,28.2795263064453,25846.0026936366,584322935556.791,3.38361556323678e-16,3838.80190798933,4.71398006080098e-16,32.59,0,6,0,0,1,0,0
0.85,0.0257459304794034,-0.0230386504088377,30.1231455156864,0.399554637810289,0.467480682397687,0.369061320657944,0.00405469139608576,-0.0992674818675048,-2.33332483414262,-21.3303784306654,-0.24649170866206,0.183724523692875,15.4073115227947,-298293.900246767,341207.074767848,-1202205.11073841,-0.272237639141464,0.206763174101713,-14.7158339928917,-298294.269308087,341207.070713156,-1202205.01147093,0.292910856966534,0.292861754764633,0.147932114112825,3587.19891997195,3587.19834268106,113232.26316574,-0.186124206644615,0.0466964157971496,10.4134254646179,-2.05654908305637,2.59108213560114,-9.7992047661996,0.821996263137338,0.705094612247115,43.6770810501006,21.8236336838717,25979.9017538284,585964106712.179,3.41208143765278e-16,3838.80198655544,4.71405733427938e-16,27.885,0,6,0,0,1,0,0
0.855,0.0275732898285921,-0.023080889821212,30.1224376270774,0.401334476679802,0.500096829046801,0.367996680860074,-0.0213226348997666,-0.181477279939848,-4.58115015426653,-21.2158625369451,-0.540032028552337,-0.101372626143742,15.6607733446625,-297630.327813499,340009.486257563,-1206558.39472412,-0.567605318380929,-0.0782917363225296,-14.4616642824149,-297630.69581018,340009.507580198,-1206558.21324684,0.292910873232361,0.292861771022283,0.147932114115711,3592.13901081936,3592.13843370224,113389.314883965,-0.287957039984453,-0.0546487299513997,10.5822612242478,-2.24025869336804,2.74329617964458,-10.027632919993,0.821998488333442,0.705096519088145,43.6771996128387,25.2840814124583,25508.5410279614,587590683374.434,3.44045117913645e-16,3838.80206451001,4.71413392203378e-16,29.264,0,6,0,0,1,0,0
0.86,0.0293837603474823,-0.0232412843485701,30.121370026272,0.405432968131173,0.532383148363662,0.362241763601485,-0.043654474828881,-0.241933810428861,-6.40483104840937,-20.711245768386,-0.291741611996582,0.103058323652398,15.4219204507987,-296794.83770253,339003.260853706,-1211066.06364144,-0.321125372344064,0.126299608000968,-14.6994495754733,-296795.199944294,339003.304508181,-1211065.82170763,0.292910889353298,0.292861787135116,0.147932114118572,3597.02840304905,3597.02782610228,113544.753951775,-0.201822498125487,0.0183086675022385,10.4220402766866,-2.31944707056977,2.63499563173296,-9.93816329852384,0.822000693728618,0.705098408959052,43.6773171209032,24.7683489553696,25687.8661457682,589202777728.808,3.46872298132608e-16,3838.80214185617,4.71420982931609e-16,29.11,0,6,0,0,1,0,0
0.865,0.0311569474176113,-0.0235034290129958,30.1200625741386,0.411465962271286,0.563881756539856,0.35293067156096,-0.0623887511668991,-0.276606735641627,-7.58546949084031,-19.6034491636526,0.229535611065582,0.231059344815766,15.2095300699495,-295889.03754016,337974.440373649,-1215533.18352178,0.198378663647971,0.254562773828762,-14.9105325041891,-295889.390470832,337974.5027624,-1215532.90691504,0.292910905330464,0.29286180310425,0.147932114121407,3601.86764215447,3601.86706537473,113698.597743557,-0.0254007175358304,0.0615664778105859,10.2816846716963,-2.21066313483817,2.69402550372751,-10.1792909259163,0.822002879475554,0.705100281990737,43.6774335824197,25.5853982267236,25839.5002436769,590800501622.882,3.49689508596802e-16,3838.80221859677,4.71428506135376e-16,34.874,0,6,0,0,1,0,0
0.87,0.0328767772884312,-0.0238508304459906,30.1186486659365,0.418968347232605,0.594155671848751,0.34066767122676,-0.0780314543598972,-0.284157388203549,-8.09252261203473,-18.104427331061,0.257481130091177,-0.127173135556916,15.0664448191483,-295203.506604875,336770.491257393,-1219946.26235893,0.224604352802746,-0.103322305110925,-15.0522038467881,-295203.847272547,336770.569288847,-1219945.97820154,0.292910921164974,0.2928618189308,0.147932114124217,3606.65726695361,3606.65669033764,113850.86342044,-0.0215158302534229,-0.06217362971128,10.1850785400426,-2.00857011891068,2.72590341344751,-10.3968445543601,0.822005045726207,0.705102138313472,43.6775490054752,25.4731393706587,25905.7448303462,592383966358.018,3.52496578242597e-16,3838.80229473483,4.71435962334961e-16,29.282,0,6,0,0,1,0,0
0.875,0.0345308168186853,-0.0242721876817765,30.1172634088557,0.427585715857328,0.622970446284208,0.32633486720309,-0.0921732859508826,-0.265245385592454,-8.14353666648956,-16.5325683983343,0.283901434818768,0.0429224505447672,15.339996753178,-294550.933004611,335779.196010726,-1224176.74062785,0.249370618000083,0.0671946382265437,-14.7772666556777,-294551.259339478,335779.288184012,-1224176.47538246,0.292910936857938,0.292861834615876,0.147932114127002,3611.39780969626,3611.39723324087,114001.567933738,-0.0174248069835142,2.92706409817181e-05,10.3703324557079,-1.97629403003988,2.58965255327266,-10.5668167208158,0.822007192631796,0.705103978056897,43.6776633981175,23.1176797477044,25407.2482456923,593953282659.122,3.55293340718318e-16,3838.80237027347,4.71443352048157e-16,35.592,0,6,0,0,1,0,0
0.88,0.0361111367457765,-0.0247650215281307,30.1160348137577,0.437185191671326,0.650238532393406,0.310882938984072,-0.106796000374883,-0.222025768642286,-8.09121742190485,-15.0924838610306,0.121656662779634,0.229969278997163,15.495278759244,-294000.97593372,334808.939651521,-1228430.33578019,0.0855455260338571,0.254734300525294,-14.6207560545137,-294001.286816659,334809.046447521,-1228430.11375443,0.29291095241046,0.292861850160579,0.147932114129762,3616.08979616896,3616.08921987103,114150.72802832,-0.0775132244326556,0.0646801694798685,10.4745470822553,-1.94810369478085,2.63298256944237,-10.4481257562594,0.822009320342798,0.705105801350013,43.677776768355,22.1427923772218,25077.9035532815,595508560743.073,3.58079634333818e-16,3838.80244521579,4.71450675790253e-16,27.523,0,6,0,0,1,0,0
0.885,0.0376127789488759,-0.0253354892773917,30.115077101201,0.447877860287299,0.675946369418891,0.294565542141777,-0.123420280159718,-0.157812975179836,-8.26340906540723,-13.8020172331162,0.211115299386142,-0.401578029246237,15.4348495574866,-293384.656325868,333546.913765964,-1232745.31305923,0.173502520437266,-0.376242539968845,-14.6802275437144,-293384.95089141,333547.037186244,-1232745.15524625,0.292910967823636,0.292861865566007,0.147932114132497,3620.73374579737,3620.73316965386,114298.360245895,-0.0478992739571248,-0.152844603203801,10.4347743668381,-1.98495368406853,2.68058287450383,-10.4093555802181,0.82201142900894,0.705107608321181,43.6778891241564,25.5782310761995,25041.2727414962,597049910284.82,3.6085530200944e-16,3838.80251956474,4.71457934074017e-16,29.417,0,6,0,0,1,0,0
0.89,0.0390287068250836,-0.0259928196342019,30.1144844335081,0.459921197740074,0.700055789920755,0.276293695313814,-0.141784845504602,-0.0772477369642944,-8.92300542536458,-12.669633414508,0.0245734884111717,0.416243917849594,15.4503634045375,-292900.346489289,332856.804979751,-1237012.05090347,-0.0144552184139119,0.442236737483796,-14.6641210289706,-292900.622782985,332856.946764597,-1237011.97365574,0.292910983098561,0.292861880833253,0.147932114135208,3625.33017174643,3625.32959575435,114444.480928228,-0.115534374580746,0.135610846117054,10.4445909321907,-1.93537199065672,2.44620617577926,-10.5148356746613,0.822013518779199,0.705109399098114,43.6780004734506,19.1991891487074,24907.9377537636,598577440462.1,3.63620191224422e-16,3838.80259332364,4.71465127409675e-16,29.058,0,6,0,0,1,0,0
0.895,0.0403461004040169,-0.0267389904021038,30.114323643402,0.47352575745587,0.722435167728223,0.25482430804565,-0.159244601227695,0.0134718622071465,-10.0968063603165,-11.5649298607543,0.40840956920165,0.83349658164293,15.299866485977,-292223.282514461,332034.61212442,-1241323.51417437,0.368063468797633,0.860235572045034,-14.8144571574251,-292223.537338769,332034.771369021,-1241323.52764623,0.292910998236321,0.292861895963403,0.147932114137894,3629.87958101816,3629.87900517458,114589.106220278,0.0168667994999964,0.275792180809644,10.3460862477677,-1.98282234860293,2.70847925321466,-10.5685462616887,0.822015589801795,0.705111173807876,43.6781108241262,21.8878438749294,25005.6911188067,600091259616.333,3.66374153964783e-16,3838.80266649542,4.71472256304897e-16,28.538,0,6,0,0,1,0,0
0.9,0.0415466064171108,-0.0275573504005065,30.1146258097344,0.488588771574057,0.742835835609738,0.229161617707451,-0.170937828715845,0.106364097531683,-11.5065316677543,-10.3052255396919,-0.224305834172279,0.415315658684022,15.4131422745073,-291952.241510142,330915.253849591,-1245517.05414578,-0.26585244058939,0.442873009084528,-14.7014835352271,-291952.47067176,330915.42478742,-1245517.16050988,0.292911013237997,0.292861910957538,0.147932114140556,3634.38247454729,3634.38189884936,114732.252073268,-0.206622854045031,0.130465381973196,10.4191141923288,-1.83592953221185,2.83432772793695,-10.7312789784977,0.822017642224183,0.705112932576879,43.6782201840315,21.7056425439763,24743.2371885214,601591475776.217,3.69117046670751e-16,3838.80273908334,4.7147932126478e-16,29.561,0,6,0,0,1,0,0
0.905,0.0426097015435024,-0.0284039101120664,30.115378109027,0.504467174577279,0.760848295962368,0.199407221747086,-0.170684586654359,0.191998835715334,-12.4093752346319,-8.55777394139458,0.286353370898306,0.0352760094355451,15.1451005053494,-291260.640468979,329827.843734565,-1249838.24171805,0.243743669354803,0.0636799195476115,-14.9702776036776,-291260.8398762,329828.014419152,-1249838.43371689,0.292911028104665,0.292861925816733,0.147932114143194,3638.83934729476,3638.83877173968,114873.934247684,-0.0257410356492002,0.00373592374867811,10.2420683859162,-2.04174889771774,2.67615799724627,-10.719555287041,0.822019676193056,0.705114675530875,43.6783285609742,24.4994374183177,24997.2369133327,603078196448.806,3.71848730183754e-16,3838.80281109038,4.71486322791833e-16,28.106,0,6,0,0,1,0,0
0.91,0.043516208340507,-0.0292026064225806,30.116517784502,0.519829164610082,0.776046830554882,0.165986578824635,-0.151695362177949,0.260002958950154,-11.9646625106758,-6.2756004057194,-0.0771892312353218,0.241775286438465,15.2798626599324,-290914.189685768,328973.684536513,-1253987.99854483,-0.120705439575829,0.270977892861045,-14.8366551245696,-290914.355672347,328973.836231876,-1253988.25854779,0.292911042837396,0.292861940542057,0.147932114145809,3643.25068833915,3643.25011292419,115014.168316206,-0.156712095089617,0.0784415530019079,10.3313530255579,-1.8546906464829,2.53447107026089,-10.9621474232601,0.822021691854336,0.705116402794957,43.678435962721,19.6634014335455,24715.3999965193,604551528337.26,3.74569069693031e-16,3838.80288251988,4.71493261385965e-16,33.061,0,6,0,0,1,0,0
0.915,0.0442527069163045,-0.0298484313245128,30.1179312533587,0.532608597428438,0.788060373208752,0.130793142242168,-0.109043500623589,0.300591378791044,-9.29661430072815,-3.55677895703461,0.0654963840409743,-0.179693431013868,15.2711622523682,-290383.817143226,327881.66569147,-1258173.66909219,0.0212436771246698,-0.149844999689355,-14.8467690009905,-290383.947936368,327881.77473497,-1258173.96968357,0.292911057437253,0.292861955134575,0.1479321141484,3647.61698096612,3647.6164056886,115152.969666582,-0.105781285289467,-0.0683932175344971,10.3269737539682,-1.9713316530429,2.59821385169,-10.9357534874849,0.82202368935317,0.705118114493553,43.6785423969976,23.1699978906265,24626.2071227483,606011577891.538,3.77277934681899e-16,3838.80295337489,4.71500137544465e-16,29.591,0,6,0,0,1,0,0
0.92,0.0448169727300894,-0.0302193117363749,30.1194611011524,0.540177225655931,0.796711472951772,0.0964590566602901,-0.040739130897239,0.306161088864257,-4.06627656025829,-0.81342937123891,0.330597206618565,0.655927969920272,15.4681113171081,-289815.49152881,327261.004864191,-1262260.17360761,0.285780233888476,0.686147281656647,-14.6513497840443,-289815.587987867,327261.045603322,-1262260.4797687,0.292911071905294,0.292861969595343,0.147932114150967,3651.93870275584,3651.93812761313,115290.353504429,-0.0174120788501103,0.222021151815436,10.4622065783068,-1.91418257525695,2.45082187710945,-11.0067922871919,0.822025668833931,0.705119810750426,43.6786478714887,19.1428744799133,24267.0531112976,607458450605.175,3.7997519887371e-16,3838.80302365868,4.71506951761996e-16,28.183,0,6,0,0,1,0,0
0.925,0.0452206432257428,-0.030195151185955,30.1209214695704,0.539941005621456,0.80220134603848,0.0659589813336576,0.0504480481554181,0.273036930243987,3.75368539080198,1.6318745994191,0.47636233145029,0.401485826577922,15.3891894912705,-289300.380374161,326207.965263566,-1266428.25383965,0.431141688224547,0.431680977763877,-14.7317319782999,-289300.446333143,326207.914815517,-1266428.52687658,0.292911086242574,0.292861983925415,0.147932114153511,3656.21632566862,3656.21575065816,115426.334855979,0.030856838657282,0.126792377803482,10.4099001238538,-1.81697886841018,2.73860844910589,-10.9392900584742,0.822027630440208,0.705121491688667,43.6787523938373,22.4499390180195,24272.1528823258,608892251813.109,3.8266074017755e-16,3838.8030933744,4.7151370453058e-16,30.278,0,6,0,0,1,0,0
0.93,0.0454871009472949,-0.0296799989112059,30.1221205786045,0.529926168552589,0.805070197793501,0.0410764440852476,0.157538417936387,0.202546474257636,13.5705321710441,3.38386228425875,-0.148484820682386,0.352755361410479,15.2277265835263,-289085.210311171,325212.113991125,-1270600.34886791,-0.193971921629681,0.382435360321684,-14.8943939950782,-289085.251387615,325211.956452707,-1270600.55141439,0.292911100450138,0.292861998125837,0.147932114156033,3660.45031612862,3660.4497412479,115560.928570764,-0.185186209995598,0.109592387037041,10.2963884601976,-1.75905810737159,2.65562697420259,-11.0655171342508,0.822029574314808,0.705123157430698,43.6788559716448,19.6550162465004,24394.8242054007,610313085905.764,3.85334440633696e-16,3838.80316252517,4.71520396339585e-16,38.372,0,6,0,0,1,0,0
0.935,0.045645581322794,-0.0286222285734306,30.1228870511414,0.508790639711772,0.805955743131553,0.0224020107446806,0.269623804400521,0.101452552482381,24.4576675087082,4.27385401677721,0.532068685034472,-0.128750885910973,15.3912474156763,-288376.996459914,324025.034007008,-1274618.22375388,0.486423103711678,-0.100128657337542,-14.7316396354651,-288377.018861924,324024.764383203,-1274618.32520643,0.292911114529027,0.292862012197649,0.147932114158531,3664.64113510588,3664.64056035242,115694.149324247,0.0523481848688082,-0.0588195081000455,10.4110504277558,-1.96540491502505,2.64556661523544,-11.2570269090435,0.822031500599754,0.705124808098262,43.678958612471,24.9369412427032,24070.9278604656,611721057018.817,3.87996186358886e-16,3838.80323111447,4.71527027675716e-16,27.61,0,6,0,0,1,0,0
0.94,0.0457227208105344,-0.0270239991112828,30.1230961641053,0.476458635613988,0.805523523819243,0.00830793649212756,0.375860984146081,-0.0185055648833725,34.6313407214745,4.26573545192568,0.370335182185052,0.210356787654413,15.2924854130719,-287995.190513639,323123.647982167,-1278703.91483376,0.324612461374518,0.237380786765696,-14.8306107510334,-287995.198821575,323123.272121183,-1278703.89632819,0.292911128480278,0.292862026141887,0.147932114161007,3668.78923819649,3668.7886635679,115826.011620392,-0.00788024339614827,0.0587583525661346,10.3424857080303,-1.72721401994926,2.48753881811552,-11.2196176091566,0.822033409436276,0.705126443812428,43.6790603238338,19.585828241678,24104.9018261451,613116268475.005,3.90645867491424e-16,3838.8032991453,4.71533599023003e-16,28.308,0,6,0,0,1,0,0
0.945,0.045734189243481,-0.0249420658358152,30.1226911306227,0.434194128941114,0.804250459439227,-0.00400192588061146,0.464993613357676,-0.142123782686269,42.5841572156639,3.67074360029774,0.156235425365672,-0.0344918472963149,15.2975924339049,-287633.151314698,321968.654471074,-1282715.92657216,0.110501236122191,-0.00954978146049972,-14.8250986967178,-287633.147312772,321968.189477461,-1282715.78444838,0.29291114230492,0.292862039959579,0.14793211416346,3672.89507570123,3672.89450119516,115956.529794182,-0.0806001144077595,-0.0310824400844703,10.3437164527777,-1.7777290111639,2.61183436488848,-11.3690301406938,0.822035300964813,0.705128064693583,43.679161113209,21.6133602348441,23996.7294209803,614498823014.255,3.93283378136159e-16,3838.80336662097,4.71540110862793e-16,33.374,0,6,0,0,1,0,0
0.95,0.0456797585451674,-0.0224809117757161,30.1216952860264,0.384378405261612,0.80224851529826,-0.0181620966106043,0.528973029287153,-0.252829087796498,47.3256223452987,3.0155797569848,0.119237660613004,0.035371944622377,15.5233971202625,-287199.094468406,320902.079238035,-1286610.34187931,0.0735579020678365,0.0578528563980932,-14.5982981657639,-287199.076306309,320901.550265006,-1286610.08905022,0.292911156003976,0.292862053651748,0.147932114165891,3676.95909270247,3676.9585183166,116085.718014088,-0.0929233221053515,-0.00845273678767553,10.4953153434499,-1.8490190023896,2.53667982011849,-11.4469794186325,0.82203717532501,0.705129670861434,43.6792609880302,21.0752617421832,23590.8281174946,615868822897.577,3.95908616309363e-16,3838.80343354463,4.7154656367374e-16,28.538,0,6,0,0,1,0,0
0.955,0.0455417058633635,-0.0197714653929237,30.120212785877,0.330183144032027,0.799225241159588,-0.0376202545607696,0.565118817096146,-0.33513817912583,47.7067863416771,2.85084608999307,0.109642960921785,-0.0345606670936497,15.4109443804806,-286746.006087397,319747.954439222,-1290602.60282704,0.0641012550584214,-0.014789201700726,-14.7092684053964,-286745.968467142,319747.389320404,-1290602.26768886,0.292911169578463,0.292862067219412,0.1479321141683,3680.98172913953,3680.98115487161,116213.590284482,-0.0943987629175434,-0.0364405769904382,10.4185541291626,-1.86336366527378,2.57016532452451,-11.3698331887521,0.822039032655716,0.705131262435004,43.6793599556887,21.7989684611071,23637.2624360217,617226369851.072,3.98521483883556e-16,3838.80349991964,4.71552957931798e-16,30.779,0,6,0,0,1,0,0
0.96,0.0452890433706051,-0.016952633728678,30.1184174796433,0.275009495642993,0.79450266760419,-0.0643105383763567,0.572894784616054,-0.376893694232095,44.6903960982209,3.70146009462733,0.0849404094871104,-0.164156403553574,15.4515354488522,-286285.547114105,318530.255047212,-1294507.55825697,0.0396513661165053,-0.147203769824896,-14.6668820307911,-286285.482803567,318529.682152428,-1294507.18136328,0.292911183029395,0.292862080663581,0.147932114170687,3684.96341988252,3684.96284573033,116340.160448002,-0.101848354562704,-0.0846963904741456,10.4453946342673,-1.86837446788568,2.558994176848,-11.5202200661866,0.82204087309498,0.705132839532632,43.6794580235333,22.1887652266434,23477.005627781,618571564947.318,4.01121886532284e-16,3838.80356574927,4.7155929411021e-16,28.978,0,6,0,0,1,0,0
0.965,0.0448853973999985,-0.0141472214825506,30.1165309691676,0.221673044762881,0.787192941068455,-0.0984937740986706,0.55937718577336,-0.371312820002063,38.9360363863515,5.73817323324521,0.179578354193756,-0.128856971626252,15.520539274499,-285763.08396238,317331.438790036,-1298377.43158321,0.134692956793757,-0.114709750143701,-14.5959916946686,-285762.985468605,317330.87941285,-1298377.06027039,0.292911196357776,0.292862093985262,0.147932114173053,3688.90459480462,3688.90402076599,116465.442187872,-0.067918036069324,-0.0759792943289881,10.4925709532712,-1.88122006222615,2.52877710365138,-11.5602578510419,0.822042696780051,0.705134402271966,43.6795551988706,22.1634388925718,23276.1379685953,619904508533.624,4.03709733674895e-16,3838.80363103665,4.71565572679505e-16,29.712,0,6,0,0,1,0,0
0.97,0.0442991375484675,-0.0114402007474235,30.1147932883417,0.1718247004771,0.776487406478502,-0.13800421324374,0.532814348289094,-0.317868873744445,32.2326031475349,8.90781330584167,0.186674946331927,0.0785544753741287,15.4146270217944,-285255.671466509,316148.26494503,-1302294.38272969,0.14237580878346,0.0899946761215522,-14.7001662665473,-285255.533462296,316147.732130682,-1302294.06486082,0.292911209564607,0.292862107185454,0.147932114175396,3692.805678853,3692.80510492581,116589.44903017,-0.0636651317044734,-0.00957984568588449,10.4212775002688,-1.85442268057845,2.5575520464216,-11.5741672174164,0.822044503847377,0.70513595076997,43.6796514889642,21.583374204936,23307.8568424422,621225300510.728,4.06284938421337e-16,3838.80369578525,4.71571794107486e-16,28.517,0,6,0,0,1,0,0
0.975,0.0435130970773491,-0.00886897170445018,30.1134307868457,0.126280592608603,0.761829705075314,-0.179165021161354,0.504205775884413,-0.222516997394237,25.5451784058335,12.6731944498974,0.41122211547039,-0.344896276952506,15.4658566568956,-284646.122042055,314672.48058809,-1306135.27050664,0.367709018393041,-0.336027305248056,-14.6475741299501,-284645.942877034,314671.976382314,-1306135.04798964,0.292911222650882,0.29286212026515,0.147932114177719,3696.66709211824,3696.66651830042,116712.194346052,0.0152055970088585,-0.162135703207408,10.4580059269789,-1.85667680902526,2.64566776920197,-11.7032533972772,0.822046294432599,0.705137485142918,43.6797469010353,24.8694379834593,23128.523882609,622534040258.312,4.08847417517006e-16,3838.80375999811,4.7157795885923e-16,29.366,0,6,0,0,1,0,0
0.98,0.04253104244036,-0.00642929572046153,30.1126253976859,0.084557204733036,0.743187724914564,-0.217185460022535,0.479417547921087,-0.0969163291684597,20.5822164932206,16.4758398112696,0.617925430779926,0.31906114291556,15.4825600400084,-284025.08862297,313558.149160967,-1309976.96679289,0.575394388339566,0.325490438636022,-14.6300653576775,-284024.87143751,313557.669743419,-1309976.86987656,0.292911235617588,0.292862133225339,0.14793211418002,3700.48924990245,3700.48867619196,116833.69135394,0.0866081028975455,0.0644539866040007,10.4715182621424,-1.78529307445356,2.51909911085016,-11.7190104503248,0.822048068670556,0.705139005506389,43.6798414422621,21.1348168480875,22993.8496030344,623830826522.271,4.11397091287666e-16,3838.80382367865,4.71584067397079e-16,30.285,0,6,0,0,1,0,0
0.985,0.0413791577184256,-0.00408945954227529,30.1124896334386,0.0455781466570316,0.721023606434702,-0.247781252394776,0.463723987305787,0.0430594202725502,17.8252142407056,19.5129057285647,0.314554163298494,0.126061641609099,15.5575560638244,-283581.629994619,312061.252398375,-1313785.63681001,0.273175005580069,0.130151101151375,-14.5549335696142,-283581.382213367,312060.788674387,-1313785.67986944,0.292911248465709,0.292862146067001,0.1479321141823,3704.272562786,3704.27198918085,116953.95312165,-0.0182390656851406,-0.0120186412350977,10.5211762044186,-1.71915418135644,2.76402033805477,-11.7562848677449,0.822049826695277,0.705140511975275,43.6799351197802,23.1475984504025,22777.3193377295,625115757229.921,4.13933883584466e-16,3838.80388683013,4.71590120180633e-16,30.241,0,6,0,0,1,0,0
0.99,0.0401020939525186,-0.00180512059322752,30.1130512785849,0.00787517871418486,0.696304165144329,-0.267754346515569,0.456967142809777,0.179681098463855,17.6201374383821,21.3254742980498,0.108512715109053,0.362539586978423,15.4573238175426,-283082.493581978,310678.779056304,-1317650.74918172,0.0684106211565339,0.36434470757165,-14.6557274610423,-283082.225827632,310678.322089161,-1317650.92886282,0.29291126119622,0.292862158791112,0.147932114184559,3708.01743669296,3708.0168631912,117072.992568494,-0.0848259018536091,0.0659193167255953,10.453063622833,-1.82790803460902,2.71340443237623,-11.7568448069289,0.822051568639986,0.705142004663773,43.680027940682,22.0672709703929,22797.4894013955,626388929956.237,4.16457721729086e-16,3838.80394945573,4.71596117666751e-16,29.273,0,6,0,0,1,0,0
0.995,0.0387545841082434,0.000462459654082514,30.1142501157754,-0.0298106898342175,0.670286036000514,-0.276206142324656,0.457031453078278,0.295776719578396,19.1705848912729,21.3653892314311,0.347231642078573,0.246165885440712,15.5946438797243,-282395.662346692,309116.813049578,-1321412.35701205,0.30847705797033,0.245703425786629,-14.519606236051,-282395.38614055,309116.356018124,-1321412.65278877,0.292911273810092,0.292862171398643,0.147932114186798,3711.72427295532,3711.72369955504,117190.822467338,-0.000315294628834526,0.0197272211427918,10.548357610846,-1.90175326099355,2.80649645456198,-11.8787740401186,0.822053294637097,0.705143483685385,43.6801199120171,24.9103171562755,22496.7223766693,627650441564.959,4.18968536459021e-16,3838.80401155895,4.71602060309544e-16,29.858,0,6,0,0,1,0,0
1,0.037393642548525,0.00273297320903209,30.1159469733023,-0.06827161611973,0.644319652570884,-0.273104614738431,0.458308125498025,0.377205198033076,21.723061464566,19.8668779922406,0.218216009173838,0.312021717543333,15.3920472467048,-281831.440735174,307586.939291736,-1325289.22558537,0.180822366625313,0.309288744334301,-14.7238997265976,-281831.167630559,307586.480983611,-1325289.60279057,0.292911286308288,0.292862183890557,0.147932114189016,3715.39346837594,3715.39289507526,117307.455446608,-0.0433270209197223,0.0394116573858378,10.4111349651906,-1.82548843456379,2.77542305351053,-11.8383025188582,0.822055004818215,0.70514494915292,43.6802110407922,23.3404735502605,22651.0060355927,628900388605.667,4.21466261873038e-16,3838.80407314281,4.7160794856037e-16,27.482,0,6,0,0,1,0,0
