t,x,y,z,alpha,beta,x_dot,y_dot,z_dot,alpha_dot,beta_dot,x_est,y_est,z_est,alpha_est,beta_est,x_dot_est,y_dot_est,z_dot_est,alpha_dot_est,beta_dot_est,err_x,err_y,err_z,err_alpha,err_beta,err_x_dot,err_y_dot,err_z_dot,err_alpha_dot,err_beta_dot,x_std,y_std,z_std,alpha_std,beta_std,x_dot_std,y_dot_std,z_dot_std,alpha_dot_std,beta_dot_std,bx,by,bz,bx_est,by_est,bz_est,bx_std,by_std,bz_std,nis,nees,cond_P,det_P,cond_S,det_S,runtime,filterVariant,nx,useSRformulation,RK4Iterations,updateJacobians,updateQ,cubature
0,0.3,-0.3,31.119178665731,1,1,0,0,0,0,0,0,0,30.119178665731,0,0,0,0,0,0,0,-0.3,0.3,-1,-1,-1,0,0,0,0,0,0,0,0,0,0,0,0,0,0,0,-0.00189438033401451,0.00187082593548675,-0.0108409137544472,0,0,0,0,0,0,0,0,0,0,0,0,0,1,10,0,0,1,0,0
0.005,0.268170921938716,-0.267951213633583,31.083047198672,2.39471827702708,2.41337902891314,-12.5374590164552,12.626173290358,-14.2993598704636,-6668.82661942291,-6690.26807911332,0.731914734418129,0.0201446728079448,30.8810664344503,0.0209211781308677,1.06177289931432,-0.643684729061796,18.702999181042,-0.947402996442779,41092.0724629588,37109.4377871658,0.463743812479413,0.288095886441528,-0.201980764221742,-2.37379709889621,-1.35160612959882,11.8937742873934,6.07682589068398,13.3519568740208,47760.8990823817,43799.7058662792,0.283554605782993,0.283591101364968,0.146260696954747,1.05658172862903,1.05623585014633,67.7946103004149,67.7885442910793,73.2358709209067,1953.40036240209,1956.1756758587,-1.71926893254337,1.97433738602416,10.7157135089441,-1.98387248876156,1.96674931976031,10.1825109538331,0.373237300553777,0.373274044315315,0.665068143591169,1.14346052449608,9398.61937915736,378805056.763423,2.81577225595145e-42,3.17563627498207,8.58462592994352e-21,2730.675,1,10,0,0,1,0,0
0.01,0.258938020945298,-0.257737848441894,30.9748028013864,4.44943003770763,4.48506399136533,9.16065976730538,-8.85600258570305,-28.7556803664636,-703.803206516405,-669.130230448313,-0.0716947563834848,-0.0319173833960972,30.9688880846739,206.6659444737,179.907318224098,-92.4287082252754,-23.5011362366728,4.76685694302959,-10225.4519330328,45306.4110416387,-0.330632777328783,0.225820465045797,-0.00591471671246291,202.216514435992,175.422254232733,-101.589367992581,-14.6451336509697,33.5225373094932,-9521.6487265164,45975.541272087,0.253320543795688,0.252177329208227,0.140917232117318,3.11335283692721,3.12320471494614,73.8533537191611,73.7493645508898,58.2608234529938,3285.54964389236,3308.08338049423,2.10161358326856,-2.29763378357457,10.5503912710403,2.47719795389108,-2.23508401557884,10.5416000590805,0.206907011991746,0.207811034484312,0.312645882390187,3.41844548137298,18767.0764081556,908557943.883091,1.31958748153115e-39,2.34430205835499,1.79031616180809e-22,2723.399,1,10,0,0,1,0,0
0.015,0.299179724333251,-0.29664130562919,30.8017577878516,5.46458072619099,5.51390318303188,7.10244885948709,-6.87011046452481,-39.9247760253816,-1290.82381791069,-1312.6197638665,-0.344206155661497,0.074266679077222,31.2753465495516,156.000775743151,410.818512053847,-34.4863203890056,-27.5191058413581,86.9420585905738,-1361610.35938063,-1113106.93538993,-0.643385879994748,0.370907984706413,0.473588761700075,150.53619501696,405.304608870815,-41.5887692484927,-20.6489953768333,126.866834615955,-1360319.53556272,-1111794.31562606,0.238262704704533,0.248483510067866,0.140367701946909,4.51923336633111,4.46146860588759,66.485025494107,67.7406642680409,54.8743464835121,3723.5192851057,3733.44293111445,-0.491307226640957,0.545725591434733,10.5852123130574,-0.533779600553215,0.427236841913324,10.3609412339162,0.251679759627317,0.239909806470391,0.310351059539923,0.812028328967884,283711.260757316,1389346528.13194,2.15848613500932e-38,1.6923591136583,3.50053795448844e-22,2731.225,1,10,0,0,1,0,0
0.02,0.339483971272817,-0.335484792754836,30.5823265243794,6.41524989885031,6.49473294703131,9.197731858319,-8.84092681850495,-47.1591230181829,-548.18530470797,-568.18608157893,-0.382874968851509,0.0258119164726668,31.9663296912925,-6650.46541082938,-5148.68904426129,50.7054057104755,-25.8081932655953,224.978543702018,-2346094.22837642,-3737044.8338433,-0.722358940124326,0.361296709227503,1.3840031669131,-6656.88066072823,-5155.18377720832,41.5076738521565,-16.9672664470903,272.137666720201,-2345546.04307171,-3736476.64776173,0.151670111432903,0.1485504288687,0.0576614476946671,4.01479034128327,7.93162466081309,58.7167893062013,57.5745002080604,48.4390847443627,4696.01180522108,5643.90199206365,-0.0915759731393203,0.155746668384432,10.4857557846625,-0.0612062039486526,0.131279496125432,9.93955412526844,0.976165013636863,0.484076701594398,0.771615628502927,0.519199246311271,4998955.16502935,21203102637.4305,7.86536905132598e-40,6.79542820904541,9.36241695073956e-20,2710.264,1,10,0,0,1,0,0
0.025,0.383341475369376,-0.377445809834837,30.3388564203688,7.09971231652749,7.2138981928925,8.49012434203507,-8.08227002044078,-49.4301307460559,-419.464788101452,-448.556231417054,-1.023689689111,1.01287892884907,35.670836116468,-18131.8410033548,-23960.3009031244,-180.331057073775,288.892422781864,840.683525820615,-2489802.35157183,-4381303.71998965,-1.40703116448037,1.39032473868391,5.33197969609922,-18138.9407156713,-23967.5148013173,-188.82118141581,296.974692802305,890.113656566671,-2489382.88678372,-4380855.16375823,0.406574455192751,0.299177144000118,0.0446997853091068,18.1981604003492,17.3073471635639,89.4079022556153,75.9168071748798,41.2630881408356,9637.546058168,10953.6069446155,-0.627096174396414,0.496265358199075,10.1759114752222,-5.23445552538871,-1.26731911017985,2.95309592984742,15.1938576915508,7.41634338615381,3.22898038721646,118.944534194077,185987303.748439,154188639310.963,3.94151141420546e-38,3896.59825118841,2.06600856826733e-17,2773.154,1,10,0,0,1,0,0
0.03,0.422957657364727,-0.414976648706065,30.0962705359778,7.63181210308953,7.78348656718326,7.48557917541346,-7.05207437900125,-46.7783817175355,-349.786173451684,-383.089984228289,-18.7474387210235,0.73373200491903,39.2197735858375,-31618.9748959508,-46307.9447032667,-2051.13231975907,161.255730164871,779.993010927033,-3461927.32323605,-5158006.31050724,-19.1703963783882,1.1487086536251,9.12350304985965,-31626.6067080539,-46315.7281898339,-2058.61789893449,168.307804543872,826.771392644569,-3461577.5370626,-5157623.22052301,0.299754805503653,0.233613501659849,0.103022845720876,12.335317634312,14.8464443264459,78.9316315624342,74.2724383982596,46.8755756399881,8404.01390294316,8284.63079150728,-0.616262420910363,0.452959698032516,10.1754363306261,-7.612568524237,7.25084119819143,10.4493296711129,0.812924970244104,1.06875899823083,1.18885331383924,451.62458598239,86420677.6054073,14947160750.0461,2.43407573677713e-36,33.516436780043,5.38954232894495e-20,2742.434,1,10,0,0,1,0,0
0.035,0.457087367683706,-0.447004315764923,29.8782804419754,8.04626618658762,8.23426286567211,6.2804411250593,-5.86546089277495,-39.6499520931566,-324.570589066879,-359.768373585719,-59.3205481466203,-16.6894575684568,46.349570807039,-48280.6206071742,-70469.5130555486,-5459.19155868471,-2307.7325062706,1604.02836481316,-2895982.31476378,-3216800.67952853,-59.777635514304,-16.2424532526918,16.4712903650636,-48288.6668733608,-70477.7473184143,-5465.47199980977,-2301.86704537782,1643.67831690632,-2895657.74417472,-3216440.91115494,0.46485254371665,0.515241207592883,0.320896973515946,16.1397407531688,29.8902571323378,88.9190630638516,90.9834940361547,76.7736190831444,6954.3363239056,10444.6689100584,-0.598617010153458,0.589462572962885,9.98461265430213,5.23610020733877,-0.309403427567524,24.0611343731328,0.16159335857287,0.134735917039674,0.214228796614125,4373.03383894796,30194460.3854438,9203134616.97754,4.04343049534414e-33,5.02946099221698,1.29929579427936e-23,2728.247,1,10,0,0,1,0,0
0.04,0.485190230764257,-0.473198068223842,29.7050984917837,8.37602086608747,8.59633259787456,5.06010807761461,-4.70403621566149,-28.9959644226226,-312.651807404199,-347.161141780637,-101.26335021821,-21.6245692251081,51.1027991169375,-60578.7626271315,-84532.3091425143,-6911.93795931088,-1760.16253765503,1250.23129977559,-2083982.27409797,-2293201.55258304,-101.748540448974,-21.1513711568843,21.3977006251539,-60587.1386479976,-84540.9054751122,-6916.9980673885,-1755.45850143937,1279.22726419821,-2083669.62229057,-2292854.39144126,0.862192900904017,0.9333930675966,0.688709500082081,128.639267313498,124.495489851516,112.489003210121,115.95220995112,103.47777956531,62358.4962033731,49839.196465774,-0.309018032566793,0.623793126299008,9.99776786332124,-0.954106292752003,1.67914390856889,21.8000999723684,0.113292134486905,0.110463850435795,0.10735970768515,12360.4159058165,255177240.293806,369748251921.836,8.12118399063585e-30,1.22212128963082,1.79197056964048e-24,2744.401,1,10,0,0,1,0,0
0.045,0.507469732763819,-0.493931211464144,29.5911948700113,8.65209624716291,8.89909024032726,3.9361384024727,-3.66720991787035,-16.1454943031938,-298.374016442329,-329.312710076255,-163.78930668401,-5.50586642952963,42.1216397281299,-58176.9886906972,-91208.1697633072,-8747.25088392893,-205.101717825002,205.578469695815,-71393.9006029739,-3112042.99984481,-164.296776416774,-5.01193521806548,12.5304448581186,-58185.6407869444,-91217.0688535475,-8751.18702233141,-201.434507907132,221.723963999009,-71095.5265865315,-3111713.68713473,1.31252435686928,1.39644064671693,1.13441429733878,339.791843077034,345.411016729553,130.41458701047,132.682915650416,123.155307398903,50446.884731586,70844.8765995048,-0.406864532641851,0.601211557940154,9.89700622217685,-1.18400030501694,0.985695851820215,21.7554629746831,0.112614134631358,0.110332282192881,0.113126431996305,11435.3197720878,27071160.74546,242788215704.174,2.38423663127718e-27,1.40755441787544,1.90184027577871e-24,2800.829,1,10,0,0,1,0,0
0.05,0.524611903040439,-0.509985762290046,29.5438123378149,8.89820927763289,9.16526926648958,2.99010435869427,-2.81905472880216,-2.63115944066997,-272.521513274371,-296.685348793547,-191.590523950426,-21.1811034225679,56.1692516883866,-68859.7474321472,-103906.441979255,-7968.21522272141,-875.680607581676,786.287145227201,-988263.551375659,-2913344.04642995,-192.115135853466,-20.6711176602778,26.6254393505717,-68868.6456414248,-103915.607248521,-7971.2053270801,-872.861552852874,788.918304667871,-987991.029862385,-2913047.36108115,1.89916296946114,1.99531295406442,1.69727106453999,569.891077007984,630.360203540555,147.799477050957,150.106419086951,142.032446988581,46562.2306783324,67823.4760970143,-0.822703362373671,0.825947885486228,9.88047375206573,-0.987309543142908,0.776870600680913,21.7963117642879,0.107017497437347,0.10526034761,0.10636155822431,12552.4610765726,44853003.1053149,32261296822.6722,3.67064322136092e-25,1.05041800544403,1.43505072887439e-24,2713.805,1,10,0,0,1,0,0
0.055,0.537596451320112,-0.522355431504022,29.5624887688815,9.13174551071179,9.41194532084242,2.25825322565015,-2.18032679465964,10.0328916638227,-229.525508235318,-243.664295840734,-256.629512428951,-4.41957366576439,42.7755242907505,-54607.7450212601,-117370.316835582,-8944.18654631656,-81.7117185869797,46.3849697774783,687483.631193834,-2929084.80050548,-257.167108880271,-3.89721823426037,13.213035521869,-54616.8767667708,-117379.728780903,-8946.44479954221,-79.53139179232,36.3520781136556,687713.156702069,-2928841.13620964,2.54678951157627,2.6609958666542,2.33219295499813,839.191996272843,889.50737184957,163.209022858767,165.56640501425,158.354562535156,73045.3065028524,45716.9009148312,-0.380445410667064,0.565644348429484,9.90760084655878,-0.944821493988721,0.866601337087674,21.8636689473971,0.106915923926975,0.105017700161506,0.107313293854971,12513.1669697807,40082228.2006132,16114180490.3876,9.81756285492461e-24,1.08854915772206,1.44909524749294e-24,2637.567,1,10,0,0,1,0,0
0.06,0.547471555110653,-0.532039477448793,29.6396714412935,9.35971455019045,9.6459650675158,1.7319617942906,-1.73248876132303,20.5576500020042,-165.873157322158,-167.357448297252,-285.936673406672,-16.8089761991786,51.9194957731184,-64472.2924202633,-135627.866565771,-8455.25845847796,-466.829460908637,302.875223948598,-5684.25541860313,-2796817.93661861,-286.484144961782,-16.2769367217298,22.2798243318249,-64481.6521348135,-135637.512530839,-8456.99042027225,-465.096972147314,282.317573946594,-5518.38226128097,-2796650.57917031,3.27665554011897,3.40137472390632,3.04222317954675,1177.42004746677,1080.93572172662,177.754107685699,179.947447521522,173.27615086231,63239.1738930326,51903.5822310712,-0.605151240574869,0.597077373774028,10.2132231533287,-1.001865997324,0.862354161393711,21.9744541329771,0.106313889666492,0.105253723898105,0.105444085977127,12456.7188924413,41545564.2345146,7562831803.06521,1.18214524759689e-22,1.02930234435813,1.39206085815648e-24,2413.638,1,10,0,0,1,0,0
0.065,0.55512051719328,-0.539840562147794,29.7622461031049,9.57725878443939,9.86232433914747,1.35397963154509,-1.4152628510912,28.0312894640155,-83.1527424649202,-71.3162117886983,-313.008985694155,-31.3008633534005,63.8660777285742,-79034.0630720348,-148917.461584095,-8029.37437184189,-799.384335012866,552.830818477653,-619654.190560206,-2748656.17047171,-313.564106211348,-30.7610227912527,34.1038316254693,-79043.6403308192,-148927.323908434,-8030.72835147343,-797.969072161775,524.799529013637,-619571.037817741,-2748584.85425992,4.0568274955757,4.19694984530379,3.81103652443096,1445.79619864745,1288.60436044346,191.000531608232,193.183519555239,187.041062292591,59506.9825053383,45926.1261364257,-0.680907242742768,0.56845759345629,10.4357831504039,-0.983027976128097,0.82567639428797,22.0468170740726,0.107256651298584,0.104887143610847,0.105387301805733,12169.7544478251,15954161.9571922,2644101953.98334,9.61575211925476e-22,1.05556527581536,1.40502915742257e-24,2463.457,1,10,0,0,1,0,0
0.07,0.561078030453283,-0.546205155077901,29.9136238187893,9.77628854787604,10.0536115877677,1.04214850262629,-1.14626466628206,31.9875255558246,13.3485640044248,37.1881485636038,-344.456419647114,-45.2157051153013,76.3490694404273,-93436.2219275915,-157162.263379668,-7831.932550081,-1037.75056483368,740.181530510152,-899460.423192451,-2535599.17421866,-345.017497677567,-44.6694999602234,46.4354456216381,-93445.9982161394,-157172.316991256,-7832.97469858363,-1036.6043001674,708.194004954327,-899473.771756456,-2535636.36236722,4.90413309117059,5.05560654270115,4.64357039247187,1697.03297388732,1467.73147323963,203.599584257563,205.683634517375,199.904876980835,43320.6344273801,43235.8512996705,-0.606382399738242,0.521835726047865,10.477306582268,-1.00525137701026,0.841462504231675,22.0912647444525,0.106254144876263,0.105518143337279,0.105085970941514,12231.0486580696,8609898.01527582,1006758205.20923,5.78863900735472e-21,1.02754622602494,1.38806396934685e-24,2408.54,1,10,0,0,1,0,0
0.075,0.56551065622602,-0.551216002009793,30.0759543251928,9.93388521548281,10.1973534009997,0.731265442842719,-0.86210293774384,32.3876831692911,113.709570490172,144.708645530799,-385.32929302676,-51.4474283481164,83.3821660643627,-98113.5870295147,-160441.049988677,-7859.48510925232,-1055.63984125294,750.584873748449,-893383.844043631,-2262118.7190521,-385.894803682986,-50.8962123461066,53.30621173917,-98123.5209147302,-160451.247342078,-7860.21637469517,-1054.7777383152,718.197190579158,-893497.553614121,-2262263.42769763,5.80630794724811,5.96627637006124,5.52895924966452,1926.45427075799,1656.26143082489,215.463261935663,217.445988325205,211.98940260096,52099.6220362976,49091.4778398608,-0.706524789535811,0.624192734968109,10.5863056389159,-0.998481539450158,0.847627036176403,22.1211660894557,0.106187293274185,0.105211109305586,0.105040569636143,12075.6951477637,8710461.74550776,1039118883.20155,2.85545792726661e-20,1.02795199791788,1.37705604319587e-24,2452.099,1,10,0,0,1,0,0
0.08,0.56826850549253,-0.554641652358865,30.2321450149603,10.0319919791665,10.2778499181354,0.360764539230844,-0.501127677180219,29.5653851255947,196.524231128679,227.61932416456,-441.530287468881,-43.845553593582,75.7581480974642,-86014.6890409046,-172746.184245243,-8198.69595781727,-803.141048023826,469.997450179068,-555073.782209776,-2352803.39284613,-442.098555974373,-43.2909119412231,45.5260030825039,-86024.7210328838,-172756.462095161,-8199.0567223565,-802.639920346646,440.432065053473,-555270.306440905,-2353031.0121703,6.75690467983227,6.92642296138024,6.46646463001068,2152.07350411552,1891.52452968434,226.718676336035,228.606190304287,223.416699579542,43395.5334816466,56478.0380676022,-0.711156899396095,0.625582193999776,10.7126811398498,-1.00799745336074,0.854118129408066,22.117863485438,0.105410078429063,0.105102053748112,0.105154927529003,11778.8560320752,7628956.31086505,1364581654.40817,1.23446723177022e-19,1.01853909816066,1.35707489083616e-24,2450.891,1,10,0,0,1,0,0
0.085,0.569092191686172,-0.556129630581922,30.3674646517379,10.0580415199528,10.2859328431607,-0.051744935799298,-0.0773770039834507,24.1186653153877,248.029817183791,272.477882954964,-489.331775193601,-38.7900596671888,67.8838906530901,-78575.3538716005,-194280.779684451,-8313.74634416216,-642.681277001393,239.991535197141,-380539.338338841,-2665282.54879175,-489.900867385288,-38.2339300366069,37.5164260013523,-78585.4119131204,-194291.065617294,-8313.69459922636,-642.60389999741,215.872869881753,-380787.368156024,-2665555.02667471,7.75786216897936,7.93654981690995,7.45515340127622,2357.36790420191,2148.50957212875,237.470668894248,239.272097044513,234.321744915863,40177.2024731511,60542.3428281452,-0.558013596247161,0.813117859139351,10.6991894477972,-1.00961954877533,0.860249879302016,22.0913888874211,0.105298324350974,0.104952533115128,0.105041871920759,11781.3992997234,8890134.11413705,1521589411.97001,4.85991755097375e-19,1.00845346045923,1.34756908037841e-24,2193.751,1,10,0,0,1,0,0
0.09,0.567872569510876,-0.555468296865213,30.4706366585324,10.0116702402202,10.2251136458409,-0.462744827233726,0.365727897473703,16.8174415473096,260.872984779393,274.526416979754,-542.721743628092,-33.0147183691868,61.3779558961746,-68822.038200588,-208655.936355756,-8510.09871861541,-496.665233958325,63.9166590476049,-232865.269073196,-2731136.44284852,-543.289616197602,-32.4592500723216,30.9073192376421,-68832.0498708283,-208666.161469402,-8509.63597378818,-497.030961855799,47.0992175002953,-233126.142057975,-2731410.96926549,8.80589282716604,8.99284647062153,8.49087995817617,2537.81159521463,2401.26264808177,247.760188857233,249.492881016085,244.756636618831,32148.7365014541,52678.4383262005,-0.566399658276412,0.636586343532621,10.7843414202947,-1.00720010573694,0.856267228683124,22.0439328350308,0.104992826871775,0.104916350407327,0.104973567084677,11526.2527625374,3489251.99090939,862157504.519061,1.78542058989777e-18,1.00400807651299,1.3370995206358e-24,2162.194,1,10,0,0,1,0,0
0.095,0.564748094028826,-0.552706891290981,30.5344677377607,9.90505501818306,10.1104693950341,-0.81630330384187,0.766587142794194,8.51115846133857,239.485257387004,242.001872970539,-596.871617556689,-25.688380682164,53.026354775024,-57679.5614618022,-224404.108292467,-8681.81558743279,-348.879673273523,-117.648991077141,-58993.7432483894,-2804358.70266246,-597.436365650718,-25.135673790873,22.4918870372633,-57689.4665168204,-224414.218761862,-8680.99928412895,-349.646260416317,-126.16014953848,-59233.2285057764,-2804600.70453543,9.8975812197784,10.0925759423431,9.5709233777272,2706.95836161377,2633.58549746407,257.638979453286,259.310237234555,254.760825072202,38141.8558468611,51689.3692553042,-0.556324994447096,0.548479342762543,10.8014246668613,-0.997821354446992,0.848050854904588,21.9906609294831,0.105047194012451,0.104906645968012,0.104985627415304,11386.9117021327,3580813.67909111,694413812.276152,6.03744794217185e-18,1.00458986997477,1.3385447729456e-24,2127.767,1,10,0,0,1,0,0
0.1,0.560094260851796,-0.548173545410402,30.5560474826605,9.75726353193914,9.96189279099483,-1.07384551861297,1.07521056217944,0.0520279954099084,195.161967934237,189.153348434389,-625.961404214274,-38.8846493002385,62.6695809969847,-72602.2999506138,-236270.343434737,-8481.83731600825,-508.306574811283,-21.07873486487,-264339.308349579,-2757958.96464141,-626.521498475126,-38.3364757548281,32.1135335143242,-72612.0572141457,-236280.305327528,-8480.76347048963,-509.381785373463,-21.1307628602799,-264534.470317514,-2758148.11798984,11.0320921404454,11.2344527717188,10.6936491013636,2899.63697780807,2865.13083455305,267.158153714629,268.773051526178,264.391948598741,40388.6491725388,50677.388032473,-0.614351132283358,0.80193405730211,10.7761222371307,-0.973515567859158,0.83117477873609,21.9289631952335,0.104895818608555,0.104883919882383,0.105001170813046,11294.1654319833,4070608.81537644,392655118.032683,1.89808196440683e-17,1.00253822852909,1.33451118429021e-24,2102.263,1,10,0,0,1,0,0
0.105,0.554412655830827,-0.542382009332248,30.5366014435278,9.58575069788321,9.79535358852719,-1.22453091948839,1.26806037827877,-7.76858430473345,142.834085522179,132.151128863821,-687.140222912117,-32.2805993925892,58.1977958400804,-59871.3842250187,-235534.149822472,-8731.57538930442,-387.743241666813,-134.767712717061,-95963.8802223477,-2522624.54957514,-687.694635567948,-31.738217383257,27.6611943965526,-59880.9699757166,-235543.94517606,-8730.35085838493,-389.011302045091,-126.999128412328,-96106.7143078699,-2522756.700704,12.2053625075583,12.4160901288795,11.8569880405284,3085.64145101589,3098.51905706156,276.337139916871,277.909868211921,273.674888487008,35803.6017893839,53594.8593652345,-0.782405742795059,0.748172123313644,10.6909771886151,-0.955505572992985,0.814133001122129,21.8685077743119,0.105067016474443,0.104882198132671,0.105116579934655,11311.0440697922,5157413.7707241,340392297.902475,5.45903698830893e-17,1.0065440803833,1.3417640583258e-24,2182.74,1,10,0,0,1,0,0
0.11,0.548161101650259,-0.535857798010554,30.4810582304182,9.4061474215569,9.62376601651938,-1.29789022465563,1.36497939317451,-14.270450851359,90.4236853475452,78.6772890009071,-731.666809241048,-34.192159106028,57.5986078383989,-60220.5985983005,-247678.473866817,-8746.25399283601,-387.288602806085,-183.079091853198,-94333.6798991026,-2514892.81108294,-732.214970342699,-33.6563013080175,27.1175496079808,-60230.004745722,-247688.097632834,-8744.95610261136,-388.653582199259,-168.808641001839,-94424.1035844501,-2514971.48837194,13.4204641435218,13.6377898442596,13.0606138642757,3253.2273955105,3347.47600318913,285.238998091117,286.764848826682,282.661448782644,31940.7763381982,57537.7242040071,-0.572430315043248,0.586496599511798,10.6671137669318,-0.935133565160424,0.797248137370283,21.8142237437345,0.10497798389901,0.104906817560334,0.104880895152848,11312.1590350349,8251638.01543946,288278892.906552,1.4703728281243e-16,1.00187431292323,1.33412535629588e-24,2109.256,1,10,0,0,1,0,0
0.115,0.541654691466736,-0.529017472652313,30.3973641631615,9.2282880863626,9.45410608971261,-1.32250649716865,1.39069153447422,-18.9352269656776,44.1764255283505,33.9442681450794,-758.250522611166,-57.8971342502668,81.3869289936584,-83998.5165392835,-233645.094639004,-8551.32023241822,-639.765087612909,53.1415239418061,-286425.346436812,-2058284.52216892,-758.792177302633,-57.3681167776145,50.989564830497,-84007.7448273698,-233654.548745094,-8549.99772592106,-641.155779147383,72.0767509074837,-286469.52286234,-2058318.46643706,14.6725654929898,14.8958413628926,14.3007697553352,3396.12922840037,3605.36753036951,293.865633248375,295.344258421184,291.357259379104,28876.0547987675,60338.2641539603,-0.466628149533182,0.445911530380733,10.5180468409339,-0.919463409730087,0.783365422134282,21.7706603174751,0.104925803229112,0.104888954106885,0.105286580364298,11451.4469678917,11251379.4135159,240530089.547456,3.68712175914101e-16,1.00788880966532,1.34267125295693e-24,2107.868,1,10,0,0,1,0,0
0.12,0.535061539863686,-0.52213489639663,30.295586264397,9.05959806412728,9.29132658079876,-1.32932087899834,1.37834554207868,-21.4399513340735,7.3302553518831,0.177676856356073,-800.960667063049,-61.0848612367987,81.5904527128661,-85441.8143358737,-244178.004637101,-8550.96370969318,-639.687470080965,3.50488428552753,-287219.280951825,-2061362.5212738,-801.495728602913,-60.562726340402,51.2948664484691,-85450.8739339379,-244187.295963682,-8549.63438881419,-641.065815623044,24.9448356196011,-287226.611207176,-2061362.69895065,15.9625063614694,16.192121903255,15.580108778537,3537.50688103948,3878.82690751493,302.250992097638,303.690573085067,299.813196335827,26758.4590167463,60538.0328816578,-0.569999048500113,0.542427556352859,10.5917761084686,-0.907868571732724,0.771795452834799,21.741130291459,0.10491903056668,0.104898568554075,0.104880884817015,11315.8927018897,9928631.27260784,169691393.099453,8.8056136392188e-16,1.00094498602385,1.33241738251242e-24,2137.073,1,10,0,0,1,0,0
0.125,0.528422707128854,-0.515339949535743,30.1868676415181,8.90135440000777,9.13551626205346,-1.33865915021722,1.35294403938494,-21.6825112621803,-19.3225080487237,-22.7704308447633,-843.527814639613,-64.336711391457,81.6173055100136,-86996.3968516263,-254741.367006118,-8549.04997426953,-640.176987695613,-45.3461497443424,-287622.796433092,-2065141.60965297,-844.056237346742,-63.8213714419212,51.4304378684954,-87005.2982060263,-254750.502522381,-8547.71131511931,-641.529931734998,-23.6636384821621,-287603.473925043,-2065118.83922213,17.2885548460061,17.5241693800996,16.8956328811523,3668.33878449743,4148.46572577711,310.410385481491,311.814256073296,308.038060391766,24471.5050350613,58678.8782383699,-0.507371324835268,0.56402583389928,10.3559063672736,-0.901631895595807,0.764354240276894,21.7281051970489,0.10490106510158,0.104884368767905,0.104880884817015,11774.7652144948,7687829.86200907,132690920.127264,1.99638070108043e-15,1.00038492773822,1.33160071082957e-24,2139.883,1,10,0,0,1,0,0
0.13,0.521692701324956,-0.508646905077595,30.0823087349162,8.75569290748471,8.98818704656221,-1.36491031997916,1.33594145419851,-19.7844759905667,-36.813326054579,-36.1469620697765,-885.947452009969,-67.8534935030674,82.2927686313772,-88802.2757472128,-264867.496026242,-8545.95644440989,-643.379008684727,-82.4218597645126,-289575.211196821,-2061866.05098261,-886.469144711294,-67.3448465979898,52.210459896461,-88811.0314401203,-264876.484213288,-8544.59153408991,-644.714950138926,-62.6373837739459,-289538.397870766,-2061829.90402054,18.6493145521637,18.8907679349721,18.2461576403642,3795.43053638135,4411.46712206126,318.361475555254,319.729808959547,316.048464418791,25781.8393945912,57562.0472593668,-0.532136401605689,0.601936960770191,10.4379140218211,-0.894464912369277,0.758314873135802,21.7318282241151,0.104904161571357,0.104897010009468,0.104880889593265,11609.828125859,5797863.04453289,105666439.534889,4.32450565174418e-15,1.00069333156957,1.33200033955946e-24,2117.947,1,10,0,0,1,0,0
0.135,0.514796679514854,-0.502011782124979,29.9918708719955,8.62408864766846,8.85062380189099,-1.40536421039418,1.3292007657319,-16.0789245718668,-44.5859379139367,-39.6763452832839,-928.96006459305,-70.8355767114669,81.6325303793879,-89970.0018689592,-275317.484595878,-8548.62384059475,-641.246797450971,-133.819887586368,-288063.199517876,-2064428.99336887,-929.474861272565,-70.3335649293419,51.6406595073924,-89978.6259576069,-275326.33521968,-8547.21847638436,-642.575998216703,-117.740963014501,-288018.613579962,-2064389.31702359,20.0440939028243,20.291288777477,19.6309425409947,3929.54640745577,4673.58195178886,326.117688782076,327.453941652842,323.859164126053,27254.8283722726,58557.3885075254,-0.629161514978,0.542769710309745,10.1417074887322,-0.888506691773919,0.750839606459389,21.7504270414953,0.104920921334021,0.104881866959211,0.104880884817015,12261.1693500915,5419209.88739317,87873860.1806926,9.00309676790068e-15,1.0007703504554,1.33204130809624e-24,2135.813,1,10,0,0,1,0,0
0.14,0.507685327710229,-0.495396390041242,29.9234061716899,8.50685614186712,8.72341341854967,-1.45240298712507,1.32847421669817,-11.0684966038635,-42.4539233300617,-33.2907001481254,-940.084038798979,-100.984988664714,105.092524980044,-121282.265687021,-279152.552391185,-8268.48164291516,-887.284682709538,37.482499074403,-482605.641630831,-1954295.49313935,-940.59172412669,-100.489592274673,75.1691188083542,-121290.772543163,-279161.275804603,-8267.02923992804,-888.613156926236,48.5509956782665,-482563.187707501,-1954262.2024392,21.4701550612226,21.7235218507247,21.0480457986626,4056.44860476177,4932.86717553765,333.685090345537,334.993496881717,331.481456393938,26378.3248300929,57457.5500378901,-0.562774859156156,0.607009834425689,10.2497564908859,-0.880425312246851,0.743186415114102,21.7802726159652,0.104936989099931,0.10489173654375,0.105117800829173,12043.258504031,5206863.47127604,67243988.1126146,1.79926250644691e-14,1.00470955595667,1.33872665080167e-24,2123.032,1,10,0,0,1,0,0
0.145,0.500347633824201,-0.488785457376807,29.8819666219498,8.40369859301891,8.60646774845562,-1.49810600624693,1.32869359366528,-5.36220150952605,-30.859962350597,-17.5658614287774,-981.476844924056,-105.345031244803,105.19561082385,-123630.635566312,-289053.316988339,-8268.95076524345,-886.60107286684,-12.2696305707449,-482655.451061087,-1955775.83514202,-981.97719255788,-104.856245787426,75.3136442019005,-123639.039264905,-289061.923456088,-8267.4526592372,-887.929766460505,-6.90742906121882,-482624.591098737,-1955758.26928059,22.930876751743,23.1896247875038,22.4991316250034,4189.4908714866,5194.60894125636,341.093944126107,342.374694605022,338.938125130505,25695.8241868877,58324.8761065124,-0.663468296061033,0.594842222366353,10.1804969340133,-0.870807701171201,0.734409855317151,21.8185927518591,0.104892370374153,0.10488141788075,0.104880884817015,12318.8849795397,5508958.48627182,55011683.4212359,3.50253708906359e-14,1.00022167777997,1.33130506492448e-24,2187.947,1,10,0,0,1,0,0
0.15,0.492808116341649,-0.482185216613157,29.8694513491476,8.31307550074332,8.49849461047183,-1.53593424905294,1.3261253541361,0.39922529710864,-10.7434988332371,6.58522015594843,-1021.53306788662,-109.798990577459,104.03358633316,-126126.152399173,-299278.846543559,-8253.74680627703,-886.770148539586,-74.7713833277751,-482801.116139601,-1960255.99107805,-1022.02587600296,-109.316805360846,74.1641349840124,-126134.465474673,-299287.345038169,-8252.21087202798,-888.096273893722,-75.1706086248837,-482790.372640768,-1960262.5762982,24.423279286146,24.6873121758078,23.9820698292811,4318.07610613318,5454.47327337011,348.345627764478,349.599658049326,346.23482083588,24804.6832274417,57187.8333770208,-0.487784107582944,0.422878004176855,10.2993111171835,-0.86045468073862,0.725154110737286,21.8599247907645,0.1049159123239,0.104891371570197,0.104880901399347,12170.7194682072,4968522.95387498,45389952.891698,6.61543412055931e-14,1.00071714941364,1.33215593216554e-24,2176.252,1,10,0,0,1,0,0
0.155,0.485111605962395,-0.475609588184447,29.8846325717545,8.23229612279628,8.3970938894461,-1.56411317146744,1.32126433483235,5.6199878043209,17.1048448052457,38.3892360316002,-1062.93755547709,-114.074286013379,103.507214747956,-128388.176432916,-309191.838025914,-8254.75490643078,-885.465255072546,-125.046027328172,-482081.094334826,-1961151.66579709,-1063.42266708305,-113.598676425195,73.6225821762018,-128396.408729039,-309200.235119803,-8253.19079325932,-886.786519407378,-130.666015132493,-482098.199179631,-1961190.05503313,25.9467611413169,26.2160072962761,25.4964039491303,4448.03833155435,5711.65612824983,355.44888881338,356.67871005299,353.381312285162,26208.1229157314,56265.245519546,-0.68299943929744,0.445133235944491,10.3495214476074,-0.848495092861519,0.714192471543841,21.9006671505457,0.104884939111364,0.104890915472467,0.104880884817015,12138.9757988682,4508486.29036149,35797764.8894553,1.21771199789139e-13,1.0001924173833,1.33135752623761e-24,2167.003,1,10,0,0,1,0,0
0.16,0.477292853599544,-0.469051699370866,29.9235592215828,8.15525162101553,8.29647142454567,-1.58824640358385,1.32182225734129,9.81428428807631,49.9526917880896,74.062512904018,-1104.01942573848,-118.675793682338,103.067858095797,-130991.012286728,-318882.645552485,-8253.33398147982,-886.75827423603,-172.665248739877,-483255.421634862,-1959614.62973535,-1104.49671859208,-118.206741982967,73.1442988742145,-130999.167538349,-318890.94202391,-8251.74573507623,-888.080096493371,-182.479533027954,-483305.37432665,-1959688.69224826,27.500590004209,27.7749970091663,27.0412887881764,4577.502583377,5967.21248731518,362.412210190765,363.619814757748,360.385649234293,24880.0505164275,56433.4546680247,-0.667411251813635,0.458136671581078,10.1336259252796,-0.83709255424414,0.703672998074639,21.9365235480061,0.104906343645101,0.104881808094216,0.104880884817015,12672.4955537662,4319894.8694342,29528883.254855,2.18722978652524e-13,1.0004963782381,1.33166969180895e-24,2176.581,1,10,0,0,1,0,0
0.165,0.469351067902637,-0.462452641958433,29.9802175511131,8.07613806651157,8.19169792032331,-1.61671984579102,1.34075674755421,12.6520744162582,85.0389250183573,110.693155763597,-1145.13852463281,-123.237838288939,102.326173178377,-133536.121204737,-328609.756812871,-8252.21506464128,-887.721433059208,-220.817345712067,-483718.854478219,-1958682.4416768,-1145.60787570071,-122.775385646981,72.3459556272635,-133544.197342804,-328617.948510791,-8250.59834479549,-889.062189806762,-233.469420128326,-483803.893403238,-1958793.13483257,29.0843857771841,29.3638219104352,28.6163102031172,4706.01134166647,6224.28083599023,369.245321815126,370.431214568005,367.2567656307,25667.2912568894,56965.8115287747,-0.634493514597933,0.474589371152321,10.2853809690471,-0.826440923757122,0.693960115785496,21.9640124563962,0.104896142888775,0.10488158472034,0.104880884817015,12406.8538203278,3997641.01050669,26156146.8060265,3.84267309237976e-13,1.00029446513499,1.33140506423898e-24,2160.213,1,10,0,0,1,0,0
0.17,0.461243527312761,-0.455695142587204,30.0473672050603,7.98745784731691,8.07662447952292,-1.65771025938248,1.38833356711775,13.9767306753779,118.019797727698,142.883403919075,-1184.74372784956,-127.581760896722,102.859341713667,-135967.505113271,-338375.648021709,-8234.40359859521,-887.073620383948,-252.191538437047,-484050.74888697,-1958441.74054235,-1185.20497137687,-127.126065754135,72.8119745086068,-135975.492571118,-338383.724646189,-8232.74588833583,-888.461953951066,-266.168269112425,-484168.768684698,-1958584.62394627,30.697606281315,30.9819875554247,30.2208944694563,4837.05874818849,6482.47908861481,375.954337758596,377.120181324843,374.001932770154,25659.2219032712,57265.8746365124,-0.841652288591889,0.486905731126046,10.3365263452211,-0.816021777113779,0.683812082125305,21.9811632542651,0.104891300022496,0.104883838158253,0.104880911744716,12330.6301515188,3611933.86077249,22427145.01611,6.61696806413497e-13,1.00020754084948,1.33134002021174e-24,2187.87,1,10,0,0,1,0,0
0.175,0.452904128058934,-0.448627052102344,30.11740887679,7.88292051989394,7.94689552122452,-1.71209541783186,1.46801332994245,13.8015799096651,145.02897606292,166.38386073689,-1225.69611333314,-132.053864905916,101.539168343158,-138475.625863941,-348640.347732845,-8232.91792480607,-887.36634864289,-301.559962555466,-484335.857697358,-1962306.29430879,-1226.14901746119,-131.605237853813,71.4217594663677,-138483.508784461,-348648.294628366,-8231.20582938823,-888.834361972833,-315.361542465131,-484480.886673421,-1962472.67816952,32.3396545808991,32.628865957791,31.8543705576112,4966.34011890041,6738.67051177321,382.545837837533,383.691783151858,380.627523518653,24965.4654086381,56635.8992633517,-0.396723956659597,0.513590366360026,10.5739425011311,-0.805312430485215,0.674106889460369,21.9870652816117,0.104903058380303,0.104885161346697,0.104880884817015,11859.2742597365,3026889.67547172,19668148.7118259,1.11826328227249e-12,1.00043301962572,1.33167143727715e-24,2171.189,1,10,0,0,1,0,0
0.18,0.444276370047208,-0.441100156556109,30.1831830506767,7.75823080786339,7.8005265897182,-1.77488636850963,1.57450803103958,12.2866319035709,162.912653091955,178.086541923263,-1266.95269011669,-136.293116043813,99.7893240362219,-140731.156333724,-358834.873636599,-8233.45777969022,-886.052543575571,-352.179626396665,-483560.21595313,-1965404.0419753,-1267.39696648673,-135.852015887257,69.6061409855452,-140738.914564531,-358842.674163189,-8231.68289332171,-887.627051606611,-364.466258300236,-483723.128606222,-1965582.12851722,34.0100585296918,34.3039820306154,33.5163027091097,5096.58560840238,6990.27320980693,389.026194690472,390.153477933417,387.139740167634,26010.4035593479,55134.1296998574,-0.500151532361472,0.201808915103037,10.7200320654485,-0.792812983602872,0.662814558558747,21.982231580001,0.104897991840544,0.104882341401276,0.104880884817015,11557.7523794052,2348881.73814032,16392081.9086149,1.8585528664455e-12,1.00032731230695,1.33147121346478e-24,2261.588,1,10,0,0,1,0,0
0.185,0.435341286349585,-0.433014042954926,30.2386218587289,7.61231440520939,7.6386664744002,-1.83586403163827,1.69372342005712,9.70390889576616,170.206823035853,177.364243186337,-1307.98536849225,-140.833727386331,98.1374731407851,-143270.01051067,-368629.525617684,-8232.62580821217,-886.74561132753,-400.519860068755,-484264.043533911,-1964901.26323978,-1308.4207097786,-140.400713343376,67.8988512820562,-143277.622825076,-368637.164284158,-8230.78994418053,-888.439334747587,-410.223768964521,-484434.250356947,-1965078.62748297,35.7082172176286,36.0068254451334,35.2061979281611,5227.22344511561,7238.36316273396,395.39955596369,396.508985711703,393.544143183133,25269.0312618789,54587.9528008016,-0.598234569687377,0.449743073434413,10.5630998881757,-0.778453786170134,0.649938043924619,21.9681989703052,0.104890438754783,0.104880885768011,0.104880884817015,11831.7123786691,1957190.45977642,13955039.4978433,3.04166840100981e-12,1.00018219505175,1.33124252534439e-24,2183.527,1,10,0,0,1,0,0
0.19,0.426134185926311,-0.424352383408193,30.2792119640979,7.44673975395462,7.46421167823958,-1.88354286218788,1.80595948780268,6.39761750436855,168.554152236381,167.279393385999,-1348.8264092354,-145.544428133122,96.3845206070914,-145967.492348789,-378371.115212438,-8230.64530347556,-888.505986304375,-448.00331215395,-485415.978673984,-1963915.72472603,-1349.25254342133,-145.120075749714,66.1053086429935,-145974.939088543,-378378.579424116,-8228.76176061337,-890.311945792177,-454.400929658319,-485584.53282622,-1964083.00411942,37.4337656244987,37.736963438478,36.9236082364882,5356.71374986959,7485.12932388271,401.672394470993,402.764718613835,399.84596724632,25581.5471290326,54692.5261219731,-0.373479507717192,0.608497254464538,10.682593938108,-0.762354986679497,0.635378525014757,21.9470005510273,0.1048909467008,0.104881669738671,0.104880884817015,11548.9794394521,1722874.87106935,12652317.0390606,4.90558363902271e-12,1.00019253815072,1.33127532064996e-24,2274.632,1,10,0,0,1,0,0
0.195,0.416723166692632,-0.415182509030196,30.3022599699797,7.26657349143882,7.28254640567146,-1.91634238743245,1.8972691012137,2.74554846034448,156.181327719458,147.700607845648,-1379.51204740683,-124.895793250849,53.0020997668707,-133602.813511275,-492805.877395599,-8157.18077128958,-739.486196807305,-733.617237343342,-419252.689686723,-2701341.37476214,-1379.92877057352,-124.480610741819,22.6998397968911,-133610.080084766,-492813.159942005,-8155.26442890215,-741.383465908518,-736.362785803687,-419408.871014443,-2701489.07536998,39.1862160481915,39.4932964462331,38.6660656667613,5485.79597870649,7664.4475179209,407.848089820753,408.922044558343,406.043605756182,25687.820203347,54503.5326169661,-0.668295758112757,0.365547556017328,10.6453233262104,-0.745239934460864,0.619508556510012,21.9213632695402,0.104882918294371,0.104882569737549,0.105734647791347,11379.3653205352,1560707.11004395,11120412.0775048,7.67015634640188e-12,1.01635632424094,1.35285342062466e-24,2267.97,1,10,0,0,1,0,0
0.2,0.407218285947494,-0.405675889312302,30.3069611626578,7.07733497801025,7.09746909862187,-1.91935584997752,1.93996330554188,-0.880484073359438,140.008224561006,127.182632402841,-1420.26018888909,-128.714978297352,49.5020071733174,-135797.342571082,-506007.380497868,-8156.99771684179,-740.183748995222,-781.705364875679,-419845.270159092,-2699174.43189067,-1420.66740717503,-128.309302408039,19.1950460106597,-135804.41990606,-506014.477966966,-8155.07836099181,-742.123712300764,-780.82488080232,-419985.278383653,-2699301.61452308,40.9653604588262,41.2768181891959,40.4371748525013,5616.43145824265,7909.22854447591,413.932195619582,414.990501372087,412.154270066768,25528.1429953897,54679.0611063749,-0.491558386288214,0.551446862092468,10.4612114906253,-0.725923692507998,0.601923873331224,21.8941670700706,0.104898664772398,0.104882652213216,0.104880884817015,11888.1755316736,1553278.47296991,9907600.12863784,1.20502023258411e-11,1.00034790458571,1.3314961848835e-24,2304.764,1,10,0,0,1,0,0
0.205,0.39772596579047,-0.396063313315967,30.2943039552356,6.88567251297513,6.91262318778374,-1.90930581512793,1.93812393517365,-4.14049921027241,119.266857037282,105.874258042869,-1460.89546504747,-132.472421011162,45.6327637230048,-137981.422604906,-519613.244539943,-8156.11090188031,-740.476893653306,-830.517409529291,-420125.73238206,-2699821.74798522,-1461.29319101326,-132.076357697846,15.3384597677692,-137988.308277419,-519620.157163131,-8154.20159606518,-742.41501758848,-826.376910319019,-420244.999239097,-2699927.62224326,42.7706424516721,43.0864868940387,42.23465514396,5745.3415721755,8157.41752531672,419.928133161135,420.97114450176,418.1759565499,24927.4682563176,55535.2134659534,-0.491178192936968,0.480598523821911,10.571381600992,-0.708567770739018,0.586311738507934,21.8682683122858,0.104883140218614,0.104885377756405,0.104880884817015,11607.0979402177,1853531.55407878,9253858.98590191,1.8714636502194e-11,1.0001237521078,1.33117128468879e-24,2174.594,1,10,0,0,1,0,0
0.21,0.388306790289805,-0.386578126120754,30.2668320515222,6.69836505895476,6.73076523407504,-1.88808312370145,1.88675605935933,-6.75708338379627,96.6087353734777,86.8709258843404,-1501.83241073754,-136.024150011032,41.3144273070077,-139930.614480279,-533247.789984097,-8156.95564984549,-739.664663430915,-880.484616531935,-419437.152578538,-2700749.90376673,-1502.22071752783,-135.637571884911,11.0475952554855,-139937.312845338,-533254.520749331,-8155.06756672179,-741.551419490274,-873.727533148139,-419533.761313912,-2700836.77469262,44.6017253324172,44.9218469193863,44.0579861097586,5874.32246253774,8407.7266510163,425.839940861346,426.868612581084,424.112009649354,25633.5456580274,55550.0164219658,-0.421057217435697,0.430638921977388,10.4153552647085,-0.691364797079829,0.57117027820778,21.8457398187141,0.104887083015751,0.104880885317004,0.104880884817015,11886.0452428864,1791192.35177538,8354806.97149769,2.87471396180976e-11,1.00011819854277,1.33115733490171e-24,2258.05,1,10,0,0,1,0,0
0.215,0.379003446576872,-0.377454057190567,30.2282872493647,6.52104805753051,6.55336067487075,-1.8612141538113,1.7909068193281,-8.5322322215921,74.162554428748,71.9657486667559,-1538.85969228498,-139.546669053529,36.7478803032459,-141987.83558899,-547119.536855673,-8126.55055180984,-738.70934431328,-930.3868886114,-419402.119237557,-2703088.16671557,-1539.23869573155,-139.169214996338,6.51959305388114,-141994.356637047,-547126.090216348,-8124.68933765603,-740.500251132608,-921.854656389808,-419476.281791986,-2703160.13246424,46.4582664279661,46.7825814736187,45.9068407879715,6004.92561644644,8656.82715245865,431.670759299291,432.685740004645,429.9661002055,25502.9550444467,55303.3023090189,-0.408649225816885,0.440991718030472,10.5990172135814,-0.675838946280735,0.557360977169421,21.8287152829698,0.104891764735909,0.104882750415068,0.104880915781264,11471.9053264174,1823299.67251893,7446814.83133436,4.36983589816239e-11,1.00023940274838,1.3313242980165e-24,2176.556,1,10,0,0,1,0,0
0.22,0.369829939081795,-0.368878718517303,30.1831791541582,6.35853060510955,6.38156766776531,-1.83478373558277,1.66419199155647,-9.35950927480543,52.6768739143121,61.0403871915751,-1579.53453084776,-143.197254220057,32.0175739370044,-144040.698397308,-560756.239987815,-8126.8081466204,-738.516136785233,-979.859234380435,-419164.96295468,-2703805.80936903,-1579.90436078684,-142.82837550154,1.83439478284616,-144047.056927913,-560762.621555483,-8124.97336288482,-740.180328776789,-970.499725105629,-419217.639828594,-2703866.84975622,48.3399107996388,48.6683783377537,47.7809323569952,6133.7544738458,8904.8454468802,437.424443343012,438.425874351398,435.741695633801,24889.0089291746,54545.0734829039,-0.514735710574124,0.257075042697707,10.4030522349206,-0.661575352446487,0.545744999406146,21.8181568709444,0.104881424683718,0.104881994964189,0.104880884817015,11855.40943856,1535739.05372518,6631565.29898139,6.5795038582302e-11,1.00002200737759,1.33104187975093e-24,2154.174,1,10,0,0,1,0,0
0.225,0.360786085818309,-0.360975055536555,30.1363111269959,6.21303460385863,6.21539390586499,-1.80845297558594,1.51912922142912,-9.22918804929479,34.4124691251376,55.1460283530594,-1620.08310851769,-146.938430595157,27.1518445096646,-146189.626321022,-574312.737952985,-8126.35648823827,-738.770359949999,-1028.73390398836,-419337.149043008,-2704063.44946343,-1620.44389460351,-146.57745553962,-2.98446661733131,-146195.839355626,-574318.95334689,-8124.54803526268,-740.289489171428,-1019.50471593907,-419371.561512133,-2704118.59549178,50.2462913724297,50.5788505518236,49.6798523171869,6262.42265621482,9151.08466344341,443.101974020918,444.091670160837,441.441666210617,25508.5729026206,54477.1685793061,-0.420317451567925,0.396882785083666,10.534558955476,-0.648395619712025,0.535089481965346,21.8147105584747,0.104883089925829,0.104882958577071,0.104880884817015,11573.903611787,1556205.58508717,6127906.71436907,9.81432056624259e-11,1.0000684884896,1.3311086050194e-24,2150.825,1,10,0,0,1,0,0
0.23,0.35186130674591,-0.353783290339181,30.0923068761071,6.08557788700835,6.05501792152914,-1.7867153488924,1.37655793462843,-8.22268345692731,19.6407612259476,53.0482301641243,-1660.72231213487,-150.685720525006,22.0957558318165,-148322.534150973,-587632.213598849,-8126.40790154809,-739.025689213947,-1077.35974967263,-419566.739844753,-2702891.14584156,-1661.07417344162,-150.331937234666,-7.99655104429062,-148328.61972886,-587638.268616771,-8124.6211861992,-740.402247148575,-1069.1370662157,-419586.380605979,-2702944.19407172,52.1771332496837,52.5137242767895,51.6035180177385,6392.82145872025,9397.13829442456,448.708365660191,449.685853247298,447.06897926574,25515.6860008227,54654.7399176937,-0.424139126838078,0.558826863383032,10.3017213670541,-0.636054338538349,0.525940709893642,21.817976722421,0.104885831426576,0.1048830644497,0.104880884817015,12060.9201755128,1532406.73493401,5616463.54336595,1.45113796220853e-10,1.0001281928478,1.33118087724503e-24,2152.487,1,10,0,0,1,0,0
0.235,0.343038313426608,-0.347258236674194,30.0551779768025,5.97575341649695,5.90064775958063,-1.7676498265367,1.25002947712243,-6.50171957257363,9.49779768158188,53.5789625460164,-1701.27596499822,-154.387868773429,16.7070035538217,-150449.199426258,-601263.000325309,-8126.00059785943,-739.043084501478,-1126.39477410713,-419628.961687766,-2703524.96010735,-1701.61900331165,-154.040610536755,-13.3481744229808,-150455.175179674,-601268.900973069,-8124.23294803289,-740.2931139786,-1119.89305453455,-419638.459485448,-2703578.53906989,54.1320881324222,54.4726751581204,53.5514186266166,6522.1415974916,9645.63404962387,454.245649194736,455.211483056445,452.626359277054,25118.0585458411,55338.8664038802,-0.335628722615225,0.401633298772213,10.38693678742,-0.624287722259672,0.517440315996961,21.8271876533671,0.104882187728458,0.104883261224974,0.104880884817015,11906.9157248917,1773036.54482291,5301325.00871642,2.12805837088015e-10,1.00004769325889,1.33109338776147e-24,2158.561,1,10,0,0,1,0,0
0.24,0.334316717971396,-0.341298440880843,30.0279695596221,5.88039824691389,5.75170280614494,-1.74637921879429,1.1487548085332,-4.28804039179765,6.0026138462918,58.6876596641021,-1636.97142058508,-237.340935083351,86.8367012499041,-231950.41951769,-588249.432740387,-7616.59281632922,-1114.61295717043,-813.278671229767,-725352.582807614,-2487868.60034884,-1637.30573730305,-236.999636642471,56.808731690282,-231956.299915937,-588255.184443193,-7614.84643711043,-1115.76171197896,-808.99063083797,-725358.58542146,-2487927.2880085,56.1018841522914,56.4503144563735,55.5185094388477,6608.11978465691,9892.22987791394,459.690178305295,460.656492717511,458.103206345838,25453.1025504968,55145.39409509,-0.279659668274935,0.389128659802656,10.3167191942195,-0.61201476187016,0.508748097627967,21.8408167764659,0.104883359623865,0.104880884993452,0.105515381432344,11940.2724022083,1651925.73115928,4858063.64848082,3.05587112384685e-10,1.01218316001535,1.34721580085721e-24,2148.868,1,10,0,0,1,0,0
0.245,0.325686232060581,-0.335748408208528,30.0125275177884,5.79579478073971,5.60661983113411,-1.73170451532253,1.08530484722997,-1.83623720375874,8.23336527445176,65.3956459947289,-1785.48422496416,-159.717015210077,3.18122659995096,-152472.252950534,-628655.695260203,-8140.68333748987,-729.459614455563,-1233.94468637973,-405343.42884956,-2709528.97142062,-1785.80991119622,-159.381266801869,-26.8313009178374,-152478.048745315,-628661.301880034,-8138.95163297455,-730.544919302793,-1232.10844917598,-405351.662214835,-2709594.36706662,58.0948971885673,58.4514958059631,57.5088185604461,6694.14254945516,10136.1938948697,465.071035610065,466.038229856696,463.515117484939,25778.9207519656,54622.4538182261,-0.269757701171572,0.305305598269638,10.1266652744967,-0.60087301121954,0.500647230509567,21.8573791283355,0.104886647550767,0.10488339090993,0.105532174772308,12369.4429565918,1379066.38738744,4432928.41794999,4.35339932885e-10,1.0124855688692,1.34779387182699e-24,2227.337,1,10,0,0,1,0,0
0.25,0.317115797495664,-0.330423401710105,30.0093922415761,5.71784804879966,5.46570425440684,-1.72301336543009,1.05879328786021,0.592906863164365,16.6232909042267,73.7263535527243,-1826.2584776232,-163.298852946844,-3.04455736541043,-154440.63542662,-642223.497112058,-8140.99722488452,-729.14840813733,-1283.25048649078,-405193.924591171,-2709681.43594004,-1826.57559342069,-162.968429545134,-33.0539496069865,-154446.353274669,-642228.962816312,-8139.27421151909,-730.207201425191,-1283.84339335394,-405210.547882075,-2709755.16229359,60.1203119278191,60.4808567189516,59.5275460552047,6825.94244085693,10383.0610647824,470.415932938616,471.371134034913,468.877639440884,25792.7035304818,54606.1940121557,-0.458565554163686,0.368994193321666,10.2458356665124,-0.589397849728991,0.492003450167204,21.874947844474,0.104881535884878,0.104881542126575,0.104880884817015,12297.1361464468,1313733.15504575,4096906.9892058,6.24227341128105e-10,1.00002494517821,1.33103320825892e-24,2176.328,1,10,0,0,1,0,0
0.255,0.308581795806055,-0.325150958788132,30.0178474809211,5.64155603497497,5.32652493839651,-1.7179278853041,1.06519002887767,2.75995645518099,30.4736767704898,83.6046108755319,-1867.02470991057,-166.879727241148,-9.54152883795042,-156410.327598064,-655883.414656908,-8141.2964117842,-728.866430732257,-1332.65585326681,-404958.451326853,-2710224.94535604,-1867.33329170637,-166.55457628236,-39.5593763188715,-156415.969154099,-655888.741181846,-8139.5784838989,-729.931620761135,-1335.41580972199,-404988.925003624,-2710308.54996692,62.1687496426594,62.5331790143599,61.5693535908682,6956.76677509951,10629.1877001125,475.700322022494,476.645163149938,474.179476397916,25401.9813419806,54382.2564561797,-0.355442844194139,0.388585523063904,10.427577697689,-0.577094789717366,0.483404131931018,21.8916783237509,0.104883625379288,0.104881570121874,0.104880884817015,11953.0656119378,1275567.29141057,3772335.93252565,8.8892418041377e-10,1.00006532510879,1.33108695349619e-24,2153.408,1,10,0,0,1,0,0
0.26,0.300054386647407,-0.3197818567644,30.0360843107428,5.5623674441719,5.18710220706792,-1.72126574799466,1.09905039362525,4.47195874487737,48.1494999624247,93.948962975839,-1907.71849542721,-170.541642894507,-16.1868980776584,-158447.479372396,-669409.946571238,-8141.23690643268,-728.948548421014,-1381.62822892738,-404963.929954449,-2710129.7930089,-1908.01854981385,-170.221861037743,-46.2229823884012,-158453.041739841,-669415.133673446,-8139.51564068469,-730.04759881464,-1386.10018767226,-405012.079454411,-2710223.74197188,64.2399581736565,64.6082327659283,63.6340210351907,7087.46822432698,10873.9664359895,480.926729610781,481.861757147978,479.422739718783,25713.4398063946,53848.0552017559,-0.475751477878317,0.401594494695755,10.3873275761222,-0.56504790325704,0.47490104125159,21.905962200905,0.104880885050937,0.104881600406994,0.104880884817015,12062.9355679058,1144055.44660439,3471416.67295851,1.2576166152316e-09,1.00001364584307,1.33101816851311e-24,2246.397,1,10,0,0,1,0,0
0.265,0.291486831531396,-0.314199457959826,30.0614770026671,5.47626319438042,5.04534670133452,-1.73490264997403,1.15252796961912,5.59803360905618,66.9473025196161,103.181557583768,-1948.45391749772,-174.181886430353,-23.0943342580608,-160459.870352894,-682921.556339594,-8141.36613114203,-728.936016098275,-1430.67647500873,-404975.782019521,-2709952.80176647,-1948.74540432925,-173.867686972393,-53.1558112607279,-160465.346616088,-682926.601686296,-8139.63122849206,-730.088544067894,-1436.27450861779,-405042.729322041,-2710055.98332406,66.3336817779117,66.7057625462332,65.721282647432,7219.1264160624,11117.307300425,486.097091110053,487.022707629587,484.609290416086,25768.2224960844,53692.9341232516,-0.456725294110703,0.315713829501435,10.308599503706,-0.552533691458749,0.466636373390376,21.9166137919361,0.104880885063598,0.104881368589038,0.104880884817015,12252.5411243926,1102823.73114278,3213012.34679982,1.76803781522056e-09,1.00000922522699,1.33101228498887e-24,2142.555,1,10,0,0,1,0,0
0.27,0.282835134476633,-0.308329734921929,30.0909169357043,5.3807460962559,4.89967594289214,-1.75578103483543,1.21610125369232,6.07747834502729,84.1426031141444,110.838213843753,-1989.09765248148,-177.908807719901,-30.1456623937413,-162558.260577442,-696322.697057002,-8141.1063386737,-729.263260970733,-1479.31567217308,-405213.831682655,-2709263.54942225,-1989.38048761596,-177.600477984979,-60.2365793294456,-162563.641323538,-696327.596732945,-8139.35055763886,-730.479362224426,-1485.39315051811,-405297.974285769,-2709374.38763609,68.4496721106486,68.8255110197904,67.8308676882901,7349.78543923657,11360.6601394044,491.212562473887,492.129109120965,489.740863984277,25360.0728902906,53932.0565705035,-0.336536723662009,0.323666696419012,10.3837439902466,-0.539561690383023,0.458630185912043,21.9228143507974,0.104883995456316,0.104880884997325,0.104880884817015,12109.961511294,1162139.56863144,3032636.53224722,2.47043514835168e-09,1.00005931848957,1.33107895742529e-24,2151.874,1,10,0,0,1,0,0
0.275,0.274070286007721,-0.302145768030201,30.1211660896121,5.27488213465391,4.74904382488184,-1.78088902884406,1.28013731012695,5.91949640810239,97.3037687561879,116.211517784505,-2029.80419310811,-181.556977812025,-37.5545058470924,-164579.692950308,-709899.959578645,-8141.11489325808,-729.290904981339,-1528.41291175366,-405161.532061883,-2709374.48382978,-2030.07826339412,-181.254832043995,-67.6756719367045,-164584.967832443,-709904.70862247,-8139.33400422924,-730.571042291466,-1534.33240816177,-405258.83583064,-2709490.69534757,70.5877159929891,70.9672764976379,69.9625860975987,7480.12981059443,11605.3381639924,496.276240531887,497.183540146166,494.819271893885,25606.238291337,54179.6498085381,-0.172664291812069,0.543982607975444,10.4930410623188,-0.525916150110302,0.450483913818907,21.924272820341,0.104880884887574,0.1048813559205,0.104880884817015,11891.5080280344,1180641.84434914,2871218.07643699,3.43194645958759e-09,1.00000898361294,1.33101195897732e-24,2162.101,1,10,0,0,1,0,0
0.28,0.26518174699476,-0.295664077752389,30.1491903772469,5.15936829585248,4.59324693881527,-1.80576292281343,1.33663422942975,5.1955455463122,104.669496441059,118.627930204159,-2070.55736787991,-185.104153594252,-45.3141353216807,-166532.801720028,-723629.816532608,-8141.29037347806,-728.8818160173,-1577.930891663,-404963.26347384,-2710237.6854005,-2070.82254962691,-184.808489516499,-75.4633256989276,-166537.961088324,-723634.409779547,-8139.48461055524,-730.21845024673,-1583.12643720931,-405067.932970282,-2710356.31333071,72.7475783686656,73.1308062204438,72.1161597603672,7611.48110470726,11850.0872424885,501.288651845729,502.186443016945,499.846019062316,25771.9432604728,54358.7784799064,-0.392559440855162,0.109695371047526,10.3844753574187,-0.512020475615271,0.441758092392534,21.9212601832802,0.104888758209573,0.104881088168019,0.104880884817015,12111.0852438813,1245072.99475915,2703847.21071566,4.74027491409157e-09,1.00015037022128,1.33120500547166e-24,2159.67,1,10,0,0,1,0,0
0.285,0.256185267407684,-0.288936005803371,30.1724391519549,5.03605722683004,4.43277811538916,-1.8242819548565,1.37952311320231,4.02575410665326,106.10829464863,118.203958010464,-2111.25564918745,-188.777975482316,-53.1679695305968,-168581.666672918,-737131.383303532,-8141.28367930715,-728.996408517657,-1626.84098670287,-405040.168825761,-2709967.02955258,-2111.51183445485,-188.489039476512,-83.3404086825517,-168586.702730145,-737135.816081647,-8139.45939735229,-730.375931630859,-1630.86674080953,-405146.277120409,-2710085.23351059,74.9290447854437,75.3159048964977,74.2914211651542,7742.38192948526,12095.9577139317,506.251361295211,507.140287736056,504.822768086702,25420.6954241747,54264.1324898651,-0.267652796944203,0.551577549883482,10.5898848163219,-0.497612682424842,0.432294651362717,21.9143851914874,0.104880885131641,0.104881764619495,0.104880884817015,11664.6744061772,1189552.93468088,2530108.39932325,6.51310894685573e-09,1.00001677726689,1.33102233849931e-24,2141.881,1,10,0,0,1,0,0
0.29,0.247120951287929,-0.282029483200391,30.1890493096144,4.90733205971283,4.26881140698105,-1.83280753072864,1.40825371948917,2.56261856646001,102.819765742725,115.50058526148,-2151.92347876487,-192.435152639677,-61.3033829583012,-170622.7824353,-750734.184165194,-8141.12924236969,-729.048193460077,-1675.89335084735,-405054.460805055,-2710204.04355808,-2152.17059971616,-192.153123156476,-91.4924322679156,-170627.68976736,-750738.452976601,-8139.29643483897,-730.456447179566,-1678.45596941381,-405157.280570798,-2710319.54414334,77.1319004594511,77.5223581253079,76.4881403179258,7872.91210109475,12341.502058104,511.165842042069,512.04628798755,509.750946850126,25618.417328386,54161.539881304,-0.316409945059021,0.354670971842785,10.4295909023543,-0.483297931316231,0.421975335585472,21.9047050226913,0.104881471782947,0.104880884919336,0.104880884817015,11973.6932036558,1201778.21925994,2383338.68227402,8.90234568695963e-09,1.00001119303554,1.33101490052324e-24,2150.28,1,10,0,0,1,0,0
0.295,0.238039710936258,-0.275001884915575,30.1979621448705,4.7763989315203,4.10403978835927,-1.83056802578312,1.42765197899899,0.9727259754491,94.2396238022715,108.305371686533,-2192.642706353,-196.085384831942,-69.687257325966,-172648.126378435,-764285.114768691,-8141.20621097362,-729.075557627132,-1724.9685616553,-405088.106058254,-2710208.07611034,-2192.88074606393,-195.810382947027,-99.8852194708365,-172652.902777367,-764289.218808479,-8139.37564294784,-730.503209606131,-1725.94128763075,-405182.345682057,-2710316.38148203,79.3559405193451,79.7499550866684,78.7061005928876,8004.33105735016,12586.3378900222,516.033371512089,516.905568402072,514.631931067354,25771.9360174031,53898.2999335861,-0.171372365408228,0.412563842295321,10.6689555913567,-0.469135200658472,0.410968363896001,21.8933138870632,0.104880885061103,0.104881108778042,0.104880884817015,11461.3531274177,1095564.59293746,2227348.78420135,1.21069538091294e-08,1.00000427084006,1.33100569059515e-24,2143.304,1,10,0,0,1,0,0
0.3,0.229026293455916,-0.267911007603442,30.1989481885883,4.64516939702846,3.94069243733153,-1.80482149341471,1.43292554906002,-0.581516119259331,85.4975119855037,100.720964082666,-2233.273593045,-199.826919584173,-78.2049445488787,-174756.791481176,-777704.005098118,-8140.94421184327,-729.427567644668,-1773.63248584063,-405353.706312249,-2709643.8988252,-2233.50261933846,-199.55900857657,-108.403892737467,-174761.436650574,-777707.945790555,-8139.13939034986,-730.860493193728,-1773.05096972137,-405439.203824235,-2709744.61978929,81.6009497624628,81.9984850339872,80.9450892659533,8135.30012222042,12831.2077060664,520.855111912909,521.719345880084,519.467029154469,25479.137970395,54208.5873196315,-0.380037168178585,0.135931848873692,10.3686815806857,-0.453959898010156,0.398222156260353,21.8814939619726,0.104881811439608,0.104881870175406,0.104880884817015,12056.2825308581,1200761.82611742,2122263.17209908,1.63844975447161e-08,1.00003045105754,1.33104852878721e-24,2162.667,1,10,0,0,1,0,0
0.305,0.220175975603495,-0.260794913763239,30.1925536344733,4.51441857803131,3.78066538108063,-1.76422556193942,1.43705201053379,-1.95477047190624,77.5490677637777,92.4047850193479,-2274.01058695024,-203.429026376648,-87.1265878481617,-176744.846811317,-791315.579507527,-8141.04990627114,-729.265642122568,-1822.87755423756,-405200.680476272,-2709908.17489242,-2274.23076292585,-203.168231462885,-117.319141482635,-176749.361229895,-791319.360172908,-8139.2856807092,-730.702694133102,-1820.92278376565,-405278.229544036,-2710000.57967744,83.8667583214802,84.2677737210554,83.2049291277183,8265.92842955291,13076.7139387882,525.632768642691,526.489094569821,524.257548893833,25602.6569594607,54296.7075972243,-0.256959892268392,0.233438036152256,10.4809497434069,-0.439891595792551,0.385848442612894,21.8703300513788,0.104881535974034,0.104883280384392,0.104880884817015,11797.6978489808,1157780.62494743,2017783.38498449,2.20684689489167e-08,1.00005452075064,1.33107733044779e-24,2160.487,1,10,0,0,1,0,0
0.31,0.211552024329555,-0.25364350443492,30.1799809329947,4.38432640607979,3.62585352319764,-1.71299611688895,1.44650927569908,-3.03199629080941,71.2179229539981,83.4484231755186,-2314.73154148869,-206.997638753378,-96.345146322943,-178718.640313275,-805076.129991332,-8141.09678776938,-728.98633946831,-1872.28958523339,-405064.992956498,-2710769.00329686,-2314.94309351302,-206.743995248943,-126.525127255938,-178723.024639681,-805079.755844855,-8139.3837916525,-730.432848744009,-1869.25758894258,-405136.210879452,-2710852.45172004,86.1531658731325,86.5576232968734,85.4854209188079,8397.36766638656,13323.0897904227,530.367606603607,531.216329777592,529.00468373265,25802.0034585481,54573.8054832708,-0.194562923744063,0.254726140409116,10.2908191529813,-0.426549965271944,0.373412445841908,21.8608844736699,0.104883370795646,0.104881132337017,0.104880884817015,12175.8466482195,1263525.26033409,1925429.69909923,2.95892412313018e-08,1.00004772373462,1.33106938043961e-24,2151.862,1,10,0,0,1,0,0
0.315,0.203203761648741,-0.246429236958025,30.1629163223865,4.25433953892668,3.47748954793203,-1.65259415540205,1.46193209230824,-3.73632106953229,67.882391650232,75.3620408186149,-2355.58633483155,-210.522584684666,-105.816447630253,-180633.770058422,-818673.595551944,-8141.62834089225,-728.557298789336,-1921.72474851368,-404745.59320993,-2710977.66577643,-2355.78953859319,-210.276155447708,-135.979363952639,-180638.024397961,-818677.073041492,-8139.97574673684,-730.019230881644,-1917.98842744414,-404813.47560158,-2711053.02781724,88.4599718542786,88.8678488671421,87.7863822149471,8528.64944050402,13569.8927144673,535.060240083723,535.902041698176,533.709596733833,25570.3490646641,54323.4065599107,-0.129511763129194,0.314749542550607,10.3518352337918,-0.413505311768892,0.360898603605034,21.8537966217781,0.104881906325665,0.104881139788855,0.104880884817015,12034.3541823436,1135547.42816295,1809420.98204326,3.94998597387208e-08,1.00002434101396,1.33103239870773e-24,2146.251,1,10,0,0,1,0,0
0.32,0.19516374191582,-0.239121467880421,30.1433292692208,4.12363797034444,3.33616786197932,-1.58837678450704,1.48398457088817,-4.03231179644342,67.3991371244468,68.499043674872,-2396.2152567844,-214.105199113058,-115.550513877131,-182637.720105897,-832635.064332824,-8141.34542003939,-728.361551082666,-1971.18139622014,-404656.790899339,-2712548.11510131,-2396.41042052631,-213.866077645177,-145.693843146352,-182641.843743867,-832638.400500686,-8139.75704325489,-729.845535653554,-1967.14908442369,-404724.190036464,-2712616.61414499,90.7870287434772,91.1982861971239,90.1076325397574,8659.39402332113,13815.5452385144,539.71238181466,540.546940336921,538.373397079916,25557.8259776353,54237.8540589357,-0.0755790669598911,0.0958006140544782,10.3473075844,-0.40132644342343,0.348775242462173,21.8496306589637,0.104883557883399,0.104881607190156,0.104880884817015,12043.0485270349,1155800.47575488,1712370.18802443,5.2501893741398e-08,1.00006078863822,1.33108618148997e-24,2188.879,1,10,0,0,1,0,0
0.325,0.187442723518775,-0.231696346443536,30.1232641742764,3.99157254910951,3.20195045114451,-1.52378298365057,1.50924540407012,-3.92574714341702,69.3632440456936,63.2965735518027,-2436.98130113369,-217.707476904368,-125.454514331932,-184617.558330949,-846231.750079932,-8141.5565660384,-728.240809836521,-2020.39334050702,-404541.075922514,-2712696.4218397,-2437.16874385721,-217.475780557924,-155.577778506208,-184621.549903498,-846234.952030384,-8140.03278305475,-729.750055240591,-2016.4675933636,-404610.439166559,-2712759.71841325,93.1341445291626,93.5487510255062,92.4489933977926,8790.65276541695,14060.499353632,544.324665397018,545.152795989491,542.997137707322,25791.2259961426,53849.8678262673,-0.212413280888894,0.300704233914037,10.4318571379164,-0.38978497037369,0.336918387209492,21.8484110134284,0.104881156002426,0.104882063955435,0.104880884817015,11851.8612989704,1022148.70741851,1607890.01668759,6.94966362212529e-08,1.00002510071864,1.33103681118421e-24,2147.326,1,10,0,0,1,0,0
0.33,0.180037353100134,-0.224151143627662,30.1046437185584,3.85789901839549,3.07451295045761,-1.4610620860946,1.53257821405378,-3.45920144889574,72.8398976746526,59.740353946909,-2477.68962639137,-221.351868037203,-135.557557810272,-186643.538427056,-859793.908148589,-8141.56658529916,-728.250764444991,-2069.45433673596,-404569.1916195,-2712707.41825209,-2477.86966374447,-221.127716893575,-165.66220152883,-186647.396326074,-859796.98266154,-8140.10552321307,-729.783342659044,-2065.99513528706,-404642.031517175,-2712767.15860603,95.5011581977324,95.9190848197827,94.810304678114,8922.26051308768,14304.7120347406,548.898508207243,549.719662644711,547.581854250765,25675.11611441,53834.2615580397,-0.361816843796938,0.123439585377603,10.474817979495,-0.379020155683918,0.32548981503922,21.8500701673682,0.104881162390883,0.104880884880763,0.104880884817015,11767.0438714023,1031312.21926819,1527734.39301975,9.16236299569233e-08,1.00000529315896,1.33100704677798e-24,2143.11,1,10,0,0,1,0,0
0.335,0.172937553261937,-0.216511238883851,30.0891003748973,3.72297141597124,2.95336673950071,-1.40065633255287,1.5477229710866,-2.70525875308821,76.845045829281,57.6939125050288,-2518.37845689538,-225.023437537713,-145.864035970334,-188689.760947482,-873295.226042948,-8141.50223471039,-728.349616001283,-2118.36834054013,-404610.21154866,-2712478.5405534,-2518.55139444864,-224.806926298829,-175.953136345231,-188693.483918898,-873298.179409687,-8140.10157837784,-729.897338972369,-2115.66308178705,-404687.05659449,-2712536.2344659,97.8878966855737,98.3091122457295,97.1913798608276,9053.40845787786,14548.4197043083,553.434219405031,554.249130989131,552.128483276269,25612.2946379765,53850.9973041481,-0.279151030748206,0.24296134012239,10.4040108068781,-0.368896095039739,0.314484211817366,21.8540871264532,0.104883850271445,0.104881679779373,0.104880884817015,11919.7651994834,981829.304110385,1457153.52567284,1.20312857777855e-07,1.00006739074615,1.33109544532117e-24,2163.4,1,10,0,0,1,0,0
0.34,0.166133383245879,-0.208830963344717,30.0778487965299,3.58757331462782,2.83787675002365,-1.34204929338306,1.54921117189124,-1.75706788416773,80.6337943155748,56.9734564806565,-2559.07210751291,-228.674956452803,-156.44731903464,-190721.397566714,-886859.216903027,-8141.45558946402,-728.383276734667,-2167.3884026619,-404639.565091964,-2712474.57535819,-2559.23824089615,-228.466125489458,-186.52516783117,-190724.985140028,-886862.054779777,-8140.11354017064,-729.932487906559,-2165.63133477773,-404720.19888628,-2712531.54881467,100.294194912891,100.718668959894,99.5920633524475,9184.9529133351,14793.3549971024,557.932928908714,558.741649542712,556.637970862079,25852.9728157471,54219.1123513066,-0.30396787081278,0.293636650484181,10.3347063570778,-0.359436321551192,0.303811518604961,21.8599267844557,0.104881182403418,0.104882189613831,0.104880884817015,12075.8078332352,1090088.98041947,1405937.46741491,1.57389558159353e-07,1.00002776365463,1.33104067068741e-24,2158.339,1,10,0,0,1,0,0
0.345,0.159613963052672,-0.201184683939823,30.0716075154154,3.45293432788405,2.7275417935036,-1.28608216081181,1.5343506491573,-0.718228203670107,82.7261048621187,56.6085683080981,-2599.89150784151,-232.211833214814,-167.381007523651,-192656.585019004,-900478.825728435,-8141.81247708146,-728.034586299888,-2216.74773108066,-404414.963499316,-2712703.89569945,-2600.05112180456,-232.010648530875,-197.452615039066,-192660.037953332,-900481.553270229,-8140.52639492065,-729.568936949046,-2216.02950287699,-404497.689604179,-2712760.50426776,102.719903169015,103.147610304459,102.012207133461,9316.86174108756,15039.0309823461,562.395788901213,563.198535659108,561.111233529715,25735.0144356396,54158.3443744085,0.0436283736654505,0.253727141275034,10.4560715316067,-0.350747632446518,0.293692323843567,21.866774082416,0.104881189523272,0.104881677779409,0.104880884817015,11851.0237589812,1027717.643316,1339599.43113282,2.05133906263147e-07,1.0000157143214,1.33102786031559e-24,2227.708,1,10,0,0,1,0,0
0.35,0.153368227021018,-0.193661301164598,30.0705721617681,3.32113361646695,2.62228994408994,-1.23190849821783,1.49986166142723,0.307519052370288,81.8190636311376,55.7566610860845,-2640.61141394011,-235.813252762792,-178.518654001008,-194652.731900696,-914155.813803456,-8141.8496025402,-727.914217702231,-2265.96114021707,-404324.598330393,-2713096.36969941,-2640.76478216713,-235.619591461628,-208.589226162776,-194656.053034313,-914158.4360934,-8140.61769404199,-729.414079363658,-2266.26865926944,-404406.417394024,-2713152.12636049,105.164864023387,105.595771830873,104.451638987199,9447.96673308596,15284.193533541,566.82369488743,567.619966046952,565.549102167675,25545.7429586725,54156.2824687012,-0.246932292335782,0.322113622554876,10.4607404594016,-0.34246876273506,0.2838378387554,21.8739468250036,0.104884156357699,0.104881197464598,0.104880884817015,11842.8973801976,1042300.18377831,1278119.28294708,2.66384993262578e-07,1.00006282086053,1.33109097267559e-24,2148.022,1,10,0,0,1,0,0
0.355,0.147389940043459,-0.186368216700758,30.0744377901177,3.19438009094622,2.52195704420357,-1.17841080560805,1.44154881605425,1.22543796491515,78.5385141547384,54.7592331044945,-2681.39986558552,-239.391070266841,-189.910368509697,-196614.87531801,-927746.225088986,-8142.09329392286,-727.726086971602,-2315.20359118262,-404161.638362946,-2713209.58530773,-2681.54725552557,-239.204702050141,-219.984806299815,-196618.069698101,-927748.74704603,-8140.91488311725,-729.167635787657,-2316.42902914753,-404240.176877101,-2713264.34454083,107.62892245556,108.063010249558,106.910225142539,9579.08981638527,15529.1767169633,571.217417558615,572.007683042303,569.952430676677,25747.6929830276,53836.317523377,-0.1044844054345,0.307053352798785,10.4020911827303,-0.334211758332269,0.273759610370309,21.8806471565381,0.104881206203689,0.104881207153025,0.104880884817015,11982.8299954255,935833.389407315,1210326.53274424,3.44731156593172e-07,1.00001227416608,1.33101633846261e-24,2147.703,1,10,0,0,1,0,0
0.36,0.141666245296499,-0.1794153510774,30.082464528925,3.07454259112105,2.4260752022539,-1.12938833092657,1.36263125848312,1.95780734540022,73.204294862227,53.695710406155,-2722.07353784955,-243.014412076308,-201.520940268121,-198640.821185646,-941460.626781947,-8141.99372148185,-727.674377756505,-2364.35051300115,-404193.471334298,-2713708.42210133,-2722.21520409484,-242.834996725231,-231.603404797046,-198643.895728237,-941463.05285715,-8140.86433315092,-729.037009014988,-2366.30832034655,-404266.67562916,-2713762.11781174,110.111944496933,110.549183503039,109.387811540685,9710.74757847475,15773.26738666,575.57743295842,576.362340010768,574.322005889042,25736.0616507957,53851.8982923055,-0.192613595099902,0.134216664125406,10.4581937678504,-0.326139578223606,0.264050249490698,21.8863411320131,0.104881806087818,0.104881756240339,0.104880884817015,11876.1124588922,957161.582230069,1157654.56280977,4.4458308222568e-07,1.00003105884313,1.33104550100561e-24,2148.559,1,10,0,0,1,0,0
0.365,0.136161858046129,-0.172888368728588,30.0935774567384,2.96281061763397,2.33368777402404,-1.09008932077723,1.26969323028959,2.44947795395979,66.4702016520542,52.9898262770994,-2762.77662155467,-246.703430888596,-213.267662911017,-200694.779346827,-954874.017436743,-8141.97571991811,-727.824809863314,-2413.17784985403,-404267.469268405,-2713199.83815626,-2762.91278341271,-246.530542519867,-243.361240367755,-200697.742157445,-954876.351124517,-8140.88563059733,-729.094503093603,-2415.62732780799,-404333.939470057,-2713252.82798254,112.613778273315,113.05414017158,111.884247293697,9841.98707534239,16017.352027028,579.904719884009,580.6837459385,578.658580648398,25593.0812329671,53786.3608149058,-0.078621685800589,0.218242696754031,10.4539302280106,-0.318174141326747,0.25489590277902,21.8904963450004,0.104881783408156,0.104881223234102,0.104880884817015,11895.797485869,900767.317041885,1106067.51588502,5.71453173105814e-07,1.00001779951731,1.33103139696996e-24,2158.64,1,10,0,0,1,0,0
0.37,0.13081386101552,-0.166832317633063,30.1064883076507,2.8601502607537,2.24365800521357,-1.06639492292071,1.17251596756285,2.67097105204441,58.2639518507608,52.4935128266504,-2803.47641936709,-250.347610628818,-225.333537249073,-202716.256905397,-968439.993571317,-8141.93142376653,-727.847016763997,-2462.22781590024,-404261.477517829,-2713192.67344917,-2803.6072332281,-250.180778311185,-255.440025556724,-202719.117055658,-968442.237229322,-8140.86502884361,-729.019532731559,-2464.89878695229,-404319.74146968,-2713245.166962,115.134287575096,115.577747328943,114.399401709792,9973.31761965281,16262.0336715653,584.199813711926,584.973555115951,582.962909590325,25756.4813183926,54051.0866376426,-0.238053330224311,0.0918116978229305,10.3249608702919,-0.310169337657053,0.246364428621991,21.8928836064858,0.104880884817015,0.104880885048935,0.104880884817015,12167.811245052,962443.731282203,1069578.35809421,7.32156852094663e-07,1.00000000442254,1.3310000058864e-24,2260.893,1,10,0,0,1,0,0
0.375,0.12554298442225,-0.161253907971664,30.1198257465954,2.76675167948451,2.15449119643304,-1.0590296011294,1.0768008057376,2.61878823025412,49.8543940390655,52.8753082336847,-2844.15832141256,-254.001136851637,-237.625287504961,-204757.565165096,-982001.356967683,-8141.8510850656,-727.879061791749,-2511.22172718827,-404330.160905909,-2713169.891712,-2844.28386439698,-253.839882943666,-267.745113251556,-204760.331916775,-982003.511458879,-8140.79205546448,-728.955862597486,-2513.84051541852,-404380.015299948,-2713222.76702024,117.673310075936,118.119836963875,116.933091658293,10104.7734332802,16507.0442173434,588.463593362447,589.231835295092,587.235624077211,25731.0990701547,54056.7729082965,-0.295386383631876,0.0476790507204264,10.5090175722383,-0.301729892710409,0.237884773790432,21.8933483000208,0.104883884090212,0.104880973896673,0.104880884817015,11785.3822302647,935960.199726375,1025780.85312451,9.35027554368355e-07,1.00005839877466,1.33107838714944e-24,2154.109,1,10,0,0,1,0,0
0.38,0.120270213256535,-0.156127622259017,30.1322638850533,2.68194980013272,2.06453586512022,-1.06721055996415,0.989915871403183,2.31441118960689,42.4227490104272,54.5415282525068,-2884.8737564111,-257.635118091661,-250.187582230372,-206774.266274103,-995570.822166989,-8141.86863557474,-727.86361972094,-2560.29035693929,-404308.898625526,-2713168.04252556,-2884.99402662436,-257.478990469402,-280.319846115425,-206776.948223903,-995572.886702854,-8140.80142501478,-728.853535592343,-2562.60476812889,-404351.321374536,-2713222.58405381,120.230751778829,120.68032413546,119.485251193822,10235.9575413532,16752.1499013813,592.696781110302,593.459498650705,591.477529452112,25566.4702815677,54038.204980597,-0.290660559377774,0.266033574743769,10.3743303781281,-0.292956392505561,0.229708092759012,21.8920270270264,0.104881867746198,0.104880976762332,0.104880884817015,12059.8782640791,931581.047593344,983201.977019305,1.19047748366382e-06,1.00001887755854,1.33102728173546e-24,2154.956,1,10,0,0,1,0,0
0.385,0.114927122115893,-0.151392573911462,30.1426400016303,2.60424116615273,1.97222148499238,-1.08747510481434,0.91881005985973,1.80103899130882,36.8237421598725,57.4187438098747,-2925.58147001359,-261.280773269388,-262.979567770445,-208798.968595911,-1009117.28469841,-8141.86130359394,-727.882816751948,-2609.31243069097,-404307.668743073,-2713114.5161106,-2925.6963971357,-261.129380695477,-293.122207772075,-208801.572837077,-1009119.25691989,-8140.77382848912,-728.801626811808,-2611.11346968228,-404344.492485233,-2713171.93485441,122.806462540357,123.259055050817,122.055720597356,10367.0789126318,16996.866943078,596.899713601536,597.657089863158,595.689235833249,25701.3328956049,53816.3014162535,-0.0927431923341693,0.167458694178351,10.3836833584642,-0.284107100551202,0.221864422199752,21.8891244304283,0.104880884817015,0.104881138197059,0.104880884817015,12037.7049431586,869983.247780342,938265.941263304,1.51117169830133e-06,1.0000048317737,1.33100643109079e-24,2256.998,1,10,0,0,1,0,0
0.39,0.109469553608007,-0.146959409786674,30.1500517426659,2.53171615817627,1.87668523987537,-1.11348570770558,0.868040774784975,1.13872356359843,33.4912067721221,60.6944272400598,-2966.21169740255,-265.085781333196,-275.811609379828,-210935.349423347,-1022346.63800651,-8141.64585267537,-728.357343345465,-2657.75111927818,-404602.552122087,-2712048.4178201,-2966.32116695616,-264.938821923409,-305.961661122494,-210937.881139505,-1022348.51469175,-8140.53236696767,-729.22538412025,-2658.88984284178,-404636.043328859,-2712109.11224734,125.400285848292,125.855794152527,124.644190850193,10497.7371839854,17238.0780325825,601.073361923602,601.825427125778,599.871073078872,25621.3410336704,53746.7852196092,-0.152523607583754,0.156122285522322,10.4625665178621,-0.275279441537622,0.214387436936691,21.885014372121,0.104886112601217,0.104893841809663,0.104880884817015,11862.7976570469,859788.039585533,899008.653256182,1.91189753795643e-06,1.00034639022418,1.33146157479178e-24,2231.192,1,10,0,0,1,0,0
0.395,0.10389352184131,-0.142727079275121,30.153927496137,2.46183751519993,1.77754667012087,-1.13539068853177,0.837808068193258,0.398593854049652,33.0844914898493,64.3847430796928,-3006.92114514867,-268.720110173316,-289.095564008388,-212955.287668558,-1035894.29730457,-8141.64047795395,-728.329297555806,-2706.78269234957,-404588.732806988,-2712023.46886752,-3007.02503867051,-268.577383094041,-319.249491504525,-212957.749506073,-1035896.07485124,-8140.50508726541,-729.167105624,-2707.18128620362,-404621.817298478,-2712087.8536106,128.012148168239,128.470626981684,127.250885847311,10628.4482205515,17482.2422189092,605.218523688392,605.965194271363,604.024258601146,25486.117369098,53843.8215782621,-0.147693535569959,0.247084759708083,10.4117295270687,-0.266566452392185,0.207229107060257,21.8801010295874,0.104880884990368,0.104881164388745,0.104880884817015,11958.1149231539,859515.116760367,867137.340838381,2.41282755378885e-06,1.00000533123184,1.33100710026813e-24,2145.659,1,10,0,0,1,0,0
0.4,0.0982323350307926,-0.138593715638354,30.1540660855981,2.39259837879057,1.67583301949887,-1.14794074198524,0.828218740659163,-0.343538907109555,34.4932549824958,66.1649118053627,-3047.62774823287,-272.374815499043,-302.628303311096,-214979.691430974,-1049453.75126262,-8141.63645955457,-728.379957180263,-2755.82979416645,-404583.505223541,-2712010.54988625,-3047.7259805679,-272.236221783405,-332.782369396694,-214982.084029353,-1049455.42709564,-8140.48851881258,-729.208175920922,-2755.48625525934,-404617.998478523,-2712076.71479805,130.641902220163,131.103324240026,129.875505409364,10759.2567805921,17726.8716349613,609.335464685294,610.076799689095,608.14908103288,25663.2241703741,53938.6697300569,0.0197932266499028,0.210397981635089,10.4240595295429,-0.258540987693113,0.200721739655548,21.874851847344,0.104880884877216,0.104880985527093,0.104880884817015,11927.1098426963,870649.399110956,837780.053958707,3.03645757372648e-06,1.00000192047336,1.33100255766922e-24,2145.267,1,10,0,0,1,0,0
0.405,0.0925588260451226,-0.134476150626264,30.1506419326266,2.32224877434607,1.57326647230852,-1.14039074999948,0.831595952085446,-1.01449631038707,37.4543057185057,65.8375808962631,-3088.39544452502,-275.9340982248,-316.523193669768,-216930.753032732,-1063161.52047664,-8141.78433794157,-728.169596404236,-2805.19733329165,-404427.466962692,-2712467.34711926,-3088.48800335106,-275.799622074174,-346.673835602394,-216933.075281507,-1063163.09374311,-8140.64394719157,-729.001192356321,-2804.18283698126,-404464.92126841,-2712533.18470016,133.289415471661,133.753755932194,132.517906563454,10890.6581785146,17971.5140290126,613.424552683637,614.161258099079,612.246078271498,25762.3775873603,53979.8112507919,-0.0869959964786218,0.181025942297343,10.4892741492756,-0.250557071406772,0.194302483939701,21.8697384720727,0.104882797603414,0.104881399720141,0.104880884817015,11776.5359746952,877094.493210655,808469.972238159,3.81062395240966e-06,1.00003652345868,1.33106161856034e-24,2145.036,1,10,0,0,1,0,0
0.41,0.0869794442053908,-0.130325201943816,30.1441762765475,2.24992420429577,1.4724319118205,-1.10992167622293,0.841887122898519,-1.54987705789765,40.893016138869,62.7752194116868,-3129.10095003288,-279.550586379432,-330.586948327861,-218937.660289505,-1076818.01547563,-8141.77270743858,-728.108013509313,-2854.34143798611,-404390.312808086,-2712734.17701736,-3129.18792947708,-279.420261177488,-360.731124604409,-218939.910213709,-1076819.48790754,-8140.66278576236,-728.949900632212,-2852.79156092822,-404431.205824225,-2712796.95223677,135.954589784392,136.421827478882,135.178012518775,11022.020044191,18216.3278120238,617.486277519429,618.218394020848,616.315874942955,25600.1525635816,53925.2693942802,-0.090820056914901,0.266518493336818,10.5254625446282,-0.24303607940468,0.188337798263821,21.8652133196637,0.10488117538017,0.104881174815895,0.104880884817015,11692.6572076907,835129.228873694,777700.129705079,4.7695710269544e-06,1.00001106998331,1.3310147353665e-24,2161.497,1,10,0,0,1,0,0
0.415,0.0816067455152309,-0.126124252069895,30.1354767193871,2.17553769954978,1.37597148644434,-1.05687692922927,0.851964662600123,-1.90049605346151,43.8994628054481,57.1217153302551,-3169.81835120451,-283.152041270767,-344.929508496416,-220929.36756141,-1090526.40188263,-8141.79569102809,-728.017058301886,-2903.57599184745,-404309.887809028,-2713164.31739312,-3169.89995795003,-283.025917018697,-375.064985215803,-220931.54309911,-1090527.77785411,-8140.73881409886,-728.869022964486,-2901.67549579399,-404353.787271833,-2713221.43910845,138.637295447793,139.107406995892,137.855680905994,11153.3270346898,18460.9157846558,621.521856908321,622.248904223355,620.358964107172,25750.906048997,53887.0586921543,0.053503222132195,0.23021637269001,10.3915081785373,-0.235875192335525,0.182603673513648,21.8616901692576,0.104881183087132,0.104881389533446,0.104880884817015,11968.2800959829,826748.335262131,749528.905987946,5.95417700376353e-06,1.00001455532344,1.33102038079764e-24,2316.685,1,10,0,0,1,0,0
0.42,0.0765400807343149,-0.121886324986237,30.1255484280013,2.09976212163969,1.2861547004326,-0.986263031105055,0.856967633403886,-2.03718754983454,45.8883334324656,49.7251572793644,-3210.51441408855,-286.80460740647,-359.435680550202,-222961.630080545,-1104087.42666745,-8141.76453200834,-728.050256503603,-2952.5952839426,-404344.505907434,-2713147.33424543,-3210.59095416928,-286.682721081484,-389.561228978203,-222963.729842667,-1104088.71282215,-8140.77826897724,-728.907224137007,-2950.55809639276,-404390.394240866,-2713197.05940271,141.337420018817,141.810383778635,140.550807003095,11285.2726184026,18705.3081218979,625.531246008246,626.25372108862,624.375880386699,25848.5199269753,53772.6222050717,-0.180556419623631,0.157145200497432,10.4350589865324,-0.228963630168872,0.177025863188799,21.8594518334507,0.104880995807578,0.104880997799514,0.104880884817015,11865.4082190533,789541.249744959,720779.288411496,7.41408485144017e-06,1.00000426758624,1.33100568470233e-24,2142.566,1,10,0,0,1,0,0
0.425,0.0718443282669462,-0.117640886603658,30.1154860109799,2.02361576278925,1.20445311910091,-0.907005750500412,0.855097073629984,-1.95365994233279,46.3707997477273,41.3476526016782,-3251.2090168361,-290.481634288173,-374.135372614141,-225011.309598118,-1117559.80391821,-8141.73265241004,-728.140389900349,-3001.47209093875,-404408.669381663,-2712889.80466513,-3251.28086116437,-290.363993401569,-404.250858625121,-225013.333213881,-1117561.00837132,-8140.82564665954,-728.995486973979,-2999.51843099642,-404455.040181411,-2712931.15231773,144.054852409503,144.530646554809,143.263269585385,11417.1233284855,18949.4377919753,629.515047887329,630.233019868794,628.367112460692,25719.5212631278,53804.3505606658,-0.0254922344595193,0.0601425692906953,10.3708292080344,-0.222427713483836,0.171542205186345,21.8586980376184,0.104881415911774,0.104880998643791,0.104880884817015,12002.0294023296,782831.226980955,696500.093063992,9.20878678341142e-06,1.00001121838275,1.33101636891758e-24,2209.897,1,10,0,0,1,0,0
0.43,0.0675422609295013,-0.113420419252959,30.1063559908494,1.94818147206439,1.13133313104457,-0.827202104418487,0.846920508856381,-1.66736359628761,45.4658625514856,33.2907013778984,-3291.91629035737,-294.148829903127,-389.100999541121,-227048.865844859,-1131029.2601453,-8141.72601530354,-728.206473264024,-3050.41835880784,-404433.637844691,-2712619.65884778,-3291.98383261829,-294.035409483874,-419.207355531971,-227050.814026331,-1131030.39147843,-8140.89881319912,-729.05339377288,-3048.75099521155,-404479.103707243,-2712652.94954916,146.789487902206,147.268090479882,145.992967931845,11549.0717271739,19193.7275676499,633.473959760183,634.187541705534,632.333160664185,25872.24689796,53835.1679328091,-0.00668392268709457,0.0598718762658585,10.4121121322048,-0.215973440280463,0.165909405655453,21.8594231010195,0.104881207395303,0.104880884835882,0.104880884817015,11917.815837011,766095.013258035,674116.963280914,1.14099945468697e-05,1.00000615133606,1.33100818790717e-24,2261.663,1,10,0,0,1,0,0
0.435,0.0636173914868925,-0.109249226654518,30.0990827521794,1.87427792077283,1.06624055219547,-0.754651371124749,0.835186441420943,-1.21723685238033,43.7753451445036,26.7594968569158,-3332.5967124878,-297.789359764298,-404.35035108942,-229080.290181477,-1144631.31991767,-8141.6504299992,-728.198479774374,-3099.45447124202,-404462.322348712,-2712721.34534352,-3332.66032987929,-297.680110537644,-434.449433841599,-229082.164459398,-1144632.38615822,-8140.89577862807,-729.033666215795,-3098.23723438964,-404506.097693856,-2712748.10484037,149.541211840662,150.022607073009,148.73979030494,11681.4142129934,19438.3754414073,637.408049543492,638.117663466244,636.274490173032,25873.9086393562,53952.9436932724,-0.109695321205157,0.239804001184642,10.4302649366908,-0.209754976921077,0.159976058097117,21.8615167426387,0.10488122739634,0.104880884836596,0.104880884817015,11880.900201884,793927.955242596,653857.356860659,1.41035385983071e-05,1.00000653274397,1.33100869557669e-24,2156.654,1,10,0,0,1,0,0
0.44,0.0600196854630075,-0.105134580065923,30.0943508811664,1.80221721598447,1.00784926279849,-0.695125907453276,0.82404360625287,-0.659452368902515,41.85120523446,22.3933434344502,-3373.29680842892,-301.419577492914,-419.879600156746,-231096.40477888,-1158285.69047153,-8141.63720880248,-728.179106877275,-3148.58184988963,-404451.164421805,-2712959.6671376,-3373.35682811438,-301.314442912848,-449.973951037912,-231098.206996096,-1158286.6983208,-8140.94208289503,-729.003150483528,-3147.92239752073,-404493.015627039,-2712982.06048104,152.309918504013,152.794088595115,151.503627706214,11813.4234677911,19682.9110718025,641.317792239046,642.023536832305,640.191553705777,25747.5364544016,53781.3544343639,-0.0591206595301259,-0.0453149240083343,10.3244952449188,-0.20385481429821,0.15378550750765,21.8646748244556,0.10488100701582,0.104881235111928,0.104880884817015,12112.3939495502,740571.654482304,628706.089991721,1.73921145979978e-05,1.00000702460823,1.33101199248053e-24,2151.252,1,10,0,0,1,0,0
0.445,0.0566807545086604,-0.101067614120276,30.0925354677043,1.73178517772758,0.954347914114475,-0.650280261579229,0.815888894335351,-0.0605788896784267,40.5043881331361,20.5841225905827,-3413.99466297231,-305.067849488631,-435.616426846681,-233125.502802867,-1171847.38220326,-8141.61105064762,-728.196857898161,-3197.61852699491,-404456.236707402,-2712951.69287403,-3414.05134372682,-304.96678187451,-465.708962314385,-233127.234588045,-1171848.33655117,-8140.96077038604,-729.012746792497,-3197.55794810524,-404496.741095535,-2712972.27699662,155.095507266427,155.582433026211,154.284377664403,11945.2306952495,19927.0019493724,645.204237368694,645.905839841545,644.084796459234,25793.7481532976,53727.2617567997,-0.192903760606389,0.10834549216946,10.4162355100515,-0.198321560289055,0.147254888024391,21.8685274508302,0.104880884817015,0.104881009871253,0.104880884817015,11923.3212715323,739504.981310505,606843.577803554,2.13984080568767e-05,1.00000238469218,1.33100317402529e-24,2147.422,1,10,0,0,1,0,0
0.45,0.0535298441988933,-0.0970311756976804,30.0936697469549,1.66226834235779,0.903794276370989,-0.619422605690256,0.811718629665524,0.510385320040318,40.411793484801,21.2097840894589,-3454.70583039534,-308.733654227351,-451.539799772654,-235166.108464159,-1185294.30448297,-8141.61904145335,-728.247518970553,-3246.49867467393,-404500.340471822,-2712641.99345977,-3454.75936023954,-308.636623051653,-481.633469519609,-235167.770732501,-1185295.20827725,-8140.99961884766,-729.059237600218,-3247.00905999397,-404540.752265307,-2712663.20324385,157.897876998433,158.387538965987,157.081935461773,12077.4103799488,20170.5641731742,649.067471574054,649.764780653218,647.954643043194,25890.6015737383,53595.6449286642,-0.187206751130218,-0.0893092069649375,10.4536303211785,-0.1932682791217,0.140566336134503,21.8725654152858,0.10488125242395,0.104881241603257,0.104880884817015,11858.6325286611,701153.785082741,585016.513769689,2.62680567102791e-05,1.00001258617616,1.33101838600167e-24,2152.165,1,10,0,0,1,0,0
0.455,0.0505040293183093,-0.093007143900275,30.0974533943345,1.59320725718124,0.854707811038796,-0.600041223530362,0.810916647029362,0.990164360609622,40.7870749011512,23.1169466888312,-3495.39648586561,-312.382946761115,-467.758116183079,-237199.949270014,-1198852.32268477,-8141.57564353176,-728.261610626279,-3295.51271034379,-404528.440838756,-2712630.34106102,-3495.44698989493,-312.289939617215,-497.855569577414,-237201.542477271,-1198853.17739259,-8140.97560230823,-729.072527273308,-3296.5028747044,-404569.227913657,-2712653.45800771,160.716928847169,161.209303998121,159.896203341215,12209.5204882183,20414.143485733,652.908218214614,653.601070914924,651.801516165417,25775.9958600792,53679.9100681801,-0.0586117711842668,0.202615871145762,10.4090192536792,-0.188845904242871,0.13409592067258,21.8763272453534,0.104881015088803,0.104881014765918,0.104880884817015,11956.4371344949,708019.043896793,568239.910110619,3.21752483518291e-05,1.00000496156815,1.33100660471076e-24,2151.504,1,10,0,0,1,0,0
0.46,0.0475625805964863,-0.0889974257231631,30.1033004218006,1.52420391650868,0.806044586692226,-0.585654439221915,0.806028666812891,1.32874741111961,42.0638202411554,25.8577398674695,-3536.1103024011,-316.023060288192,-484.23564826021,-239217.170813457,-1212391.7086641,-8141.58009017792,-728.260885667966,-3344.56489692074,-404508.27707774,-2712570.7676137,-3536.15786498169,-315.934062862469,-514.33894868201,-239218.695017374,-1212392.51470868,-8140.9944357387,-729.066914334779,-3345.89364433186,-404550.340897981,-2712596.62535357,163.552567518685,164.047634526519,162.727084464205,12341.4507386515,20657.9411368096,656.726076030409,657.414815276533,655.625821223499,25809.5344700302,53716.9800595675,0.0061421817182908,0.181664545466964,10.5796903930442,-0.184718871595111,0.127574478657236,21.8793225020405,0.104880884840437,0.104881268777876,0.104880884817015,11611.0035867531,691174.750026699,551500.848174221,3.93257411749186e-05,1.00000732186102,1.3310097459898e-24,2212.308,1,10,0,0,1,0,0
0.465,0.0446906191496912,-0.0850311739011669,30.1104203336703,1.45540020788766,0.757414549380402,-0.572275645279172,0.793512817732477,1.49503410290115,43.0612425757726,28.2440845120496,-3576.81544803697,-319.61022064777,-501.044065399361,-241207.81196325,-1226148.78736158,-8141.57270179512,-728.137288960907,-3393.81064684853,-404446.845472428,-2713065.1548083,-3576.86013865612,-319.525189473868,-531.154485733031,-241209.267363458,-1226149.54477613,-8141.00042614984,-728.930801778639,-3395.30568095143,-404489.906715004,-2713093.39889281,166.404693389692,166.90242946863,165.57447696067,12473.7008586664,20902.0199005072,660.521595159573,661.206426671527,659.427944540605,25901.1261216708,53825.8278416791,0.194958101780959,0.0912164316385856,10.3525445453357,-0.181128016418013,0.121724250165201,21.8812441464762,0.104881267372362,0.104880980519747,0.104880884817015,12095.7531853496,714200.011855366,536552.496371787,4.79636995177134e-05,1.00000911985294,1.3310121387704e-24,2153.42,1,10,0,0,1,0,0
0.47,0.0418942810709264,-0.081158834443919,30.1179210318418,1.38762374637434,0.709093796601592,-0.555360556285901,0.768264817923131,1.47981599953117,42.9709597098356,29.5629326621767,-3617.5429362726,-323.231520737494,-518.035425501787,-243213.452750987,-1239740.25345294,-8141.6192216923,-728.094021683563,-3442.91059132638,-404417.996482083,-2713130.95439403,-3617.58483055367,-323.15036190305,-548.153346533629,-243214.840374733,-1239740.96254674,-8141.06386113601,-728.862286501486,-3444.39040732591,-404460.967441793,-2713160.51732669,169.273206076401,169.773593402169,168.43828526178,12605.93441007,21146.1266347014,664.295662941064,664.976624504063,663.208267449393,25814.7425312178,53725.6717861366,-0.128055476508515,0.0801726905284123,10.3453592497186,-0.177836032098039,0.116465852510255,21.8818643952295,0.104881023961647,0.104881375430957,0.104880884817015,12099.5223855985,677823.279020101,518756.295289693,5.83779337546247e-05,1.00001021971605,1.33101598406783e-24,2296.678,1,10,0,0,1,0,0
0.475,0.039198674362326,-0.0774492365552454,30.124918945213,1.32229716650765,0.661861681616066,-0.531769632421133,0.727924454574558,1.29566583193396,40.8623063203191,29.239945306506,-3658.21405017907,-326.879718924591,-535.254836384896,-245249.918936846,-1253369.09992528,-8141.53630674247,-728.111383726965,-3491.97099868192,-404439.810447094,-2713281.78970352,-3658.25324885343,-326.802269688036,-565.379755330109,-245251.241234012,-1253369.76178696,-8141.00453711005,-728.839308181539,-3493.26666451386,-404480.672753415,-2713311.02964883,172.15801806759,172.661040803496,171.31842396059,12737.902402463,21389.9676572534,668.048443946609,668.725642812797,666.967170812072,25785.8202830863,53684.6768285002,-0.0405729916237832,-0.164640055056781,10.2480899342861,-0.174757022347077,0.111855485650939,21.8811882195978,0.104881295654826,0.104880884817015,0.104880884817015,12311.2209738904,674579.259608969,502594.880573124,7.09095516286839e-05,1.00000783438501,1.33101042756645e-24,2151.181,1,10,0,0,1,0,0
0.48,0.03664261811695,-0.0739773492350992,30.1306420133213,1.26109631467266,0.616787684844047,-0.499107625688064,0.672347187968245,0.974225419108905,36.7389226835328,27.3791794939527,-3698.94889370411,-330.50369883684,-552.735534287442,-247253.6501727,-1266944.09500037,-8141.59886522969,-728.078371769425,-3541.06871155245,-404403.932522852,-2713310.94419655,-3698.98553632222,-330.429721487605,-582.866176300764,-247254.911269015,-1266944.71178805,-8141.09975760401,-728.750718957393,-3542.04293697156,-404440.671445535,-2713338.32337605,175.059035413161,175.564675026734,174.21479393557,12869.9853124349,21633.533306309,671.78036096139,672.453580218319,670.70500591809,25867.159862453,53571.7932920416,-0.0655026516634311,0.139164286476894,10.5160995620994,-0.171745178352763,0.1076422133036,21.8793221942273,0.104881029982562,0.10488092122983,0.104880884817015,11739.5554254748,640358.707052995,486347.000792238,8.59602610984758e-05,1.00000346175432,1.33100460867472e-24,2150.667,1,10,0,0,1,0,0
0.485,0.0342704955941451,-0.0708065296645381,30.1345132602461,1.20555834314464,0.574992079568149,-0.457532386504775,0.606347941245014,0.561222467232383,30.5071813221681,23.9014064763341,-3739.75603192584,-334.121194353146,-570.453922410218,-249231.873127201,-1280397.89204464,-8141.82320108596,-728.03852102407,-3590.15358605691,-404322.910663164,-2713049.95293365,-3739.79030242143,-334.050387823482,-600.588435670464,-249233.078685544,-1280398.46703672,-8141.36566869946,-728.644868965315,-3590.71480852414,-404353.417844486,-2713073.85434013,177.97616921083,178.484406920787,177.12730657048,13002.1540126506,21876.8531838606,675.491563822585,676.161037239475,674.422125305036,25819.6485335092,53602.5679431756,-0.248598009823967,-0.140837200531856,10.5115816793322,-0.168903352267419,0.103847976247534,21.8765688986247,0.104881032473662,0.104881314105266,0.104880884817015,11748.1050911127,640748.264441581,472971.934029589,0.000104001366016039,1.00000857835663,1.33101464359151e-24,2231.489,1,10,0,0,1,0,0
0.49,0.0321253613212098,-0.0679734865477955,30.1362054041562,1.15684619701519,0.537622464305217,-0.407438026441874,0.53587396493351,0.109958265319655,23.184033039199,19.2975777689956,-3780.42832425337,-337.790975106647,-588.375652406654,-251280.729809611,-1293950.39185829,-8141.74350311308,-728.102757785814,-3639.14033081599,-404370.244783092,-2713017.60046719,-3780.46044961469,-337.723001620099,-618.51185781081,-251281.886655808,-1293950.92948075,-8141.33606508664,-728.638631750748,-3639.25028908131,-404393.428816131,-2713036.89804496,180.909335917686,181.420150995574,180.055873993493,13134.0375489551,22120.3774682749,679.18242515601,679.84845170969,678.118871121026,25747.6269973961,53630.8670396952,-0.0972265848209882,-0.156240540198091,10.4146942027592,-0.166157363256025,0.10011747809007,21.8732604009712,0.104880884817015,0.10488092257867,0.104880884817015,11942.6554688399,629829.431478616,459894.876345489,0.000125589454190106,1.00000072008662,1.3310009584353e-24,2144.139,1,10,0,0,1,0,0
0.495,0.0302443613511941,-0.0654815314729758,30.1356612848009,1.11519539743208,0.505507723744464,-0.350844907528314,0.468503271669885,-0.325725304211394,15.9278623424915,14.0123490543058,-3821.13635265262,-341.430456454741,-606.573468664286,-253301.796751708,-1307520.2665178,-8141.74132674049,-728.100887766658,-3688.19486188637,-404368.680021875,-2713023.50759465,-3821.16659701397,-341.364974923268,-636.709129949087,-253302.911947106,-1307520.77202552,-8141.39048183296,-728.569391038327,-3687.86913658216,-404384.607884217,-2713037.5199437,183.858444175059,184.371819255229,183.000407245164,13265.9717009801,22364.1565536881,682.853400024567,683.515757303212,681.795572992839,25838.2059449984,53725.4949131869,-0.230928034800266,0.0808384395658057,10.5087018113196,-0.163601305164451,0.0963782206363309,21.869824513263,0.104880884817015,0.104880994282226,0.104880884817015,11734.5348564936,646282.470645741,448409.981887001,0.000151373575019007,1.00000208742076,1.33100277835703e-24,2156.611,1,10,0,0,1,0,0
0.5,0.0286520058936307,-0.0632981808562924,30.1330808045406,1.08006247319973,0.479252581588824,-0.29086227883753,0.411166232199785,-0.697705689856998,10.2196812780361,8.75334082730888,-3861.84430625317,-345.039425446098,-625.056682566582,-255307.126487804,-1321161.49841858,-8141.73333004187,-728.027652375972,-3737.33975624802,-404342.611556908,-2713204.36462884,-3861.87295825906,-344.976127265241,-655.189763371122,-255308.206550277,-1321161.97767117,-8141.44246776303,-728.438818608171,-3736.64205055817,-404352.831238186,-2713213.11796967,186.823399640886,187.339323127934,185.960819159434,13398.0667955677,22608.0124126368,686.504681921853,687.163928364053,685.452552192835,25827.5114092835,53677.9112223361,0.0342858450465037,-0.0249660957749177,10.4322813546388,-0.16134466111786,0.0926316430883438,21.8666361930443,0.104881041976271,0.104881463851718,0.104880884817015,11890.5973607232,625065.126364384,435530.877370045,0.000182113256808268,1.00001208476926,1.33101868554203e-24,2199.432,1,10,0,0,1,0,0
0.505,0.027354423506978,-0.0613615667973727,30.1288779996533,1.04992538508631,0.458858130580441,-0.23182274988967,0.368847505600718,-0.969168178581466,6.85233182006686,3.94547107075888,-3902.5539650621,-348.679565940483,-643.743384484952,-257328.832717051,-1334727.52012513,-8141.73645229635,-728.027656032941,-3786.38976648275,-404337.978003619,-2713199.95834434,-3902.58131948561,-348.618204373686,-673.872262484605,-257329.882642436,-1334727.97898326,-8141.50462954646,-728.396503538541,-3785.42059830417,-404344.830335439,-2713203.90381541,189.80413399657,190.322587290604,188.937028043089,13530.0374148401,22851.7287519553,690.136705706271,690.792667362238,689.090126404138,25771.9968759399,53631.7585995415,-0.137108945426813,0.108130006014067,10.4375548648879,-0.159462274891529,0.0890554799601494,21.8640567595683,0.10488088484856,0.104880884817015,0.104880884817015,11869.6190052741,618378.252177157,422857.440752969,0.000218702890640925,1.00000000060153,1.33100000080064e-24,2159.059,1,10,0,0,1,0,0
0.51,0.0263355210347581,-0.0595947247106705,30.1236156350172,1.02296074419017,0.443987248204298,-0.178367355164871,0.342676519525647,-1.11793463997259,6.02516935776032,0.00658935613101601,-3943.25427190564,-352.319065163896,-662.680550287469,-259353.297428111,-1348306.23636249,-8141.71795079542,-728.024134424766,-3835.45491866244,-404341.298119459,-2713233.74348831,-3943.28060742668,-352.259470439185,-692.804165922486,-259354.320388855,-1348306.68034974,-8141.53958344025,-728.366810944292,-3834.33698402247,-404347.323288817,-2713233.75007766,192.800555135746,193.32152291825,191.928948277598,13662.0323926437,23095.1127145876,693.749654893448,694.402128985034,692.708598199023,25837.8782910134,53533.3327447465,-0.0371053157901925,0.131972847071832,10.414458084966,-0.157959922345373,0.0857226962577878,21.8623104258584,0.104880884817015,0.10488100407459,0.104880884817015,11915.4607387626,596624.327968185,410292.164547118,0.000262177404898464,1.00000227415402,1.331003026899e-24,2145.524,1,10,0,0,1,0,0
0.515,0.0255577626368698,-0.0579266316598887,30.1179282707204,0.997241571261893,0.433555492899945,-0.134519255352934,0.329138357653588,-1.13771974592652,7.64539426092508,-2.67194918652873,-3984.00761741035,-355.924820410036,-681.901912367354,-261337.524485311,-1361910.23547567,-8141.80867406672,-727.962330730197,-3884.59387892263,-404276.898620853,-2713326.17584845,-3984.03317517299,-355.866893778376,-712.019840638075,-261338.521726882,-1361910.66903116,-8141.67415481137,-728.291469087851,-3883.45615917671,-404284.544015113,-2713323.50389926,195.812571672521,196.336041549277,194.9364879993,13794.0196042154,23338.2887551865,697.343938408575,697.993249641634,696.308254147997,25810.4612385975,53550.8145817866,-0.100556913983093,0.147632614549329,10.4425249759518,-0.156707015496119,0.0827137580412415,21.861534432714,0.104881550441501,0.104881084323383,0.104880884817015,11854.6494704916,592665.848022024,399733.30647248,0.000313741911742466,1.00001469031504,1.33102195813061e-24,2148.229,1,10,0,0,1,0,0
0.52,0.0249635678269736,-0.0563064739088468,30.1124444564018,0.971402470712237,0.426403385376261,-0.104337040000693,0.323565869613675,-1.03719944574037,10.5346752690924,-4.05944446096502,-4024.70693966692,-359.598078918995,-701.279552652253,-263379.777291213,-1375410.47332935,-8141.79345537206,-728.034979727164,-3933.54463256683,-404312.488598548,-2713178.39186956,-4024.73190323475,-359.541772445086,-731.391997108655,-263380.748693684,-1375410.89973273,-8141.68911833206,-728.358545596778,-3932.50743312109,-404323.023273817,-2713174.3324251,198.840124238106,199.366074392946,197.959581363805,13925.8778682073,23581.5217458466,700.919532040871,701.566039206164,699.889402904485,25754.451176312,53597.4089936033,-0.0149737388227067,-0.0090693390728942,10.4051631746165,-0.155768595394015,0.080335730750635,21.8617188540368,0.104880884851329,0.104881495244724,0.104880884817015,11934.5894909637,587283.981942895,389813.80613625,0.000374808197462447,1.00001164043647,1.33101549428798e-24,2154.272,1,10,0,0,1,0,0
0.525,0.0244833195585962,-0.0547133253828446,30.107717115249,0.94494365403988,0.421060127159764,-0.0886153880327906,0.318514186584284,-0.837699506938042,13.7803919601937,-3.91507219058143,-4065.40705671513,-363.251247138645,-720.932257715262,-265410.41855562,-1388955.79788347,-8141.77503269822,-728.062487930293,-3982.56370924484,-404326.692011687,-2713126.18782506,-4065.43154003468,-363.196533813262,-751.039974830511,-265411.363499274,-1388956.2189436,-8141.68641731019,-728.381002116877,-3981.7260097379,-404340.472403647,-2713122.27275287,201.883120192793,202.411536031887,200.998139070139,14057.7776750487,23825.1699037054,704.477487703127,705.120707013675,703.452314831024,25839.344778532,53746.2540829986,-0.10458629406462,0.103651324170621,10.6715708119124,-0.1548469141708,0.0784388225986049,21.862763459349,0.104880884817015,0.104881721209899,0.104880884817015,11385.99587837,613963.027950278,381414.428598115,0.000447006457533998,1.00001594945009,1.33102122871808e-24,2142.457,1,10,0,0,1,0,0
0.53,0.0240474786428975,-0.0531585279955226,30.1041696331735,0.918123334348697,0.416079270317602,-0.0865358568522221,0.308359219109276,-0.569262086650558,16.1710863569912,-2.28214611543216,-4106.16847210881,-366.841348013613,-740.877604765851,-267393.692782993,-1402539.73480555,-8141.88016369519,-727.953919497447,-4031.67027684967,-404261.923964101,-2713173.13590038,-4106.19251958745,-366.788189485617,-770.981774399025,-267394.610906328,-1402540.15088482,-8141.79362783834,-728.262278716556,-4031.10101476302,-404278.095050458,-2713170.85375427,204.941485893896,205.472357359673,204.052095848909,14190.0731182409,24069.3280699573,708.017335215622,708.657754721247,706.997281742706,25900.2920155247,53747.4547487496,0.00514955130693712,0.067980620830066,10.2754839379311,-0.154016948427224,0.077079532429508,21.8644809408451,0.104881061210553,0.104880928918188,0.104880884817015,12211.842565269,607148.037100985,371950.752514679,0.000532241764995958,1.00000420272206,1.33100559641864e-24,2146.526,1,10,0,0,1,0,0
0.535,0.0235968420096789,-0.0516768456440583,30.1020631700973,0.891926884513966,0.410127644306395,-0.094746170488555,0.289208503024325,-0.266188816860339,16.6478159181273,0.540147624844029,-4146.8803775544,-370.446112674181,-761.10906262602,-269388.876501904,-1416262.84881126,-8141.88823196471,-727.894253122905,-4080.86779266782,-404212.379088541,-2713515.05233944,-4146.90397439641,-370.394435828537,-791.211125796117,-269389.768428788,-1416263.25893891,-8141.79348579422,-728.183461625929,-4080.60160385096,-404229.026904459,-2713515.59248706,208.015146495897,208.548458413037,207.121364330776,14322.3910239384,24312.9149917013,711.539413562902,712.176649464094,710.524559615382,25838.4916900463,53561.365689198,0.0307112636055013,0.140067521530957,10.2074380962649,-0.153244153414658,0.0760982173713023,21.8666273373202,0.104881402158233,0.104881014518814,0.104880884817015,12361.3295423541,563473.583746299,360581.736602012,0.000632700612637959,1.00001233735877,1.3310164227459e-24,2157.135,1,10,0,0,1,0,0
0.54,0.0230936122192219,-0.0503173504781158,30.1014860589977,0.867619186597924,0.402446895255254,-0.107948580370085,0.25916055035203,0.0372885754356496,15.3829252731001,3.98811753767167,-4187.59109465059,-374.11342447199,-781.511251756155,-271416.512335067,-1429790.92851377,-8141.89174432079,-727.964781902051,-4129.92873102861,-404220.529625458,-2713432.78872393,-4187.61418826281,-374.063107121512,-811.612737815152,-271417.379954254,-1429791.33096067,-8141.78379574042,-728.223942452403,-4129.96601960405,-404235.912550732,-2713436.77684147,211.104022265957,211.639757404936,210.205867767246,14454.4968633241,24555.6655214691,715.044192451338,715.678543107003,714.034410486801,25819.9900843471,53435.6298020153,0.128414009749528,0.110644822823921,10.2807065684329,-0.15263081109718,0.0751761846616924,21.8689328427781,0.104880884895232,0.104882073045422,0.104880884817015,12215.2029429509,545359.174851513,350079.677036456,0.000750916618629179,1.00002265875521,1.33103016078823e-24,2345.414,1,10,0,0,1,0,0
0.545,0.0225309102317797,-0.049124921115775,30.1023636602777,0.846502861463605,0.39278005086162,-0.118946778408386,0.221802782005064,0.310744496941237,12.1543334738747,7.29507071382927,-4228.3113076724,-377.790903014084,-802.126646753033,-273453.483524611,-1443262.43447434,-8141.92258592956,-728.047715157355,-4178.92044452887,-404252.886989732,-2713227.28583963,-4228.33383858263,-377.741778092968,-832.229010413311,-273454.330027473,-1443262.82725439,-8141.80363915115,-728.26951793936,-4179.23118902581,-404265.041323206,-2713234.58091034,214.208038704749,214.746182831859,213.305538486314,14586.5665645759,24798.1987358133,718.531950914288,719.163170565947,717.527098539344,25821.897986489,53404.8044058868,-0.0619467617022969,0.146505833945676,10.2882210088882,-0.152174363203909,0.0744256024180927,21.8711262433586,0.104881423441193,0.104881019563465,0.104880884817015,12197.9118260751,534192.843997798,341158.832201045,0.000889837245996853,1.00001283809059,1.33101709097451e-24,2245.563,1,10,0,0,1,0,0
0.55,0.0219370375494093,-0.0481280350418916,30.1044850814486,0.829424429502316,0.381728895967551,-0.120714614045532,0.180176766779781,0.530593219907611,7.91494531177058,9.60131168530675,-4269.05330921825,-381.406855425545,-823.042484060093,-275450.985612301,-1456840.00728491,-8141.98462233293,-728.002722559246,-4228.00712246182,-404210.761058991,-2713258.70888511,-4269.0752462558,-381.358727390503,-853.146969141542,-275451.815036731,-1456840.3890138,-8141.86390771889,-728.182899326025,-4228.53771568173,-404218.676004303,-2713268.31019679,217.327117741521,217.867660779711,216.420296022141,14718.4619019505,25041.205750838,722.002611097386,722.631110159313,721.00286316852,25762.8163331806,53570.6961946549,-0.256450327833137,0.0429100278991815,10.3574700187961,-0.15203264025897,0.073453834566354,21.872978407993,0.104881074505447,0.104880933254891,0.104880884817015,12056.2517645993,554665.172441702,334566.813635533,0.00105284862501224,1.00000453641805,1.33100604392994e-24,2180.227,1,10,0,0,1,0,0
0.555,0.0213721624536971,-0.0473348829411388,30.1075410620249,0.816688010482821,0.370603475921582,-0.107388956464918,0.139474437777519,0.68140526458027,3.50159711389606,10.1149955281407,-4309.76317384355,-385.043284536228,-844.188073117576,-277469.953553546,-1470418.81915645,-8141.98449627629,-727.995896283299,-4277.06765819667,-404203.548880298,-2713282.51641534,-4309.78454600601,-384.995949653287,-874.295614179601,-277470.770241557,-1470419.18975993,-8141.87710731983,-728.135370721076,-4277.74906346125,-404207.050477412,-2713292.63141087,220.461194835982,221.004122425449,219.550073459125,14850.2556780037,25284.7310715021,725.45671693752,726.082409385366,724.461957855132,25769.0157829819,53648.8118704594,-0.126995617063168,0.0406068967306153,10.3873717939256,-0.152217121112975,0.0723926060657399,21.874302393404,0.104880884817015,0.10488102476669,0.104880884817015,11995.565550011,558945.111172834,327227.050902593,0.00124384585505985,1.00000266873738,1.33100355208945e-24,2260.286,1,10,0,0,1,0,0
0.56,0.0209193549807354,-0.0467306078442122,30.1111666460296,0.808024956310682,0.36126850495996,-0.0755626285516732,0.103845211841982,0.756514792519734,-0.241312681405996,8.27110289963823,-4350.38009062859,-388.701138416651,-865.587563197008,-279525.852173338,-1484148.78596519,-8141.80951120668,-728.029592055308,-4326.14345575688,-404267.863231911,-2713615.4000194,-4350.40100998357,-388.654407808807,-895.698729843038,-279526.660198295,-1484149.1472337,-8141.73394857812,-728.13343726715,-4326.8999705494,-404267.62191923,-2713623.6711223,223.610191139931,224.155494809347,222.694796104592,14982.1253540665,25528.4631142069,728.894639818819,729.517735878935,727.904615485885,25795.1730407987,53691.2923358227,0.09168679528102,0.155175039927042,10.3855170532839,-0.152763377672079,0.0712357507679236,21.8750081901869,0.104881461740697,0.104880884817015,0.104880884817015,12006.8370562631,564001.888164424,319963.422221128,0.00146730147676917,1.00001100153321,1.3310146430407e-24,2189.863,1,10,0,0,1,0,0
0.565,0.0206701958641022,-0.0462847720716389,30.1149834403051,0.80260461535603,0.3557945134696,-0.025197118004159,0.0754721224764588,0.757253599814848,-2.63987755264283,4.06154912453597,-4391.14104184818,-392.32042885594,-887.260363386756,-281514.712834348,-1497731.35711733,-8141.91293181616,-728.004077961437,-4375.27905626454,-404212.829908084,-2713646.79846718,-4391.16171204405,-392.274144083869,-917.375346827061,-281515.515438963,-1497731.71291184,-8141.88773469816,-728.079550083914,-4376.03630986435,-404210.190030532,-2713650.8600163,226.774041263657,227.321707201454,225.854391718367,15113.8859802301,25772.4171535369,732.316822234128,732.936578230531,731.331066287331,25729.3586467738,53743.1769640834,-0.151945126961221,-0.158945976293543,10.4641408797192,-0.153596571089479,0.0700988458977225,21.8750622704883,0.104881472380861,0.104880934914269,0.104880884817015,11841.9628357508,574449.186789079,312919.164709202,0.00172837914212846,1.00001129840166,1.33101618464243e-24,2159.785,1,10,0,0,1,0,0
0.57,0.0207062768814522,-0.0459601454087061,30.1186377315007,0.79942800838032,0.356055764087756,0.0396400597139642,0.0549339099731169,0.69207900898929,-3.59709192995412,-2.28238900121424,-4431.8787908175,-395.927749251787,-909.186667081037,-283507.246534977,-1511364.81525995,-8141.96689080559,-727.94752618489,-4424.42536512334,-404161.273148932,-2713785.36276347,-4431.89949709438,-395.881789106378,-939.305304812538,-283508.045962986,-1511365.17131571,-8142.00653086531,-728.002460094863,-4425.11744413233,-404157.676057002,-2713783.08037447,229.952678458863,230.502683703039,229.028777772135,15245.454978136,26016.244890113,735.72283242227,736.339665537928,734.741522398862,25742.5311597347,53677.2353821456,0.0502422545030357,0.00216011943160586,10.4508715033322,-0.154716045287341,0.0691820593101796,21.8745322754946,0.104880884817015,0.104881879336659,0.104880884817015,11867.8659270303,568417.625044212,304894.82193132,0.00203298115860135,1.00001896483541,1.33102524219593e-24,2151.395,1,10,0,0,1,0,0
0.575,0.0210820817224243,-0.0457225294077815,30.1218317321431,0.797540801927788,0.363410633399696,0.112055983282249,0.0404311417493286,0.574724085871585,-3.27600687093233,-9.87835724672192,-4472.66335222116,-399.46331504871,-931.423456908519,-285444.521433212,-1525125.09451815,-8142.10197001605,-727.760733915287,-4473.66788761791,-404024.886235438,-2714184.10463353,-4472.68443430288,-399.417592519302,-961.545288640662,-285445.318974014,-1525125.45792878,-8142.21402599933,-727.801165057036,-4474.24261170379,-404021.610228567,-2714174.22627629,233.146030779059,233.698358471855,232.217900055716,15377.1327411442,26259.7208090823,739.113038755516,739.726996785162,738.136224252403,25780.4097483375,53612.2787475354,-0.034553521902368,-0.0749788133721591,10.4882180392934,-0.155931353222495,0.0685514396267968,21.8735177327757,0.104881897837231,0.104881136704168,0.104880884817015,11787.3074457192,549430.263854293,297480.294729049,0.00238788659197139,1.00002411627064,1.33103210496619e-24,2152.168,1,10,0,0,1,0,0
0.58,0.021812846141985,-0.0455486630165028,30.1243461323957,0.796250595437287,0.378316072348295,0.183091585274882,0.0293292477590666,0.422534914619706,-2.21697573983275,-17.4577853106288,-4513.37599158218,-403.128199132084,-953.764033374417,-287476.491008754,-1538625.05582205,-8142.10759976584,-727.813269848987,-4522.671030035,-404045.959659732,-2714044.17374534,-4513.39780442832,-403.082650469068,-983.888379506812,-287477.287259349,-1538625.43413812,-8142.29069135111,-727.842599096746,-4523.09356494962,-404043.742683992,-2714026.71596003,236.35403766716,236.908671550175,235.421696845662,15508.9442140691,26502.5852530572,742.487819649186,743.098967411309,741.515392785223,25765.6288308866,53450.0883176674,0.0957110525803183,0.0136637284488464,10.5913001190741,-0.15718506315281,0.0683295383184523,21.8721961823762,0.104880884817015,0.104882268798288,0.104880884817015,11575.0509734802,514600.334764775,289616.811433242,0.00280086143582555,1.00002639166149,1.33103512730144e-24,2146.693,1,10,0,0,1,0,0
0.585,0.0228669189492885,-0.0454283297913706,30.1260529243731,0.795270752982455,0.400130756299376,0.242712897602069,0.0189715119660071,0.254422007321997,-1.08769164770414,-23.8244194537044,-4554.14004314592,-406.736724437234,-976.404059169319,-289466.866657723,-1552190.20553772,-8142.2107431004,-727.758252061249,-4571.76925098643,-403993.169275551,-2714038.20635383,-4554.16291006486,-406.691296107442,-1006.53011209369,-289467.661928476,-1552190.60566847,-8142.453455998,-727.777223573215,-4572.02367299376,-403992.081583903,-2714014.38193438,239.576619300591,240.13355537993,238.640098195841,15640.5053612228,26745.4815019686,745.847275710095,746.455573638816,744.879234863807,25690.19305925,53474.7825298669,-0.244931811703611,0.117007407967641,10.5354913860678,-0.158435361617911,0.0685083835849043,21.8707417051509,0.104881099651783,0.104881042810422,0.104880884817015,11681.6121400875,510553.3115645,283215.553097011,0.00328085029755107,1.00000473729093,1.3310094628404e-24,2158.017,1,10,0,0,1,0,0
0.59,0.024167497597396,-0.0453625828322566,30.1269191440248,0.794689977473887,0.427195967291327,0.282706334494803,0.00742983210051196,0.0891534441725784,-0.441400125331262,-27.9401558281477,-4594.87415885629,-410.37382657398,-999.276497770675,-291471.559859493,-1565740.59067963,-8142.24749920732,-727.765913821032,-4620.84793957449,-403969.695324937,-2714000.05929706,-4594.89832635389,-410.328463991148,-1029.4034169147,-291472.35454947,-1565741.01787559,-8142.53020554181,-727.773343653132,-4620.93709301866,-403969.253924811,-2713972.11914123,242.813721010934,243.372942723985,241.873035966096,15771.9396970252,26988.6254980168,749.191639339083,749.796928552557,748.227955425394,25710.6757374513,53553.2852132752,-0.0693171003315797,0.135203013251568,10.2840618903816,-0.159606900221818,0.068970298134818,21.8693492310592,0.104880884817015,0.104881154814136,0.104880884817015,12202.8565239995,521718.428799939,277636.636323621,0.00383795054125959,1.00000514864971,1.33100685285276e-24,2168.146,1,10,0,0,1,0,0
0.595,0.0256042287753971,-0.0453588031602036,30.1270018488706,0.794820150816655,0.45701837377484,0.297696796755582,-0.00594698806847801,-0.0563308926670917,-0.573864406024535,-28.6392586613057,-4635.59003973577,-414.03925269067,-1022.33287230607,-293509.350253308,-1579202.94991433,-8142.25961195828,-727.809127470245,-4669.81355020815,-403999.632596126,-2713787.14479536,-4635.61564396454,-413.99389388751,-1052.45987415494,-293510.145073459,-1579203.4069327,-8142.55730875503,-727.803180482177,-4669.75721931548,-403999.05873172,-2713758.5055367,246.065275966064,246.626765664829,245.120440441951,15903.1390790777,27231.5506319116,752.521017220601,753.123880104143,751.561752702247,25594.2773934629,53446.8044380845,-0.170858641230251,-0.0482441486370044,10.1783832094921,-0.16065298928165,0.0695889128176448,21.8681655093518,0.104880884817015,0.104881533985141,0.104880884817015,12424.0908029036,503012.312933377,270692.115804101,0.00448369615134416,1.00001237918876,1.33101647670024e-24,2146.652,1,10,0,0,1,0,0
0.6,0.0270446483309662,-0.0454231562452895,30.1264347234157,0.796035212036898,0.486463077809341,0.284113967368184,-0.0200306452648764,-0.168584088604084,-1.47158793211548,-25.9006440685608,-4676.11249540766,-417.732730293258,-1045.65784518924,-295609.317666688,-1593048.59005386,-8141.9293578974,-727.906841336278,-4718.79518073084,-404127.048473962,-2714308.127308,-4676.13954005599,-417.687307137012,-1075.78427991266,-295610.1137019,-1593049.07651694,-8142.21347186476,-727.886810691013,-4718.62659664224,-404125.57688603,-2714282.22666393,249.331211861473,249.894959945859,248.382251650675,16034.0829999558,27474.1520265378,755.835865786214,756.435782847977,754.880828502885,25619.5062786239,53410.729138484,0.240122551091302,0.00675165108937858,10.500269599515,-0.16178928825879,0.0702260408007478,21.8673349796432,0.104881549941451,0.104881161533809,0.104880884817015,11761.4305111429,498576.043505315,264685.983179173,0.00523125418792903,1.00001454217197,1.33102390516521e-24,2145.741,1,10,0,0,1,0,0
0.605,0.0283498087511616,-0.0455535562117059,30.1254071835653,0.798525246392534,0.512503681544706,0.242938766748308,-0.0326146793559442,-0.23894154406867,-2.80442326533517,-20.2694850875975,-4716.92399134287,-421.248797968725,-1069.41888559171,-297535.298162238,-1606837.62965722,-8142.11914991895,-727.692263747115,-4768.14871407183,-403978.867571135,-2714734.90428823,-4716.95234115162,-421.203244412513,-1099.54429277528,-297536.096687484,-1606838.1421609,-8142.3620886857,-727.65964906776,-4767.90977252776,-403976.06314787,-2714714.63480314,252.6114662561,253.177448259156,251.658373465126,16165.0963085466,27716.1745962866,759.136369946785,759.733522849704,758.185339588924,25675.8286657506,53334.8230462459,0.0312213312876829,0.0680153128470934,10.2254030319606,-0.162894129684857,0.0707247041735724,21.8669039060591,0.104882012966116,0.104882012611929,0.104880884817015,12323.8390837498,480404.155121413,258616.681242508,0.00609548465696133,1.00004301926282,1.33105725881574e-24,2143.487,1,10,0,0,1,0,0
0.61,0.0293961004301734,-0.0457350805870411,30.1241378380627,0.802169593879083,0.532623956653304,0.179410302706731,-0.040708522136836,-0.264491360381777,-4.10005926089951,-12.3673924037308,-4757.65426234001,-424.815143736251,-1093.35470446605,-299511.293647575,-1620673.81356665,-8142.17023109441,-727.571225004142,-4817.34304568601,-403914.277200798,-2715237.44739203,-4757.68365844044,-424.769408655664,-1123.47884230411,-299512.095817169,-1620674.34619061,-8142.34964139712,-727.530516482005,-4817.07855432563,-403910.177141537,-2715225.07999962,255.905994316737,256.474201600279,254.948805524675,16296.3169557946,27958.3926675611,762.422399213171,763.016928198869,761.475545217884,25638.2137586263,53372.08318211,0.0860865812263659,0.0253588073544057,10.4147786773437,-0.16379526029711,0.0710227181965857,21.8668916114254,0.10488156877473,0.104881055653087,0.104880884817015,11928.6741647765,486272.342242873,253477.844333238,0.00709376676660089,1.00001629922823,1.33102169573008e-24,2150.787,1,10,0,0,1,0,0
0.615,0.030089756277292,-0.0459396207039804,30.1228445102757,0.806480949481904,0.544907218851645,0.100359042388695,-0.0419564145281416,-0.248457271405878,-4.81115884305366,-3.18711172396558,-4798.36512246913,-428.454817649308,-1117.43861765007,-301531.917660724,-1634243.70427397,-8142.17024843754,-727.574327468899,-4866.38827234764,-403913.199507507,-2715227.11520842,-4798.39521222541,-428.408878028604,-1147.56146216034,-301532.724141674,-1634244.24918119,-8142.27060747993,-727.532371054371,-4866.13981507624,-403908.388348664,-2715223.9280967,259.21472206182,259.785143007635,258.253454672863,16427.3977884732,28200.7328097107,765.694278868878,766.286603587987,764.751593883533,25620.4005781512,53368.3923152632,-0.15803304691494,0.0846993144060335,10.411141468613,-0.164459218827064,0.0710763877582624,21.8672475201007,0.104881581186724,0.104880884817015,0.104880884817015,11931.1447947456,475270.95688308,248267.714139247,0.00824535262034297,1.00001327929339,1.3310176747395e-24,2150.895,1,10,0,0,1,0,0
0.62,0.0303714403321675,-0.0461297986612747,30.1217148165528,0.810679922165886,0.548261381124269,0.0128927284904288,-0.0349466141486872,-0.199594656793699,-4.54569282724058,6.14314206746267,-4839.04210491731,-432.099248295831,-1141.77644053432,-303564.6804654,-1647883.89952282,-8142.11469774366,-727.58548053624,-4915.44796158909,-403934.180606052,-2715344.43590315,-4839.07247635765,-432.053118497169,-1171.89815535087,-303565.491145322,-1647884.4477842,-8142.12759047215,-727.550533922091,-4915.2483669323,-403929.634913225,-2715350.57904522,262.537583661082,263.110212758863,261.572265075225,16558.5570920323,28443.2744352873,768.952366021487,769.541878961761,768.013672476488,25670.225628756,53451.7159318549,-0.0993240313936894,0.0942826823667001,10.630192985606,-0.164813579941382,0.0709172372393106,21.8678945724476,0.104881596402657,0.104881062444046,0.104880884817015,11480.9792453734,484652.25061243,243836.350563402,0.00957216889566849,1.00001695575055,1.33102256932679e-24,2174.937,1,10,0,0,1,0,0
0.625,0.0302155067818371,-0.0462642951778956,30.1208821205002,0.813833676492891,0.542440601637696,-0.076449852725089,-0.0194843579184918,-0.130668264397735,-3.17021096403115,14.6137603284263,-4879.75264786238,-435.72014377285,-1166.35362322008,-305584.277569771,-1661460.67876318,-8142.11464506291,-727.54270166268,-4964.49786620163,-403936.633128461,-2715343.37263872,-4879.78286336916,-435.673879477672,-1196.47450534058,-305585.091403447,-1661461.22120378,-8142.03819521018,-727.523217304762,-4964.36719793724,-403933.462917497,-2715357.98639905,265.874530714928,266.449347930595,264.905172526602,16689.7156723298,28686.1567328942,772.196724169024,772.783639004666,771.261954274173,25614.9551678456,53438.7432048697,-0.0796702356886063,-0.0390521424205656,10.4007997453234,-0.164716281240065,0.0706201384908331,21.8687001568982,0.10488088487918,0.10488088487918,0.104880884817015,11957.4546080744,474381.552587674,238849.737079476,0.0110993851928963,1.00000000237087,1.33100000315562e-24,2236.925,1,10,0,0,1,0,0
0.63,0.029626065549162,-0.0463049509989614,30.1204100085889,0.815065102954788,0.527924108021635,-0.162173475753776,0.00296443413680534,-0.0565855818618724,-0.800868840027092,21.6556487165736,-4920.48442227891,-439.296845912074,-1191.270171837,-307568.537696664,-1675248.48778099,-8142.16760623632,-727.441112579528,-5013.70406728864,-403881.854297589,-2715730.94313471,-4920.51404834446,-439.250540961075,-1221.39058184559,-307569.352761767,-1675249.0157051,-8142.00543276057,-727.444077013665,-5013.64748170678,-403881.053428749,-2715752.59878343,269.225498657437,269.802490794877,268.252111583747,16820.6180246465,28928.7107258583,775.42754191302,776.012443070161,774.496607083713,25574.8774179805,53427.2207242145,0.0579074767208543,0.0358653749071809,10.3575096878535,-0.16401444000853,0.0702449438116867,21.8695477294042,0.10488161766878,0.104881068030963,0.104880884817015,12052.495506929,468088.193623547,234104.017651983,0.0128548300732479,1.00001746777142,1.33102325089244e-24,2149.553,1,10,0,0,1,0,0
0.635,0.0286299453168196,-0.0462240245092336,30.1202880515461,0.81371101709549,0.505698828882365,-0.240595740695011,0.0296556481383486,0.00820756212999135,2.21036776116712,26.9344407027784,-4961.25114509991,-442.878499112402,-1216.38301310809,-309547.209932112,-1688847.33788827,-8142.25965315608,-727.340682137738,-5062.82742215594,-403819.374391419,-2715771.7195091,-4961.27977504523,-442.832275087893,-1246.50330115963,-309548.023643129,-1688847.8435871,-8142.01905741539,-727.370337785876,-5062.83562971807,-403821.58475918,-2715798.6539498,272.590427265979,273.169586199555,271.613034562728,16951.5420590578,29171.3387377942,778.644720564201,779.227217281305,777.717811395777,25622.2236417562,53348.7413912591,-0.0787110577726702,-0.160046600142796,10.4324943010485,-0.162639328183541,0.069829331251509,21.8703078859923,0.104880884817015,0.104880947875683,0.104880884817015,11898.4969489809,453545.469250805,229024.224229568,0.0148708625081297,1.00000120248197,1.33100160050351e-24,2171.501,1,10,0,0,1,0,0
0.64,0.0272692061306502,-0.0460081809377898,30.1204397297652,0.809426836345185,0.476913837527246,-0.309254878791331,0.0575021746751916,0.0519425131401787,5.37265450869234,30.4495172069703,-5001.97946192052,-446.515232428368,-1241.69719213761,-311566.217175596,-1702426.19643186,-8142.30140824691,-727.34073152582,-5111.87749066198,-403821.747406644,-2715772.02425091,-5002.00673112665,-446.469224247431,-1271.81763186737,-311567.026602432,-1702426.67334569,-8141.99215336812,-727.398233700495,-5111.92943317512,-403827.120061152,-2715802.47376812,275.969260640472,276.550573063462,274.987879322436,17082.7112728675,29413.7693163913,781.848816725889,782.428581550674,780.925729607007,25666.593139743,53336.4535710899,0.0208523873903112,0.167358812440003,10.4341681109268,-0.160521038728654,0.0694068378034548,21.870895805516,0.104880884883701,0.104880884817015,0.104880884817015,11894.6573881073,454421.825441849,224495.734240287,0.0171833974498496,1.00000000127166,1.33100000169257e-24,2144.112,1,10,0,0,1,0,0
0.645,0.025595483465352,-0.0456584970454643,30.1207408459573,0.802268313651237,0.442810724122657,-0.36677314977771,0.0837523060687875,0.0674782912200702,8.20889627122569,32.597849911961,-5042.73845671684,-450.168329876173,-1267.21026883396,-313582.344167231,-1715833.73583728,-8142.3784258146,-727.367245649217,-5160.85274557297,-403815.039927178,-2715469.87805874,-5042.7640522003,-450.122671379128,-1297.33100967991,-313583.146435544,-1715834.178648,-8142.01165266482,-727.450997955286,-5160.92022386419,-403823.248823449,-2715502.47590865,279.361936213435,279.94539085045,278.376582673531,17213.8418407649,29655.719566333,785.039845616453,785.61707022302,784.120519181749,25616.0571325472,53311.1987336051,-0.252288523625087,-0.010390424505747,10.4171200910084,-0.157717769970387,0.0689786466014973,21.8712357031018,0.104881656597242,0.104881654906783,0.104880884817015,11928.364284038,444375.247393101,220064.595784149,0.019832540160628,1.00002692856833,1.33103913470331e-24,2227.514,1,10,0,0,1,0,0
0.65,0.0236643403719661,-0.0451875936255685,30.1210450511366,0.792550921072676,0.404556181562958,-0.412969512485606,0.106478823019379,0.0531712383180714,10.3134370961867,33.4814134291778,-5083.50652072888,-453.735496211424,-1293.05640509119,-315550.829480132,-1729436.25813328,-8142.45785727375,-727.244151970117,-5209.95960949206,-403739.081132985,-2715519.12684529,-5083.53018506925,-453.690308617798,-1323.17745014233,-315551.622031053,-1729436.66268946,-8142.04488776127,-727.350630793136,-5210.01278073038,-403749.394570081,-2715552.60825872,282.768404912456,283.353984429591,281.779096462053,17344.9051730188,29898.1190250714,788.217998070997,788.792953014232,787.302348227556,25650.0224084611,53360.5508869729,-0.0799064416455418,-0.0681907586652863,10.3495198121566,-0.154426556728401,0.0684824397021049,21.8713147285747,0.104880884817015,0.104881147737826,0.104880884817015,12070.5446193681,449237.244756972,216179.500629899,0.0228652831132924,1.00000501370943,1.33100667324725e-24,2075.561,1,10,0,0,1,0,0
0.655,0.0215342367989192,-0.0446145905566191,30.121211534157,0.780818516155753,0.36336112747242,-0.446873943047909,0.124968951201294,0.0128598619826391,11.4703701746794,33.3806741512291,-5124.22955747473,-457.356956861886,-1319.12507679791,-317557.839582442,-1743040.94537471,-8142.47498799034,-727.221061010776,-5259.03976741911,-403724.292637508,-2715568.23108199,-5124.25109171153,-457.312342271329,-1349.24628833207,-317558.620400958,-1743041.30873584,-8142.02811404729,-727.346029961978,-5259.05262728109,-403735.763007683,-2715601.61175614,286.188611515723,286.776303132809,285.195359362194,17476.0441679368,30140.5807190498,791.383346439142,791.955824321753,790.471367086902,25637.731330661,53373.6193943438,-0.123952639033087,0.0263759576860929,10.2880292201368,-0.150724615989783,0.067846241136941,21.8711315623662,0.104880884889026,0.10488121740969,0.104880884817015,12197.3360348023,440722.734572695,212308.918100703,0.0263329323936776,1.00000634230865,1.33100844343371e-24,2148.185,1,10,0,0,1,0,0
0.66,0.0192684007228152,-0.0439595223096273,30.1211296556789,0.767681217432437,0.320465677070536,-0.467555033127194,0.139560594277282,-0.0453290355640133,11.7385022867364,32.4894912092729,-5164.90016041562,-461.037821689034,-1345.36207161066,-319616.156807561,-1756547.50726639,-8142.40890569887,-727.287978729821,-5307.99745182912,-403781.382544785,-2715437.48543752,-5164.91942881635,-460.993862166724,-1375.48320126634,-319616.924488779,-1756547.82773207,-8141.94135066574,-727.427539324098,-5307.95212279355,-403793.121047071,-2715469.97492873,289.622498829923,290.212292358997,288.625316671368,17607.0723614637,30382.9131161556,794.536102780446,795.106329629165,793.627730191642,25605.3372185266,53378.9428851341,-0.196203645705244,-0.0917179290877107,10.4414716617316,-0.146805133827862,0.0669878322704134,21.8707424355042,0.104881692733176,0.104880952679479,0.104880884817015,11877.8052783179,439715.981575757,208406.307950385,0.0302934638480714,1.00001552295554,1.33102222839362e-24,2178.196,1,10,0,0,1,0,0
0.665,0.0169342592780596,-0.0432387720684282,30.120736885683,0.753603186467346,0.276977514584703,-0.474275662186252,0.151402267023504,-0.110441677016871,11.4838857803429,31.1133948679701,-5205.59616590396,-464.69641133763,-1371.87716709079,-321650.481230024,-1770088.94023581,-8142.38225540671,-727.324283559529,-5357.00830262062,-403801.832683027,-2715374.97099567,-5205.61310016324,-464.653172565561,-1401.99790397648,-321651.234833211,-1770089.21721332,-8141.90797974453,-727.475685826553,-5356.8978609436,-403813.316568808,-2715406.08439054,293.069997077197,293.661867513549,292.068881285156,17737.7586796247,30624.5798418692,797.676345912739,798.244543349457,796.771558351827,25594.7985536107,53317.9737348149,0.0154026588977462,0.0481758080366853,10.2747201958464,-0.142864002797026,0.0658422119547692,21.8702135029723,0.104880884817015,0.104883974380041,0.104880884817015,12225.5295868405,426705.360487474,204269.6686324,0.0348110730239899,1.00005891652301,1.33107841789212e-24,2144.424,1,10,0,0,1,0,0
0.67,0.0145982942546532,-0.042460003938615,30.1200278934793,0.73888372377077,0.234206530350707,-0.468142646068732,0.162875817393532,-0.17074587871014,10.9116162190253,28.7520367301043,-5246.3228058614,-468.272431115286,-1398.73279843264,-323642.847050589,-1783824.12465085,-8142.41662257131,-727.218417440215,-5406.16822915679,-403765.888738977,-2715647.62123259,-5246.33740415566,-468.229971111348,-1428.85282632611,-323643.585934312,-1783824.35885738,-8141.94847992524,-727.381293257609,-5405.99748327808,-403776.800355196,-2715676.37326932,296.531084391089,297.125032176509,295.526068980406,17868.6896983653,30866.6078677551,800.804271004628,801.370101887817,799.903062390306,25605.6406638175,53301.7815793874,-0.00436277378511789,-0.00690608169714934,10.3047073641147,-0.139189067357678,0.064456394150488,21.8696341794215,0.104881719710307,0.104880884817015,0.104880884817015,12160.9820623993,423019.984075341,200537.267459929,0.0399623989902977,1.00001592085376,1.33102119065635e-24,2260.466,1,10,0,0,1,0,0
0.675,0.0123262863377727,-0.0416216598468816,30.1190536092256,0.723473954639694,0.193184360419463,-0.448338386660537,0.1753442847884,-0.215659885673525,10.6390005371148,25.9838025160724,-5287.04619911741,-471.932020928444,-1425.77576248377,-325661.66623458,-1797402.34802646,-8142.44281811325,-727.272833883778,-5455.24634767225,-403765.61570463,-2715650.29097456,-5287.05852540375,-471.890399268597,-1455.89481609299,-325662.389708534,-1797402.54121082,-8141.99447972659,-727.448178168567,-5455.03068778658,-403776.254705167,-2715676.27477708,300.005691903571,300.601707798238,298.996796794908,17999.5788856785,31108.9830175568,803.920172103694,804.483530017553,803.022359234494,25573.1955699067,53352.1533625059,-0.0264096165714575,0.265524916398565,10.5398117729627,-0.135577112977685,0.0627426110997056,21.8690788344939,0.104880884974906,0.104880884856563,0.104880884817015,11673.2118506372,424584.184778002,197244.518713882,0.0458295041905982,1.0000000032428,1.33100000501124e-24,2144.816,1,10,0,0,1,0,0
0.68,0.0101771951856582,-0.0407137997510834,30.1179118247272,0.707130269742246,0.15498724298492,-0.418432946879138,0.190848244492957,-0.237179583638398,10.8450919564983,22.5014508393709,-5327.75017521537,-475.573882803862,-1453.03819258714,-327690.496577037,-1810975.57152899,-8142.43451258196,-727.276978431375,-5504.27294355515,-403778.085616098,-2715640.41203075,-5327.76035241055,-475.533169004111,-1483.15610441187,-327691.203707306,-1810975.72651624,-8142.01607963508,-727.467826675868,-5504.03576397151,-403788.930708055,-2715662.91348158,303.493767487517,304.091839687801,302.481006706581,18130.429886592,31351.5373813672,807.024036647682,807.585211258309,806.129586209464,25592.1045916969,53381.0140882511,-0.160763528302714,0.160054321582851,10.3635544851811,-0.132444855237659,0.0608788855053226,21.8686271143921,0.104880884817015,0.104880902711822,0.104880884817015,12034.3030831298,424001.934634914,193949.64722517,0.0525045576378819,1.0000003412406,1.33100045419123e-24,2145.751,1,10,0,0,1,0,0
0.685,0.0081961725481392,-0.039720971729351,30.1167318423135,0.689435516522155,0.120415188530515,-0.380413616754334,0.209580892175631,-0.230811389786503,11.7306931027273,18.5938507515522,-5368.63092627245,-479.021081433668,-1480.80631004445,-329548.354659997,-1824879.06140064,-8142.69694644756,-727.001882964895,-5553.69929925217,-403554.393903848,-2716201.51645164,-5368.639122445,-478.981360461938,-1510.92304188676,-329549.044095514,-1824879.18181582,-8142.31653283081,-727.211463857071,-5553.46848786238,-403566.124596951,-2716220.1103024,306.9952521101,307.595366728972,305.978627419645,18261.2059812551,31593.8955032031,810.115883209823,810.674944974579,809.224865239928,25592.6388590675,53437.9808946725,0.0875415182862144,-0.20517258969183,10.3902970379217,-0.129552007637639,0.0588265764411007,21.8683275281537,0.104882342810449,0.104880903168079,0.104880884817015,11987.4552289798,426121.11955553,190867.136043837,0.0600897784033124,1.00002796173325,1.33103747162115e-24,2213.931,1,10,0,0,1,0,0
0.69,0.00641598906258676,-0.0386285613285773,30.1156558168985,0.669998765197367,0.0901310538620121,-0.337292969865591,0.23101445013717,-0.195951403442625,13.1638861331769,14.4653560690443,-5409.34789149311,-482.64620511725,-1508.58756829272,-331559.812996619,-1838480.52257687,-8142.70152448381,-726.986255608206,-5602.76927687022,-403546.36821826,-2716233.89591039,-5409.35430748218,-482.607576555921,-1538.70322410962,-331560.482995384,-1838480.61270792,-8142.36423151395,-727.217270058343,-5602.57332546678,-403559.532104393,-2716248.36126646,310.510106339744,311.112254991723,309.489643335445,18392.0251897036,31836.7971330041,813.195684205599,813.752939879448,812.308364032325,25564.5554584249,53486.9254273918,0.0117608968456367,0.0869101585823837,10.4934564917014,-0.126963885587933,0.0566965151393497,21.8682166817385,0.104880884817015,0.104881162618808,0.104880884817015,11764.1206186843,428448.877315251,187824.469425367,0.0687046843141628,1.00000529747936,1.33100705094502e-24,2173.491,1,10,0,0,1,0,0
0.695,0.00485647928663354,-0.0374285218440494,30.1148190412552,0.648511576083212,0.0642868624165644,-0.291295288078686,0.253026877773405,-0.135924904400644,15.087664951635,10.6232017398018,-5450.10014249089,-486.316526365083,-1536.54796631416,-333587.193938798,-1851923.28744547,-8142.77359832401,-727.046271297505,-5651.73576619443,-403557.291163679,-2716004.60777593,-5450.10499897017,-486.279097843239,-1566.66278535542,-333587.842450374,-1851923.35173234,-8142.48230303593,-727.299298175279,-5651.59984129003,-403572.378828631,-2716015.23097767,314.038266806094,314.642440489524,313.013980434127,18522.5673510409,32079.6835895502,816.264186345291,816.819457770125,815.380196082406,25510.519085725,53479.3413078902,-0.0513777355108115,-0.0988175915569825,10.3729704877786,-0.124626370050108,0.054485053726006,21.8683036158606,0.104881185230731,0.10488146751141,0.104880884817015,12015.595507077,425737.453540062,184498.685556377,0.078477297413457,1.00001290718732,1.33102241444031e-24,2232.41,1,10,0,0,1,0,0
0.7,0.00352534062775733,-0.0361229580600305,30.1143321543179,0.624862186642994,0.0427642392424856,-0.245105264949519,0.273642242035351,-0.0571843055085936,17.2402842534231,7.19161246271003,-5490.83397278378,-489.930210741559,-1564.83066095359,-335582.357923641,-1865503.39258435,-8142.79266973424,-727.015899559958,-5700.82345897679,-403527.154424579,-2716005.54235433,-5490.8374981244,-489.894087783499,-1594.94499310791,-335582.982785827,-1865503.43534859,-8142.54756446929,-727.289541801993,-5700.76627467128,-403544.394708832,-2716012.7339668,317.579683503096,318.185881806671,316.55159834786,18653.1699094356,32322.7886132765,819.321235694631,819.874429216064,818.440500981826,25600.6298990221,53497.8947827818,-0.0177423014868908,0.0138100538183117,10.505841612546,-0.122708851904277,0.0523306633832332,21.8685678132052,0.104880884905327,0.104881512106727,0.104880884817015,11738.5498643219,418561.138283406,181565.5498561,0.0895544663611896,1.0000119619925,1.33101592363851e-24,2146.848,1,10,0,0,1,0,0
0.705,0.00242021142792342,-0.0347248223101226,30.114267573152,0.599272681683416,0.0255032797052011,-0.200085810517544,0.290434149406392,0.0315639546053147,18.9541360642802,4.11176866850076,-5531.55143780733,-493.547913422082,-1593.35489254925,-337592.900905685,-1879130.14321846,-8142.80122898959,-726.986838583787,-5749.9031565929,-403518.335155647,-2716084.03500645,-5531.55385801876,-493.513188599772,-1623.4691601224,-337593.500178367,-1879130.16872174,-8142.60114317907,-727.277272733194,-5749.93472054751,-403537.289291711,-2716088.14677512,321.134326318297,321.742527018148,320.102444969964,18784.087009701,32565.5141866745,822.366946933609,822.918023881992,821.489406519431,25604.5162143037,53394.0041775275,-0.0451376059379737,0.054231375414636,10.3687360859221,-0.121225548413657,0.0502999137107294,21.8689608800034,0.104881117151653,0.104881272668362,0.104880884817015,12023.7250111925,401383.046353489,178116.85223502,0.102098655418305,1.00001129823112,1.33101574108113e-24,2152.778,1,10,0,0,1,0,0
0.71,0.00153741922571167,-0.0332621367279415,30.1146501139783,0.572348889364903,0.0123226181144824,-0.155406772600233,0.299725091030533,0.120148088929198,19.9001703440005,1.54028384629812,-5572.30783244791,-497.156856247318,-1622.13404313171,-339579.380508174,-1892745.27529298,-8142.86636357311,-726.956616194739,-5798.98929194684,-403474.454584842,-2716142.93424675,-5572.30936986714,-497.12359411059,-1652.24869324568,-339579.952857063,-1892745.2876156,-8142.71095680051,-727.25634128577,-5799.10944003577,-403494.354755186,-2716144.4745306,324.702128527851,325.312327257031,323.666473441476,18915.1778716866,32808.1147472621,825.401309887324,825.950130864767,824.527041432783,25683.9798325415,53384.6045719246,-0.1931141598155,0.11106960129649,10.5052281391241,-0.120060648615861,0.0482786836876217,21.8694165752513,0.104880884840181,0.104881334986998,0.104880884817015,11741.2780266201,395431.748470747,175210.500047258,0.116291830902668,1.00000858442446,1.33101142645524e-24,2230.856,1,10,0,0,1,0,0
0.715,0.000876616877871547,-0.0317794269071397,30.1154525588215,0.545051103942997,0.00306477676999686,-0.11056160342376,0.298525580841793,0.198103265764132,19.7759571279583,-0.63837362840419,-5612.9773796998,-500.823748509577,-1651.0914811326,-341630.356098154,-1906332.83181939,-8142.80681578224,-727.001621482744,-5847.97902459169,-403520.263250485,-2716152.1956601,-5612.97825631668,-500.79196908267,-1681.20693369142,-341630.901149258,-1906332.83488416,-8142.69625417882,-727.300147063585,-5848.17712785746,-403540.039207613,-2716151.55728647,328.283048387727,328.895234041791,327.24363218229,19046.525153985,33050.9743567886,828.424652155075,828.971443745254,827.553524327307,25704.760680548,53497.0583979227,-0.0462069942505254,0.00758576161728639,10.4678627987169,-0.11937132357276,0.0463332603757771,21.8698637528144,0.104880964427668,0.104881418109507,0.104880884817015,11819.316373135,406654.519813226,172889.573844706,0.132335902328705,1.00001111753491,1.33101555624504e-24,2140.076,1,10,0,0,1,0,0
0.72,0.000438651872753078,-0.0303335523707338,30.1165977716411,0.518492502673943,-0.00239685583637206,-0.0655654931601247,0.284850695248268,0.256091950281795,18.5770307344824,-2.67333060374546,-5653.68176019545,-504.429546471011,-1680.38602124898,-343631.145779504,-1920013.81954835,-8142.78563659386,-726.959434887334,-5897.11519208351,-403499.22041057,-2716311.45265754,-5653.68219884733,-504.399212918641,-1710.50261902062,-343631.664272007,-1920013.8171515,-8142.7200711007,-727.244285582582,-5897.37128403379,-403517.797441304,-2716308.77932694,331.877044940737,332.491202339811,330.833875350604,19177.8263649985,33293.9186874998,831.43688500979,831.981720111549,830.568981173252,25637.2404257315,53445.5846553171,-0.10075300455056,0.191232865100814,10.3847551793189,-0.11917819981862,0.0445216932645811,21.8702204104139,0.104880884817015,0.104881127733582,0.104880884817015,11994.3431937045,396483.214002562,169811.011873433,0.150458297527214,1.00000463224255,1.33100616551483e-24,2149.905,1,10,0,0,1,0,0
0.725,0.000223070527000367,-0.0289856227053629,30.1179668243328,0.493917519634543,-0.00405722346800402,-0.0209040226325792,0.258963448864281,0.286882867069836,16.0275502294052,-4.78494349710348,-5694.38840718847,-508.067747480767,-1709.86660609328,-345653.310724526,-1933595.26888917,-8142.77501461285,-726.963232818497,-5946.15764431638,-403504.073055519,-2716310.60709876,-5694.38863025899,-508.038761858062,-1739.98457291761,-345653.804642046,-1933595.26483195,-8142.75411059021,-727.222196267361,-5946.44452718345,-403520.100605749,-2716305.82215526,335.484056592041,336.100177208043,334.437147536742,19308.8928539947,33536.733616337,834.438291465878,834.981332124586,833.573526385864,25653.1213667015,53470.0005021406,-0.115881898246418,-0.0155254655288311,10.3206115669704,-0.119441785523604,0.0430012095012361,21.8704229596382,0.104881620479297,0.104880905181658,0.104880884817015,12127.4164772716,395145.107989943,167306.113663007,0.170907696311755,1.00001430026415,1.33101918891878e-24,2152.994,1,10,0,0,1,0,0
0.73,0.000225794854652244,-0.0277947273616086,30.1194124428912,0.472552927935634,-0.00195941706449014,0.0224584819321337,0.221413583351194,0.286462734200887,12.3941635322929,-7.02144084715819,-5735.09705562243,-511.699231340603,-1739.60322128126,-347670.788339242,-1947191.48220207,-8142.7664190171,-726.95734866791,-5995.21707836774,-403504.112078284,-2716332.20581262,-5735.09728141729,-511.671436613241,-1769.72263372415,-347671.26089217,-1947191.48024265,-8142.78887749903,-727.178762251261,-5995.50354110194,-403516.506241817,-2716325.18437177,339.104046609783,339.72212274393,338.053415123868,19440.1724353081,33779.5591429976,837.428598471511,837.970002342368,836.567285296402,25678.9491373726,53413.6238276493,-0.134192074789627,0.0644205219426458,10.3038492703541,-0.120023297290248,0.0416699722461373,21.8704231935103,0.104880884817015,0.10488111369354,0.104880884817015,12162.3955144859,386381.277383137,164441.581525701,0.193967423239339,1.00000436450884,1.33100580916127e-24,2354.3,1,10,0,0,1,0,0
0.735,0.000435504638707618,-0.0268120043247424,30.1207758193534,0.455512459245207,0.00378625685897229,0.0625698535853865,0.174865898129735,0.254269235018753,7.82168046079089,-9.25472758306704,-5775.80882088091,-515.329881827593,-1769.57724703127,-349688.310620259,-1960773.14593872,-8142.76203746325,-726.948582142156,-6044.26270651189,-403505.275908513,-2716333.25379715,-5775.80925638555,-515.303069823268,-1799.69802285063,-349688.766132719,-1960773.14972498,-8142.82460731683,-727.123448040286,-6044.51697574691,-403513.097588973,-2716323.99906957,342.736964384125,343.356986310013,341.6826254172,19571.5704018356,34022.2722339854,840.408631641856,840.947989204215,839.550369994076,25699.5467455372,53385.7485487812,-0.0726552769197253,0.0974631632587305,10.381865294333,-0.120843905181576,0.0406336286021012,21.8702137255447,0.104880884817015,0.10488088485578,0.104880884817015,11998.881946984,382129.263386689,161802.215943667,0.219948059947321,1.00000000073922,1.3310000009839e-24,2232.927,1,10,0,0,1,0,0
0.74,0.000830167052640298,-0.0260744648855555,30.1219051720307,0.443412368462933,0.0128257656820066,0.0970602685730882,0.122370920518094,0.193649676753954,2.861775510627,-11.3614804179868,-5816.49669598199,-519.012164086689,-1799.72567978788,-351741.72923331,-1974270.73395789,-8142.73074459087,-727.015397890946,-6093.19992866805,-403551.116700227,-2716201.05969512,-5816.49752614904,-518.986089621804,-1829.84758495991,-351742.172645679,-1974270.74678366,-8142.82780485944,-727.137768811464,-6093.3935783448,-403553.978475738,-2716189.6982147,346.382761782751,347.004712782133,345.324715201063,19702.9365997263,34264.5849228612,843.37818578407,843.915407824892,842.522877716719,25697.7413262227,53345.911515809,-0.220368350750308,0.0389458054353348,10.3654203309267,-0.121785972719836,0.0398079931693464,21.8698091742738,0.104881313949745,0.104881313613587,0.104880884817015,12032.7892551484,371375.788696821,159190.969490294,0.249190151788962,1.00001635923158,1.33102177529752e-24,2151.321,1,10,0,0,1,0,0
0.745,0.00137772873627266,-0.0255983699815434,30.1226737102966,0.436737920855295,0.0246080410750434,0.124241174459746,0.0692579782802541,0.111167532322307,-2.15810536725637,-12.7822571769175,-5857.22926293635,-522.65602775088,-1830.18114462877,-353764.411979424,-1987769.90350528,-8142.76127416703,-727.023402353018,-6142.24778925203,-403557.666576388,-2716076.20760113,-5857.23064066509,-522.630429380899,-1860.30381833906,-353764.848717345,-1987769.92811332,-8142.88551534149,-727.092660331298,-6142.35895678435,-403555.508471021,-2716063.42534396,350.041398445154,350.665273892488,348.979670803715,19834.450070182,34506.963553745,846.337238402525,846.872561456297,845.484949876246,25726.9166535641,53387.4181993035,0.0755729685283888,0.118193280378741,10.3683371932397,-0.122728094645917,0.0393076194231019,21.8692576977883,0.104880884817015,0.104881426585916,0.104880884817015,12028.7926042561,373402.978741654,156955.658236811,0.282082680046,1.00001033115427,1.33101375076633e-24,2303.684,1,10,0,0,1,0,0
0.75,0.00203759700302224,-0.025377503411027,30.122993667854,0.435221818218017,0.0382984723151054,0.14233703233297,0.0192925967637698,0.015740450165911,-6.46916983236017,-13.4178252855977,-5897.93915933458,-526.291805803131,-1860.8948776946,-355783.590253192,-2001357.46617991,-8142.75586157641,-727.024333678381,-6191.30246779048,-403560.65478211,-2716086.38238044,-5897.94119693159,-526.26642829972,-1891.01787136245,-355784.025475011,-2001357.50447838,-8142.89819860874,-727.043626275145,-6191.31820824064,-403554.185612278,-2716072.96455516,353.712827771968,354.338616922526,352.647431578324,19966.0318515125,34749.6834455986,849.286022885167,849.819287779302,848.436680594888,25724.9258167282,53421.8047671041,0.0303732515865865,0.0621136785063762,10.5071503331752,-0.12374572878082,0.0389240829986006,21.8686253141866,0.104880884817015,0.10488095052941,0.104880884817015,11737.036741902,371417.831965003,154801.961023632,0.319053347674888,1.0000012530866,1.33100166785827e-24,2212.461,1,10,0,0,1,0,0
0.755,0.00276593282817285,-0.0253840078077483,30.1228255972464,0.438142619044739,0.0530240365996009,0.151811400190177,-0.0225413718853445,-0.0823876208230597,-9.74986535401526,-13.186280689956,-5938.5624195364,-529.94433328315,-1891.85992008983,-357831.255917816,-2015091.25980959,-8142.62667089014,-727.050990151665,-6240.35908840504,-403596.958742818,-2716315.08328432,-5938.56518546923,-529.918949275342,-1921.98274568708,-357831.694060435,-2015091.31283363,-8142.77848229033,-727.028448779779,-6240.27670078421,-403587.208877464,-2716301.89700363,357.396996499529,358.024697169641,356.327952751291,20097.6110014495,34992.2933826315,852.224548940546,852.755997358147,851.378177698146,25733.5968965665,53457.3189341432,-0.0243937353072766,-0.0487443794081018,10.3782796811126,-0.124770884369184,0.0388102877396143,21.8679871882872,0.104881949713806,0.10488095154547,0.104880884817015,12002.8290625963,374465.971536888,152657.480418537,0.360563972296085,1.00002157822462,1.33102872211518e-24,2315.297,1,10,0,0,1,0,0
0.76,0.00352517917515626,-0.0255695626006868,30.1221822790914,0.444444014783037,0.0679569926526243,0.154724245892313,-0.0529665062454223,-0.172747798736496,-11.6134413117896,-12.0621166968272,-5979.45968199873,-533.458973190577,-1923.21138179319,-359727.420152963,-2028735.0650691,-8142.88855247671,-726.896339688656,-6289.62467032909,-403441.580702982,-2716417.87589175,-5979.46320717791,-533.433403627977,-1953.33356407228,-359727.864596978,-2028735.13302609,-8143.0432767226,-726.84337318241,-6289.45192253035,-403429.96726167,-2716405.81377505,361.093862792376,361.723464986658,360.021181347322,20229.1326290561,35235.5254432538,855.152768631174,855.682649712464,854.309539304916,25740.7934316667,53576.2047707346,-0.0266462055919847,-0.150898902979161,10.5214097486637,-0.125827489470836,0.0388493912467023,21.8674053340914,0.104881243138688,0.104881086828301,0.104880884817015,11707.0415243461,389879.742528764,150820.800627517,0.407148697467369,1.00001068409991,1.33101422192888e-24,2147.512,1,10,0,0,1,0,0
0.765,0.00428937349214695,-0.025873296141736,30.1211271688256,0.452737865578177,0.0824547124642181,0.153694210123587,-0.0701854561617329,-0.245710689380038,-11.8641352372051,-10.4065352431414,-6020.17443132633,-537.073441704317,-1954.697336322,-361733.071845641,-2042385.63050531,-8142.88898412098,-726.869267751745,-6338.73091779736,-403427.584083004,-2716521.23604768,-6020.17872069983,-537.047568408175,-1984.81846349082,-361733.524583507,-2042385.71296002,-8143.04267833111,-726.799082295583,-6338.48520710798,-403415.719947767,-2716510.82951243,364.803402753179,365.434890722079,363.727091222539,20360.9468094506,35478.9924459419,858.071243277444,858.599299990816,857.230884143343,25803.2682197276,53561.9316698466,-0.103924054011527,0.215551323194205,10.3527120555716,-0.127051503895767,0.0390149619406541,21.8669449489637,0.104880884817015,0.104880953772928,0.104880884817015,12055.3871861888,386860.430136134,148674.685720441,0.459388066431627,1.0000013149381,1.33100175018261e-24,2206.256,1,10,0,0,1,0,0
0.77,0.0050469134667869,-0.0262289713316664,30.1197683413728,0.461582389710129,0.0962753906606039,0.151914169925488,-0.0738310461036982,-0.293208201010499,-10.5726562446693,-8.68369682666947,-6060.92138009922,-540.666483984761,-1986.46365465277,-363695.555462255,-2056146.7557407,-8142.92887332407,-726.83886664729,-6387.85777401519,-403357.111256711,-2716791.30565045,-6060.92642701269,-540.64025501343,-2016.58342299414,-363696.017044645,-2056146.85201609,-8143.080787494,-726.765035601186,-6387.56456581418,-403346.538600467,-2716782.62195362,368.525556731053,369.158904889622,367.44559296011,20492.688742825,35721.2621622827,860.979855597733,861.505999743111,860.142276664842,25783.114082225,53518.2954513154,0.0766305875232108,-0.030599674510551,10.501912357558,-0.128465325152748,0.039310733882371,21.8666372342839,0.104880885053921,0.104884029221197,0.104880884817015,11745.8111845497,377952.338376768,146351.366970156,0.517886576824221,1.00005996235474,1.33107981587972e-24,2146.544,1,10,0,0,1,0,0
0.775,0.00580197690068571,-0.0265730176396501,30.1182481459462,0.469621520600752,0.109551824515968,0.15258214587576,-0.0653591951213172,-0.309713313246896,-8.07680794361368,-7.45582285991989,-6101.63669598832,-544.300349735718,-2018.40317449922,-365712.047430249,-2069730.31623341,-8142.92985871631,-726.838382156417,-6436.90812802696,-403356.011710345,-2716791.54365965,-6101.64249796522,-544.273776718079,-2048.52142264517,-365712.517051769,-2069730.42578523,-8143.08244086218,-726.773022961295,-6436.59841471371,-403347.934902401,-2716784.08783679,372.260275786841,372.89550144546,371.176718343915,20624.6164186217,35964.6816588522,863.878524768435,864.403183198428,863.043877466813,25823.209350234,53606.1025087988,-0.0398666403593161,0.0404283838687977,10.3512825772456,-0.130056154129771,0.0396775752134633,21.8665119766825,0.104880884817015,0.104881351065114,0.104880884817015,12055.3311667053,387517.115254265,144628.294883954,0.583410331352003,1.00000889102216,1.33101183395049e-24,2167.842,1,10,0,0,1,0,0
0.78,0.00657273060195931,-0.0268525701408961,30.1167292885169,0.475740883041015,0.122726169795556,0.158162782084071,-0.047648664296456,-0.292679373774697,-4.73228612337571,-7.0167743617104,-6142.34275381801,-547.939422913748,-2050.58086569495,-367735.008585225,-2083311.10268333,-8142.91843937223,-726.843535106564,-6485.94898677045,-403364.713344524,-2716786.90274072,-6142.34932654861,-547.912570343607,-2080.69759498346,-367735.484326108,-2083311.2254095,-8143.07660215431,-726.795886442267,-6485.65630739667,-403359.981058401,-2716779.88596635,376.007539153274,376.644624640617,374.920389419298,20756.7542934168,36208.3646245957,866.767602155221,867.290407183005,865.935756838692,25850.1109152909,53614.0733355783,-0.099410892544595,0.0866758034367251,10.4202032744915,-0.131755299851975,0.0400458636729094,21.8665687236309,0.104880884817015,0.104880908350397,0.104880884817015,11911.1365914765,383405.892847112,142619.401893078,0.656723442014595,1.00000044876404,1.33100059730494e-24,2176.448,1,10,0,0,1,0,0
0.785,0.00738498649938181,-0.0270294786515439,30.115378953708,0.479219340269967,0.136455316935366,0.16928882409828,-0.023778843079304,-0.242877044488663,-1.10606368591616,-7.58949507468979,-6182.87984325438,-551.717021197341,-2082.86880179959,-369879.907269866,-2096828.60678036,-8142.68417698985,-727.033338324978,-6534.81103738834,-403522.946210494,-2716679.61106488,-6182.88722824088,-551.68999171869,-2112.9841807533,-369880.386489206,-2096828.74323568,-8142.85346581394,-727.009559481898,-6534.56816034385,-403521.840146808,-2716672.02156981,379.767278299085,380.406223319605,378.676556354926,20888.7869202835,36452.1905874851,869.647096068155,870.168383336932,868.818005230865,25824.6759007324,53677.2121542265,0.105666983527602,0.0420284361386992,10.4989517005254,-0.133569996163871,0.0404222307279621,21.8668083924634,0.104881266888539,0.104881099226937,0.104880884817015,11753.2183879333,389712.697736057,140852.589848576,0.738677805575378,1.00001049404084,1.33101513943498e-24,2202.781,1,10,0,0,1,0,0
0.79,0.0082648863239528,-0.0270815786331705,30.1143514785373,0.47971026433647,0.15144718265371,0.185464367800446,0.00285635560450851,-0.164632216782353,2.33109738587851,-9.04934035788948,-6223.60785088072,-555.366308261501,-2115.53382312568,-371894.278313857,-2110337.77353043,-8142.69731179707,-727.057734179725,-6583.85525179464,-403518.631088724,-2716571.66128717,-6223.61611576704,-555.339226682868,-2145.64817460422,-371894.758024121,-2110337.92497761,-8142.88277616487,-727.060590535329,-6583.69061957786,-403520.96218611,-2716562.61194681,383.539469587984,384.180257547505,382.445180482446,21020.683386002,36696.1085387142,872.517067114004,873.036475385254,871.690721338224,25803.3344603622,53718.7439617151,-0.0534658894468828,-0.0595426407687315,10.3601946712087,-0.135409954407435,0.0407033936912896,21.8672074344237,0.104881271729371,0.104881376154953,0.104880884817015,12038.9187980166,391707.998037115,139010.577896497,0.830230164878376,1.00001405435666,1.33102229112132e-24,2197.101,1,10,0,0,1,0,0
0.795,0.00923304158083852,-0.0270020146033989,30.1137704327172,0.477296159814732,0.16828776319853,0.204947503681276,0.0294555041614959,-0.0658218656904593,5.21395954204798,-11.2050050348152,-6264.31325362397,-558.978974510508,-2148.48762875389,-373898.878462802,-2123997.75051121,-8142.68125213049,-727.028320224383,-6632.95026638238,-403502.768947775,-2716683.3283852,-6264.32248666555,-558.951972495905,-2178.60139918661,-373899.355758962,-2123997.91879897,-8142.88619963417,-727.057775728545,-6632.88444451668,-403507.982907317,-2716672.12338016,387.32408100788,387.966699145886,386.226226868681,21152.8262231581,36940.01867283,875.377633101987,875.895390465801,874.554002398372,25880.6748638885,53801.0038557157,-0.09138087248932,-0.0156766773947245,10.3579170120515,-0.137251962056193,0.0408365815983841,21.8677447363778,0.104882079795474,0.104880884817015,0.104880884817015,12043.7665546383,401559.567956197,137562.88784284,0.932431045585774,1.00002278747493,1.33103033012913e-24,2275.958,1,10,0,0,1,0,0
0.8,0.0103017265177222,-0.0267964413929473,30.1137122855629,0.472278301357493,0.187324497414998,0.226099458719576,0.0537645338790734,0.0427501375977209,7.36372552770317,-13.6101977629828,-6305.02453129793,-562.599803826362,-2181.6553058878,-375916.252015325,-2137598.4677583,-8142.67985608705,-727.001888753555,-6682.00268350602,-403502.225263614,-2716709.09211872,-6305.03483302445,-562.573007384969,-2211.76901817336,-375916.724293626,-2137598.6550828,-8142.90595554577,-727.055653287434,-6682.04543364362,-403509.588989142,-2716695.48192096,391.121061386063,391.765503053894,390.019661156622,21285.1292608364,37184.3821790879,878.22910475194,878.744943452665,877.40794614725,25860.1374741629,53758.4835868136,-0.0632423244607224,0.0185982506678557,10.6026812322949,-0.139028680747799,0.0407541582117139,21.8683720597818,0.104880884951405,0.10488116086237,0.104880884817015,11538.3658430873,391542.234065639,135565.106938427,1.04646581825875,1.0000052639853,1.33100700977542e-24,2229.568,1,10,0,0,1,0,0
0.805,0.0114751218710277,-0.0264794875557962,30.1141945277395,0.465118407840325,0.208636187757185,0.247266026008632,0.0744157432957871,0.148499114953412,8.68146189766532,-15.7859503103273,-6345.73991234373,-566.269804434793,-2214.99861326363,-377953.987951478,-2151062.56927921,-8142.68410159007,-727.046824062848,-6730.95826439805,-403527.246902914,-2716537.79341815,-6345.7513874656,-566.243324947238,-2245.11280779137,-377954.453069886,-2151062.7779154,-8142.93136761608,-727.121239806144,-6731.106763513,-403535.928364812,-2716522.00746784,394.930369684891,395.576626087591,393.825431312091,21417.4072040415,37428.6900906012,881.07110885207,881.585452810792,880.252633835292,25873.3182612271,53785.5902533625,-0.120009578608139,0.178789331790022,10.4984399978663,-0.140799870224285,0.0404444964651904,21.8690360404281,0.104880884953585,0.104881191798594,0.104880884817015,11755.4568891611,393207.27619467,133857.478897007,1.17359604469006,1.00000585391764,1.33100779503063e-24,2196.151,1,10,0,0,1,0,0
0.81,0.0127496375852399,-0.0260721875422394,30.1151702112916,0.45637073001981,0.232079885329755,0.266949714678636,0.0902000239457155,0.238454338655029,9.30113486708016,-17.5857733966948,-6386.46762714575,-569.88504609902,-2248.66852408343,-379957.97053769,-2164652.33363125,-8142.69937124472,-727.01822459918,-6780.02766508634,-403511.574072066,-2716549.62886323,-6386.48037678333,-569.858973911478,-2278.78369429472,-379958.42690842,-2164652.56571113,-8142.9663209594,-727.108424623126,-6780.26611942499,-403520.875206933,-2716532.04308983,398.751966008474,399.400029878059,397.643503868904,21549.6707287851,37673.2696527162,883.904009950934,884.416849188886,883.088160875528,25854.4664334093,53826.4970734137,-0.148648945782063,-0.0555890250366864,10.3614386338738,-0.142673192575799,0.0398919654300914,21.8696631246858,0.104880884817015,0.104880910234923,0.104880884817015,12040.762114152,391364.247141588,132231.528484748,1.31523772168466,1.00000048470055,1.33100064513643e-24,2144.095,1,10,0,0,1,0,0
0.815,0.0141181410128348,-0.0255997270086502,30.1165308864858,0.446626915785254,0.257354914328003,0.285205912107771,0.100662680686052,0.301195097628607,9.26662025746876,-18.7446757947382,-6427.17817384415,-573.482732592248,-2282.60985281465,-381959.933438722,-2178327.09651249,-8142.69344951492,-726.964177348589,-6829.13000005732,-403492.171246935,-2716679.21749262,-6427.19229198517,-573.45713286524,-2312.72638370114,-381960.380065638,-2178327.3538674,-8142.97865542703,-727.064840029275,-6829.43119515495,-403501.437867192,-2716660.47281682,402.585810292003,403.235670107977,401.473831273398,21681.8547467636,37917.7911806357,886.72759953213,887.238989010307,885.914608764773,25845.6765981689,53882.7399761577,0.214477183427141,0.108432676668753,10.4709795184536,-0.144643513435582,0.0391929555611558,21.87017833909,0.104880884817015,0.104881593473106,0.104880884817015,11825.0450455917,396944.343016447,130688.902253221,1.47291249377149,1.00001351358708,1.33101798658441e-24,2234.714,1,10,0,0,1,0,0
0.82,0.0155732098178757,-0.0250905144573351,30.1181194952158,0.436479644956797,0.28415092186803,0.301856948636884,0.104968784907586,0.328860361508039,8.73015397924263,-19.3850751621415,-6468.13270654847,-576.921274050969,-2316.94475769179,-383803.152999613,-2192009.74399869,-8142.99834812071,-726.715972648871,-6878.41556516471,-403284.745393442,-2716830.15118333,-6468.14827975829,-576.896183536511,-2347.062877187,-383803.589479258,-2192010.02814961,-8143.30020506935,-726.820941433778,-6878.74442552622,-403293.475547421,-2716810.76610817,406.431842013047,407.083499228541,405.316373885543,21813.8568377846,38162.6230749681,889.542401914589,890.052136036532,888.732065279725,25860.6925290531,53884.9198876521,0.125708933864466,0.0601947119216864,10.3714978058069,-0.146877361551202,0.0383744198856128,21.8705106211847,0.104881301481846,0.104881488008615,0.104880884817015,12027.4613126664,394592.25456895,128971.542449823,1.64832878109884,1.00001886362544,1.33102588523335e-24,2284.655,1,10,0,0,1,0,0
0.825,0.0171078859976773,-0.0245765949371072,30.1197508690213,0.426523890459598,0.312229254797431,0.317280864063649,0.102499286294152,0.318161831664896,7.77930050995094,-19.7263196721289,-6508.8526755594,-580.549491625281,-2351.34214037245,-385814.800737578,-2205596.37730697,-8143.00353625447,-726.709233649085,-6927.47224423268,-403279.591715029,-2716832.71354292,-6508.86978344539,-580.524915030343,-2381.46189124147,-385815.227261468,-2205596.68953622,-8143.32081711853,-726.81173293538,-6927.79040606434,-403287.371015539,-2716812.98722324,410.290064241774,410.943505893646,409.171108688507,21946.1809442719,38407.5378627407,892.348242329277,892.856681129458,891.540624055571,25888.6604431752,53873.9508065899,-0.0110281901520251,0.00531491857612022,10.479311734285,-0.149359648958252,0.0375539479276059,21.8706121090406,0.104880884817015,0.104880911110935,0.104880884817015,11798.354470445,389848.723637576,127295.141152605,1.84340394280255,1.00000050140544,1.33100066737064e-24,2184.445,1,10,0,0,1,0,0
0.83,0.0187167078127549,-0.0240918642898349,30.1212369417793,0.417362860198058,0.341434132057188,0.331720229518731,0.093132705443593,0.271237566801413,6.43675982754633,-20.0259181534521,-6549.59857480757,-584.123488780436,-2386.06937074528,-387787.249311692,-2219347.34186091,-8143.04584124202,-726.638870671353,-6976.63437540041,-403227.23100992,-2717066.91979972,-6549.61729151539,-584.099396916146,-2416.19060768705,-387787.666674553,-2219347.68329504,-8143.37756147154,-726.732003376797,-6976.90561296721,-403233.667769747,-2717046.89388156,414.160417102691,414.815633497589,413.037978438417,22078.4462668843,38652.0698773545,895.145277866642,895.652251693446,894.340356803295,25850.2087961004,53860.170875003,-0.169618595807164,-0.0775293918498417,10.5511767085003,-0.152057391119676,0.0368440274947915,21.8704614977751,0.104880884817015,0.104881730415144,0.104880884817015,11649.0543277035,386558.38067896,125616.132273786,2.06012816663861,1.00001612498864,1.33102146235988e-24,2159.961,1,10,0,0,1,0,0
0.835,0.0203948487449208,-0.0236695218998422,30.122412383202,0.409595617249016,0.371704372605363,0.345201238810231,0.0772702297489828,0.194965877391282,4.66454860825424,-20.3466231231074,-6590.30144645085,-587.761660061769,-2420.94635624967,-389809.435013833,-2232945.21478969,-8143.03054536359,-726.645067756011,-7025.67419838649,-403233.374240501,-2717083.62438823,-6590.3218412996,-587.73799053987,-2451.06876863287,-389809.84460945,-2232945.58649406,-8143.3757466024,-726.72233798576,-7025.86916426388,-403238.038789109,-2717063.27776511,418.042844539577,418.699840249928,416.916951346063,22210.3100647262,38896.8881439714,897.933747812414,898.439169043066,897.13134994584,25783.1845898773,53862.4604488409,-0.132683668636684,-0.000627597772688993,10.2495657549995,-0.154884453675356,0.0363107730848119,21.8700782314441,0.104881316763001,0.104881287570301,0.104880884817015,12276.1970482295,384646.887237758,124003.120094218,2.30078435787662,1.00001513411949,1.33102118570554e-24,2285.131,1,10,0,0,1,0,0
0.84,0.0221351296329444,-0.0233396094799621,30.1231555164572,0.40377279534212,0.402945580581695,0.356757022801072,0.0557824816528861,0.0997814476750735,2.52507243311638,-20.7878217228658,-6631.01659446168,-591.393941658239,-2456.07286257629,-391825.604773912,-2246530.6280545,-8143.03053982187,-726.643327759491,-7074.7207458767,-403233.493015737,-2717084.92275366,-6631.03872959131,-591.370602048759,-2486.19601809275,-391826.008546707,-2246531.03100008,-8143.38729684467,-726.699110241144,-7074.82052732437,-403236.01808817,-2717064.13493194,421.937349063875,422.596106801249,420.808003167737,22342.2434237582,39141.8296500849,900.713513222132,901.217458186641,899.913695620334,25808.3710370936,53905.1440579324,-0.0660881616892225,0.0188835991815948,10.5128592181462,-0.157806684862233,0.0359560049971092,21.8695171579819,0.104880884817015,0.104880884865649,0.104880884817015,11725.6712106334,389108.370458492,122591.475945121,2.56788916262175,1.0000000009274,1.33100000123437e-24,2145.524,1,10,0,0,1,0,0
0.845,0.0239252697429216,-0.0231250983150278,30.123401452414,0.400359977176645,0.434965676967661,0.365295199940827,0.0306494384468591,-0.00222801984731852,0.107059401517257,-21.0884217555652,-6671.68990599987,-594.987859575377,-2491.4623582787,-393829.34188828,-2260190.21763272,-8142.95341761593,-726.584652828656,-7123.77955693393,-403219.419088155,-2717185.88515402,-6671.71383126961,-594.964734477062,-2521.58575973112,-393829.742248257,-2260190.65259839,-8143.31871281587,-726.615302267103,-7123.77732891408,-403219.526147557,-2717164.79673227,425.843873010198,426.504384159771,424.711085534186,22474.2948437254,39386.90400273,903.484954920686,903.987180310057,902.687465585714,25829.7518161427,53935.3642365921,0.0284537858399777,-0.119467325205541,10.5552935903681,-0.16070166169335,0.0357982702628688,21.8688578815479,0.104880884975802,0.104880969742252,0.104880884817015,11641.5112836346,389965.84723887,121173.207053824,2.86411583488003,1.00000161946138,1.3310021595333e-24,2332.293,1,10,0,0,1,0,0
0.85,0.0257459304794034,-0.0230386504088377,30.1231455156864,0.399554637810289,0.467480682397687,0.369061320657944,0.00405469139608576,-0.0992674818675048,-2.33332483414262,-21.3303784306654,-6712.40525987037,-598.622336531825,-2527.07888804203,-395846.333710692,-2273770.86369257,-8142.95450967403,-726.586538048215,-7172.82667613263,-403219.826502298,-2717178.91022148,-6712.43100580085,-598.599297881416,-2557.20203355771,-395846.73326533,-2273771.33117325,-8143.32357099469,-726.590592739611,-7172.72740865077,-403217.493177463,-2717157.57984305,429.762381005574,430.424637722869,428.626160948546,22606.2087681624,39632.0413401413,906.247745087982,906.748642431389,905.452737966246,25754.0733525403,53932.4615178809,-0.186124206644615,0.0466964157971496,10.4134254646179,-0.163597445522269,0.0357756532047111,21.8681955695753,0.104880884817015,0.104880970784284,0.104880884817015,11928.3986250231,388065.275859437,119664.386011485,3.19244237963863,1.00000163933217,1.33100218195112e-24,2227.059,1,10,0,0,1,0,0
0.855,0.0275732898285921,-0.023080889821212,30.1224376270774,0.401334476679802,0.500096829046801,0.367996680860074,-0.0213226348997666,-0.181477279939848,-4.58115015426653,-21.2158625369451,-6753.16107614345,-602.199592294161,-2563.04001217191,-397811.03206803,-2287504.84368368,-8143.00415464311,-726.528796046243,-7221.99726067036,-403161.050196923,-2717379.28497567,-6753.18864943327,-602.17651140434,-2593.16244979898,-397811.433402507,-2287505.34378051,-8143.37215132397,-726.507473411343,-7221.81578339042,-403156.469046769,-2717358.06911314,433.692832916073,434.356826035112,432.553178027033,22737.8845068362,39876.713567737,909.00231311583,909.501665060083,908.209579561012,25768.9487877034,53890.037778224,-0.287957039984453,-0.0546487299513997,10.5822612242478,-0.16630593932404,0.0358945114221961,21.8676134247909,0.104880884817015,0.104881958200564,0.104880884817015,11580.1973810321,382879.831200509,118109.387959094,3.55605021245451,1.0000204687259,1.33102724387418e-24,2284.288,1,10,0,0,1,0,0
0.86,0.0293837603474823,-0.0232412843485701,30.121370026272,0.405432968131173,0.532383148363662,0.362241763601485,-0.043654474828881,-0.241933810428861,-6.40483104840937,-20.711245768386,-6793.88701867286,-605.822579584742,-2599.15956607293,-399818.240174471,-2301096.237342,-8143.01663888521,-726.517170958348,-7271.05879736411,-403151.95257261,-2717386.05466616,-6793.91640243321,-605.799338300393,-2629.2809360992,-399818.64560744,-2301096.76972515,-8143.37888064882,-726.473516483519,-7270.81686355368,-403145.547741561,-2717365.3434204,437.635193568442,438.300918228458,436.492127624959,22869.6072239114,40121.6458337848,911.74850595273,912.246255142344,910.958087051082,25762.9303112319,53873.1001445516,-0.201822498125487,0.0183086675022385,10.4220402766866,-0.168910930662832,0.0361057698879388,21.8671835948866,0.104880884817015,0.104881142194456,0.104880884817015,11908.4277709737,378951.83342707,116647.534572461,3.95862656270332,1.00000490800124,1.33100653254965e-24,2227.522,1,10,0,0,1,0,0
0.865,0.0311569474176113,-0.0235034290129958,30.1200625741386,0.411465962271286,0.563881756539856,0.35293067156096,-0.0623887511668991,-0.276606735641627,-7.58546949084031,-19.6034491636526,-6834.59838067299,-609.377367108556,-2635.66948347575,-401790.338177091,-2314961.61809308,-8143.01231153254,-726.42446929405,-7320.31360903645,-403101.528235586,-2717756.76527745,-6834.6295376204,-609.353863679543,-2665.78954604989,-401790.749643053,-2314962.18197483,-8143.36524220411,-726.362080542883,-7320.0370023008,-403093.942766095,-2717737.16182829,441.589432787795,442.25687442522,440.442945196529,23001.3263814946,40365.8253848015,914.486237073649,914.982578734807,913.6983123273,25761.6811902809,53839.2502749368,-0.0254007175358304,0.0615664778105859,10.2816846716963,-0.171398632438298,0.0364169444217665,21.866945338827,0.104882313033397,0.104881033404721,0.104880884817015,12203.6556447047,373146.282952811,115189.913355759,4.40389424220266,1.00002960606807,1.33104002140681e-24,2228.109,1,10,0,0,1,0,0
0.87,0.0328767772884312,-0.0238508304459906,30.1186486659365,0.418968347232605,0.594155671848751,0.34066767122676,-0.0780314543598972,-0.284157388203549,-8.09252261203473,-18.104427331061,-6875.38093754096,-613.002261438535,-2672.26241067841,-403774.075151847,-2328475.30461532,-8143.09236914421,-726.426516096881,-7369.34273972257,-403066.168819249,-2717661.01353314,-6875.41381431825,-612.978410608089,-2702.38105934434,-403774.494120194,-2328475.89877099,-8143.43303681543,-726.348484642521,-7369.05858233437,-403058.076296637,-2717642.90910581,445.555504873797,446.224667523934,444.405632240641,23133.0854090507,40610.3270348872,917.21593531373,917.710791289783,916.430360920689,25770.6867542363,53765.5241345599,-0.0215158302534229,-0.06217362971128,10.1850785400426,-0.173930667677622,0.0368909116784131,21.8669163022179,0.104880884817015,0.104881325150616,0.104880884817015,12408.9434077646,362644.349275772,113653.636484696,4.89632428606343,1.00000839684992,1.33101117620725e-24,2219.709,1,10,0,0,1,0,0
0.875,0.0345308168186853,-0.0242721876817765,30.1172634088557,0.427585715857328,0.622970446284208,0.32633486720309,-0.0921732859508826,-0.265245385592454,-8.14353666648956,-16.5325683983343,-6916.0742606336,-616.620285771774,-2709.12998907064,-405777.003194409,-2342070.2020506,-8143.04278736112,-726.409835508171,-7418.42157724028,-403053.042026428,-2717670.27984831,-6916.10879145042,-616.596013584092,-2739.2472524795,-405777.430780125,-2342070.82502104,-8143.36912222832,-726.31766222222,-7418.15633185469,-403044.898489762,-2717653.74727991,449.533383309269,450.204254514144,448.380128921281,23264.9028719502,40854.7545276868,919.937540759398,920.430871400313,919.154285367567,25785.3840705891,53771.0628941376,-0.0174248069835142,2.92706409817181e-05,10.3703324557079,-0.176477128924343,0.0376074827301802,21.8670820326636,0.10488088499396,0.104881003795313,0.104880884817015,12018.3600541051,359526.571005167,112382.744918,5.44051533330514,1.00000226884592,1.3310030243017e-24,2273.015,1,10,0,0,1,0,0
0.88,0.0361111367457765,-0.0247650215281307,30.1160348137577,0.437185191671326,0.650238532393406,0.310882938984072,-0.106796000374883,-0.222025768642286,-8.09121742190485,-15.0924838610306,-5765.21157388923,-1580.19000412944,-1474.00161276408,-1263822.37423198,-1905992.49549479,-6745.59412140197,-1854.74397254901,-5781.73692194808,-1345174.41415936,-2086772.32623166,-5765.24768502598,-1580.16523910792,-1504.11764757784,-1263822.81141718,-1905993.14573333,-6745.90500434096,-1854.63717654863,-5781.51489617944,-1345166.32294194,-2086757.2337478,453.358359458549,454.088879541386,452.17817038628,21686.9464169893,40838.9683796078,922.53986776326,923.070435948205,921.708015563929,23874.7402460577,53461.2045292958,-0.0775132244326556,0.0646801694798685,10.4745470822553,-0.178949034565514,0.0386072891194596,21.8674175573172,0.104882363863581,0.104881152099122,0.112479226253405,10260.544956942,373442.78151207,108829.392416009,5.19033641791265,1.15014931469303,1.53089051461258e-24,2233.3,1,10,0,0,1,0,0
0.885,0.0376127789488759,-0.0253354892773917,30.115077101201,0.447877860287299,0.675946369418891,0.294565542141777,-0.123420280159718,-0.157812975179836,-8.26340906540723,-13.8020172331162,-5799.02994785432,-1589.31647711186,-1503.04125632714,-1270448.85124276,-1916571.04602955,-6745.68498196199,-1854.55756900692,-5830.93651224724,-1345066.77790895,-2086966.56278101,-5799.06756063327,-1589.29114162258,-1533.15633342834,-1270449.29912062,-1916571.72197592,-6745.97954750413,-1854.43414872676,-5830.77869927206,-1345058.51449988,-2086952.76076377,457.359262377072,458.092078656362,456.175356289452,21795.2754617696,41082.2427014181,925.245781509834,925.774863879455,924.416388715128,23814.464673373,53598.1180597171,-0.0478992739571248,-0.152844603203801,10.4347743668381,-0.181279829282829,0.0398801641036453,21.8678901920896,0.104880884817015,0.104881293214807,0.104880884817015,11888.2791266206,375481.0601005,107886.117866275,5.76010370535264,1.00000778785549,1.33101036563566e-24,2277.988,1,10,0,0,1,0,0
0.89,0.0390287068250836,-0.0259928196342019,30.1144844335081,0.459921197740074,0.700055789920755,0.276293695313814,-0.141784845504602,-0.0772477369642944,-8.92300542536458,-12.669633414508,-5832.78226107518,-1598.53106367575,-1532.27217949187,-1277131.71637533,-1927119.67349213,-6745.70548203385,-1854.49007670847,-5880.07673155792,-1345022.33908075,-2087115.27556221,-5832.821289782,-1598.50507085612,-1562.38666392538,-1277132.17629653,-1927120.37354791,-6745.98177572916,-1854.34829186297,-5879.99948382096,-1345013.41607533,-2087102.6059288,461.371868655834,462.106977854455,460.184254943767,21903.2876365857,41325.7333499994,927.943837024327,928.471792429639,927.116849962335,23727.0318596203,53613.5407652658,-0.115534374580746,0.135610846117054,10.4445909321907,-0.183442959342118,0.0413907070434459,21.8684734217647,0.104880885002444,0.10488147347196,0.104880884817015,11865.3254587557,376070.540054186,106677.538768089,6.38848273917824,1.00001122524716,1.33101494550203e-24,2306.746,1,10,0,0,1,0,0
0.895,0.0403461004040169,-0.0267389904021038,30.114323643402,0.47352575745587,0.722435167728223,0.25482430804565,-0.159244601227695,0.0134718622071465,-10.0968063603165,-11.5649298607543,-5866.35010566891,-1607.86576837175,-1561.62374092304,-1283917.82329152,-1937577.42787685,-6745.48432632196,-1854.56208398456,-5929.07227123664,-1345089.56112572,-2087140.53809111,-5866.39045176931,-1607.83902938135,-1591.73806456644,-1283918.29681728,-1937578.15031202,-6745.73915063,-1854.40283938333,-5929.08574309884,-1345079.46431936,-2087128.97316124,465.396137609259,466.133533477307,464.204815248013,22011.0073354497,41568.3803752854,930.634050483123,931.160461144833,929.80945744463,23707.9817327815,53614.8809354852,0.0168667994999964,0.275792180809644,10.3460862477677,-0.1853348168206,0.0429932508561754,21.8691333763674,0.104882397891317,0.104882010303911,0.104880884817015,12079.6087143942,377007.577187524,105473.10953488,7.08082583459336,1.00004921342394,1.33106697028371e-24,2278.901,1,10,0,0,1,0,0
0.9,0.0415466064171108,-0.0275573504005065,30.1146258097344,0.488588771574057,0.742835835609738,0.229161617707451,-0.170937828715845,0.106364097531683,-11.5065316677543,-10.3052255396919,-5900.04252090186,-1617.18035046729,-1591.22235829299,-1290676.0240817,-1947953.15314624,-6745.44421149623,-1854.61000511541,-5978.06970237045,-1345125.86651266,-2087061.32745774,-5900.08406750828,-1617.15279311689,-1621.33698410272,-1290676.51267047,-1947953.89598208,-6745.67337311394,-1854.43906728669,-5978.17606646798,-1345114.35998099,-2087051.0222322,469.43204278041,470.171726212795,468.237039096642,22118.8442334156,41812.1204849864,933.316414819249,933.841522442143,932.494302218093,23750.0563578999,53643.8297839432,-0.206622854045031,0.130465381973196,10.4191141923288,-0.186881302934147,0.0444690515665564,21.8698359588076,0.104880884817015,0.104881144076454,0.104880884817015,11920.6194576759,367734.908089176,104415.172693985,7.8438995650593,1.00000494388962,1.33100658031708e-24,2226.866,1,10,0,0,1,0,0
0.905,0.0426097015435024,-0.0284039101120664,30.115378109027,0.504467174577279,0.760848295962368,0.199407221747086,-0.170684586654359,0.191998835715334,-12.4093752346319,-8.55777394139458,-5933.64882477831,-1626.54158697403,-1621.07585288194,-1297484.24258444,-1958365.95109785,-6745.3064666911,-1854.70912497927,-6027.10579851027,-1345214.40472864,-2087029.13146564,-5933.69143447985,-1626.51318306392,-1651.19123099097,-1297484.74705161,-1958366.71194614,-6745.50587391285,-1854.53844039262,-6027.29779734599,-1345201.9953534,-2087020.57369169,473.479538527878,474.221507281411,472.280872277336,22226.5754160941,42055.8104505487,935.99123736043,936.514957429645,935.171438521254,23706.0118866717,53600.5660316158,-0.0257410356492002,0.00373592374867811,10.2420683859162,-0.188050584959991,0.0455626512080147,21.8705361191534,0.104881316675225,0.104881147053349,0.104880884817015,12295.3959575351,361482.713086299,103151.130329097,8.68400080164095,1.00001207168688,1.33101761698407e-24,2219.504,1,10,0,0,1,0,0
0.91,0.043516208340507,-0.0292026064225806,30.116517784502,0.519829164610082,0.776046830554882,0.165986578824635,-0.151695362177949,0.260002958950154,-11.9646625106758,-6.2756004057194,-5967.40669653609,-1635.82870545806,-1651.1913150255,-1304203.33658766,-1968755.45258766,-6745.34714307333,-1854.73346818811,-6076.12514042226,-1345206.9094186,-2086972.70901475,-5967.45021274443,-1635.79950285163,-1681.30783281,-1304203.85641683,-1968756.22863449,-6745.51312965215,-1854.58177282593,-6076.38514338121,-1345194.94475609,-2086966.43341434,477.538601736138,478.282858398967,476.33628642125,22334.2803730803,42299.336174617,938.658605298418,939.180715631077,937.840932683522,23683.3159476104,53658.1554371796,-0.156712095089617,0.0784415530019079,10.3313530255579,-0.18896629537482,0.0461174689625298,21.8711856313699,0.104880885015689,0.104881753759177,0.104880884817015,12106.3474302437,359893.180804303,102183.707965033,9.60843467944992,1.0000165701468,1.33102205990634e-24,2337.129,1,10,0,0,1,0,0
0.915,0.0442527069163045,-0.0298484313245128,30.1179312533587,0.532608597428438,0.788060373208752,0.130793142242168,-0.109043500623589,0.300591378791044,-9.29661430072815,-3.55677895703461,-6001.10860906084,-1645.1388215224,-1681.55320355039,-1310947.15348848,-1979180.88838237,-6745.31917954585,-1854.78384167672,-6125.15454529687,-1345225.27555039,-2086958.49452611,-6001.15286176775,-1645.10897309107,-1711.67113480375,-1310947.68609707,-1979181.67644274,-6745.44997268809,-1854.6747981761,-6125.45513667567,-1345215.97893609,-2086954.93774715,481.60921160466,482.355739866428,480.403247570386,22441.9261579259,42543.0109748572,941.318353997994,941.838947294464,940.502852535581,23677.1137921041,53541.8711233639,-0.105781285289467,-0.0683932175344971,10.3269737539682,-0.189667717835832,0.0459790171746716,21.8717119307659,0.104880884817015,0.104880912554825,0.104880884817015,12118.2815914116,351276.441345537,100846.830239459,10.6253331305654,1.00000052893936,1.33100070401828e-24,2235.58,1,10,0,0,1,0,0
0.92,0.0448169727300894,-0.0302193117363749,30.1194611011524,0.540177225655931,0.796711472951772,0.0964590566602901,-0.040739130897239,0.306161088864257,-4.06627656025829,-0.81342937123891,-6034.72194068972,-1654.53406140224,-1712.03870500862,-1317781.50259154,-1989558.1910043,-6745.21401897797,-1854.91946600633,-6174.03602238057,-1345337.82761649,-2086882.0885946,-6034.76675766245,-1654.50384209051,-1742.15816610977,-1317782.04276877,-1989558.98771577,-6745.31047803463,-1854.87872687543,-6174.34218346943,-1345333.76133993,-2086881.27516523,485.691313772033,486.440106137486,484.481715564309,22549.5049562892,42786.3588270712,943.970440840111,944.48972121299,943.15725603247,23696.379420586,53519.9683297832,-0.0174120788501103,0.222021151815436,10.4622065783068,-0.190258286087081,0.0451414682841251,21.872052352028,0.104881331268731,0.104880885191672,0.104880884817015,11840.5220509487,342769.380326547,99795.628084433,11.7430501397076,1.00000851355633,1.33101134100217e-24,2260.872,1,10,0,0,1,0,0
0.925,0.0452206432257428,-0.030195151185955,30.1209214695704,0.539941005621456,0.80220134603848,0.0659589813336576,0.0504480481554181,0.273036930243987,3.75368539080198,1.6318745994191,-6068.28961916456,-1663.89593299057,-1742.8998493323,-1324581.03212225,-2000128.8891602,-6745.0306924128,-1855.03090404405,-6223.08825089161,-1345412.94587005,-2087046.76638542,-6068.33483980778,-1663.86573783938,-1773.02077080187,-1324581.57206325,-2000129.69136154,-6745.09665139413,-1855.08135209221,-6223.36128782185,-1345416.69955544,-2087048.39826002,489.784882648242,490.535934531567,488.571628943192,22656.9267052453,43028.772390485,946.615093186289,947.132883726485,945.804185688402,23684.3222928635,53523.5516190256,0.030856838657282,0.126792377803482,10.4099001238538,-0.190751731951141,0.0436193822627375,21.8721447657855,0.104881334313205,0.10488311663251,0.104880884817015,11949.0072751143,339530.404661884,98760.9635767422,12.970421859514,1.00004579237561,1.33106805579129e-24,2246.391,1,10,0,0,1,0,0
0.93,0.0454871009472949,-0.0296799989112059,30.1221205786045,0.529926168552589,0.805070197793501,0.0410764440852476,0.157538417936387,0.202546474257636,13.5705321710441,3.38386228425875,-6102.02791619936,-1673.18556067117,-1773.97757515024,-1331314.55358337,-2010452.20653023,-6745.04241193553,-1855.04397541204,-6272.09669676894,-1345418.85867151,-2086909.32097381,-6102.07340330031,-1673.15588067226,-1804.09969572884,-1331315.08350954,-2010453.01160043,-6745.08348837961,-1855.20151382997,-6272.2992432432,-1345432.42920368,-2086912.7048361,493.889900238704,494.643208839326,492.673026223123,22764.712764808,43271.8646336099,949.252405631841,949.768663575684,948.443753834619,23735.4703613925,53583.1208195158,-0.185186209995598,0.109592387037041,10.2963884601976,-0.191206748018999,0.0415669438669704,21.8719576370078,0.104880884817015,0.104881744832402,0.104880884817015,12181.6786726387,345715.365180449,97932.0644393338,14.3186330780488,1.00001639991719,1.33102182828979e-24,2271.596,1,10,0,0,1,0,0
0.935,0.045645581322794,-0.0286222285734306,30.1228870511414,0.508790639711772,0.805955743131553,0.0224020107446806,0.269623804400521,0.101452552482381,24.4576675087082,4.27385401677721,-6135.7445985971,-1682.29101344525,-1805.59987680325,-1337949.57008739,-2021512.85109135,-6745.03708672436,-1854.85757974848,-6321.43235365354,-1345320.55885283,-2087679.47621049,-6135.79024417843,-1682.26239121668,-1835.72276385439,-1337950.07887803,-2021513.65704709,-6745.0594887351,-1855.12720355288,-6321.53380620602,-1345345.01652034,-2087683.75006451,498.006323661606,498.761877149645,496.785830821414,22872.6708332264,43514.727037449,951.882458544779,952.39695339634,951.075991045303,23773.8231012106,53606.8341485154,0.0523481848688082,-0.0588195081000455,10.4110504277558,-0.191548737788554,0.039092274861302,21.8715011986095,0.104882542873205,0.104880988454568,0.104880884817015,11946.4547290974,343853.565159623,97008.0428481516,15.7979810980696,1.00003359418885,1.3310447141896e-24,2311.024,1,10,0,0,1,0,0
0.94,0.0457227208105344,-0.0270239991112828,30.1230961641053,0.476458635613988,0.805523523819243,0.00830793649212756,0.375860984146081,-0.0185055648833725,34.6313407214745,4.26573545192568,-6169.29308443459,-1691.70912382068,-1837.01365755363,-1344803.17392312,-2031883.45229378,-6744.8444121969,-1855.01557371567,-6370.24154346417,-1345451.71526162,-2087590.0675255,-6169.3388071554,-1691.68209982157,-1867.13675371773,-1344803.65038176,-2031884.2578173,-6744.85272013339,-1855.39143469981,-6370.22303789928,-1345486.34660234,-2087594.33326095,502.134110787754,502.891910128091,500.91001766048,22980.7068207411,43758.4119606859,954.505535284288,955.018341109674,953.700959441707,23816.1462842485,53602.9026832899,-0.00788024339614827,0.0587583525661346,10.3424857080303,-0.191748473318807,0.0365063347802109,21.8708230003607,0.104881348448736,0.104881000412334,0.104880884817015,12085.1693698092,351195.069202963,96014.4692249496,17.4211108428411,1.00001104503022,1.33101470148999e-24,2234.507,1,10,0,0,1,0,0
0.945,0.045734189243481,-0.0249420658358152,30.1226911306227,0.434194128941114,0.804250459439227,-0.00400192588061146,0.464993613357676,-0.142123782686269,42.5841572156639,3.67074360029774,-6203.0112119324,-1700.9737235027,-1868.8861148279,-1351524.75771692,-2042360.0720018,-6744.83497378184,-1855.00418724038,-6419.3173316679,-1345445.74777326,-2087638.61922061,-6203.05694612164,-1700.94878143686,-1899.00880595853,-1351525.19191105,-2042360.87625225,-6744.83097185596,-1855.46918085374,-6419.17520788522,-1345488.33193047,-2087642.28996421,506.273252801903,507.033288894873,505.045570148501,23089.0698475298,44002.0009797401,957.120957544499,957.632655106339,956.318733027938,23857.702797753,53574.5841164444,-0.0806001144077595,-0.0310824400844703,10.3437164527777,-0.191675972603424,0.0337305361651354,21.870018819,0.104880884817015,0.104880990898461,0.104880884817015,12079.2895270227,352587.327860991,95004.4336213189,19.2008620472721,1.00000202289482,1.331002692473e-24,2294.755,1,10,0,0,1,0,0
0.95,0.0456797585451674,-0.0224809117757161,30.1216952860264,0.384378405261612,0.80224851529826,-0.0181620966106043,0.528973029287153,-0.252829087796498,47.3256223452987,3.0155797569848,-6236.7094932704,-1710.22745918372,-1900.95567510056,-1358239.18491594,-2052805.10553379,-6744.78286748464,-1854.97764645727,-6468.31537134987,-1345433.43432298,-2087646.88573921,-6236.75517302894,-1710.20497827195,-1931.07737038659,-1358239.56929434,-2052805.9077823,-6744.76470538803,-1855.50661948655,-6468.06254226208,-1345480.75994532,-2087649.90131897,510.423704258796,511.185971985821,509.192444319418,23197.4820753224,44245.6748052634,959.729368557315,960.239881088428,958.929359690134,23849.5968435354,53619.8352099223,-0.0929233221053515,-0.00845273678767553,10.4953153434499,-0.191248146991842,0.0307792462154055,21.8692092560425,0.104880885272585,0.104881002257269,0.104880884817015,11761.515422826,353457.842397042,94176.4456917908,21.1511777920518,1.00000223950448,1.3310029923361e-24,2308.778,1,10,0,0,1,0,0
0.955,0.0455417058633635,-0.0197714653929237,30.120212785877,0.330183144032027,0.799225241159588,-0.0376202545607696,0.565118817096146,-0.33513817912583,47.7067863416771,2.85084608999307,-6270.44126377231,-1719.51022690126,-1933.29728064648,-1364966.34772186,-2063243.32257743,-6744.79558319734,-1854.99038834036,-6517.36540248444,-1345434.29261249,-2087646.50229374,-6270.48680547817,-1719.49045543587,-1963.41749343236,-1364966.677905,-2063244.12180268,-6744.75796294278,-1855.55550715745,-6517.03026430531,-1345481.99939883,-2087649.35313983,514.585437228344,515.349934385709,513.350610768146,23305.8807067431,44489.2332393916,962.330617638576,962.839853755004,961.532900048526,23839.0919874645,53521.6003539917,-0.0943987629175434,-0.0364405769904382,10.4185541291626,-0.190445528795565,0.0276653386323302,21.868524815333,0.104880884817015,0.104880884882434,0.104880884817015,11919.5602967099,343497.529379679,93020.1890630403,23.2874044570844,1.00000000124749,1.33100000166041e-24,2311.171,1,10,0,0,1,0,0
0.96,0.0452890433706051,-0.016952633728678,30.1184174796433,0.275009495642993,0.79450266760419,-0.0643105383763567,0.572894784616054,-0.376893694232095,44.6903960982209,3.70146009462733,-6304.25325596383,-1728.69838592471,-1965.99457457879,-1371614.59688952,-2073816.36733461,-6744.88995510908,-1854.904468843,-6566.53174054749,-1345355.0090767,-2087810.48513418,-6304.2985450072,-1728.68143329098,-1996.11299205843,-1371614.87189901,-2073817.16183728,-6744.8256445707,-1855.47736362762,-6566.15484685326,-1345399.6994728,-2087814.18659428,518.758412591343,519.525135478876,517.520025584314,23414.0810687549,44732.3874578178,964.924972658517,965.433078101847,964.129402683358,23821.2450665088,53533.039836953,-0.101848354562704,-0.0846963904741456,10.4453946342673,-0.189268467472521,0.0239588672162795,21.8680891540531,0.104880884817015,0.104881666977472,0.104880884817015,11863.3998324929,337322.902183735,92143.2115275477,25.6256351726097,1.0000149152703,1.33101985222478e-24,2361.993,1,10,0,0,1,0,0
0.965,0.0448853973999985,-0.0141472214825506,30.1165309691676,0.221673044762881,0.787192941068455,-0.0984937740986706,0.55937718577336,-0.371312820002063,38.9360363863515,5.73817323324521,-6337.99061196619,-1738.00936203952,-1998.79873881509,-1378345.8205569,-2084225.42275323,-6744.91021136027,-1854.95847622249,-6615.54281980302,-1345360.41925913,-2087774.98142648,-6338.03549736359,-1737.99521481804,-2028.91526978426,-1378346.04222994,-2084226.20994617,-6744.81171758617,-1855.51785340827,-6615.17150698302,-1345399.35529552,-2087780.71959971,522.94261527539,523.711557863546,521.700681357238,23522.3678435365,44975.7352865016,967.512373711688,968.019097497793,966.718937511674,23818.3312288798,53521.946273055,-0.067918036069324,-0.0759792943289881,10.4925709532712,-0.187822550120956,0.0199613560484827,21.8679851712588,0.104880884817015,0.104880912970843,0.104880884817015,11765.7845751579,334657.517305659,91275.082311242,28.1845792726181,1.00000053687251,1.33100071457731e-24,2327.851,1,10,0,0,1,0,0
0.97,0.0442991375484675,-0.0114402007474235,30.1147932883417,0.1718247004771,0.776487406478502,-0.13800421324374,0.532814348289094,-0.317868873744445,32.2326031475349,8.90781330584167,-6371.65770209696,-1747.20019940006,-2032.01071502532,-1385029.32946923,-2095001.08947771,-6744.82802293312,-1854.8703579306,-6664.73344307765,-1345316.76610346,-2088173.95530321,-6371.70200123451,-1747.18875919932,-2062.12550831366,-1385029.50129393,-2095001.86596511,-6744.69001871988,-1855.40317227889,-6664.4155742039,-1345348.99870661,-2088182.86311652,527.138004643685,527.909160311786,525.892524917196,23630.6636943545,45218.1233941777,970.092755449164,970.598016882741,969.301547489472,23840.9997028626,53546.5517513114,-0.0636651317044734,-0.00957984568588449,10.4212775002688,-0.186196982077428,0.0154971867795482,21.8682457766856,0.1048826755703,0.104881302588722,0.104880884817015,11913.5204565571,340775.663422512,90458.8989599844,30.9818731637962,1.00004111432004,1.3310560554213e-24,2309.392,1,10,0,0,1,0,0
0.975,0.0435130970773491,-0.00886897170445018,30.1134307868457,0.126280592608603,0.761829705075314,-0.179165021161354,0.504205775884413,-0.222516997394237,25.5451784058335,12.6731944498974,-6405.39175399955,-1756.45473893667,-2065.35390482107,-1391744.36008154,-2105473.5418146,-6744.83848081177,-1854.84746007823,-6713.8037412215,-1345305.77116976,-2088210.18973987,-6405.43526709663,-1756.44586996497,-2095.46733560792,-1391744.48636214,-2105474.3036443,-6744.65931579061,-1855.35166585411,-6713.58122422411,-1345331.31634816,-2088222.86293432,531.344555707724,532.117922573098,530.095551525788,23738.97216962,45461.4234435477,972.666144003169,973.170432531117,971.877302338309,23808.4828201429,53481.8392742981,0.0152055970088585,-0.162135703207408,10.4580059269789,-0.184527595298551,0.0109117887692524,21.8688441425247,0.104880884817015,0.104880895894431,0.104880884817015,11843.3697779657,329829.112816219,89470.2331425643,34.0412150298488,1.00000021123805,1.33100028115785e-24,2248.275,1,10,0,0,1,0,0
0.98,0.04253104244036,-0.00642929572046153,30.1126253976859,0.084557204733036,0.743187724914564,-0.217185460022535,0.479417547921087,-0.0969163291684597,20.5822164932206,16.4758398112696,-6439.12639767517,-1765.7691148103,-2098.84180912075,-1398496.64386866,-2115714.45690452,-6744.84948919213,-1854.88396180595,-6762.76897354463,-1345331.23284538,-2087976.49316878,-6439.16892871761,-1765.76268551458,-2128.95443451843,-1398496.72842587,-2115715.20009224,-6744.63230373211,-1855.36337935387,-6762.67205721546,-1345351.81506187,-2087992.96900859,535.562235629818,536.337805981477,534.309697135308,23847.106988133,45703.0489080027,975.232889123328,975.735980582342,974.446235860938,23785.4512353476,53483.1931340127,0.0866081028975455,0.0644539866040007,10.4715182621424,-0.182868269485534,0.00597676478829774,21.8696991857102,0.104880884817015,0.104884123869979,0.104880884817015,11817.6877505385,325060.236441988,88642.2203759356,37.3815169345335,1.00006176727027,1.33108221223674e-24,2300.573,1,10,0,0,1,0,0
0.985,0.0413791577184256,-0.00408945954227529,30.1124896334386,0.0455781466570316,0.721023606434702,-0.247781252394776,0.463723987305787,0.0430594202725502,17.8252142407056,19.5129057285647,-6472.85454638358,-1775.04068860748,-2132.6642702433,-1405220.11412095,-2126165.9539443,-6744.85454873424,-1854.88198494099,-6811.82915159944,-1345327.66999963,-2087990.76188515,-6472.8959255413,-1775.03659914793,-2162.77675987674,-1405220.1596991,-2126166.6749679,-6744.60676748185,-1855.34570892829,-6811.87221101972,-1345345.49521387,-2088010.27479087,539.791014559318,540.56879145132,538.534970651964,23955.2699587294,45946.6263962532,977.792720975812,978.295012403774,977.008423951043,23806.1928696072,53710.6478806583,-0.0182390656851406,-0.0120186412350977,10.5211762044186,-0.181294151393902,0.00120235327573649,21.8706983703479,0.104880884817015,0.104881109619209,0.104880884817015,11712.5831954402,338956.588729508,88288.0354198073,41.0319284967491,1.00000428681423,1.33100570574974e-24,2225.594,1,10,0,0,1,0,0
0.99,0.0401020939525186,-0.00180512059322752,30.1130512785849,0.00787517871418486,0.696304165144329,-0.267754346515569,0.456967142809777,0.179681098463855,17.6201374383821,21.3254742980498,-6506.57774318281,-1784.31603385335,-2166.74223901304,-1411947.48358763,-2136605.55073725,-6744.85343197375,-1854.8829589684,-6860.90902273359,-1345327.83642857,-2087989.54234071,-6506.61784527676,-1784.31422873276,-2196.85529029163,-1411947.49146281,-2136606.24704142,-6744.58567762723,-1855.33992611121,-6861.08870383206,-1345345.45656601,-2088010.86781501,544.030866308082,544.810845896088,542.771330006365,24063.4943923376,46190.6982738293,980.34633671046,980.847244169465,979.563912790501,23806.5537389508,53655.8099937422,-0.0848259018536091,0.0659193167255953,10.453063622833,-0.179748402974465,-0.00337522845100115,21.8716929514488,0.104880884817015,0.104880885085002,0.104880884817015,11854.4461599556,335378.468352734,87395.4713998579,45.0170938539163,1.00000000511031,1.33100000680182e-24,2307.651,1,10,0,0,1,0,0
0.995,0.0387545841082434,0.000462459654082514,30.1142501157754,-0.0298106898342175,0.670286036000514,-0.276206142324656,0.457031453078278,0.295776719578396,19.1705848912729,21.3653892314311,-6540.30419218362,-1793.58319625887,-2201.05838668264,-1418670.43575453,-2147074.47768675,-6744.85763060072,-1854.87548769957,-6909.97091311304,-1345323.2874161,-2088023.12353325,-6540.34294676773,-1793.58365871853,-2231.17263679842,-1418670.40594384,-2147075.14797279,-6744.5814244584,-1855.33251915265,-6910.26668983261,-1345342.45800099,-2088044.48892248,548.281762146762,549.063937852501,547.018741189521,24171.7762532379,46434.4791555395,982.893139111027,983.392605283681,982.11275215284,23833.4438077658,53646.7623381441,-0.000315294628834526,0.0197272211427918,10.548357610846,-0.178231117514614,-0.00743150051930182,21.8725522847628,0.104880884817015,0.104881189900493,0.104880884817015,11660.8887858792,331061.971317949,86589.9413930751,49.36519618927,1.00000581772212,1.33100774338815e-24,2258.958,1,10,0,0,1,0,0
1,0.037393642548525,0.00273297320903209,30.1159469733023,-0.06827161611973,0.644319652570884,-0.273104614738431,0.458308125498025,0.377205198033076,21.723061464566,19.8668779922406,-6573.91318689344,-1802.95966669524,-2235.50741485608,-1425487.27474852,-2157434.66110127,-6744.74165462861,-1854.97825888295,-6958.92189094414,-1345411.07365344,-2087927.98593007,-6573.95058053599,-1802.96239966844,-2265.62336182938,-1425487.2064769,-2157435.30542093,-6744.46855001387,-1855.43656700845,-6959.29909614217,-1345432.79671491,-2087947.85280806,552.543659368458,553.328032273984,551.277172074106,24279.9787206838,46678.3045187327,985.433358834572,985.931563083358,984.654991084059,23828.5008668066,53636.7655787333,-0.0433270209197223,0.0394116573858378,10.4111349651906,-0.176539788656014,-0.0110276876299097,21.8731579482409,0.104881401012951,0.104881011061484,0.104880884817015,11945.2964068881,325276.805786932,85809.3387681841,54.107088117449,1.00001023690073,1.33101630595339e-24,2230.361,1,10,0,0,1,0,0
