t,x,y,z,alpha,beta,x_dot,y_dot,z_dot,alpha_dot,beta_dot,x_est,y_est,z_est,x_dot_est,y_dot_est,z_dot_est,err_x,err_y,err_z,err_x_dot,err_y_dot,err_z_dot,x_std,y_std,z_std,x_dot_std,y_dot_std,z_dot_std,bx,by,bz,bx_est,by_est,bz_est,bx_std,by_std,bz_std,nis,nees,cond_P,det_P,cond_S,det_S,runtime,filterVariant,nx,useSRformulation,RK4Iterations,updateJacobians,updateQ,cubature
0,0.3,-0.3,31.119178665731,1,1,0,0,0,0,0,0,0,30.119178665731,0,0,0,-0.3,0.3,-1,0,0,0,0,0,0,0,0,0,-0.00189438033401451,0.00187082593548675,-0.0108409137544472,0,0,0,0,0,0,0,0,0,0,0,0,0,2,6,0,0,1,0,1
0.005,0.268170921938716,-0.267951213633583,31.083047198672,2.39471827702708,2.41337902891314,-12.5374590164552,12.626173290358,-14.2993598704636,-6668.82661942291,-6690.26807911332,0.735915305927348,0.0206918989358863,30.874021885936,-10.701638717574,18.3796664143102,-11.4563249056348,0.467744383988632,0.28864311256947,-0.209025312735998,1.8358202988812,5.75349312395213,2.8430349648288,0.284436549609851,0.284451433243745,0.173931397990767,6.88790225755426,6.89064624584792,9.04013367760091,-1.71926893254337,1.97433738602416,10.7157135089441,-1.98387486317381,1.96674931976031,10.1825040543654,0.351671645404469,0.35163677251967,0.689153767631391,1.17636994960394,5.53359008047662,3236.31299174168,2.04375419321604e-35,3.84111579118597,7.26200646628321e-21,642.937,2,6,0,0,1,0,1
0.01,0.258938020945298,-0.257737848441894,30.9748028013864,4.44943003770763,4.48506399136533,9.16065976730538,-8.85600258570305,-28.7556803664636,-703.803206516405,-669.130230448313,0.145752143402096,-0.0270414165828447,30.8706572901301,5.33802783012312,-5.15428314734285,-25.017875126078,-0.113185877543202,0.230696431859049,-0.104145511256277,-3.82263193718226,3.7017194383602,3.7378052403856,0.215826371485578,0.215950787814432,0.112039235962172,9.42909422999424,9.43831939104339,12.1105957349251,2.10161358326856,-2.29763378357457,10.5503912710403,2.46150429809933,-2.20517655514942,10.5002740375476,0.139391941373612,0.139457205708045,0.144980888316705,7.25500433204111,2.33674222122659,12279.8045750296,1.74986944033033e-35,1.09208020003653,7.93977663393962e-24,656.289,2,6,0,0,1,0,1
0.015,0.299179724333251,-0.29664130562919,30.8017577878516,5.46458072619099,5.51390318303188,7.10244885948709,-6.87011046452481,-39.9247760253816,-1290.82381791069,-1312.6197638665,0.329516960726106,-0.137117965065335,30.7710871026766,5.84278567884652,-2.38312041961982,-35.5373267364478,0.0303372363928546,0.159523340563855,-0.0306706851749272,-1.25966318064058,4.48699004490499,4.38744928893386,0.190823822060284,0.190959561807715,0.0930240122550711,11.1713441830457,11.1771082814771,14.0956320314542,-0.491307226640957,0.545725591434733,10.5852123130574,-0.623682174409277,0.616693270777745,10.5351806754728,0.127344349289382,0.127385889794016,0.125429970023172,1.55001546422311,1.04144411265888,23598.6444713187,1.51816986876728e-35,1.03219134251901,4.13999259263877e-24,663.011,2,6,0,0,1,0,1
0.02,0.339483971272817,-0.335484792754836,30.5823265243794,6.41524989885031,6.49473294703131,9.197731858319,-8.84092681850495,-47.1591230181829,-548.18530470797,-568.18608157893,0.397589708903993,-0.168467295339081,30.6593219757538,8.51707209088659,-2.43258588085322,-39.7633645293975,0.0581057376311764,0.167017497415755,0.0769954513744793,-0.680659767432408,6.40834093765174,7.39575848878543,0.182947989080386,0.183078476408268,0.0975618924790024,12.3598134314189,12.3625694066008,14.1984403497162,-0.0915759731393203,0.155746668384432,10.4857557846625,-0.124545257368367,0.172572759111219,10.3785161936716,0.124945287632909,0.124976015154645,0.130050552108504,0.767724559209528,1.73345874307865,27558.9428178299,1.18108073552163e-35,1.08343976715856,4.12397629510732e-24,668.987,2,6,0,0,1,0,1
0.025,0.383341475369376,-0.377445809834837,30.3388564203688,7.09971231652749,7.2138981928925,8.49012434203507,-8.08227002044078,-49.4301307460559,-419.464788101452,-448.556231417054,0.283123868071353,-0.233431182538091,30.3851420759746,-1.80570362715442,-1.10568556903953,-51.5715575868203,-0.100217607298023,0.144014627296745,0.0462856556058024,-10.2958279691895,6.97658445140125,-2.14142684076442,0.182914506372633,0.183026687655317,0.105381507454984,13.0959298281706,13.0971195658949,12.9263236713314,-0.627096174396414,0.496265358199075,10.1759114752222,-0.487972416319645,0.54467724975734,10.283852493539,0.125553371075331,0.125571739281285,0.139360022225227,1.98129112072762,1.6817496489074,23236.3042370034,8.74674733878666e-36,1.23214134883333,4.82739342406798e-24,632.517,2,6,0,0,1,0,1
0.03,0.422957657364727,-0.414976648706065,30.0962705359778,7.63181210308953,7.78348656718326,7.48557917541346,-7.05207437900125,-46.7783817175355,-349.786173451684,-383.089984228289,0.296453558639013,-0.428342206598538,30.2098002092622,-4.61993603431007,-7.34512673822767,-47.541016114693,-0.126504098725714,-0.0133655578924735,0.11352967328436,-12.1055152097235,-0.293052359226416,-0.762634397157548,0.184463088306004,0.184539746097904,0.106508311125301,13.4594240498643,13.4597142044769,11.6398163929229,-0.616262420910363,0.452959698032516,10.1754363306261,-0.633594526865726,0.616609870587721,10.0650209386806,0.127862211292044,0.127876695881749,0.143979217596011,2.24642935585061,2.55158507837154,23098.0016552781,6.63963134266686e-36,1.26815990826308,5.54191626835365e-24,646.654,2,6,0,0,1,0,1
0.035,0.457087367683706,-0.447004315764923,29.8782804419754,8.04626618658762,8.23426286567211,6.2804411250593,-5.86546089277495,-39.6499520931566,-324.570589066879,-359.768373585719,0.402589746395733,-0.490648563438373,29.9603621097117,-1.87324232528254,-5.62925931597103,-45.9053927937554,-0.0544976212879724,-0.0436442476734505,0.082081667736298,-8.15368345034184,0.236201576803918,-6.25544070059876,0.186109638633685,0.186152377147508,0.104209401058144,13.6007202259239,13.6006097086911,10.9985425567559,-0.598617010153458,0.589462572962885,9.98461265430213,-0.708277833196207,0.61138697167235,9.99658512493744,0.129448838266827,0.129458996778214,0.142229310045479,0.753284094084595,2.4878684974321,22823.1026596264,5.55103826420941e-36,1.20724699177525,5.68116853308978e-24,646.622,2,6,0,0,1,0,1
0.04,0.485190230764257,-0.473198068223842,29.7050984917837,8.37602086608747,8.59633259787456,5.06010807761461,-4.70403621566149,-28.9959644226226,-312.651807404199,-347.161141780637,0.881284553054575,-0.534510630683157,29.7931184799369,22.6478010480689,-3.55948602138218,-35.846152458708,0.396094322290318,-0.061312562459315,0.0880199881532588,17.5876929704543,1.14455019427932,-6.85018803608538,0.186431387519681,0.186463785886981,0.101000075801247,13.6104751741541,13.6108579907353,10.8360592551163,-0.309018032566793,0.623793126299008,9.99776786332124,-0.711361212793836,0.634772175045519,9.89478295329085,0.131017808430222,0.131025851220364,0.140044349681106,9.96783625855316,7.71651606847957,23128.8895206401,4.87935751627725e-36,1.14265048704375,5.77966521827112e-24,656.052,2,6,0,0,1,0,1
0.045,0.507469732763819,-0.493931211464144,29.5911948700113,8.65209624716291,8.89909024032726,3.9361384024727,-3.66720991787035,-16.1454943031938,-298.374016442329,-329.312710076255,1.13930924707084,-0.607368712847978,29.5989872711061,31.9216926798347,-4.02973086328952,-27.4028174758616,0.631839514307025,-0.113437501383833,0.00779240109485477,27.985554277362,-0.362520945419166,-11.2573231726678,0.186211753295966,0.186318894958061,0.0987298043859408,13.5796149979056,13.5850335551293,10.8973834107922,-0.406864532641851,0.601211557940154,9.89700622217685,-0.52739113906627,0.647038886286996,9.90980496730445,0.131609310101575,0.131623214276455,0.138066746396011,0.970160066842586,15.3429603780168,23755.4089303649,4.48873202414166e-36,1.10235022122566,5.71981437502016e-24,644.984,2,6,0,0,1,0,1
0.05,0.524611903040439,-0.509985762290046,29.5438123378149,8.89820927763289,9.16526926648958,2.99010435869427,-2.81905472880216,-2.63115944066997,-272.521513274371,-296.685348793547,0.818349604018435,-0.387946721442699,29.4704328465738,6.9929633656953,12.2550768044473,-14.6549616217118,0.293737700977996,0.122039040847347,-0.0733794912410428,4.00285900700103,15.0741315332495,-12.0238021810418,0.18539497541084,0.185585044278981,0.097400108993228,13.5361657086907,13.5463520271968,10.9782714284098,-0.822703362373671,0.825947885486228,9.88047375206573,-0.427210211056177,0.628718495099939,9.90872992754587,0.132153733101375,0.13216095511143,0.137515146693094,11.2163316583369,8.00089906568891,24336.2780801705,4.18438565059437e-36,1.08419726671848,5.76824309048992e-24,648.233,2,6,0,0,1,0,1
0.055,0.537596451320112,-0.522355431504022,29.5624887688815,9.13174551071179,9.41194532084242,2.25825322565015,-2.18032679465964,10.0328916638227,-229.525508235318,-243.664295840734,1.09622042867665,-0.529863003435639,29.3624226490446,21.564255049406,4.68471876622665,-2.33630572320552,0.558623977356541,-0.00750757193161765,-0.200066119836924,19.3060018237559,6.8650455608863,-12.3691973870283,0.184715341843857,0.184890597553849,0.096834779416589,13.5136943479379,13.5210847763134,11.0121211594787,-0.380445410667064,0.565644348429484,9.90760084655878,-0.58288999739196,0.73399967354846,9.94163673053839,0.13226131998326,0.132263266763292,0.137280287371738,4.02034384047989,17.0545402914835,24706.0731319692,3.97045547927806e-36,1.07803184453732,5.76701415325232e-24,637.896,2,6,0,0,1,0,1
0.06,0.547471555110653,-0.532039477448793,29.6396714412935,9.35971455019045,9.6459650675158,1.7319617942906,-1.73248876132303,20.5576500020042,-165.873157322158,-167.357448297252,1.03447425334746,-0.593108106666448,29.4931348917034,14.7132048564436,2.38722863143314,20.4755051817028,0.487002698236805,-0.0610686292176549,-0.146536549590071,12.981243062153,4.11971739275616,-0.0821448203014545,0.184174597989865,0.184379420108814,0.0966781863783182,13.4994333618236,13.5086492782918,11.0070733516683,-0.605151240574869,0.597077373774028,10.2132231533287,-0.453183412235934,0.664677615592733,10.0087807787947,0.132254112944261,0.132241040237788,0.137423787932134,3.79488010328951,15.0280466049026,24878.6718097075,3.81915153713506e-36,1.08001188121015,5.77661267587652e-24,646.131,2,6,0,0,1,0,1
0.065,0.55512051719328,-0.539840562147794,29.7622461031049,9.57725878443939,9.86232433914747,1.35397963154509,-1.4152628510912,28.0312894640155,-83.1527424649202,-71.3162117886983,0.892336616436928,-0.668569751112161,29.7274735767384,4.32964352804362,-0.644598311903824,39.0706055492797,0.337216099243648,-0.128729188964367,-0.0347725263665256,2.97566389649853,0.770664539187373,11.0393160852643,0.185197709017333,0.185398549620183,0.0973992069790108,13.5285368485622,13.5367607925434,11.0022638062512,-0.680907242742768,0.56845759345629,10.4357831504039,-0.492140988818842,0.636685368002669,10.2495820587011,0.131261966325469,0.131249730992127,0.136395300715982,4.1897180258453,11.7516396451841,24862.3258909024,3.89123264438129e-36,1.08016918689158,5.52165305433936e-24,645.544,2,6,0,0,1,0,1
0.07,0.561078030453283,-0.546205155077901,29.9136238187893,9.77628854787604,10.0536115877677,1.04214850262629,-1.14626466628206,31.9875255558246,13.3485640044248,37.1881485636038,0.869360435756595,-0.776069844353587,29.8944757514387,2.44101540822504,-5.39636835151841,43.5132571879894,0.308282405303313,-0.229864689275686,-0.0191480673505523,1.39886690559876,-4.25010368523635,11.5257316321647,0.18740299871418,0.187567973566964,0.0987303323379997,13.577449123326,13.5828072318064,10.9896702420926,-0.606382399738242,0.521835726047865,10.477306582268,-0.570885370161359,0.609610909643743,10.5195214174101,0.130381276930786,0.130376093239557,0.135523235719109,0.62602386133544,12.102806225854,24619.0588279714,4.15416583590533e-36,1.08116270134221,5.30692827489462e-24,661.89,2,6,0,0,1,0,1
0.075,0.56551065622602,-0.551216002009793,30.0759543251928,9.93388521548281,10.1973534009997,0.731265442842719,-0.86210293774384,32.3876831692911,113.709570490172,144.708645530799,0.740086374737949,-0.736079653924974,30.0613900851126,-5.53823586051763,-1.06069235217043,42.9776769950844,0.174575718511929,-0.184863651915181,-0.0145642400801831,-6.26950130336035,-0.198589414426591,10.5899938257933,0.189472616184227,0.18959852788017,0.0999034229848818,13.6087160893461,13.6118735188198,10.9629787310036,-0.706524789535811,0.624192734968109,10.5863056389159,-0.593122784006423,0.571618686282658,10.6725105350032,0.13024132520627,0.130239358029862,0.135474583698522,1.32845922451093,9.57958734450954,24238.2377251139,4.4565065740545e-36,1.08242007277722,5.28070666129978e-24,639.997,2,6,0,0,1,0,1
0.08,0.56826850549253,-0.554641652358865,30.2321450149603,10.0319919791665,10.2778499181354,0.360764539230844,-0.501127677180219,29.5653851255947,196.524231128679,227.61932416456,0.652354792073502,-0.712381056305106,30.236422838777,-10.2178764968872,1.60559472521539,39.7255091596418,0.0840862865809718,-0.157739403946241,0.00427782381669239,-10.578641036118,2.1067224023956,10.1601240340472,0.191292869512848,0.191382112342308,0.100817990344235,13.6286796706385,13.6303109008695,10.9466843807714,-0.711156899396095,0.625582193999776,10.7126811398498,-0.664057686537967,0.603471891497505,10.7755822836161,0.130136185872282,0.130140080146253,0.135316940165363,0.377188132833044,7.92553864472617,23867.1689613516,4.77658193644282e-36,1.08153565401894,5.25191092725488e-24,648.593,2,6,0,0,1,0,1
0.085,0.569092191686172,-0.556129630581922,30.3674646517379,10.0580415199528,10.2859328431607,-0.051744935799298,-0.0773770039834507,24.1186653153877,248.029817183791,272.477882954964,0.782803178095892,-0.466452998518422,30.329973621175,-1.94059782444207,16.6485476370593,30.013156449309,0.21371098640972,0.0896766320635001,-0.0374910305629174,-1.88885288864277,16.7259246410427,5.89449113392136,0.192939562554896,0.192999319747278,0.101600958551177,13.6433441520086,13.6441010171691,10.9478580066963,-0.558013596247161,0.813117859139351,10.6991894477972,-0.709772585781465,0.623797736568367,10.853272376417,0.129969128906053,0.129975550718786,0.135052419940503,4.78540218891614,7.61357178572344,23555.600214969,5.1127708737068e-36,1.07994125489423,5.20481361862789e-24,651.959,2,6,0,0,1,0,1
0.09,0.567872569510876,-0.555468296865213,30.4706366585324,10.0116702402202,10.2251136458409,-0.462744827233726,0.365727897473703,16.8174415473096,260.872984779393,274.526416979754,0.875755577042603,-0.498523753380494,30.4369031136225,3.04597733897663,13.8113928056184,22.1554534248717,0.307883007531727,0.0569445434847191,-0.0337335449099689,3.50872216621036,13.4456649081447,5.33801187756203,0.193884950824075,0.19396440603585,0.10203521802906,13.6413319444421,13.6443256900917,10.949846774116,-0.566399658276412,0.636586343532621,10.7843414202947,-0.651510768608592,0.729955001384624,10.8394697412401,0.130147038443564,0.130145679633928,0.135230273280697,1.10672884586189,8.04806403448944,23311.3310291454,5.36439893878349e-36,1.08029894165959,5.24645801897567e-24,659.055,2,6,0,0,1,0,1
0.095,0.564748094028826,-0.552706891290981,30.5344677377607,9.90505501818306,10.1104693950341,-0.81630330384187,0.766587142794194,8.51115846133857,239.485257387004,242.001872970539,0.946664273817329,-0.625956480764998,30.5221856203855,6.29531611213566,5.98747462047719,13.7061228244692,0.381916179788504,-0.0732495894740175,-0.0122821173752577,7.11161941597753,5.220887477683,5.19496436313065,0.194606991297318,0.194716608535499,0.102398735373245,13.6394785939903,13.6443985430565,10.961753840293,-0.556324994447096,0.548479342762543,10.8014246668613,-0.602585066160718,0.706755251054156,10.8312441993079,0.130080243779009,0.130078405064576,0.13512905898221,1.65555337076421,9.12502839341938,23149.7016583749,5.58400647200966e-36,1.07931316098212,5.22790828713464e-24,645.365,2,6,0,0,1,0,1
0.1,0.560094260851796,-0.548173545410402,30.5560474826605,9.75726353193914,9.96189279099483,-1.07384551861297,1.07521056217944,0.0520279954099084,195.161967934237,189.153348434389,0.904679246376208,-0.389924840546927,30.5797600256744,3.02225150492446,19.6433842570033,4.86134401519932,0.344584985524413,0.158248704863475,0.0237125430138478,4.09609702353743,18.5681736948239,4.80931601978941,0.195113708318781,0.195242674160437,0.10270456727947,13.6370158583972,13.6426335996122,10.9724923794441,-0.614351132283358,0.80193405730211,10.7761222371307,-0.556508591772722,0.637353108541421,10.8016764332882,0.130058181316972,0.130053503821306,0.135125053152927,1.83371931468988,9.1672874571787,23031.5785153956,5.75985723347513e-36,1.07970778911952,5.22381806567048e-24,687.992,2,6,0,0,1,0,1
0.105,0.554412655830827,-0.542382009332248,30.5366014435278,9.58575069788321,9.79535358852719,-1.22453091948839,1.26806037827877,-7.76858430473345,142.834085522179,132.151128863821,0.632234826081757,-0.254044711345376,30.5788689933112,-12.5434284031867,25.8131916743672,-5.08760478788165,0.0778221702509293,0.288337297986872,0.0422675497833806,-11.3188974836983,24.5451312960884,2.6809795168518,0.195362301797163,0.195508305825941,0.102876936543604,13.6328987893251,13.6390476105222,10.9765480725756,-0.782405742795059,0.748172123313644,10.6909771886151,-0.554408641675541,0.718373914667769,10.7447989526212,0.130116893416856,0.130108571609602,0.135204932738889,3.28285453862016,7.41168012655377,22948.587137657,5.87659498792515e-36,1.07999801753821,5.23916990504699e-24,656.02,2,6,0,0,1,0,1
0.11,0.548161101650259,-0.535857798010554,30.4810582304182,9.4061474215569,9.62376601651938,-1.29789022465563,1.36497939317451,-14.270450851359,90.4236853475452,78.6772890009071,0.666331760056837,-0.337295696046579,30.5621230530001,-8.81768752193288,18.9978727475062,-12.4815063539347,0.118170658406578,0.198562101963974,0.0810648225819423,-7.51979729727725,17.6328933543317,1.78894449742424,0.195174961491896,0.195296796593344,0.10276198529649,13.6233756627004,13.6273977634012,10.9726121656777,-0.572430315043248,0.586496599511798,10.6671137669318,-0.649416419586993,0.756007667515956,10.648482974069,0.130341279000762,0.1303401068264,0.135493350981298,2.06077457117615,5.87136499921051,22910.6060683904,5.8922127075703e-36,1.08148971240672,5.29838608752027e-24,644.915,2,6,0,0,1,0,1
0.115,0.541654691466736,-0.529017472652313,30.3973641631615,9.2282880863626,9.45410608971261,-1.32250649716865,1.39069153447422,-18.9352269656776,44.1764255283505,33.9442681450794,0.806805838697485,-0.563193242107403,30.454913267653,0.327215679673112,5.13627139212399,-21.7745527527619,0.26515114723075,-0.0341757694550903,0.057549104491586,1.64972217684176,3.74557985764977,-2.83932578708431,0.194767477738562,0.194873007126889,0.102524942950953,13.6122741560639,13.6156714338864,10.9725283325084,-0.466628149533182,0.445911530380733,10.5180468409339,-0.616006777768712,0.703028070299681,10.5713659934656,0.130456702821092,0.130455643533887,0.135648758107593,5.35189239144165,5.8667162784958,22927.4126627778,5.84879640205651e-36,1.08135877486323,5.32951152925806e-24,628.84,2,6,0,0,1,0,1
0.12,0.535061539863686,-0.52213489639663,30.295586264397,9.05959806412728,9.29132658079876,-1.32932087899834,1.37834554207868,-21.4399513340735,7.3302553518831,0.177676856356073,0.778667405761055,-0.605984219229164,30.4459867731068,-1.12524232207032,3.22435177493844,-21.5512856530236,0.24360586589737,-0.0838493228325342,0.150400508709798,0.204078556928018,1.84600623285976,-0.111334318950052,0.193741717666056,0.193842916182236,0.101963678106073,13.5892284890997,13.5929173964202,10.9669216684517,-0.569999048500113,0.542427556352859,10.5917761084686,-0.54009671446262,0.593354997332412,10.4474330578051,0.130876368718176,0.130870572542563,0.13617263445161,1.32368492047651,8.24574702351508,23006.1201690692,5.67547726208517e-36,1.08352677863367,5.43967515669911e-24,637.566,2,6,0,0,1,0,1
0.125,0.528422707128854,-0.515339949535743,30.1868676415181,8.90135440000777,9.13551626205346,-1.33865915021722,1.35294403938494,-21.6825112621803,-19.3225080487237,-22.7704308447633,0.814430437666735,-0.592012053008487,30.2861545633886,1.27676369019632,4.5387119455155,-28.8195683247433,0.286007730537881,-0.0766721034727441,0.0992869218704971,2.61542284041354,3.18576790613056,-7.13705706256301,0.19319346827604,0.193288074920373,0.101673356547044,13.5836656643442,13.5870832032869,10.9766745729935,-0.507371324835268,0.56402583389928,10.3559063672736,-0.543551122940066,0.567655323663664,10.4294387331998,0.130663636495947,0.130658921838893,0.135878390631636,0.370449467566416,8.74269638891123,23132.5671586947,5.56857920152607e-36,1.08176131843766,5.38126355647399e-24,617.185,2,6,0,0,1,0,1
0.13,0.521692701324956,-0.508646905077595,30.0823087349162,8.75569290748471,8.98818704656221,-1.36491031997916,1.33594145419851,-19.7844759905667,-36.813326054579,-36.1469620697765,0.808387257003265,-0.528044618776287,30.2363710308719,1.10166378494889,8.39369702788118,-25.4873170958445,0.286694555678309,-0.0193977136986918,0.154062295955701,2.46657410492805,7.05775557368268,-5.70284110527787,0.191915767087007,0.192015784877072,0.100996561067397,13.5601063273629,13.5639995065186,10.966171516177,-0.532136401605689,0.601936960770191,10.4379140218211,-0.516612163649917,0.565828497814557,10.3024804811928,0.131242879383839,0.131238536829363,0.136568454367223,1.07353635683944,10.6901994524531,23270.2584169438,5.32452229239245e-36,1.08288818374242,5.53318060480884e-24,631.607,2,6,0,0,1,0,1
0.135,0.514796679514854,-0.502011782124979,29.9918708719955,8.62408864766846,8.85062380189099,-1.40536421039418,1.3292007657319,-16.0789245718668,-44.5859379139367,-39.6763452832839,0.661090098382361,-0.537723977866256,30.0074663529904,-7.05113824371342,7.48311317861271,-31.4297445708471,0.146293418867507,-0.0357121957412772,0.0155954809948622,-5.64577403331925,6.1539124128808,-15.3508199989803,0.191136115130547,0.191243664910745,0.100576374340863,13.553057881829,13.5574041886046,10.9705503725172,-0.629161514978,0.542769710309745,10.1417074887322,-0.511511917864857,0.586960439637237,10.2971894559083,0.131069942074446,0.131065602187369,0.136323993181762,2.22067999320106,7.52749514043862,23439.1057001278,5.1571711213515e-36,1.08189673836105,5.48437932359967e-24,620.976,2,6,0,0,1,0,1
0.14,0.507685327710229,-0.495396390041242,29.9234061716899,8.50685614186712,8.72341341854967,-1.45240298712507,1.32847421669817,-11.0684966038635,-42.4539233300617,-33.2907001481254,0.628501829628289,-0.458747625605435,29.921018046639,-7.62899743370136,11.7191612933431,-24.1220575970664,0.12081650191806,0.036648764435807,-0.0023881250508645,-6.17659444657629,10.390687076645,-13.0535609932029,0.18945725325342,0.189547738121423,0.0996303702702982,13.5247679075829,13.5278654572521,10.9535632398218,-0.562774859156156,0.607009834425689,10.2497564908859,-0.561910174668411,0.571590934009326,10.1469424941585,0.131839854198603,0.131839464681117,0.137217415347667,0.633366650969981,6.00122099460009,23628.2773694363,4.84026145690075e-36,1.0834961694911,5.68851073062949e-24,613.235,2,6,0,0,1,0,1
0.145,0.500347633824201,-0.488785457376807,29.8819666219498,8.40369859301891,8.60646774845562,-1.49810600624693,1.32869359366528,-5.36220150952605,-30.859962350597,-17.5658614287774,0.469549357436536,-0.403008610990492,29.8253492033571,-15.5889535725844,14.1211782239554,-17.8017168816132,-0.0307982763876651,0.0857768463863149,-0.0566174185927387,-14.0908475663375,12.7924846302901,-12.4395153720871,0.188427613913536,0.188508575524065,0.0990230315316825,13.5175401508871,13.5202907623735,10.960629558853,-0.663468296061033,0.594842222366353,10.1804969340133,-0.56387623219294,0.596731609118237,10.1489127237148,0.131624294832146,0.131624079868265,0.13689358038399,0.625325096897549,4.88323434693938,23865.1208985319,4.62594964722952e-36,1.08181216125564,5.62479592214805e-24,624.037,2,6,0,0,1,0,1
0.15,0.492808116341649,-0.482185216613157,29.8694513491476,8.31307550074332,8.49849461047183,-1.53593424905294,1.3261253541361,0.39922529710864,-10.7434988332371,6.58522015594843,0.55789145962455,-0.562396310263521,29.835415784333,-8.35756730837091,3.74323633482282,-5.89594229615689,0.0650833432829004,-0.0802110936503641,-0.034035564814662,-6.82163305931797,2.41711098068672,-6.29516759326553,0.187669520468399,0.187731260559246,0.0985940972098421,13.5156204780129,13.5175105797365,10.9630757869021,-0.487784107582944,0.422878004176855,10.2993111171835,-0.620813204781287,0.609685863038545,10.1421807414383,0.131635668437039,0.131639163576567,0.13690319507544,4.36190614673757,3.23750939967569,24060.0516282529,4.4539902404013e-36,1.08186873479085,5.6278320101206e-24,629.011,2,6,0,0,1,0,1
0.155,0.485111605962395,-0.475609588184447,29.8846325717545,8.23229612279628,8.3970938894461,-1.56411317146744,1.32126433483235,5.6199878043209,17.1048448052457,38.3892360316002,0.380128487314353,-0.646167624721779,29.8845377648032,-17.7556709477946,-0.976493148605177,4.06803123164887,-0.104983118648042,-0.170558036537332,-9.4806951286136e-05,-16.1915577763272,-2.29775748343753,-1.55195657267203,0.187728108536223,0.18777853038346,0.09866115738029,13.5298456227543,13.5312888541378,10.9698566309455,-0.68299943929744,0.445133235944491,10.3495214476074,-0.567592738823145,0.526791968609509,10.2351449749541,0.131216646381547,0.131219312509886,0.136457004594538,1.86244965689995,3.7277829151914,24169.4272827022,4.40831029275387e-36,1.08165807129547,5.52029053918565e-24,629.363,2,6,0,0,1,0,1
0.16,0.477292853599544,-0.469051699370866,29.9235592215828,8.15525162101553,8.29647142454567,-1.58824640358385,1.32182225734129,9.81428428807631,49.9526917880896,74.062512904018,0.247107305717037,-0.6719025116009,29.7689116867747,-23.5850922699661,-1.91763486161784,1.34103390874399,-0.230185547882507,-0.202850812230034,-0.15464753480814,-21.9968458663822,-3.23945711895913,-8.47325037933231,0.188332703700648,0.188352393349722,0.0990352480495654,13.5503741810732,13.5501714984703,10.9684671089986,-0.667411251813635,0.458136671581078,10.1336259252796,-0.635004150707585,0.480634558643372,10.3367596969946,0.130910754777156,0.130916250322234,0.136150551815586,2.3188162008688,7.47696970054159,24161.4534347301,4.45388969880845e-36,1.08176280125515,5.44469909639609e-24,627.85,2,6,0,0,1,0,1
0.165,0.469351067902637,-0.462452641958433,29.9802175511131,8.07613806651157,8.19169792032331,-1.61671984579102,1.34075674755421,12.6520744162582,85.0389250183573,110.693155763597,0.182937845886927,-0.661856901276275,29.7829908774022,-24.9548587248223,-0.875524191888136,8.28469596091268,-0.286413222015711,-0.199404259317841,-0.197226673710905,-23.3381388790313,-2.21628093944235,-4.36737845534547,0.188005420845989,0.187996984099583,0.0988370331892007,13.5418263579653,13.5405779409243,10.944091229724,-0.634493514597933,0.474589371152321,10.2853809690471,-0.67835195030027,0.458236406241171,10.2739138941294,0.13153645303566,0.131544825218991,0.136906682684957,0.133719533815116,9.97442407031531,24118.6271279753,4.38311649398309e-36,1.08335974399994,5.61162173779703e-24,646.354,2,6,0,0,1,0,1
0.17,0.461243527312761,-0.455695142587204,30.0473672050603,7.98745784731691,8.07662447952292,-1.65771025938248,1.38833356711775,13.9767306753779,118.019797727698,142.883403919075,-0.123072389780202,-0.627204548685111,29.8358141553323,-40.6676277947482,1.32727659708302,14.7502454158853,-0.584315917092963,-0.171509406097906,-0.211553049728006,-39.0099175353657,-0.0610569700347282,0.773514740507384,0.188102547449453,0.188078035536993,0.0988135957511244,13.5471491626255,13.5456372194737,10.9477947644133,-0.841652288591889,0.486905731126046,10.3365263452211,-0.692727120417452,0.4545325014131,10.3238919914676,0.13128043464284,0.131289631534738,0.136505684571197,1.35634164057304,18.699333905255,24130.7662964933,4.38231937424645e-36,1.081215356145,5.5355637357152e-24,648.762,2,6,0,0,1,0,1
0.175,0.452904128058934,-0.448627052102344,30.11740887679,7.88292051989394,7.94689552122452,-1.71209541783186,1.46801332994245,13.8015799096651,145.02897606292,166.38386073689,0.18139368357863,-0.56142092362857,30.036713848736,-19.0551447690102,5.00142229303855,26.5838061897533,-0.271510444480304,-0.112793871526226,-0.0806950280539676,-17.3430493511783,3.5334089630961,12.7822262800882,0.188602099420734,0.188566552768681,0.0990463371487474,13.5597603875884,13.5590677289978,10.9598318170676,-0.396723956659597,0.513590366360026,10.5739425011311,-0.814130584519642,0.461383949032026,10.386318187107,0.131010073942712,0.131019178379641,0.136143455085967,12.2213269992186,7.99590583852667,24126.776012617,4.44624208150002e-36,1.08011580135877,5.46097265098669e-24,641.856,2,6,0,0,1,0,1
0.18,0.444276370047208,-0.441100156556109,30.1831830506767,7.75823080786339,7.8005265897182,-1.77488636850963,1.57450803103958,12.2866319035709,162.912653091955,178.086541923263,0.288640225923029,-0.880917712121541,30.2699162134569,-12.0333489152559,-14.2232186847164,32.7035669525902,-0.15563614412418,-0.439817555565432,0.0867331627802219,-10.2584625467462,-15.797726715756,20.4169350490193,0.190169491194617,0.190152800928407,0.0999490797457494,13.5957267849078,13.5954811291663,10.9769588032855,-0.500151532361472,0.201808915103037,10.7200320654485,-0.662797779517007,0.482170508394457,10.558769415294,0.130211224116397,0.130224128147594,0.135270059223059,7.60878345398379,11.1855619218051,24005.4188692734,4.68353599378825e-36,1.08064104482096,5.26090454238715e-24,631.151,2,6,0,0,1,0,1
0.185,0.435341286349585,-0.433014042954926,30.2386218587289,7.61231440520939,7.6386664744002,-1.83586403163827,1.69372342005712,9.70390889576616,170.206823035853,177.364243186337,0.229526057787805,-0.803762345258658,30.3252672185319,-15.5035298162514,-8.05643096380105,23.0622749180832,-0.20581522856178,-0.370748302303732,0.0866453598029476,-13.6676657846132,-9.75015438385817,13.358366022317,0.192320446362174,0.19228639333956,0.101233613580423,13.6346931747865,13.6317449442962,10.9832708880035,-0.598234569687377,0.449743073434413,10.5630998881757,-0.603774642873687,0.334911797085654,10.7288903642066,0.129649638070709,0.129667623605508,0.134763716051488,2.29412869553654,8.77372656524101,23745.8276984187,5.04572945292717e-36,1.08198428183164,5.13248999401545e-24,624.427,2,6,0,0,1,0,1
0.19,0.426134185926311,-0.424352383408193,30.2792119640979,7.44673975395462,7.46421167823958,-1.88354286218788,1.80595948780268,6.39761750436855,168.554152236381,167.279393385999,0.447612661989841,-0.530666279077883,30.4274081329383,-2.49966884693086,8.19557105916092,17.7931953077967,0.0214784760635293,-0.10631389566969,0.148196168840421,-0.616125984742979,6.38961157135824,11.3955778034282,0.193402156548225,0.193355006654307,0.101862628927067,13.6385879181053,13.6351943814562,10.95906143134,-0.373479507717192,0.608497254464538,10.682593938108,-0.612851814424138,0.355964603856464,10.7094690632139,0.130121702565556,0.130136708581694,0.135367240250405,7.19230277512185,5.14972420575186,23435.5701972691,5.27867325276916e-36,1.08261363324215,5.25436389945029e-24,618.719,2,6,0,0,1,0,1
0.195,0.416723166692632,-0.415182509030196,30.3022599699797,7.26657349143882,7.28254640567146,-1.91634238743245,1.8972691012137,2.74554846034448,156.181327719458,147.700607845648,0.226416334965896,-0.603998989654973,30.4583904058662,-16.0560817324391,2.51308660485472,8.34190150350677,-0.190306831726736,-0.188816480624777,0.156130435886505,-14.1397393450066,0.615817503641022,5.59635304316228,0.194229532256039,0.194217381188649,0.102263221142619,13.6391634692619,13.6386263370505,10.9528725745122,-0.668295758112757,0.365547556017328,10.6453233262104,-0.503226455709703,0.458405358365674,10.7323593000737,0.130074977153865,0.130082150655143,0.135272924081894,2.51982247796191,6.53435412920071,23211.8012585206,5.49349789650097e-36,1.08329236266152,5.23861504703489e-24,610.703,2,6,0,0,1,0,1
0.2,0.407218285947494,-0.405675889312302,30.3069611626578,7.07733497801025,7.09746909862187,-1.91935584997752,1.93996330554188,-0.880484073359438,140.008224561006,127.182632402841,0.250543533711613,-0.406185183045602,30.3432814513388,-13.7514214152979,13.0005620602539,-6.43311395194687,-0.156674752235881,-0.000509293733299719,0.0363202886809917,-11.8320655653204,11.060598754712,-5.55262987858743,0.194498233793167,0.194482333207744,0.102325860012496,13.6301151820918,13.629393811979,10.9533789407245,-0.491558386288214,0.551446862092468,10.4612114906253,-0.578903707388135,0.407087325834275,10.6919537997544,0.13030313340876,0.130308959738202,0.135452839784974,4.58630169792121,3.40934057945561,23085.9543118013,5.61154344621526e-36,1.08067323098595,5.28971620149437e-24,618.432,2,6,0,0,1,0,1
0.205,0.39772596579047,-0.396063313315967,30.2943039552356,6.88567251297513,6.91262318778374,-1.90930581512793,1.93812393517365,-4.14049921027241,119.266857037282,105.874258042869,0.253224542668025,-0.331158354764896,30.3328925459353,-12.9236577877868,15.261638686952,-9.48088584196733,-0.144501423122445,0.0649049585510706,0.0385885906997382,-11.0143519726588,13.3235147517784,-5.34038663169492,0.193562965917872,0.193558464708016,0.10172744173964,13.5986134297671,13.5987385509793,10.9469311007817,-0.491178192936968,0.480598523821911,10.571381600992,-0.547703494682348,0.472363715446676,10.5384809835715,0.131004944434279,0.131005118959779,0.136217026455349,0.248112082468773,2.94201596851088,23082.8115270569,5.50505705086516e-36,1.08163425108285,5.46521356597717e-24,624.412,2,6,0,0,1,0,1
0.21,0.388306790289805,-0.386578126120754,30.2668320515222,6.69836505895476,6.73076523407504,-1.88808312370145,1.88675605935933,-6.75708338379627,96.6087353734777,86.8709258843404,0.319821244192531,-0.322983206068886,30.2258716523393,-8.50997312015705,13.6776835971398,-16.2023430693641,-0.0684855460972738,0.0635949200518681,-0.0409603991828808,-6.6218899964556,11.7909275377805,-9.44525968556782,0.19291619092068,0.192923753304227,0.101323203389228,13.5852502374578,13.5859176872617,10.9640031040573,-0.421057217435697,0.430638921977388,10.4153552647085,-0.528209515803427,0.485910876701139,10.4984477312694,0.130849616710157,0.130849767057056,0.135962164776053,1.22296562495877,2.1349384295043,23193.9361755312,5.42170307177005e-36,1.0799059319913,5.41905021191129e-24,645.275,2,6,0,0,1,0,1
0.215,0.379003446576872,-0.377454057190567,30.2282872493647,6.52104805753051,6.55336067487075,-1.8612141538113,1.7909068193281,-8.5322322215921,74.162554428748,71.9657486667559,0.373631905302085,-0.29480773060931,30.2873811848362,-5.23915153081457,13.5819499274889,-10.2769379969254,-0.00537154127478731,0.0826463265812568,0.0590939354714708,-3.37793737700327,11.7910431081608,-1.74470577533328,0.191853907558416,0.191875378189204,0.100762327754892,13.5656872114276,13.5667995075869,10.9673739147811,-0.408649225816885,0.440991718030472,10.5990172135814,-0.481090826160762,0.471563703027464,10.3879952708486,0.13118969879087,0.131191770830194,0.136385801423831,2.74855849767713,1.70367013415569,23331.8166807251,5.24466384319157e-36,1.08101600534102,5.50994571787506e-24,644.097,2,6,0,0,1,0,1
0.22,0.369829939081795,-0.368878718517303,30.1831791541582,6.35853060510955,6.38156766776531,-1.83478373558277,1.66419199155647,-9.35950927480543,52.6768739143121,61.0403871915751,0.259529805961571,-0.488776672658823,30.2109053372911,-11.8395790768134,0.987581202930935,-14.0983230180196,-0.110300133120224,-0.119897954141519,0.0277261831328306,-10.0047953412307,-0.676610788625534,-4.73881374321419,0.191814348201375,0.191848442472093,0.100808791164172,13.5743904235891,13.5759002426642,10.9839699961325,-0.514735710574124,0.257075042697707,10.4030522349206,-0.444506183811259,0.469587025044788,10.4395763172488,0.130616724473133,0.130619743918767,0.135749568446479,3.00781676501662,2.02155214840114,23450.0957415098,5.22136770023515e-36,1.08037545405713,5.36399754582317e-24,624.124,2,6,0,0,1,0,1
0.225,0.360786085818309,-0.360975055536555,30.1363111269959,6.21303460385863,6.21539390586499,-1.80845297558594,1.51912922142912,-9.22918804929479,34.4124691251376,55.1460283530594,0.276975180588996,-0.457257274781786,30.250619529247,-10.0127757958337,2.86868302174165,-9.39222434594008,-0.0838109052293128,-0.0962822192452309,0.114308402251111,-8.2043228202478,1.34955380031253,-0.163036296645292,0.191344179543747,0.191361420318021,0.100625597514231,13.5680256009993,13.5682618637792,10.9717975725054,-0.420317451567925,0.396882785083666,10.534558955476,-0.479388111221996,0.371797985559634,10.3719240720429,0.130964083951251,0.130965949320195,0.136255792782169,1.66618805004414,3.04802140074791,23498.0982374192,5.12014880954067e-36,1.08274143951718,5.46167692060198e-24,630.806,2,6,0,0,1,0,1
0.23,0.35186130674591,-0.353783290339181,30.0923068761071,6.08557788700835,6.05501792152914,-1.7867153488924,1.37655793462843,-8.22268345692731,19.6407612259476,53.0482301641243,0.266979327200735,-0.216702575040453,30.1271327368522,-10.0015325914616,16.41665867896,-15.1951997948484,-0.0848819795451754,0.137080715298728,0.0348258607450504,-8.21481724256916,15.0401007443316,-6.97251633792106,0.191455894844398,0.191468442369998,0.100723720121997,13.5756527375087,13.5757398225482,10.9713107579343,-0.424139126838078,0.558826863383032,10.3017213670541,-0.459001305790744,0.377162987567766,10.4176453466318,0.130635432216342,0.130637876267167,0.135884844146346,2.73129730390834,2.62908571413579,23528.7484749944,5.11568103836539e-36,1.08203621624482,5.37775987778212e-24,654.827,2,6,0,0,1,0,1
0.235,0.343038313426608,-0.347258236674194,30.0551779768025,5.97575341649695,5.90064775958063,-1.7676498265367,1.25002947712243,-6.50171957257363,9.49779768158188,53.5789625460164,0.358265847504632,-0.221145228143043,30.0928365406459,-4.13289245982936,14.3393218930346,-12.4415336597921,0.0152275340780247,0.126113008531151,0.0376585638434679,-2.36524263329265,13.0892924159122,-5.93981408721845,0.190735624134028,0.190753596241991,0.10031871498257,13.5599536684631,13.5605684609103,10.9520307260617,-0.335628722615225,0.401633298772213,10.38693678742,-0.448763486249493,0.471693624652441,10.3217382584537,0.131218931222853,0.131218923842864,0.136581395293232,1.25704815572114,1.95130715874749,23555.0754149073,4.98146387067146e-36,1.08376084374149,5.53048455372359e-24,650.358,2,6,0,0,1,0,1
0.24,0.334316717971396,-0.341298440880843,30.0279695596221,5.88039824691389,5.75170280614494,-1.74637921879429,1.1487548085332,-4.28804039179765,6.0026138462918,58.6876596641021,0.479787546384286,-0.234054302105999,30.0231443082688,2.8572682913731,12.2399149885849,-11.7064073690634,0.14547082841289,0.107244138774844,-0.00482525135328191,4.60364751016739,11.0911601800517,-7.41836697726576,0.190280285489973,0.190311993250937,0.100026077919999,13.5546158546778,13.5559683390125,10.9538078529461,-0.279659668274935,0.389128659802656,10.3167191942195,-0.395415482412067,0.457909940002293,10.3230828076622,0.131116950077847,0.131118161349309,0.136395013879065,1.05695147935445,2.06644289410938,23639.7327297818,4.89030746410422e-36,1.08235332109762,5.49840522380561e-24,640.508,2,6,0,0,1,0,1
0.245,0.325686232060581,-0.335748408208528,30.0125275177884,5.79579478073971,5.60661983113411,-1.73170451532253,1.08530484722997,-1.83623720375874,8.23336527445176,65.3956459947289,0.561031288598296,-0.338879345305125,29.8464224027154,6.91544613348773,5.22416931075882,-15.5039680276969,0.235345056537715,-0.00313093709659705,-0.166105115072913,8.64715064881026,4.13886446352885,-13.6677308239381,0.189733208973449,0.189785587968925,0.099712567890273,13.5472049498606,13.5495739448171,10.9552958109381,-0.269757701171572,0.305305598269638,10.1266652744967,-0.329922545269877,0.441592857353,10.2972689698476,0.131249990101427,0.131251564503704,0.136521881993577,2.85538064329077,5.21056158843219,23734.1231670248,4.78460647415363e-36,1.0822723716697,5.5310428738933e-24,637.45,2,6,0,0,1,0,1
0.25,0.317115797495664,-0.330423401710105,30.0093922415761,5.71784804879966,5.46570425440684,-1.72301336543009,1.05879328786021,0.592906863164365,16.6232909042267,73.7263535527243,0.378951526881981,-0.332334532439885,29.8172046455819,-4.49746147705465,5.47835385133775,-7.27944312589479,0.0618357293863164,-0.00191113072978009,-0.192187595994247,-2.77444811162456,4.41956056347754,-7.87234998905916,0.188475720527021,0.188543377708633,0.0990061159549495,13.5244508389236,13.5274184093187,10.9467530541268,-0.458565554163686,0.368994193321666,10.2458356665124,-0.279852010188808,0.383959243232295,10.1830814989586,0.131834862131743,0.131833507356415,0.137170911179126,2.06249912976695,4.88097893202926,23869.1632482262,4.56934323115232e-36,1.08295882152053,5.68369707633507e-24,623.309,2,6,0,0,1,0,1
0.255,0.308581795806055,-0.325150958788132,30.0178474809211,5.64155603497497,5.32652493839651,-1.7179278853041,1.06519002887767,2.75995645518099,30.4736767704898,83.6046108755319,0.355920936613021,-0.295476115856839,29.9313560579869,-5.13049778427463,7.41513899195554,6.71622837854294,0.0473391408069655,0.0296748429312932,-0.0864914229341783,-3.41256989897053,6.34994896307787,3.95627192336195,0.187964435037845,0.188019330155389,0.0986919935359684,13.5264370978764,13.5282945619763,10.959575142492,-0.355442844194139,0.388585523063904,10.427577697689,-0.350405134945988,0.378026200185769,10.2038145485464,0.131507559181213,0.131507896096232,0.136692612029323,2.68767976353346,2.56436419562741,24039.0462631788,4.45826842636943e-36,1.08058188196349,5.58846228207046e-24,631.251,2,6,0,0,1,0,1
0.26,0.300054386647407,-0.3197818567644,30.0360843107428,5.5623674441719,5.18710220706792,-1.72126574799466,1.09905039362525,4.47195874487737,48.1494999624247,93.948962975839,0.178350215642893,-0.240780460670799,29.9974804565193,-14.7353648227383,10.130910056974,12.0087277047141,-0.121704171004514,0.0790013960936015,-0.0386038542235304,-13.0140990747437,9.03185966334871,7.53676895983677,0.188711129831038,0.188757503905786,0.0991458918723975,13.5551128845823,13.5565260753185,10.978966256134,-0.475751477878317,0.401594494695755,10.3873275761222,-0.349843782519216,0.386672431707476,10.3438675463913,0.130750805696493,0.130751450918178,0.135839392688316,1.04184360778413,2.61388629073339,24101.7732264749,4.53191484100379e-36,1.07940640849543,5.39302516090058e-24,640.02,2,6,0,0,1,0,1
0.265,0.291486831531396,-0.314199457959826,30.0614770026671,5.47626319438042,5.04534670133452,-1.73490264997403,1.15252796961912,5.59803360905618,66.9473025196161,103.181557583768,0.0526235973215049,-0.294838742358972,29.9861530064381,-20.2444859184882,6.20941483343386,10.386380018647,-0.238863234209892,0.0193607156008547,-0.0753239962290563,-18.5095832685142,5.05688686381474,4.78834640959081,0.189603915473761,0.189635056325352,0.0997066090333666,13.5765538207644,13.5774048685304,10.9726923408876,-0.456725294110703,0.315713829501435,10.308599503706,-0.415225302492344,0.402164329521736,10.4145898657327,0.130629571860498,0.130633420109876,0.13581515138202,1.14849294144071,3.62014099790547,24010.6966799243,4.64369503728742e-36,1.08118257890703,5.37136734516241e-24,636.242,2,6,0,0,1,0,1
0.27,0.282835134476633,-0.308329734921929,30.0909169357043,5.3807460962559,4.89967594289214,-1.75578103483543,1.21610125369232,6.07747834502729,84.1426031141444,110.838213843753,0.0952500318586037,-0.319051624379764,30.0206602642141,-15.5138013132224,4.53150506164431,11.8388118131676,-0.187585102618029,-0.0107218894578355,-0.0702566714901182,-13.7580202783869,3.31540380795199,5.76133346814026,0.189958982733322,0.189974209949181,0.0999000809188425,13.5788226925391,13.5792798959795,10.953118703489,-0.336536723662009,0.323666696419012,10.3837439902466,-0.454053831278988,0.36900119713151,10.4068287106541,0.130914905282366,0.130920075876037,0.136199574260143,0.95403770912656,2.83692391969833,23880.150464377,4.69533707411154e-36,1.08244556487258,5.44930046539039e-24,1332.907,2,6,0,0,1,0,1
0.275,0.274070286007721,-0.302145768030201,30.1211660896121,5.27488213465391,4.74904382488184,-1.78088902884406,1.28013731012695,5.91949640810239,97.3037687561879,116.211517784505,0.320120226996765,-0.0591189279322232,30.1170606606353,-0.995477894056525,19.5109607774317,15.4696675342101,0.0460499409890437,0.243026840097978,-0.00410542897674726,0.785411134787538,18.2308234673048,9.5501711261077,0.190331582536644,0.19034059701641,0.100044921786418,13.5826423353947,13.5829504532026,10.9500684286435,-0.172664291812069,0.543982607975444,10.4930410623188,-0.418319187363893,0.350015541810373,10.4372564223498,0.130839758182726,0.130844542664105,0.136057536493219,5.88894601305115,3.03948180140111,23792.7651415194,4.76272099599817e-36,1.0814724613644,5.42542884115163e-24,629.569,2,6,0,0,1,0,1
0.28,0.26518174699476,-0.295664077752389,30.1491903772469,5.15936829585248,4.59324693881527,-1.80576292281343,1.33663422942975,5.1955455463122,104.669496441059,118.627930204159,0.203148009557418,-0.386076812172576,30.108252388207,-8.07783580588334,-1.26143855607961,10.6794643691776,-0.0620337374373421,-0.0904127344201873,-0.0409379890399901,-6.27207288306992,-2.59807278550937,5.48391882286539,0.191075414901363,0.191105277461039,0.100424666738831,13.5950937737127,13.5963736483815,10.9606001023613,-0.392559440855162,0.109695371047526,10.3844753574187,-0.305171665002491,0.45471557169513,10.5136723447227,0.130507636015576,0.130513665009187,0.135648650325871,8.32153097993899,1.33895917325084,23713.5853086042,4.89819159552511e-36,1.0814882819673,5.33822337662808e-24,642.083,2,6,0,0,1,0,1
0.285,0.256185267407684,-0.288936005803371,30.1724391519549,5.03605722683004,4.43277811538916,-1.8242819548565,1.37952311320231,4.02575410665326,106.10829464863,118.203958010464,0.256532012199404,-0.0848429334108838,30.2350414570581,-4.32159492790302,16.8591996996262,14.3298450539721,0.000346744791720078,0.204093072392487,0.0626023051031738,-2.49731297304652,15.4796765864239,10.3040909473188,0.191270499448715,0.191287609476764,0.100516828006763,13.5923853827128,13.5927075581793,10.95665153025,-0.267652796944203,0.551577549883482,10.5898848163219,-0.341721064011017,0.300050744958742,10.4846563783596,0.130799816731363,0.130802099018517,0.135985672062318,4.6281020336067,2.37158162060322,23628.1417450034,4.95216053842041e-36,1.08136789438789,5.41279598300749e-24,646.568,2,6,0,0,1,0,1
0.29,0.247120951287929,-0.282029483200391,30.1890493096144,4.90733205971283,4.26881140698105,-1.83280753072864,1.40825371948917,2.56261856646001,102.819765742725,115.50058526148,0.216638256001881,-0.0837129199381113,30.2104270402501,-6.35123987782372,15.3713818259618,6.73071080545569,-0.0304826952860477,0.19831656326228,0.0213777306357042,-4.51843234709508,13.9631281064726,4.16809223899568,0.192079830517628,0.192103555741704,0.100961419521284,13.6062428400973,13.6069858002928,10.9695520548329,-0.316409945059021,0.354670971842785,10.4295909023543,-0.304669784680637,0.421762428764867,10.5713515948593,0.130325025649835,0.130325101739364,0.135405929798084,1.36647550487736,1.46210062486862,23556.3430985189,5.10786323963022e-36,1.07972881702638,5.28912036214975e-24,630.366,2,6,0,0,1,0,1
0.295,0.238039710936258,-0.275001884915575,30.1979621448705,4.7763989315203,4.10403978835927,-1.83056802578312,1.42765197899899,0.9727259754491,94.2396238022715,108.305371686533,0.355615843164483,-0.00204946368767267,30.3449664317818,2.21231102386246,18.821476323064,9.98504659909658,0.117576132228225,0.272952421227902,0.147004286911251,4.04287904964557,17.393824344065,9.01232062364748,0.192138024793841,0.192162921041286,0.101005073813473,13.5990703657589,13.5999144682632,10.9607756477621,-0.171372365408228,0.412563842295321,10.6689555913567,-0.306588512091374,0.408697784487086,10.5175387448692,0.130729689858909,0.130730039590454,0.135917065706723,2.31022647410151,4.71829655617669,23471.1550928391,5.14606060109998e-36,1.08095434474471,5.39569022162164e-24,652.522,2,6,0,0,1,0,1
0.3,0.229026293455916,-0.267911007603442,30.1989481885883,4.64516939702846,3.94069243733153,-1.80482149341471,1.43292554906002,-0.581516119259331,85.4975119855037,100.720964082666,0.176482107438506,-0.270748166815123,30.2358882373087,-8.39681842691648,1.93355246895459,-2.72189851774733,-0.0525441860174104,-0.00283715921168127,0.0369400487204505,-6.59199693350178,0.500626919894561,-2.14038239848799,0.192907688083575,0.192945626868023,0.101446151895125,13.6117144948813,13.6132039244696,10.9734148188497,-0.380037168178585,0.135931848873692,10.3686815806857,-0.23263467520507,0.428788650803368,10.6086377220855,0.130191658892737,0.130192835668306,0.135290665926192,9.47589164802521,0.591307172439006,23404.7075461299,5.30267932553838e-36,1.08006144862417,5.25863684180882e-24,628.318,2,6,0,0,1,0,1
0.305,0.220175975603495,-0.260794913763239,30.1925536344733,4.51441857803131,3.78066538108063,-1.76422556193942,1.43705201053379,-1.95477047190624,77.5490677637777,92.4047850193479,0.180567661456155,-0.341518517522199,30.2217206859385,-7.12262704344505,-1.59568410868813,-4.99056760361537,-0.0396083141473397,-0.0807236037589592,0.0291670514652453,-5.35840148150563,-3.03273611922191,-3.03579713170913,0.192377490433205,0.192399805113589,0.101150361937306,13.59104987796,13.5917021643169,10.9542392002466,-0.256959892268392,0.233438036152256,10.4809497434069,-0.29404038701876,0.298179641335843,10.4801533464574,0.130978181720731,0.130976211108722,0.136251906238651,0.324495032727398,0.713183546652042,23344.1845848227,5.24048500040438e-36,1.08290784446766,5.46331652977121e-24,641.669,2,6,0,0,1,0,1
0.31,0.211552024329555,-0.25364350443492,30.1799809329947,4.38432640607979,3.62585352319764,-1.71299611688895,1.44650927569908,-3.03199629080941,71.2179229539981,83.4484231755186,0.243760797500581,-0.347458017640895,30.083593325161,-2.66662216396567,-1.26258558574125,-12.6770414839872,0.032208773171026,-0.0938145132059756,-0.0963876078336583,-0.953626047076729,-2.70909486144033,-9.64504519317777,0.191949300665719,0.191962139103138,0.100871492972394,13.5804626657414,13.5806799071345,10.9575076827013,-0.194562923744063,0.254726140409116,10.2908191529813,-0.276952466148433,0.255916050885667,10.4542392249123,0.130920656308252,0.130918478513268,0.136121905440156,1.83750792253854,1.64411490315488,23386.6931491193,5.18472281079065e-36,1.08140600638396,5.44338472912704e-24,651.842,2,6,0,0,1,0,1
0.315,0.203203761648741,-0.246429236958025,30.1629163223865,4.25433953892668,3.47748954793203,-1.65259415540205,1.46193209230824,-3.73632106953229,67.882391650232,75.3620408186149,0.359326889846671,-0.26231198467038,30.0348767370158,4.32906746367234,4.02807246720786,-10.9149061312966,0.156123128197931,-0.015882747712355,-0.128039585370689,5.98166161907439,2.56614037489962,-7.17858506176428,0.190807733871271,0.190822396325252,0.100216839505483,13.5564340946923,13.556839438605,10.9532054635098,-0.129511763129194,0.314749542550607,10.3518352337918,-0.233131071724743,0.240576587674451,10.3287406905786,0.131441185029361,0.131441349622084,0.136697959430405,0.968233697121227,2.62096860895018,23493.4427821968,5.00035903359392e-36,1.08168844577701,5.57762552525378e-24,638.573,2,6,0,0,1,0,1
0.32,0.19516374191582,-0.239121467880421,30.1433292692208,4.12363797034444,3.33616786197932,-1.58837678450704,1.48398457088817,-4.03231179644342,67.3991371244468,68.499043674872,0.497766811340636,-0.452387048246813,30.0090975065982,11.9666105682203,-7.3332354569354,-7.44497169842797,0.302603069424816,-0.213265580366392,-0.134231762622599,13.5549873527274,-8.81722002782357,-3.41265990198456,0.190041214717241,0.190072104181583,0.0997915421990492,13.5479030179603,13.5493125066562,10.9639877414241,-0.0755790669598911,0.0958006140544782,10.3473075844,-0.169115716069309,0.266167772004653,10.2986552694256,0.131306505010646,0.131307564756978,0.136495229115888,2.31781182580921,6.08531882317828,23653.7641717166,4.86335817814745e-36,1.08088234867534,5.53837843452289e-24,649.13,2,6,0,0,1,0,1
0.325,0.187442723518775,-0.231696346443536,30.1232641742764,3.99157254910951,3.20195045114451,-1.52378298365057,1.50924540407012,-3.92574714341702,69.3632440456936,63.2965735518027,0.422174320663636,-0.332108869867042,30.0692032548635,6.54784681754249,0.460450229276677,0.0737590353604208,0.234731597144861,-0.100412523423505,-0.0540609194128842,8.07162980119307,-1.04879517479344,3.99950617877744,0.189656423516894,0.189701806750951,0.0996374220219642,13.5486307654681,13.5505595523924,10.9730388755533,-0.212413280888894,0.300704233914037,10.4318571379164,-0.0972570241330877,0.170108819668302,10.2967211702104,0.1311596431566,0.131160640483269,0.13635589352822,2.75268797732851,3.43336809361889,23783.4881571321,4.77729430398808e-36,1.08108920166395,5.50237875926066e-24,623.21,2,6,0,0,1,0,1
0.33,0.180037353100134,-0.224151143627662,30.1046437185584,3.85789901839549,3.07451295045761,-1.4610620860946,1.53257821405378,-3.45920144889574,72.8398976746526,59.740353946909,0.166380584472456,-0.441685163732415,30.1520931827061,-8.42918210285122,-6.18161394461952,5.62971591342557,-0.0136567686276777,-0.217534020104752,0.0474494641477287,-6.96812001675662,-7.7141921586733,9.08891736232131,0.190008776812546,0.19005790530935,0.0999036176904127,13.5651074393428,13.5670337542041,10.9790279060107,-0.361816843796938,0.123439585377603,10.474817979495,-0.123079688035319,0.213702656431011,10.3614878027446,0.130753760667149,0.130752371966821,0.135911585551449,4.50549642676179,3.01763355115859,23826.5764696764,4.80328307986831e-36,1.08057695346852,5.39906767340689e-24,638.26,2,6,0,0,1,0,1
0.335,0.172937553261937,-0.216511238883851,30.0891003748973,3.72297141597124,2.95336673950071,-1.40065633255287,1.5477229710866,-2.70525875308821,76.845045829281,57.6939125050288,0.0588649294558784,-0.364607335166806,30.1604924604767,-12.981103917058,-1.30736884267239,4.1156711253282,-0.114072623806059,-0.148096096282956,0.0713920855793596,-11.5804475845051,-2.85509181375899,6.82092987841641,0.190794659906858,0.190821201223134,0.100390468874334,13.5853236841526,13.5856405077045,10.97557785638,-0.279151030748206,0.24296134012239,10.4040108068781,-0.226071569482798,0.155386990335553,10.4372364114874,0.130467385048505,0.130472842783699,0.135660507891039,0.676926654710717,2.48743393609386,23763.6622315415,4.90608538977945e-36,1.08180273415752,5.33263084203277e-24,629.469,2,6,0,0,1,0,1
0.34,0.166133383245879,-0.208830963344717,30.0778487965299,3.58757331462782,2.83787675002365,-1.34204929338306,1.54921117189124,-1.75706788416773,80.6337943155748,56.9734564806565,-0.0603372557592837,-0.228532123273936,30.1107927423337,-17.8993652589109,6.22823053048527,-0.252738700442314,-0.226470639005163,-0.0197011599292184,0.0329439458037761,-16.5573159655278,4.67901935859403,1.50432918372541,0.191201499634748,0.191211750555199,0.100616013507616,13.5896393013181,13.5895325422704,10.959503741863,-0.30396787081278,0.293636650484181,10.3347063570778,-0.260486700376575,0.17887834961233,10.4416538628967,0.130655713883054,0.130662115061594,0.135928901346446,1.50549546793062,2.24346040401743,23653.747353718,4.96759263604249e-36,1.08270217877919,5.38485206856793e-24,624.405,2,6,0,0,1,0,1
0.345,0.159613963052672,-0.201184683939823,30.0716075154154,3.45293432788405,2.7275417935036,-1.28608216081181,1.5343506491573,-0.718228203670107,82.7261048621187,56.6085683080981,0.274302644770478,-0.164481893565689,30.1465229761252,3.69269059103434,8.70221943175012,2.14114286550382,0.114688681717806,0.0367027903741333,0.0749154607097673,4.97877275184615,7.16786878259282,2.85937106917392,0.191015889306452,0.191017792517362,0.100443275696464,13.5793438788579,13.5795185759125,10.9460686528453,0.0436283736654505,0.253727141275034,10.4560715316067,-0.299978753717585,0.226939305521314,10.3984750136552,0.130999085387533,0.13100316970917,0.1362901245518,7.10363791352932,1.41936919739677,23595.3272861395,4.94599700971145e-36,1.08278528363438,5.47044473546431e-24,656.113,2,6,0,0,1,0,1
0.35,0.153368227021018,-0.193661301164598,30.0705721617681,3.32113361646695,2.62228994408994,-1.23190849821783,1.49986166142723,0.307519052370288,81.8190636311376,55.7566610860845,0.165108946859297,-0.0236035818822418,30.1730313960908,-3.08256773101767,15.4489945232127,2.34007428262758,0.0117407198382785,0.170057719282356,0.102459234322703,-1.85065923279984,13.9491328617854,2.0325552302573,0.191138144100984,0.191163113567879,0.100455686885494,13.5803485730882,13.5818222965067,10.9549168856318,-0.246932292335782,0.322113622554876,10.4607404594016,-0.14266163757902,0.243033974048105,10.4411900506949,0.130761009159133,0.130767782219896,0.135957456484594,1.02314564032828,2.31466946177764,23592.3781077184,4.97688887822938e-36,1.08212113907818,5.40439883381086e-24,627.508,2,6,0,0,1,0,1
0.355,0.147389940043459,-0.186368216700758,30.0744377901177,3.19438009094622,2.52195704420357,-1.17841080560805,1.44154881605425,1.22543796491515,78.5385141547384,54.7592331044945,0.244825343759671,0.0720140915181572,30.1408809621774,1.96016763661814,18.9745889128316,-1.10945681761043,0.097435403716212,0.258382308218916,0.0664431720597131,3.13857844222619,17.5330400967774,-2.33489478252558,0.191340981427106,0.191366312003368,0.100553565504401,13.583296499492,13.584431873041,10.9625855949215,-0.1044844054345,0.307053352798785,10.4020911827303,-0.182868316046395,0.291806063817297,10.4646712619013,0.130700909547862,0.130704859888719,0.13585453231547,0.586642615747361,3.08501987933009,23586.4376893739,5.01792132818363e-36,1.08063543280656,5.38623244509376e-24,631.217,2,6,0,0,1,0,1
0.36,0.141666245296499,-0.1794153510774,30.082464528925,3.07454259112105,2.4260752022539,-1.12938833092657,1.36263125848312,1.95780734540022,73.204294862227,53.695710406155,0.188937722250807,-0.0626623846591918,30.1508995394726,-1.37414597000055,9.08399868893306,-0.850325707859957,0.047271476954308,0.116752966418208,0.0684350105475649,-0.244757639073979,7.72136743044994,-2.80813305326018,0.191176586568619,0.19120648140475,0.100475088696115,13.5765465191589,13.5776545929785,10.9597574829077,-0.192613595099902,0.134216664125406,10.4581937678504,-0.138897371082699,0.320406954263371,10.4384812181149,0.130918773677408,0.130921411793289,0.136128851641414,2.21262685379049,1.48774424664554,23578.3373011616,4.9999724021596e-36,1.08133127541903,5.44406041730332e-24,622.647,2,6,0,0,1,0,1
0.365,0.136161858046129,-0.172888368728588,30.0935774567384,2.96281061763397,2.33368777402404,-1.09008932077723,1.26969323028959,2.44947795395979,66.4702016520542,52.9898262770994,0.276923169506803,-0.0552706447015371,30.14846913138,4.05164620502336,8.77416506078698,-1.59098904800349,0.140761311460674,0.117617724027051,0.0548916746416599,5.14173552580059,7.50447183049739,-4.04046700196328,0.191143723975288,0.1911708404356,0.100459845362874,13.5753667342344,13.5763342884848,10.9616198051944,-0.078621685800589,0.218242696754031,10.4539302280106,-0.155513834608984,0.249075825746899,10.4491480508238,0.130838621811986,0.130839366657769,0.13602297578421,0.402101804239172,1.88730563088515,23584.7536957702,4.99900249028566e-36,1.08102798045882,5.42213008118681e-24,646.34,2,6,0,0,1,0,1
0.37,0.13081386101552,-0.166832317633063,30.1064883076507,2.8601502607537,2.24365800521357,-1.06639492292071,1.17251596756285,2.67097105204441,58.2639518507608,52.4935128266504,0.13420661799698,-0.196644046265071,30.059492039175,-4.39460626171832,-0.0218054164079964,-6.62059549311105,0.00339275698145998,-0.0298117286320086,-0.046996268475645,-3.32821133879761,-1.19432138397085,-9.29156654515545,0.191090005983053,0.191123280982868,0.100446555550201,13.5736340666427,13.5749708842279,10.9617507396141,-0.238053330224311,0.0918116978229305,10.3249608702919,-0.108638206045283,0.24251419548704,10.4487412681223,0.130848292939677,0.1308478568555,0.136049657911822,3.13451849505252,0.950623935965026,23590.9522452542,4.99307600695808e-36,1.08128630319501,5.42577322264109e-24,652.317,2,6,0,0,1,0,1
0.375,0.12554298442225,-0.161253907971664,30.1198257465954,2.76675167948451,2.15449119643304,-1.0590296011294,1.0768008057376,2.61878823025412,49.8543940390655,52.8753082336847,-0.0506424503031179,-0.350891838570312,30.1225696563248,-14.2090152325215,-8.54866861109966,-0.72181258444422,-0.176185434725368,-0.189637930598648,0.00274390972934691,-13.1499856313921,-9.62546941683727,-3.34060081469834,0.190474254721378,0.190497092962742,0.10009521756593,13.559546727731,13.5602556118086,10.9520926424384,-0.295386383631876,0.0476790507204264,10.5090175722383,-0.161563111124638,0.171004332632117,10.3702816717828,0.131244966202956,0.131244017813367,0.136513509888468,2.94568072932192,2.14256081559664,23622.7793914733,4.89329161701575e-36,1.0823007704333,5.52929041085691e-24,644.729,2,6,0,0,1,0,1
0.38,0.120270213256535,-0.156127622259017,30.1322638850533,2.68194980013272,2.06453586512022,-1.06721055996415,0.989915871403183,2.31441118960689,42.4227490104272,54.5415282525068,-0.193049772681019,-0.184297272973594,30.0829711993055,-20.5508202152025,2.23164419766334,-2.9223120754922,-0.313319985937554,-0.0281696507145769,-0.0492926857477219,-19.4836096552384,1.24172832626016,-5.2367232650991,0.190655996597869,0.190659621885917,0.100181668342189,13.5681833458641,13.5679846968474,10.9651076888152,-0.290660559377774,0.266033574743769,10.3743303781281,-0.232706609453335,0.0966598139640375,10.4314676280661,0.130762404279551,0.130763681783278,0.135922553395358,2.04818405239421,3.20865085840809,23676.9111772645,4.91297737598991e-36,1.08104728928898,5.40150283976896e-24,631.524,2,6,0,0,1,0,1
0.385,0.114927122115893,-0.151392573911462,30.1426400016303,2.60424116615273,1.97222148499238,-1.08747510481434,0.91881005985973,1.80103899130882,36.8237421598725,57.4187438098747,-0.0621091777300241,-0.167777110141533,30.0620221904398,-10.6459013512898,2.85970861476431,-2.62499540813772,-0.177036299845917,-0.0163845362300711,-0.0806178111904809,-9.55842624647547,1.94089855490458,-4.42603439944654,0.190496600748901,0.190495938278205,0.100111821662295,13.5650321464236,13.5653559229894,10.960552114741,-0.0927431923341693,0.167458694178351,10.3836833584642,-0.282668928033037,0.16313913737822,10.3925904430798,0.130994266088635,0.130996896168627,0.13622467343967,2.10717172514855,1.66338664172949,23689.3932541366,4.88054867974611e-36,1.08162828425633,5.46430798037896e-24,652.283,2,6,0,0,1,0,1
0.39,0.109469553608007,-0.146959409786674,30.1500517426659,2.53171615817627,1.87668523987537,-1.11348570770558,0.868040774784975,1.13872356359843,33.4912067721221,60.6944272400598,-0.0403214449821318,-0.161409574944414,30.107618428899,-8.46622472365196,2.81339118327495,1.44318635321207,-0.149790998590139,-0.0144501651577393,-0.0424333137668681,-7.35273901594638,1.94535040848997,0.304462789613641,0.190318755744468,0.190321553478116,0.100015483990407,13.5631515596052,13.5635657721836,10.9573115894203,-0.152523607583754,0.156122285522322,10.4625665178621,-0.212587947051994,0.162283554120003,10.3755685976079,0.131024182138001,0.131027916665705,0.13626415332178,0.618224230273921,1.0287578503103,23704.2638209942,4.84594602738175e-36,1.08192602090407,5.4725316210439e-24,645.377,2,6,0,0,1,0,1
0.395,0.10389352184131,-0.142727079275121,30.153927496137,2.46183751519993,1.77754667012087,-1.13539068853177,0.837808068193258,0.398593854049652,33.0844914898493,64.3847430796928,-0.0270060278686675,-0.0372258580460603,30.1126491590069,-7.10465059593796,9.58584469599363,1.46016209608934,-0.130899549709978,0.105501221229061,-0.0412783371301247,-5.96925990740619,8.74803662780037,1.06156824203969,0.190579432328976,0.190585488454314,0.100162045602146,13.5720945993353,13.5724910617265,10.963016047214,-0.147693535569959,0.247084759708083,10.4117295270687,-0.193065478801224,0.157409003813012,10.4154492813393,0.130751136101028,0.130755600040529,0.13593837174162,0.591628369196886,1.21938842306883,23710.4275044703,4.88009069590396e-36,1.08127281659179,5.40119757436147e-24,628.918,2,6,0,0,1,0,1
0.4,0.0982323350307926,-0.138593715638354,30.1540660855981,2.39259837879057,1.67583301949887,-1.14794074198524,0.828218740659163,-0.343538907109555,34.4932549824958,66.1649118053627,0.181157158117912,0.0182040058938445,30.1257205471928,5.33005690687892,11.6247338022795,1.90425220365238,0.0829248230871191,0.156797721532198,-0.0283455384053367,6.47799764886416,10.7965150616204,2.24779111076194,0.190745751737359,0.190753829232333,0.100265092713273,13.5758223131748,13.5761829586589,10.9605153237886,0.0197932266499028,0.210397981635089,10.4240595295429,-0.178298206008281,0.204326243895102,10.4135250279082,0.130802212684954,0.130805520713445,0.136020724904199,2.30097548604229,1.18809746631783,23684.6889109802,4.90365354582071e-36,1.08173910802162,5.41610173374358e-24,634.861,2,6,0,0,1,0,1
0.405,0.0925588260451226,-0.134476150626264,30.1506419326266,2.32224877434607,1.57326647230852,-1.14039074999948,0.831595952085446,-1.01449631038707,37.4543057185057,65.8375808962631,0.200239141496619,0.0286297114937775,30.1818202131361,5.43483890672026,10.9659590638709,4.17854266317873,0.107680315451497,0.163105862120042,0.0311782805094488,6.57522965671973,10.1343631117855,5.1930389735658,0.190901302469376,0.190924329357672,0.10035760724935,13.5783605506087,13.5792599208324,10.9588042554543,-0.0869959964786218,0.181025942297343,10.4892741492756,-0.0791247428191622,0.220081410754323,10.4210232371725,0.130781062855941,0.130786867196781,0.136013481709925,0.345230344932544,1.29843206476461,23654.0782959941,4.93098053798386e-36,1.0823572638944,5.41215559937431e-24,668.42,2,6,0,0,1,0,1
0.41,0.0869794442053908,-0.130325201943816,30.1441762765475,2.24992420429577,1.4724319118205,-1.10992167622293,0.841887122898519,-1.54987705789765,40.893016138869,62.7752194116868,0.198348038893705,0.145344624285678,30.24599954305,4.55630176234847,16.6641640737713,5.1642224936135,0.111368594688314,0.275669826229495,0.101823266502522,5.6662234385714,15.8222769508728,6.71409955151115,0.191326522228946,0.191355153171112,0.100595671375311,13.5868249851166,13.5878315334269,10.9629340759754,-0.090820056914901,0.266518493336818,10.5254625446282,-0.0657791693831562,0.216387279504121,10.4621933997636,0.130584456832339,0.130588381110865,0.135765095942355,0.401874164476713,3.4933964105671,23613.9907082821,5.00431837061847e-36,1.08109029040831,5.36001061321908e-24,643.45,2,6,0,0,1,0,1
0.415,0.0816067455152309,-0.126124252069895,30.1354767193871,2.17553769954978,1.37597148644434,-1.05687692922927,0.851964662600123,-1.90049605346151,43.8994628054481,57.1217153302551,0.360017882932502,0.191809440703585,30.1921764664911,13.3973980234981,17.79720669626,-1.49094179619086,0.278411137417271,0.31793369277348,0.0566997471039901,14.4542749527274,16.9452420336599,0.409554257270657,0.191892367060929,0.191919440972828,0.100922539228719,13.5961222795087,13.5968120179731,10.9656836032414,0.053503222132195,0.23021637269001,10.3915081785373,-0.0614859980494333,0.25911050750429,10.5054383094171,0.1304435984241,0.130445522372176,0.135610430121614,1.53274741117124,5.32658446256431,23545.4380497051,5.10682248973631e-36,1.08081439536283,5.32463480327938e-24,649.641,2,6,0,0,1,0,1
0.42,0.0765400807343149,-0.121886324986237,30.1255484280013,2.09976212163969,1.2861547004326,-0.986263031105055,0.856967633403886,-2.03718754983454,45.8883334324656,49.7251572793644,0.184037124292816,0.139235719733139,30.1827249041367,1.98300428113489,13.3292577220895,-2.99510998080649,0.107497043558501,0.261122044719376,0.0571764761353941,2.96926731223994,12.4722900886856,-0.957922430971947,0.191703168280526,0.191742103008586,0.100824776173449,13.5849028229173,13.5862623340657,10.954412732412,-0.180556419623631,0.157145200497432,10.4350589865324,0.0156474956372381,0.27151595644502,10.4478713428512,0.130874133354184,0.130874550105211,0.136135375442918,3.01946987217104,2.9277187749292,23487.8111002424,5.09366102702649e-36,1.08218574419454,5.43698422826673e-24,648.565,2,6,0,0,1,0,1
0.425,0.0718443282669462,-0.117640886603658,30.1154860109799,2.02361576278925,1.20445311910091,-0.907005750500412,0.855097073629984,-1.95365994233279,46.3707997477273,41.3476526016782,0.230554029007213,-0.0177738786440576,30.127143314085,4.93272173883833,3.57039082924107,-6.2382059652914,0.158709700740267,0.0998670079596006,0.0116573031051573,5.83972748933874,2.71529375561109,-4.28454602295862,0.191499965472489,0.191530559721372,0.100670677173655,13.5786350294796,13.5794741933694,10.9548511991896,-0.0254922344595193,0.0601425692906953,10.3708292080344,-0.0559934762118868,0.240911399252226,10.4321598655762,0.130887694750619,0.130888698405234,0.13608584534887,2.16752529081769,1.5398655640295,23493.0220247903,5.07247179217417e-36,1.08129017034527,5.43528760926907e-24,632.637,2,6,0,0,1,0,1
0.43,0.0675422609295013,-0.113420419252959,30.1063559908494,1.94818147206439,1.13133313104457,-0.827202104418487,0.846920508856381,-1.66736359628761,45.4658625514856,33.2907013778984,0.282248716317039,-0.131119162509261,30.1145735632922,7.87892395157067,-2.52006303242642,-5.35008848964649,0.214706455387537,-0.0176987432563018,0.00821757244278548,8.70612605598915,-3.3669835412828,-3.68272489335887,0.191015666097843,0.191044184949344,0.10037393731635,13.5678543682601,13.568853649199,10.9550967652237,-0.00668392268709457,0.0598718762658585,10.4121121322048,-0.0280493663640775,0.165934196274039,10.3846468710422,0.131087758411976,0.1310840528204,0.136296754388238,0.720409776550847,1.75907004260581,23539.5458061668,4.99934132162394e-36,1.08170902277123,5.48511264413463e-24,637.302,2,6,0,0,1,0,1
0.435,0.0636173914868925,-0.109249226654518,30.0990827521794,1.87427792077283,1.06624055219547,-0.754651371124749,0.835186441420943,-1.21723685238033,43.7753451445036,26.7594968569158,0.186955908761564,0.0139246343013495,30.123427784639,2.09561904753715,6.82225997431418,-3.36861661505612,0.123338517274672,0.123173860955867,0.0243450324595579,2.8502704186619,5.98707353289324,-2.15137976267578,0.190733860127442,0.190765628457225,0.100214830811721,13.5647483276286,13.5660373474516,10.9621770327325,-0.109695321205157,0.239804001184642,10.4302649366908,0.000752948111726426,0.111320987250063,10.3823183060007,0.130996609220882,0.130990877776786,0.136175165951184,1.79991112655237,1.33010892171639,23609.8850079894,4.95045769364752e-36,1.08118036108183,5.45997842725863e-24,635.056,2,6,0,0,1,0,1
0.44,0.0600196854630075,-0.105134580065923,30.0943508811664,1.80221721598447,1.00784926279849,-0.695125907453276,0.82404360625287,-0.659452368902515,41.85120523446,22.3933434344502,0.167116953491596,-0.217103668563174,30.0585712638655,1.41586622258364,-6.81011369890941,-5.92214146971382,0.107097268028588,-0.111969088497251,-0.035779617300849,2.11099213003692,-7.63415730516228,-5.26268910081131,0.190705178113543,0.190735196412977,0.100221199397166,13.567882997525,13.5689048876415,10.9670176992005,-0.0591206595301259,-0.0453149240083343,10.3244952449188,-0.0356097581084907,0.17003301906336,10.3964501162425,0.130871310094877,0.13086886993253,0.136039977124394,3.01913803808417,1.18938367188449,23654.4080930328,4.93602122452916e-36,1.08066232128048,5.42867118514087e-24,625.475,2,6,0,0,1,0,1
0.445,0.0566807545086604,-0.101067614120276,30.0925354677043,1.73178517772758,0.954347914114475,-0.650280261579229,0.815888894335351,-0.0605788896784267,40.5043881331361,20.5841225905827,-0.016253830828339,-0.195055294294981,30.0787014372889,-8.64787017950729,-4.32144770237063,-2.15878155250741,-0.0729345853369994,-0.0939876801747052,-0.0138340304153793,-7.99758991792806,-5.13733659670598,-2.09820266282898,0.190306333426029,0.190328857164821,0.100019509244167,13.5605358934816,13.561090357787,10.9588470546878,-0.192903760606389,0.10834549216946,10.4162355100515,-0.037108919133383,0.0618707478387658,10.348081494976,0.131144674855607,0.131142081911691,0.136399924306279,1.78632539522567,0.658995619603735,23683.6350335118,4.86198188989314e-36,1.08206545774237,5.50312563749212e-24,649.138,2,6,0,0,1,0,1
0.45,0.0535298441988933,-0.0970311756976804,30.0936697469549,1.66226834235779,0.903794276370989,-0.619422605690256,0.811718629665524,0.510385320040318,40.411793484801,21.2097840894589,-0.151769121255672,-0.40955828028152,30.1197652668142,-14.8604108773496,-16.0606286562037,1.22341672052484,-0.205298965454566,-0.312527104583839,0.0260955198593329,-14.2409882716593,-16.8723472858693,0.713031400484517,0.190321475896412,0.190333733457663,0.100021444326261,13.5647394115762,13.5649671468307,10.9621058873489,-0.187206751130218,-0.0893092069649375,10.4536303211785,-0.111701041145857,0.0670966002686399,10.3765440648102,0.130914004220922,0.130915764597556,0.136114464708441,2.07832652966026,4.04165784070929,23720.0295483033,4.85106927178629e-36,1.08125123838772,5.44203305381361e-24,662.021,2,6,0,0,1,0,1
0.455,0.0505040293183093,-0.093007143900275,30.0974533943345,1.59320725718124,0.854707811038796,-0.600041223530362,0.810916647029362,0.990164360609622,40.7870749011512,23.1169466888312,-0.0968658932177297,-0.202328074378541,30.1213232526639,-9.61488402421113,-2.28310629355738,0.941326831251721,-0.147369922536039,-0.109320930478266,0.0238698583293617,-9.01484280068076,-3.09402294058674,-0.0488375293579017,0.19065159835018,0.190643952722068,0.100217853882509,13.5738109120718,13.5730460069623,10.9663363592654,-0.0586117711842668,0.202615871145762,10.4090192536792,-0.163858818743139,-0.0313826258941489,10.4210830708573,0.130712850150333,0.130716797436488,0.135908269252853,3.8597457219127,1.16627278031442,23719.06866606,4.89197277816883e-36,1.08134736143543,5.39245714130227e-24,645.952,2,6,0,0,1,0,1
0.46,0.0475625805964863,-0.0889974257231631,30.1033004218006,1.52420391650868,0.806044586692226,-0.585654439221915,0.806028666812891,1.32874741111961,42.0638202411554,25.8577398674695,0.0268293999392926,-0.059036982630689,30.23374278836,-1.28920486675104,5.86715351260846,6.44544318113491,-0.0207331806571937,0.0299604430924741,0.130442366559333,-0.703550427529128,5.06112484579557,5.1166957700153,0.190815982863187,0.190808317241886,0.100323035433507,13.5761568488077,13.5759166236874,10.960122602525,0.0061421817182908,0.181664545466964,10.5796903930442,-0.132332723998713,0.0553481329309324,10.4222543143107,0.130798771464341,0.130800617933967,0.136029593041524,3.38202354368051,1.9291118429815,23676.2833412958,4.91517291833257e-36,1.08192407873827,5.41611773015062e-24,634.351,2,6,0,0,1,0,1
0.465,0.0446906191496912,-0.0850311739011669,30.1104203336703,1.45540020788766,0.757414549380402,-0.572275645279172,0.793512817732477,1.49503410290115,43.0612425757726,28.2440845120496,0.347267050353622,-0.0559588725897132,30.150446969431,17.2024928080316,4.97404252829507,-1.94639434163772,0.302576431203931,0.0290723013114538,0.0400266357606614,17.7747684533108,4.18052971056259,-3.44142844453887,0.191609452767947,0.191610851104025,0.100771953421284,13.5927551913373,13.5930430417291,10.9664511114721,0.194958101780959,0.0912164316385856,10.3525445453357,-0.0738839669235749,0.111776182742107,10.5186606352332,0.130341343559935,0.130342278224181,0.135511199343418,5.79989800278993,3.11817149787514,23609.6374663973,5.04653481625131e-36,1.08184408890647,5.29994234859667e-24,644.55,2,6,0,0,1,0,1
0.47,0.0418942810709264,-0.081158834443919,30.1179210318418,1.38762374637434,0.709093796601592,-0.555360556285901,0.768264817923131,1.47981599953117,42.9709597098356,29.5629326621767,0.185067301221122,-0.0631059061626346,30.0808333535318,5.88126092956555,3.72492763389457,-5.87060917152921,0.143173020150196,0.0180529282812844,-0.0370876783100417,6.43662148585146,2.95666281597144,-7.35042517106039,0.1913362736334,0.191375304494893,0.100635361998098,13.5785672071888,13.5808382446526,10.9490465942799,-0.128055476508515,0.0801726905284123,10.3453592497186,0.0695906946301328,0.105975239779166,10.4398783761786,0.130954917251423,0.130961990747553,0.136292483845363,2.7829849795525,1.12314167441169,23538.4616014555,5.01888346190269e-36,1.08455653844037,5.46331361573403e-24,641.679,2,6,0,0,1,0,1
0.475,0.039198674362326,-0.0774492365552454,30.124918945213,1.32229716650765,0.661861681616066,-0.531769632421133,0.727924454574558,1.29566583193396,40.8623063203191,29.239945306506,0.161634462986273,-0.367081166086422,29.964794587921,4.20751095055399,-14.3959349367598,-9.69134228583978,0.122435788623947,-0.289631929531176,-0.160124357291964,4.73928058297512,-15.1238593913343,-10.9870081177737,0.190724007733078,0.190761380821303,0.100234518218475,13.5633520252309,13.5649235345629,10.9440612210309,-0.0405729916237832,-0.164640055056781,10.2480899342861,-0.000114691719588578,0.0967483923876656,10.3758097534067,0.131214630398668,0.131218056442297,0.136478334109053,4.93819762236122,5.44070276276323,23564.2435400421,4.93021602737664e-36,1.08184959038068,5.52178029665984e-24,641.504,2,6,0,0,1,0,1
0.48,0.03664261811695,-0.0739773492350992,30.1306420133213,1.26109631467266,0.616787684844047,-0.499107625688064,0.672347187968245,0.974225419108905,36.7389226835328,27.3791794939527,0.114437426076956,-0.221157135109451,30.077867341722,1.40968733994202,-4.47917455591653,1.61816427191922,0.077794807960006,-0.147179785874352,-0.0527746715993441,1.90879496563008,-5.15152174388478,0.643938852810319,0.189723340238384,0.18974207431851,0.0996192430841495,13.5445025269999,13.5443747797152,10.9461734879101,-0.0655026516634311,0.139164286476894,10.5160995620994,-0.00645646095643527,-0.042697075890201,10.283576335678,0.131544748515255,0.131542635323532,0.136790508158567,5.02171572326696,1.452389512037,23680.6457781196,4.77011277143582e-36,1.08200057273905,5.60250994747727e-24,644.762,2,6,0,0,1,0,1
0.485,0.0342704955941451,-0.0708065296645381,30.1345132602461,1.20555834314464,0.574992079568149,-0.457532386504775,0.606347941245014,0.561222467232383,30.5071813221681,23.9014064763341,-0.148940501254687,-0.443175031919898,30.1673991858803,-13.5524037122773,-17.2440553368584,6.47804910937958,-0.183210996848832,-0.37236850225536,0.0328859256342601,-13.0948713257725,-17.8504032781035,5.9168266421472,0.190118492510727,0.190132379921176,0.0998390700353111,13.5637129591922,13.5636627334059,10.9745572968621,-0.248598009823967,-0.140837200531856,10.5115816793322,-0.026137938175806,0.0213592159957949,10.3942253019365,0.130706077506555,0.130704622194986,0.13575462088576,5.18194609757842,5.39168782511894,23789.1972047195,4.81521519922627e-36,1.07883222088788,5.37874812804107e-24,647.656,2,6,0,0,1,0,1
0.49,0.0321253613212098,-0.0679734865477955,30.1362054041562,1.15684619701519,0.537622464305217,-0.407438026441874,0.53587396493351,0.109958265319655,23.184033039199,19.2975777689956,-0.166389895550208,-0.624035385097684,30.1616902462324,-12.610639344448,-26.2005799192066,3.27415121325789,-0.198515256871417,-0.556061898549888,0.0254848420761164,-12.2032013180061,-26.7364538841401,3.16419294793823,0.190943927993156,0.190936508653242,0.100383654650703,13.5846680457361,13.5836115343063,10.981685031031,-0.0972265848209882,-0.156240540198091,10.4146942027592,-0.138138417048647,-0.0778651621064605,10.468284602339,0.130410954749267,0.130416638483182,0.135539827555801,0.615584286470922,10.1610879773969,23758.6990549323,4.93095976867175e-36,1.08076177233101,5.31397647362637e-24,647.22,2,6,0,0,1,0,1
0.495,0.0302443613511941,-0.0654815314729758,30.1356612848009,1.11519539743208,0.505507723744464,-0.350844907528314,0.468503271669885,-0.325725304211394,15.9278623424915,14.0123490543058,-0.341451543984206,-0.463373759017859,30.2229624928236,-21.1582213172908,-14.7025056722491,4.57767723411823,-0.3716959053354,-0.397892227544883,0.0873012080226422,-20.8073764097625,-15.171008943919,4.90340253832963,0.191265335433006,0.191227622577204,0.100627690660873,13.5868078999046,13.5839167041714,10.9655214997188,-0.230928034800266,0.0808384395658057,10.5087018113196,-0.139855507540527,-0.157786732794208,10.4533896402878,0.130680698926406,0.130689272720512,0.135958634731012,3.98664884943165,9.87888033161548,23655.9177394576,4.98116733137954e-36,1.08245638002935,5.39157105455223e-24,646.079,2,6,0,0,1,0,1
0.5,0.0286520058936307,-0.0632981808562924,30.1330808045406,1.08006247319973,0.479252581588824,-0.29086227883753,0.411166232199785,-0.697705689856998,10.2196812780361,8.75334082730888,-0.144934661721672,-0.459068208458539,30.2074320278917,-7.60113254152639,-13.9610572976618,0.519389253174277,-0.173586667615303,-0.395770027602247,0.0743512233510844,-7.31027026268886,-14.3722235298615,1.21709494303128,0.191747063853921,0.191705914612337,0.100887953049371,13.5924789205705,13.5909907242601,10.960559585694,0.0342858450465037,-0.0249660957749177,10.4322813546388,-0.210699837297499,-0.0873269858134826,10.4928394762814,0.130517168887726,0.130522940915307,0.135742999746147,3.95087454017215,6.96100458378571,23563.8464838132,5.06951732375614e-36,1.08214025715206,5.34731521944895e-24,629.898,2,6,0,0,1,0,1
0.505,0.027354423506978,-0.0613615667973727,30.1288779996533,1.04992538508631,0.458858130580441,-0.23182274988967,0.368847505600718,-0.969168178581466,6.85233182006686,3.94547107075888,-0.204245707447974,-0.285388852559332,30.1954614175667,-10.6669780617924,-3.6968411640568,-2.04258231503852,-0.231600130954952,-0.224027285761959,0.0665834179133032,-10.4351553119027,-4.06568866965751,-1.07341413645705,0.191777136800193,0.191742129572679,0.100871200983554,13.5876843061853,13.5865158579354,10.9525050922008,-0.137108945426813,0.108130006014067,10.4375548648879,-0.120148096253663,-0.0886429468840242,10.4660445903652,0.130746886778877,0.130755569581603,0.135999550523812,2.32780632904773,4.83147733327896,23491.9005362145,5.09252643957695e-36,1.08298181359279,5.40556122346574e-24,648.537,2,6,0,0,1,0,1
0.51,0.0263355210347581,-0.0595947247106705,30.1236156350172,1.02296074419017,0.443987248204298,-0.178367355164871,0.342676519525647,-1.11793463997259,6.02516935776032,0.00658935613101601,-0.126108968566302,-0.120282765908511,30.166738416208,-5.53934545163214,4.82857122108508,-4.48080755332697,-0.15244448960106,-0.0606880411978401,0.0431227811908165,-5.36097809646728,4.48589470155943,-3.36287291335438,0.191636589944497,0.191609798120688,0.10073869638838,13.5813116922469,13.5810072567433,10.9524105936045,-0.0371053157901925,0.131972847071832,10.414458084966,-0.143682071045277,-0.0165552775292167,10.4454556652807,0.130837678039346,0.130839360849817,0.13605096996082,2.00839149295339,2.41971119503002,23480.4353631536,5.08589036243653e-36,1.08248173702883,5.42408421562104e-24,649.272,2,6,0,0,1,0,1
0.515,0.0255577626368698,-0.0579266316598887,30.1179282707204,0.997241571261893,0.433555492899945,-0.134519255352934,0.329138357653588,-1.13771974592652,7.64539426092508,-2.67194918652873,-0.145044443805215,0.0242345058727116,30.1629615755965,-6.66842527434389,11.3461427283807,-4.45414976300586,-0.170602206442085,0.0821611375326003,0.045033304876093,-6.53390601899096,11.0170043707271,-3.31643001707934,0.191335976641849,0.191321878623162,0.100535765306664,13.5738924255216,13.574159410052,10.9550136012834,-0.100556913983093,0.147632614549329,10.4425249759518,-0.107380751145718,0.0502664152541721,10.4164039699494,0.13094231505492,0.130940490682781,0.136147163807376,0.590768941018049,2.29936200088841,23510.0982920834,5.04729382508224e-36,1.08244895657267,5.44884522284157e-24,635.964,2,6,0,0,1,0,1
0.52,0.0249635678269736,-0.0563064739088468,30.1124444564018,0.971402470712237,0.426403385376261,-0.104337040000693,0.323565869613675,-1.03719944574037,10.5346752690924,-4.05944446096502,-0.0554679813722634,-0.0630662347639447,30.1343400639783,-1.41400157524441,4.09721888029404,-5.56396009866391,-0.0804315491992369,-0.00675976085509791,0.0218956075764346,-1.30966453524372,3.77365301068036,-4.52676065292354,0.191165625400807,0.191158927837151,0.100433681976987,13.571637043094,13.5720365567411,10.9614947136145,-0.0149737388227067,-0.0090693390728942,10.4051631746165,-0.114715215062558,0.107655200430371,10.4140235791093,0.130881844841238,0.130878744433559,0.136062018427264,1.38009693125574,1.01148749472145,23557.5260837893,5.02157970405688e-36,1.08148654790862,5.432003721221e-24,639.089,2,6,0,0,1,0,1
0.525,0.0244833195585962,-0.0547133253828446,30.107717115249,0.94494365403988,0.421060127159764,-0.0886153880327906,0.318514186584284,-0.837699506938042,13.7803919601937,-3.91507219058143,-0.0951201359880909,0.00562240414360299,30.2967034500844,-4.20160698354562,6.97617235562904,3.99222331091668,-0.119603455546687,0.0603357295264476,0.188986334835429,-4.11299159551283,6.65765816904475,4.82992281785473,0.190907216019956,0.190910559173799,0.10030941764347,13.5676526283658,13.5681313047401,10.9616615586554,-0.10458629406462,0.103651324170621,10.6715708119124,-0.0745296521164074,0.0640319896711957,10.3923806899683,0.13096242063019,0.130963459546181,0.136173471283023,4.35115919865295,4.57879634693316,23594.7546026273,4.97683782320902e-36,1.08146521216423,5.45473863618861e-24,639.912,2,6,0,0,1,0,1
0.53,0.0240474786428975,-0.0531585279955226,30.1041696331735,0.918123334348697,0.416079270317602,-0.0865358568522221,0.308359219109276,-0.569262086650558,16.1710863569912,-2.28214611543216,0.00120086142625525,0.0121772241740513,30.1399149856342,1.26172210320379,6.17462318887475,-8.74581620799547,-0.0228466172166423,0.0653357521695739,0.0357453524606755,1.34825796005601,5.86626396976548,-8.17655412134492,0.191870429365141,0.191875828499377,0.100888883628274,13.5925151665497,13.5929405476221,10.9790874843732,0.00514955130693712,0.067980620830066,10.2754839379311,-0.0926655209261264,0.090599276561466,10.5350462582223,0.130167322668725,0.130169121192804,0.135265820036149,4.28142389073481,1.51915306466574,23579.707529092,5.12759941289696e-36,1.07993947893122,5.25284974567911e-24,651.595,2,6,0,0,1,0,1
0.535,0.0235968420096789,-0.0516768456440583,30.1020631700973,0.891926884513966,0.410127644306395,-0.094746170488555,0.289208503024325,-0.266188816860339,16.6478159181273,0.540147624844029,0.103019736531468,0.103946409755479,29.9706064101881,6.44204045697732,10.558494226542,-15.656719617715,0.0794228945217889,0.155623255399537,-0.131456759909169,6.53678662746587,10.2692857235177,-15.3905308008546,0.191216153654941,0.191226492087581,0.100563200159303,13.5709684608647,13.5714435531334,10.949122955956,0.0307112636055013,0.140067521530957,10.2074380962649,-0.0491635991338645,0.090668825398395,10.3896816720432,0.131177752009456,0.131180651789445,0.13654477943909,2.29800848914994,3.41690230777312,23519.0275800575,5.02556052495443e-36,1.08370923640383,5.52086123985922e-24,636.644,2,6,0,0,1,0,1
0.54,0.0230936122192219,-0.0503173504781158,30.1014860589977,0.867619186597924,0.402446895255254,-0.107948580370085,0.25916055035203,0.0372885754356496,15.3829252731001,3.98811753767167,0.298640900708679,0.134340694267079,29.9083980876354,16.6241474160807,11.0947134709571,-11.8219282475921,0.275547288489457,0.184658044745195,-0.193087971362298,16.7320959964508,10.835552920605,-11.8592168230278,0.18981042926165,0.189827240017926,0.099713334035426,13.5399670083404,13.5405489883349,10.9345952823935,0.128414009749528,0.110644822823921,10.2807065684329,-0.00334616151446479,0.128934141646357,10.2543693536491,0.131739093940535,0.131742470894248,0.137108298033846,1.05536109499535,6.79449953646647,23609.7289369719,4.80110509672067e-36,1.08343434123847,5.6624476558928e-24,639.444,2,6,0,0,1,0,1
0.545,0.0225309102317797,-0.049124921115775,30.1023636602777,0.846502861463605,0.39278005086162,-0.118946778408386,0.221802782005064,0.310744496941237,12.1543334738747,7.29507071382927,0.206926955890971,0.198650275367213,29.8918669865224,9.27168534734923,13.7582053117954,-5.39164922264125,0.184396045659191,0.247775196482988,-0.210496673755334,9.39063212575761,13.5364025297903,-5.70239371958249,0.188903690144329,0.188939373165901,0.0991549133075281,13.5300688558405,13.5315978480474,10.9515693174511,-0.0619467617022969,0.146505833945676,10.2882210088882,0.0822863801561115,0.139709880610189,10.2301987518696,0.131545269201566,0.131548495559417,0.136757995277341,1.38860985284602,7.42929219449398,23807.2582886487,4.64453183242265e-36,1.08126565582156,5.60042281159757e-24,646.99,2,6,0,0,1,0,1
0.55,0.0219370375494093,-0.0481280350418916,30.1044850814486,0.829424429502316,0.381728895967551,-0.120714614045532,0.180176766779781,0.530593219907611,7.91494531177058,9.60131168530675,-0.103810843186121,0.119201710470955,29.9508599442722,-9.68472171292533,7.93678410667031,3.70967950967762,-0.12574788073553,0.167329745512846,-0.1536251371764,-9.5640070988798,7.75660733989053,3.17908628977001,0.1885906201497,0.188622739241407,0.0989992543978329,13.5361665903654,13.5371031317316,10.9685818334209,-0.256450327833137,0.0429100278991815,10.3574700187961,0.0380768356645021,0.165343720811005,10.2414000094108,0.131297372729879,0.131298905741211,0.136434248452706,6.62300200356527,5.14063621072236,23968.1045910679,4.56607567033432e-36,1.07981294793267,5.53198473102766e-24,653.652,2,6,0,0,1,0,1
0.555,0.0213721624536971,-0.0473348829411388,30.1075410620249,0.816688010482821,0.370603475921582,-0.107388956464918,0.139474437777519,0.68140526458027,3.50159711389606,10.1149955281407,-0.183142966400635,0.0542336117039666,30.0219977413727,-12.8742246315099,3.80240048536834,9.81194325523577,-0.204515128854332,0.101568494645105,-0.0855433206521858,-12.766835675045,3.66292604759082,9.1305379906555,0.189024351643653,0.189043409425624,0.0992981583217611,13.5559164902537,13.5564902386869,10.9770263356256,-0.126995617063168,0.0406068967306153,10.3873717939256,-0.101776895400268,0.126622427319074,10.3106060889512,0.13087614253414,0.130882629282969,0.136016997398661,0.784703273445835,4.31704286100471,24019.4392405806,4.59753173794627e-36,1.08101267030092,5.4282145655822e-24,631.279,2,6,0,0,1,0,1
0.56,0.0209193549807354,-0.0467306078442122,30.1111666460296,0.808024956310682,0.36126850495996,-0.0755626285516732,0.103845211841982,0.756514792519734,-0.241312681405996,8.27110289963823,0.0292506859552538,0.14539678444112,30.0734849941751,1.0136830265676,9.26873802931484,11.9346570909822,0.00833133097451839,0.192127392285333,-0.0376816518544501,1.08924565511927,9.16489281747286,11.1781422984625,0.189802110967345,0.189811574871299,0.0997910424689891,13.5761799166606,13.5767386582213,10.9728325265899,0.09168679528102,0.155175039927042,10.3855170532839,-0.134964021422844,0.0960792301724838,10.380038341076,0.130640201423663,0.130645312072069,0.135835598108371,3.21672603099986,3.10237458400992,23951.7365474725,4.69352625209742e-36,1.08150523460296,5.37479899263395e-24,627.438,2,6,0,0,1,0,1
0.565,0.0206701958641022,-0.0462847720716389,30.1149834403051,0.80260461535603,0.3557945134696,-0.025197118004159,0.0754721224764588,0.757253599814848,-2.63987755264283,4.06154912453597,-0.101105005658221,-0.167986165667117,30.1640950897276,-6.87005959300186,-9.41832532724031,14.3733935431043,-0.121775201522323,-0.121701393595478,0.0491116494224786,-6.84486247499771,-9.49379744971677,13.6161399432894,0.190518482106082,0.190530537487468,0.100210663702561,13.5890807952226,13.5895838243127,10.9614974091978,-0.151945126961221,-0.158945976293543,10.4641408797192,-0.0407161130673759,0.134845946525507,10.4236726971295,0.13060972692302,0.130615758640737,0.135854665838789,5.87444629258834,2.46987309729814,23819.0791277755,4.80118640521264e-36,1.08226285847244,5.37138120505062e-24,650.066,2,6,0,0,1,0,1
0.57,0.0207062768814522,-0.0459601454087061,30.1186377315007,0.79942800838032,0.356055764087756,0.0396400597139642,0.0549339099731169,0.69207900898929,-3.59709192995412,-2.28238900121424,0.0481703012538384,-0.208051635475345,30.2074911390826,2.37933948003793,-10.030524219167,11.9310813882842,0.0274640243723862,-0.162091490066639,0.0888534075818813,2.33969942032397,-10.0854581291401,11.2390023792949,0.191397384267716,0.191398942428338,0.100666620741533,13.6027106489598,13.6027302545636,10.958972306607,0.0502422545030357,0.00216011943160586,10.4508715033322,-0.0995196759345707,-0.00295789451544289,10.4915133420784,0.130419531990351,0.130419050081712,0.135617278234123,1.41040770755618,2.00936622463963,23680.3915377758,4.95195309570125e-36,1.08201983493912,5.32091242254459e-24,623.993,2,6,0,0,1,0,1
0.575,0.0210820817224243,-0.0457225294077815,30.1218317321431,0.797540801927788,0.363410633399696,0.112055983282249,0.0404311417493286,0.574724085871585,-3.27600687093233,-9.87835724672192,0.060580414720486,-0.328256227467585,30.2499342236291,2.54135038286032,-15.4806156502388,9.13166845014022,0.0394983329980617,-0.282533698059804,0.128102491485971,2.42929439957807,-15.5210467919881,8.55694436426863,0.191969173191592,0.191974496220759,0.100948205816034,13.606266760969,13.6063704818443,10.9556638816687,-0.034553521902368,-0.0749788133721591,10.4882180392934,-0.0354094663644554,-0.0178730573174922,10.5127481163517,0.130502978687844,0.130504318615508,0.135698664389221,0.224562427444162,3.8886338746315,23550.1462150852,5.07133909856039e-36,1.081686355774,5.34114586234845e-24,631.585,2,6,0,0,1,0,1
0.58,0.021812846141985,-0.0455486630165028,30.1243461323957,0.796250595437287,0.378316072348295,0.183091585274882,0.0293292477590666,0.422534914619706,-2.21697573983275,-17.4577853106288,0.232938932805435,-0.306921823483709,30.3358516864539,11.9468326664032,-12.3937845507807,8.51254932295618,0.21112608666345,-0.261373160467206,0.211505554058189,11.7637410811283,-12.4231137985398,8.09001440833647,0.192368538455166,0.192370094592429,0.101132675982469,13.6062506200842,13.605905461589,10.9578814054301,0.0957110525803183,0.0136637284488464,10.5913001190741,-0.0324677454277262,-0.0671968336722226,10.5316214249912,0.130520635461756,0.130523358293035,0.135682059829071,1.54065985042451,7.69624191598274,23457.006753168,5.1697409642586e-36,1.08084062567151,5.34289567203233e-24,630.841,2,6,0,0,1,0,1
0.585,0.0228669189492885,-0.0454283297913706,30.1260529243731,0.795270752982455,0.400130756299376,0.242712897602069,0.0189715119660071,0.254422007321997,-1.08769164770414,-23.8244194537044,-0.0594307928205429,-0.156588606223139,30.351677505315,-6.28190662325313,-2.60012339665462,2.77288398972235,-0.0822977117698314,-0.111160276431769,0.225624580941903,-6.5246195208552,-2.61909490862063,2.51846198240035,0.192952383004947,0.192965872498967,0.101456377883768,13.611467278014,13.6118543029281,10.9672824246114,-0.244931811703611,0.117007407967641,10.5354913860678,0.0384886976356522,-0.0540695203856115,10.5873414997017,0.130302902533079,0.130307149090155,0.135418637823681,6.59667709927606,6.62452305459797,23378.7914836029,5.30290193009698e-36,1.08044102986128,5.28683646706357e-24,633.625,2,6,0,0,1,0,1
0.59,0.024167497597396,-0.0453625828322566,30.1269191440248,0.794689977473887,0.427195967291327,0.282706334494803,0.00742983210051196,0.0891534441725784,-0.441400125331262,-27.9401558281477,-0.0663590187459815,-0.017250475190615,30.1685665568242,-5.8660507572171,5.22897846032549,-12.07186964329,-0.0905265163433775,0.0281121076416417,0.0416474127993977,-6.1487570917119,5.22154862822498,-12.1610230874626,0.193143709340691,0.193149881555008,0.101564470510626,13.6069045227003,13.6072600113163,10.9640673949927,-0.0693171003315797,0.135203013251568,10.2840618903816,-0.0900323910363652,0.0125563134311346,10.5728956709041,0.130481993776389,0.130484895558285,0.135643732788147,5.45730655681786,2.82374196279897,23302.5800324012,5.36915917905865e-36,1.08137529611405,5.33347126807872e-24,637.543,2,6,0,0,1,0,1
0.595,0.0256042287753971,-0.0453588031602036,30.1270018488706,0.794820150816655,0.45701837377484,0.297696796755582,-0.00594698806847801,-0.0563308926670917,-0.573864406024535,-28.6392586613057,-0.19605036499102,-0.143219679363668,29.9571375608427,-12.7088121363292,-2.93632581881078,-20.8576714020662,-0.221654593766417,-0.0978608762034648,-0.169864288027819,-13.0065089330848,-2.93037883074231,-20.8013405093992,0.191854187388626,0.191856929078962,0.100811297600713,13.5703181563905,13.5706931764826,10.9430516533503,-0.170858641230251,-0.0482441486370044,10.1783832094921,-0.0915483107519389,0.0725911874025555,10.3987639086997,0.131423143454114,0.131422318373324,0.136740271716684,3.79590510444324,6.11616131488933,23320.7337531152,5.17820605393118e-36,1.08314699581918,5.5778355063291e-24,635.303,2,6,0,0,1,0,1
0.6,0.0270446483309662,-0.0454231562452895,30.1264347234157,0.796035212036898,0.486463077809341,0.284113967368184,-0.0200306452648764,-0.168584088604084,-1.47158793211548,-25.9006440685608,0.221229945334493,-0.171211586792688,30.0405086531558,12.6053466685249,-4.50442513029536,-7.75749445300705,0.194185297003527,-0.125788430547399,-0.0859260702598952,12.3212327011567,-4.48439448503048,-7.58891036440297,0.189858656017342,0.18985951703829,0.0996212814809049,13.5296167743523,13.5301055891891,10.9398089159649,0.240122551091302,0.00675165108937858,10.500269599515,-0.147891808888587,0.0159188904294156,10.2235729213469,0.132016238414771,0.13201772333527,0.137308838875398,12.7188842773078,2.47678578600792,23526.5699241192,4.8564709159788e-36,1.08183435278279,5.7268459880074e-24,654.969,2,6,0,0,1,0,1
0.605,0.0283498087511616,-0.0455535562117059,30.1254071835653,0.798525246392534,0.512503681544706,0.242938766748308,-0.0326146793559442,-0.23894154406867,-2.80442326533517,-20.2694850875975,0.274515508801699,-0.115275576993024,29.9325134960876,13.8988345245119,-1.02636193691609,-9.77927631626526,0.246165700050537,-0.0697220207813177,-0.192893687477703,13.6558957577636,-0.993747257560146,-9.54033477219659,0.189662656992756,0.189689415842916,0.0995226956830218,13.5423203337532,13.5438536067666,10.977853678011,0.0312213312876829,0.0680153128470934,10.2254030319606,0.0360596541858377,0.00475143595592847,10.3289283512332,0.130980010354106,0.130989067061738,0.136056567832791,0.812890436136503,5.68749314634517,23763.3037665494,4.79993666519561e-36,1.08035860295096,5.448770569335e-24,639.879,2,6,0,0,1,0,1
0.61,0.0293961004301734,-0.0457350805870411,30.1241378380627,0.802169593879083,0.532623956653304,0.179410302706731,-0.040708522136836,-0.264491360381777,-4.10005926089951,-12.3673924037308,0.385147056471718,-0.12637023988968,29.9950974164821,18.6781781589338,-1.86010068754312,-0.210271400822463,0.355750956041545,-0.0806351593026394,-0.129040421580583,18.498767856227,-1.81939216540628,0.0542199595593148,0.189021819838511,0.189062639644133,0.0992778748880741,13.5375783805296,13.5394973044644,10.9728175321576,0.0860865812263659,0.0253588073544057,10.4147786773437,0.057199961660446,0.0297048264542523,10.2487407421998,0.13139260299848,0.131399708587336,0.136643687049453,1.52397984991441,6.05131430245839,23881.4131219772,4.66688171839779e-36,1.08195360323461,5.56548516812909e-24,629.467,2,6,0,0,1,0,1
0.615,0.030089756277292,-0.0459396207039804,30.1228445102757,0.806480949481904,0.544907218851645,0.100359042388695,-0.0419564145281416,-0.248457271405878,-4.81115884305366,-3.18711172396558,0.16584705362375,-0.063030386435411,30.0587639904721,4.02489867580487,1.76572047778249,5.70641048066076,0.135757297346458,-0.0170907657314306,-0.0640805198035485,3.92453963341617,1.80767689231064,5.95486775206664,0.189316135230342,0.189372413576442,0.0995275584259009,13.5541991436083,13.5567264006585,10.9768385140534,-0.15803304691494,0.0846993144060335,10.411141468613,0.100768339362674,0.0248535091232427,10.326756494898,0.130866615583764,0.130868378003643,0.136074130900645,4.50972254046962,2.24103458264822,23933.5681213293,4.6766692650623e-36,1.08132225782938,5.43095310813088e-24,619.568,2,6,0,0,1,0,1
0.62,0.0303714403321675,-0.0461297986612747,30.1217148165528,0.810679922165886,0.548261381124269,0.0128927284904288,-0.0349466141486872,-0.199594656793699,-4.54569282724058,6.14314206746267,0.0686225146344507,-0.00321318358116156,30.2543348390819,-1.54415406068721,4.77875327039588,15.6518410559837,0.0382510743022832,0.0429166150801131,0.132620022529097,-1.55704678917763,4.81369988454457,15.8514357127774,0.189987874802793,0.190032839037659,0.0999487130483912,13.5737523706276,13.5751833127894,10.9706647491624,-0.0993240313936894,0.0942826823667001,10.630192985606,-0.000219367993161347,0.0525581796428942,10.3864765290499,0.130642758409674,0.130644262686018,0.135862898307729,3.88417322145211,3.03382257722465,23879.0289335066,4.75384896371107e-36,1.08190539607828,5.3770843820337e-24,652.456,2,6,0,0,1,0,1
0.625,0.0302155067818371,-0.0462642951778956,30.1208821205002,0.813833676492891,0.542440601637696,-0.076449852725089,-0.0194843579184918,-0.130668264397735,-3.17021096403115,14.6137603284263,0.0162590150997957,-0.122465454530525,30.2314488661957,-3.89000451708172,-2.81779503135761,7.60636501653766,-0.0139564916820414,-0.0762011593526294,0.110566745695557,-3.81355466435663,-2.79831067343911,7.73703328093539,0.191599010204589,0.191630741693028,0.100865459543823,13.60851782148,13.6092157440884,10.9749197072712,-0.0796702356886063,-0.0390521424205656,10.4007997453234,-0.0444159190166769,0.077513226725316,10.5509188306685,0.129954687545839,0.129956783906927,0.13510288861201,2.11201744970229,1.59200260300854,23729.1093477934,5.00053535415598e-36,1.08119520168813,5.20601006948477e-24,641.258,2,6,0,0,1,0,1
0.63,0.029626065549162,-0.0463049509989614,30.1204100085889,0.815065102954788,0.527924108021635,-0.162173475753776,0.00296443413680534,-0.0565855818618724,-0.800868840027092,21.6556487165736,0.146632780882203,-0.121318566909361,30.1640342776829,4.43938642961742,-2.47916049516373,-0.126102898449626,0.117006715333041,-0.0750136159104,0.0436242690940031,4.60155990537119,-2.48212492930054,-0.0695173165877534,0.192079203147668,0.19209862794483,0.10111437008875,13.606109776982,13.6063624812329,10.9500733781187,0.0579074767208543,0.0358653749071809,10.3575096878535,-0.0646706063663658,0.0245398706127664,10.5093600802652,0.130550133766803,0.130552406051166,0.135855702734165,2.13409079903547,0.903048953195753,23529.0873932373,5.09809468834137e-36,1.08307218097613,5.36139487325706e-24,647.943,2,6,0,0,1,0,1
0.635,0.0286299453168196,-0.0462240245092336,30.1202880515461,0.81371101709549,0.505698828882365,-0.240595740695011,0.0296556481383486,0.00820756212999135,2.21036776116712,26.9344407027784,0.076918133110317,-0.362573800654818,30.1584129921469,0.215018471372271,-16.1727251948848,-1.38666203070865,0.0482881877934974,-0.316349776145585,0.0381249406008512,0.455614212067282,-16.2023808430231,-1.39486959283864,0.191716313254583,0.191736932191402,0.100813932492335,13.5871246716777,13.5876748632107,10.9361777532584,-0.0787110577726702,-0.160046600142796,10.4324943010485,-0.00464773681161357,0.0247670093061664,10.4403181775908,0.131012157860255,0.131013857373477,0.136311649710725,2.31274572692749,3.2026568471323,23447.2374569555,5.06972070765001e-36,1.0826229783357,5.47421973299184e-24,656.274,2,6,0,0,1,0,1
0.64,0.0272692061306502,-0.0460081809377898,30.1204397297652,0.809426836345185,0.476913837527246,-0.309254878791331,0.0575021746751916,0.0519425131401787,5.37265450869234,30.4495172069703,0.144635448458244,-0.137607595856756,30.154565266605,4.42649523812168,-1.56105518203522,-2.03226126722238,0.117366242327594,-0.0915994149189663,0.0341255368398186,4.73575011691301,-1.61855735671041,-2.08420378036256,0.191443431854263,0.191448618636276,0.100565166772317,13.5782347280962,13.5776456517566,10.9486071891025,0.0208523873903112,0.167358812440003,10.4341681109268,-0.0330443101331451,-0.0801333357997677,10.433980890611,0.13094558986627,0.130946386871774,0.136111589298359,3.74168427729112,1.15625617516484,23484.6387095585,5.04721551798709e-36,1.08072096969507,5.44696668697197e-24,638.99,2,6,0,0,1,0,1
0.645,0.025595483465352,-0.0456584970454643,30.1207408459573,0.802268313651237,0.442810724122657,-0.36677314977771,0.0837523060687875,0.0674782912200702,8.20889627122569,32.597849911961,-0.144492781351227,-0.182793872756048,30.1408910219885,-12.3903250642357,-4.42103547644077,-3.03798284888149,-0.170088264816579,-0.137135375710584,0.0201501760312278,-12.023551914458,-4.50478778250956,-3.10546114010156,0.19124941002671,0.191259471181289,0.100440655317726,13.5743554016175,13.5745000251319,10.9617529614127,-0.252288523625087,-0.010390424505747,10.4171200910084,-0.00022094108927222,0.0199073879815047,10.4284430630671,0.130900368213075,0.130899193224006,0.136018354693322,3.76809144192161,1.78266330794464,23541.9313840586,5.02760767550136e-36,1.08007633502924,5.43182602425079e-24,649.561,2,6,0,0,1,0,1
0.65,0.0236643403719661,-0.0451875936255685,30.1210450511366,0.792550921072676,0.404556181562958,-0.412969512485606,0.106478823019379,0.0531712383180714,10.3134370961867,33.4814134291778,-0.153460140277202,-0.287635189778347,30.0810578615457,-11.1492880827374,-10.3603480652047,-5.8765191265139,-0.177124480649168,-0.242447596152779,-0.0399871895909003,-10.7363185702518,-10.4668268882241,-5.92969036483198,0.1910584560414,0.191062015058222,0.10035826346181,13.5711775815602,13.5714143048404,10.9665634083174,-0.0799064416455418,-0.0681907586652863,10.3495198121566,-0.122811318622332,-0.00074845459645936,10.413819160215,0.130921815465273,0.130924885796351,0.136072918455413,0.59427229724934,2.97291900037247,23589.4852364795,4.99793247979752e-36,1.08059893840953,5.4400900896873e-24,630.364,2,6,0,0,1,0,1
0.655,0.0215342367989192,-0.0446145905566191,30.121211534157,0.780818516155753,0.36336112747242,-0.446873943047909,0.124968951201294,0.0128598619826391,11.4703701746794,33.3806741512291,-0.214444013262435,-0.247346712544359,30.0008181396251,-13.3355538798479,-7.3205413994141,-7.84122695570414,-0.235978250061354,-0.20273212198774,-0.120393394531876,-12.8886799368,-7.4455103506154,-7.85408681768678,0.190587156174462,0.19058319756094,0.100126385721279,13.5621130376074,13.5619636142635,10.9617317523535,-0.123952639033087,0.0263759576860929,10.2880292201368,-0.119901101340103,-0.047383037745471,10.3643015929897,0.131137341800485,0.131141035315634,0.136363091169137,0.630062659083712,4.41485556750654,23634.8198814338,4.91745323836564e-36,1.08129363385246,5.4995041159625e-24,641.467,2,6,0,0,1,0,1
0.66,0.0192684007228152,-0.0439595223096273,30.1211296556789,0.767681217432437,0.320465677070536,-0.467555033127194,0.139560594277282,-0.0453290355640133,11.7385022867364,32.4894912092729,-0.349628246844502,-0.361369672282995,30.0554615902126,-19.7511009635516,-13.6739030797441,-0.754083827310005,-0.368896647567317,-0.317410149973368,-0.0656680654662553,-19.2835459304244,-13.8134636740214,-0.708754791745992,0.189893838025242,0.189887149181873,0.0997445366481644,13.5503536744802,13.5503326984462,10.9565954810408,-0.196203645705244,-0.0917179290877107,10.4414716617316,-0.140362771763201,-0.0299788610614671,10.3021143883943,0.131348444790497,0.131351548359921,0.136602427703173,1.44424610407373,7.47424834941175,23711.8454782106,4.79690097090086e-36,1.0816360269938,5.5543862676703e-24,644.238,2,6,0,0,1,0,1
0.665,0.0169342592780596,-0.0432387720684282,30.120736885683,0.753603186467346,0.276977514584703,-0.474275662186252,0.151402267023504,-0.110441677016871,11.4838857803429,31.1133948679701,-0.192122315413249,-0.270925713595835,29.9946039953564,-8.74875333452072,-7.54373335880869,-2.42425829011468,-0.209056574691309,-0.227686941527407,-0.126132890326647,-8.27447767233447,-7.69513562583219,-2.31381661309781,0.190038263549909,0.190026601760756,0.0998370809516776,13.5605801856577,13.560525065779,10.9699961980877,0.0154026588977462,0.0481758080366853,10.2747201958464,-0.193235280521897,-0.0800414075725495,10.3643059048218,0.130863986854269,0.130867256039805,0.13601886532275,3.93589786393676,5.13884110103599,23785.986559574,4.8011116649139e-36,1.08035236082048,5.42625951974883e-24,625.74,2,6,0,0,1,0,1
0.67,0.0145982942546532,-0.042460003938615,30.1200278934793,0.73888372377077,0.234206530350707,-0.468142646068732,0.162875817393532,-0.17074587871014,10.9116162190253,28.7520367301043,-0.097280116324509,-0.266938574211921,29.9758280107841,-2.89425581170806,-7.28633284570292,-0.254987829626582,-0.111878410579162,-0.224478570273306,-0.144199882695147,-2.42611316563932,-7.44920866309645,-0.0842419509164415,0.189773050257604,0.189765815765815,0.0997223756784186,13.5578874133123,13.557842983434,10.9610646154324,-0.00436277378511789,-0.00690608169714934,10.3047073641147,-0.117328008852553,-0.0407985204672842,10.3154501619213,0.131159054604235,0.131164209226739,0.136415625920193,0.81552486757374,5.17546927377957,23801.7304290507,4.74518879695941e-36,1.08249580432968,5.50736009767244e-24,644.882,2,6,0,0,1,0,1
0.675,0.0123262863377727,-0.0416216598468816,30.1190536092256,0.723473954639694,0.193184360419463,-0.448338386660537,0.1753442847884,-0.215659885673525,10.6390005371148,25.9838025160724,-0.0528169575763616,0.070055281141083,30.1343367556069,-0.641655771341593,12.2615574623697,10.9925399689642,-0.0651432439141343,0.111676940987965,0.0152831463813147,-0.193317384681056,12.0862131775813,11.2081998546377,0.189615761196788,0.189613422836209,0.0996303238503447,13.5586373569387,13.5585266852374,10.9581512467471,-0.0264096165714575,0.265524916398565,10.5398117729627,-0.0713543531421593,-0.0407667782107381,10.3097952252939,0.131127659146349,0.131135156374718,0.136372500778447,8.3940538920807,2.37223644396254,23828.1176086172,4.7070806055347e-36,1.08241807720033,5.49879230430227e-24,654.077,2,6,0,0,1,0,1
0.68,0.0101771951856582,-0.0407137997510834,30.1179118247272,0.707130269742246,0.15498724298492,-0.418432946879138,0.190848244492957,-0.237179583638398,10.8450919564983,22.5014508393709,-0.192547037489488,0.197107128334005,30.1287615994912,-9.19757578395066,17.3958119651968,7.43949012297373,-0.202724232675147,0.237820928085088,0.0108497747640067,-8.77914283707152,17.2049637207038,7.67666970661213,0.190657558692263,0.190654692706013,0.100217001913564,13.5867630934584,13.5865930997054,10.9745829157978,-0.160763528302714,0.160054321582851,10.3635544851811,-0.0503630529289952,0.105064512141245,10.4542873806978,0.130343011243681,0.130341368873211,0.135460726779784,1.34350006763061,3.58499974372422,23802.5448634164,4.8570933773748e-36,1.08166065699693,5.29594109116472e-24,633.146,2,6,0,0,1,0,1
0.685,0.0081961725481392,-0.039720971729351,30.1167318423135,0.689435516522155,0.120415188530515,-0.380413616754334,0.209580892175631,-0.230811389786503,11.7306931027273,18.5938507515522,0.0028818858422675,-0.159244240906429,30.1357061660137,2.70291078691178,-5.62789769459068,5.84074225228924,-0.00531428670587169,-0.119523269177078,0.0189743237001237,3.08332440366611,-5.83747858676631,6.07155364207575,0.191078994157757,0.191070271031601,0.100479400479663,13.5904932430415,13.5901746590995,10.9622647333823,0.0875415182862144,-0.20517258969183,10.3902970379217,-0.108838996443526,0.154550024553911,10.4383640033434,0.130684392860984,0.130680838721446,0.135923484239812,9.95273071963486,0.903533546655248,23695.3839933897,4.92656456429037e-36,1.0822956214556,5.38831792795582e-24,655.155,2,6,0,0,1,0,1
0.69,0.00641598906258676,-0.0386285613285773,30.1156558168985,0.669998765197367,0.0901310538620121,-0.337292969865591,0.23101445013717,-0.195951403442625,13.1638861331769,14.4653560690443,0.0570947504110639,-0.0732334567962818,30.2026323355176,5.01039195267454,-0.094204239058337,7.41899649505933,0.0506787613484771,-0.0346048954677046,0.0869765186191432,5.34768492254013,-0.325218689195507,7.61494789850195,0.191257467208896,0.191255255632419,0.100555683242831,13.589031908587,13.5888199373948,10.9535657185046,0.0117608968456367,0.0869101585823837,10.4934564917014,-0.0203521364394289,-0.00644070699456785,10.438106263072,0.130776485633588,0.130773546380822,0.136023851117758,0.73738441390733,1.0946658919383,23609.3649558965,4.96876837450665e-36,1.08288077985682,5.41145607855399e-24,643.487,2,6,0,0,1,0,1
0.695,0.00485647928663354,-0.0374285218440494,30.1148190412552,0.648511576083212,0.0642868624165644,-0.291295288078686,0.253026877773405,-0.135924904400644,15.087664951635,10.6232017398018,0.0119889976987344,-0.231565269607191,30.1614450769696,1.50767277688629,-9.38872242795462,1.62628679793103,0.00713251841210085,-0.194136747763142,0.0466260357144081,1.79896806496498,-9.64174930572802,1.76221170233167,0.191710858212346,0.191718228332943,0.100774996651712,13.5953982916583,13.5956651604043,10.9600067213343,-0.0513777355108115,-0.0988175915569825,10.3729704877786,0.00351977300538607,0.0297687187117355,10.4886696776498,0.13054671202497,0.130546180127062,0.135703599699668,1.87376841853109,1.3140939137033,23555.1197956884,5.05912886495247e-36,1.08084854805893,5.34858624772001e-24,633.776,2,6,0,0,1,0,1
0.7,0.00352534062775733,-0.0361229580600305,30.1143321543179,0.624862186642994,0.0427642392424856,-0.245105264949519,0.273642242035351,-0.0571843055085936,17.2402842534231,7.19161246271003,0.0172102226678967,-0.211218262185734,30.213599147062,1.46722473228028,-7.32557961691278,2.99234251093442,0.0136848820401393,-0.175095304125704,0.0992669927440265,1.7123299972298,-7.59922185894813,3.04952681644302,0.191559973054937,0.191564143638202,0.100670821313374,13.5861927586693,13.5860960221367,10.9552012870803,-0.0177423014868908,0.0138100538183117,10.505841612546,-0.01507205031607,-0.0414873031097381,10.44209691099,0.130896489393342,0.130895602334194,0.136104894652416,0.399214670059453,1.97522993729651,23518.6073576957,5.05309439107485e-36,1.08136368894189,5.43814553554913e-24,649.538,2,6,0,0,1,0,1
0.705,0.00242021142792342,-0.0347248223101226,30.114267573152,0.599272681683416,0.0255032797052011,-0.200085810517544,0.290434149406392,0.0315639546053147,18.9541360642802,4.11176866850076,-0.017672085540273,-0.139162318219311,30.152730357393,-0.798871441625375,-2.71704739379656,-2.88163682712123,-0.0200922969681964,-0.104437495909188,0.0384627842409842,-0.598785631107831,-3.00748154320295,-2.91320078172654,0.191767178783607,0.191771013543933,0.100772522973227,13.5889526642949,13.5888827018946,10.9643299306368,-0.0451376059379737,0.054231375414636,10.3687360859221,-0.0123110427416348,-0.0328727010510724,10.4820057149803,0.130641093788451,0.130641343551745,0.135772542378143,1.20363073325923,0.854906618965217,23513.6254239815,5.10112655286021e-36,1.08010893284087,5.36963381869827e-24,623.339,2,6,0,0,1,0,1
0.71,0.00153741922571167,-0.0332621367279415,30.1146501139783,0.572348889364903,0.0123226181144824,-0.155406772600233,0.299725091030533,0.120148088929198,19.9001703440005,1.54028384629812,-0.227072468655813,-0.0116496857896086,30.198554895872,-12.7848324818389,4.47221736736232,-0.528049685347844,-0.228609887881525,0.0216124509383329,0.0839047818937885,-12.6294257092387,4.17249227633179,-0.648197774277042,0.191389960171152,0.191393575286249,0.10056745223842,13.5772074092544,13.5773061071031,10.9583123551109,-0.1931141598155,0.11106960129649,10.5052281391241,-0.0261020607201567,-0.00329035674226759,10.4210016447185,0.131006777078035,0.131007173626893,0.136217292685476,2.7672516634086,2.51822413612102,23515.0820063655,5.05081265009219e-36,1.08124873520067,5.46562945053649e-24,632.2,2,6,0,0,1,0,1
0.715,0.000876616877871547,-0.0317794269071397,30.1154525588215,0.545051103942997,0.00306477676999686,-0.11056160342376,0.298525580841793,0.198103265764132,19.7759571279583,-0.63837362840419,-0.204566536051841,-0.0414397442395337,30.2015833164239,-10.0846100203945,1.81135259148832,-1.88638474336827,-0.205443152929713,-0.00966031733239402,0.0861307576023804,-9.97404841697072,1.51282701064653,-2.08448800913241,0.191488526821843,0.191489234759475,0.100621078456392,13.5798897941819,13.5803577915071,10.9665257871015,-0.0462069942505254,0.00758576161728639,10.4678627987169,-0.116336571174131,0.0499309288246992,10.4591489012386,0.130705835391555,0.13070632557049,0.135857943105087,0.397263543633403,2.44531876908865,23541.1089228261,5.07062179369437e-36,1.0808664292133,5.38698882770261e-24,646.673,2,6,0,0,1,0,1
0.72,0.000438651872753078,-0.0303335523707338,30.1165977716411,0.518492502673943,-0.00239685583637206,-0.0655654931601247,0.284850695248268,0.256091950281795,18.5770307344824,-2.67333060374546,-0.251164058297461,0.162023685259123,30.1432554602219,-11.9205199218044,13.0106927268199,-6.18472968668807,-0.251602710170214,0.192357237629857,0.0266576885807578,-11.8549544286443,12.7258420315717,-6.44082163696987,0.191517784097165,0.191519454835081,0.100665003184112,13.5797335990885,13.5803062149667,10.9659254328481,-0.10075300455056,0.191232865100814,10.3847551793189,-0.104039843660527,0.0336270452365219,10.4570072047537,0.130742130127081,0.130743180117995,0.135934901938819,1.73756932379324,3.58471168366746,23538.2102421872,5.07769837738505e-36,1.08104207904322,5.39921347399002e-24,622.307,2,6,0,0,1,0,1
0.725,0.000223070527000367,-0.0289856227053629,30.1179668243328,0.493917519634543,-0.00405722346800402,-0.0209040226325792,0.258963448864281,0.286882867069836,16.0275502294052,-4.78494349710348,-0.302023173088492,0.0587627423719188,30.0564476657439,-13.9664828691429,5.40558704584315,-9.64585273540728,-0.302246243615493,0.0877483650772818,-0.0615191585889192,-13.9455788465103,5.14662359697887,-9.93273560247712,0.191115946342318,0.191114493136949,0.100451574696981,13.5692081787626,13.5695340326413,10.9572404084584,-0.115881898246418,-0.0155254655288311,10.3206115669704,-0.123084507201458,0.119781585091928,10.4039030673976,0.13102917841021,0.131028988646516,0.136293684238832,1.43922968564671,3.72818350812347,23548.2822301744,5.0133781216458e-36,1.08226882486454,5.4754226749508e-24,651.813,2,6,0,0,1,0,1
0.73,0.000225794854652244,-0.0277947273616086,30.1194124428912,0.472552927935634,-0.00195941706449014,0.0224584819321337,0.221413583351194,0.286462734200887,12.3941635322929,-7.02144084715819,-0.359139657770006,0.0777667218168037,29.9885704230641,-16.3328067473544,5.96199549665927,-9.50720086345597,-0.359365452624658,0.105561449178412,-0.130842019827177,-16.3552652292865,5.74058191330808,-9.79366359765686,0.190370977616175,0.190371834331583,0.100016648711629,13.5539907126961,13.5546322946449,10.9515039259642,-0.134192074789627,0.0644205219426458,10.3038492703541,-0.144492844853186,0.0708797877020354,10.3328225649586,0.131302807161535,0.131303132236888,0.136574048018938,0.0536609952094573,5.94718328910459,23613.988480445,4.88988098005976e-36,1.08201392979783,5.54412087905885e-24,651.538,2,6,0,0,1,0,1
0.735,0.000435504638707618,-0.0268120043247424,30.1207758193534,0.455512459245207,0.00378625685897229,0.0625698535853865,0.174865898129735,0.254269235018753,7.82168046079089,-9.25472758306704,-0.322618749408856,0.132513485317334,30.0059566750501,-13.2007933310517,8.61142088533478,-3.57156428487587,-0.323054254047564,0.159325489642077,-0.114819144303335,-13.2633631846371,8.43655498720504,-3.82583351989463,0.189664994967472,0.189668601748361,0.0996015276561874,13.5440542023315,13.5450102985596,10.9551888550953,-0.0726552769197253,0.0974631632587305,10.381865294333,-0.168993471079693,0.0774222889298599,10.2869720362769,0.131365759874759,0.131366249286492,0.136595422395034,1.04194367128824,5.44886672937987,23731.0143400899,4.76534618968718e-36,1.08132892769953,5.55651050378862e-24,626.437,2,6,0,0,1,0,1
0.74,0.000830167052640298,-0.0260744648855555,30.1219051720307,0.443412368462933,0.0128257656820066,0.0970602685730882,0.122370920518094,0.193649676753954,2.861775510627,-11.3614804179868,-0.472280457619312,0.101528406471142,30.0196032316342,-21.391906190776,6.08117224910418,0.194514509056759,-0.473110624671953,0.127602871356697,-0.102301940396538,-21.488966459349,5.95880132858608,0.000864832302804934,0.189585744516898,0.189591344798672,0.0995703613506234,13.5512402276893,13.5520515472847,10.9672843149443,-0.220368350750308,0.0389458054353348,10.3654203309267,-0.152003061622365,0.0996592656645978,10.3187789833575,0.131036480544189,0.131038709751456,0.136200093398418,0.605304567774494,8.64129643838059,23829.8337736603,4.73111918758144e-36,1.08070940295603,5.46931683284676e-24,645.304,2,6,0,0,1,0,1
0.745,0.00137772873627266,-0.0255983699815434,30.1226737102966,0.436737920855295,0.0246080410750434,0.124241174459746,0.0692579782802541,0.111167532322307,-2.15810536725637,-12.7822571769175,-0.220383191396527,0.173681125495001,30.0424817262608,-5.46454724297285,9.94010364406134,3.39692989549504,-0.2217609201328,0.199279495476545,-0.080191984035808,-5.58878841743259,9.87084566578109,3.28576236317273,0.189748499534799,0.189757563194584,0.0997098027995082,13.559622994784,13.5611375054625,10.9697345419333,0.0755729685283888,0.118193280378741,10.3683371932397,-0.217717927846872,0.0841902647643674,10.3409697527742,0.130920257101458,0.130920235715265,0.136109971631124,5.12530922448101,4.63372457693692,23859.1190466659,4.73524804376344e-36,1.08093708587818,5.44258778478335e-24,646.182,2,6,0,0,1,0,1
0.75,0.00203759700302224,-0.025377503411027,30.122993667854,0.435221818218017,0.0382984723151054,0.14233703233297,0.0192925967637698,0.015740450165911,-6.46916983236017,-13.4178252855977,-0.0787501932072129,0.160256928790009,30.1557490803566,2.03788158469301,8.43939617656481,9.96790776198195,-0.0807877902102351,0.185634432201036,0.0327554125025345,1.89554455236004,8.42010357980104,9.95216731181604,0.190046239394044,0.190059655191804,0.0999106497480816,13.5694855376677,13.5702388270499,10.9645136007479,0.0303732515865865,0.0621136785063762,10.5071503331752,-0.106013781857408,0.114723275246111,10.3662911802042,0.130827649469176,0.130835629409691,0.136064556554443,2.30596631709081,2.78975650757323,23826.0070409361,4.76748059134369e-36,1.08283623150587,5.42403534261109e-24,648.357,2,6,0,0,1,0,1
0.755,0.00276593282817285,-0.0253840078077483,30.1228255972464,0.438142619044739,0.0530240365996009,0.151811400190177,-0.0225413718853445,-0.0823876208230597,-9.74986535401526,-13.186280689956,-0.0426623889561911,0.0111590832282479,30.1482840350319,2.70188605234342,-0.615178029514394,6.22329538776847,-0.0454283217843639,0.0365430910359962,0.0254584377855881,2.55007465215324,-0.592636657629049,6.30568300859153,0.190956633311503,0.190973144973764,0.10043222111675,13.5905551102416,13.5909101271937,10.9677657086798,-0.0243937353072766,-0.0487443794081018,10.3782796811126,-0.046995395538272,0.106855843746058,10.4647997197169,0.130387441345694,0.130399008802442,0.135576605982044,1.86426722842008,0.97842050376951,23743.46554025,4.90577647896681e-36,1.082306826056,5.31339077460158e-24,633.267,2,6,0,0,1,0,1
0.76,0.00352517917515626,-0.0255695626006868,30.1221822790914,0.444444014783037,0.0679569926526243,0.154724245892313,-0.0529665062454223,-0.172747798736496,-11.6134413117896,-12.0621166968272,-0.0179154290584371,-0.229375718490252,30.2310391689813,2.85328960452535,-13.8192881578324,8.30079423469764,-0.0214406082335933,-0.203806155889566,0.108856889889913,2.69856535863304,-13.766321651587,8.47354203343414,0.191279173678559,0.191293195723656,0.100604081351055,13.5914019435001,13.5916455957021,10.9546005610623,-0.0266462055919847,-0.150898902979161,10.5214097486637,-0.0346480783442756,0.0415758805480928,10.4463789198743,0.130701295073019,0.130708192780316,0.13596588398199,2.47100571338553,2.70776615015922,23629.0422169924,4.96701166788791e-36,1.08288137200778,5.39527926800449e-24,651.448,2,6,0,0,1,0,1
0.765,0.00428937349214695,-0.025873296141736,30.1211271688256,0.452737865578177,0.0824547124642181,0.153694210123587,-0.0701854561617329,-0.245710689380038,-11.8641352372051,-10.4065352431414,-0.0999223345172497,0.0454030459111469,30.1686665281471,-2.92266051721828,4.02490487128393,0.695848332665015,-0.104211708009397,0.0712763420528828,0.0475393593214364,-3.07635472734187,4.09509032744567,0.941559022045053,0.191902349362247,0.191906250435479,0.100911509868052,13.6001763490955,13.5998059680376,10.9587522496821,-0.103924054011527,0.215551323194205,10.3527120555716,-0.0278894818050294,-0.0608510804279861,10.5095711913183,0.130439405873456,0.130439238791903,0.135622325467472,6.14100471874712,0.812355126497614,23544.5738302208,5.08484981607402e-36,1.08187259731877,5.32456375251031e-24,624.009,2,6,0,0,1,0,1
0.77,0.0050469134667869,-0.0262289713316664,30.1197683413728,0.461582389710129,0.0962753906606039,0.151914169925488,-0.0738310461036982,-0.293208201010499,-10.5726562446693,-8.68369682666947,0.0624044824054639,-0.0478149929209555,30.2131791998418,6.16474848242224,-1.6464942802042,1.8229096408548,0.057357568938677,-0.0215860215892891,0.0934108584689786,6.01283431249675,-1.5726632341005,2.1161178418653,0.191668252627185,0.191669455879193,0.100741899827165,13.5870187589831,13.5868810109513,10.9491763850724,0.0766305875232108,-0.030599674510551,10.501912357558,-0.0659927681958514,0.061378117997465,10.4403519352339,0.130936906073994,0.130935518640227,0.136172690606976,1.88600703863667,1.16224536063362,23487.7207763946,5.0694310225503e-36,1.08178043292318,5.45024814749788e-24,654.07,2,6,0,0,1,0,1
0.775,0.00580197690068571,-0.0265730176396501,30.1182481459462,0.469621520600752,0.109551824515968,0.15258214587576,-0.0653591951213172,-0.309713313246896,-8.07680794361368,-7.45582285991989,0.0388640041111439,-0.0316122694025158,30.1384572387219,3.57112887776102,-0.333492052273525,-4.42723916667481,0.0330620272104581,-0.00503925176286566,0.0202090927757075,3.41854673188526,-0.268132857152208,-4.11752585342792,0.191778564789747,0.191788366213205,0.100770235936218,13.5873404083536,13.5877042430654,10.9596252748758,-0.0398666403593161,0.0404283838687977,10.3512825772456,0.00195712278923959,0.0208602199849687,10.4752513924286,0.130684112551131,0.130684476946354,0.135826680572644,0.956298170557633,0.39432515452845,23490.2892207601,5.10579476275007e-36,1.0804640361022,5.38096854405871e-24,639.971,2,6,0,0,1,0,1
0.78,0.00657273060195931,-0.0268525701408961,30.1167292885169,0.475740883041015,0.122726169795556,0.158162782084071,-0.047648664296456,-0.292679373774697,-4.73228612337571,-7.0167743617104,-0.0520914646394392,0.038279729189889,30.1289314967177,-2.40962135888358,3.85698831313663,-4.19484919212288,-0.0586641952413985,0.0651322993307852,0.0122022082007928,-2.56778414096765,3.90463697743308,-3.90216981834818,0.191272349710423,0.191284652985618,0.100484590205702,13.5733710126302,13.5738332335749,10.956010556404,-0.099410892544595,0.0866758034367251,10.4202032744915,-0.0111665599328185,0.0287960815423631,10.4035940617387,0.131083687079861,0.131084250666335,0.136292057941647,0.663138219569969,0.454257271463466,23512.9315840203,5.03547361559812e-36,1.08108417049006,5.48452229349412e-24,649.277,2,6,0,0,1,0,1
0.785,0.00738498649938181,-0.0270294786515439,30.115378953708,0.479219340269967,0.136455316935366,0.16928882409828,-0.023778843079304,-0.242877044488663,-1.10606368591616,-7.58949507468979,0.133474070414459,0.0359851088262878,30.1754616904184,8.31367115671638,3.39525206044339,-0.873916015253183,0.126089083915078,0.0630145874778317,0.0600827367103936,8.1443823326181,3.4190309035227,-0.63103897076452,0.190970443123832,0.190979506895709,0.100311397775678,13.5686693881986,13.5690233948976,10.9618910818565,0.105666983527602,0.0420284361386992,10.4989517005254,-0.0537895913405545,0.0598912499499848,10.3974082957957,0.130987673902582,0.13098841076633,0.136156264969339,2.05800054947736,1.07372862512362,23574.3801086844,4.98787738509247e-36,1.08051716194348,5.45759291077461e-24,663.089,2,6,0,0,1,0,1
0.79,0.0082648863239528,-0.0270815786331705,30.1143514785373,0.47971026433647,0.15144718265371,0.185464367800446,0.00285635560450851,-0.164632216782353,2.33109738587851,-9.04934035788948,0.0768883263056957,-0.0925688143664683,30.1168847964126,3.85830537185948,-4.21574932142373,-4.8510000913554,0.0686234399817429,-0.0654872357332978,0.00253331787522862,3.67284100405903,-4.21860567702824,-4.68636787457305,0.191149090146582,0.191167703642088,0.10044903523852,13.575833714531,13.5766341257102,10.9710457006423,-0.0534658894468828,-0.0595426407687315,10.3601946712087,0.0245948200093224,0.0585412678413991,10.4422854960368,0.130688425048636,0.130690106210205,0.135839565541096,1.53612930752289,0.501846819933616,23607.7270169355,5.01242080808717e-36,1.08061210659746,5.38280555547082e-24,642.31,2,6,0,0,1,0,1
0.795,0.00923304158083852,-0.0270020146033989,30.1137704327172,0.477296159814732,0.16828776319853,0.204947503681276,0.0294555041614959,-0.0658218656904593,5.21395954204798,-11.2050050348152,-0.0132041975120513,-0.135632096845888,30.0726516004442,-1.8339562479133,-6.0203677368931,-5.8819195222283,-0.0224372390928898,-0.108630082242489,-0.0411188322730731,-2.03890375159457,-6.0498232410546,-5.81609765653784,0.190845064334211,0.19086240627691,0.100316463243446,13.5687668193297,13.5693663535195,10.9607206086525,-0.09138087248932,-0.0156766773947245,10.3579170120515,-0.00311983644297645,0.00236362786500094,10.389193199856,0.131019080688589,0.131019657183045,0.136273766989422,0.525405996629047,0.66147190664369,23610.4064444339,4.95863832555638e-36,1.08194152299471,5.47223235148844e-24,630.337,2,6,0,0,1,0,1
0.8,0.0103017265177222,-0.0267964413929473,30.1137122855629,0.472278301357493,0.187324497414998,0.226099458719576,0.0537645338790734,0.0427501375977209,7.36372552770317,-13.6101977629828,-0.0425372005743107,-0.126050397643009,30.2116235939549,-3.30692937176752,-4.68626068065464,3.73650648553412,-0.0528389270920329,-0.0992539562500616,0.09791130839195,-3.53302883048709,-4.74002521453371,3.6937563479364,0.19044232219113,0.190453639228355,0.100082626482576,13.5615273128191,13.5618302510963,10.9554365211202,-0.0632423244607224,0.0185982506678557,10.6026812322949,-0.0447255837493785,-0.0155382392145573,10.3556054637222,0.131123125066717,0.131123946395342,0.13637740287105,3.37078269484178,1.3420170650089,23647.4760547207,4.88688627185451e-36,1.08182213326652,5.49801900255709e-24,647.504,2,6,0,0,1,0,1
0.805,0.0114751218710277,-0.0264794875557962,30.1141945277395,0.465118407840325,0.208636187757185,0.247266026008632,0.0744157432957871,0.148499114953412,8.68146189766532,-15.7859503103273,-0.132566856721775,0.0816509006893095,30.2429830811171,-8.16942384383623,7.7692384325409,2.49984997947339,-0.144041978592803,0.108130388245106,0.128788553377578,-8.41668986984486,7.69482268924511,2.35135086451998,0.191215747115538,0.191223293232021,0.100520218188627,13.5834102350078,13.5836460032887,10.9732600993125,-0.120009578608139,0.178789331790022,10.4984399978663,-0.0599521795875055,-0.00971684045442023,10.4822971509323,0.130368756583789,0.13037016059969,0.135479609258557,2.31704776439237,2.74410945747131,23657.367080174,5.00066620138929e-36,1.07994726467705,5.30214091640822e-24,643.647,2,6,0,0,1,0,1
0.81,0.0127496375852399,-0.0260721875422394,30.1151702112916,0.45637073001981,0.232079885329755,0.266949714678636,0.0902000239457155,0.238454338655029,9.30113486708016,-17.5857733966948,-0.233645443587827,-0.0483262333031465,30.1621311782269,-13.1950724300651,-0.722582311682571,-4.92808344030606,-0.246395081173066,-0.0222540457609072,0.0469609669353846,-13.4620221447437,-0.812782335628287,-5.16653777896109,0.191746833025057,0.191748807582221,0.10086019641728,13.5915444249661,13.59170787011,10.9671292930023,-0.148648945782063,-0.0555890250366864,10.3614386338738,-0.100262524818255,0.0802558768330698,10.4992672428793,0.130472041768418,0.13047166925863,0.135685912317806,2.24655966643392,2.49623316192532,23574.1528848507,5.08753869662191e-36,1.08186665047112,5.33496471564447e-24,648.26,2,6,0,0,1,0,1
0.815,0.0141181410128348,-0.0255997270086502,30.1165308864858,0.446626915785254,0.257354914328003,0.285205912107771,0.100662680686052,0.301195097628607,9.26662025746876,-18.7446757947382,0.144159336477961,0.0551790607666088,30.1722804909644,9.73655567695997,5.33410432886481,-3.85816101441074,0.130041195465127,0.0807787877752591,0.0557496044786068,9.4513497648522,5.23344164817876,-4.15935611203935,0.191385532852238,0.191386642065539,0.100647564675332,13.5765411431811,13.577046246317,10.9477475069396,0.214477183427141,0.108432676668753,10.4709795184536,-0.144515729655923,0.0216589025576361,10.4201216917624,0.13100967432445,0.131010266905527,0.136327835616322,8.08757856197663,1.554883892957,23514.4341798081,5.03860733539913e-36,1.08284276718464,5.47502744751522e-24,626.766,2,6,0,0,1,0,1
0.82,0.0155732098178757,-0.0250905144573351,30.1181194952158,0.436479644956797,0.28415092186803,0.301856948636884,0.104968784907586,0.328860361508039,8.73015397924263,-19.3850751621415,0.321976034631135,0.0743851049042186,30.1091852350091,18.3566234241465,5.8425260358066,-7.24891284701691,0.306402824813259,0.0994756193615538,-0.00893426020675409,18.0547664755096,5.73755725089902,-7.57777320852495,0.19125202624971,0.191274800262335,0.100533413410897,13.5730422899144,13.5743156166881,10.9513249612647,0.125708933864466,0.0601947119216864,10.3714978058069,0.0193114027941568,0.0659736345249431,10.4336224069391,0.13084228057301,0.130850552661224,0.136091471864653,0.876555592699644,3.39484091873645,23527.3294098629,5.026584686202e-36,1.08310118265491,5.42861754480723e-24,622.421,2,6,0,0,1,0,1
0.825,0.0171078859976773,-0.0245765949371072,30.1197508690213,0.426523890459598,0.312229254797431,0.317280864063649,0.102499286294152,0.318161831664896,7.77930050995094,-19.7263196721289,0.290019693083803,0.0209988387428249,30.1414894192291,14.184033416615,2.20406694065547,-3.59759582557511,0.272911807086125,0.0455754336799321,0.0217385502077339,13.8667525525513,2.10156765436132,-3.91575765724001,0.190764861482766,0.190811975910408,0.10025244573272,13.5620399531223,13.5643450213927,10.9521898454989,-0.0110281901520251,0.00531491857612022,10.479311734285,0.0925557369915288,0.0726679821656585,10.3825865429835,0.131090963768852,0.131100395914625,0.136354194724108,1.39809585059025,2.48136165720251,23575.0530851298,4.953100051534e-36,1.08278977127407,5.49131785786304e-24,646.337,2,6,0,0,1,0,1
0.83,0.0187167078127549,-0.0240918642898349,30.1212369417793,0.417362860198058,0.341434132057188,0.331720229518731,0.093132705443593,0.271237566801413,6.43675982754633,-20.0259181534521,0.0689796443320246,-0.12206058451024,30.2218491222015,-0.0575609751917658,-6.10345992841268,1.03144421299427,0.0502629365192698,-0.0979687202204046,0.100612180422191,-0.389281204710497,-6.19659263385627,0.760206646192861,0.190793725195297,0.19084450692246,0.100274339382263,13.5668673682834,13.5689488177193,10.9638354633606,-0.169618595807164,-0.0775293918498417,10.5511767085003,0.0712378960603832,0.0476642299290956,10.4157360147606,0.13080862880863,0.130811730569153,0.135970093440563,5.29954416417979,1.72910999258933,23629.9476401334,4.95296653554479e-36,1.08052589584361,5.41317419177856e-24,625.387,2,6,0,0,1,0,1
0.835,0.0203948487449208,-0.0236695218998422,30.122412383202,0.409595617249016,0.371704372605363,0.345201238810231,0.0772702297489828,0.194965877391282,4.66454860825424,-20.3466231231074,-0.0583431761097187,-0.132390224384554,30.0711011854099,-7.02181604869943,-5.82885238103649,-9.21710517096663,-0.0787380248546396,-0.108720702484712,-0.0513111977921213,-7.36701728750966,-5.90612261078547,-9.41207104835792,0.191360441780035,0.191394902768793,0.100623838763309,13.5822258630137,13.5831418069785,10.9717518044522,-0.132683668636684,-0.000627597772688993,10.2495657549995,-0.0311371024212702,-0.0148937830837583,10.4819900247891,0.130464895379405,0.130467097551376,0.135607323657965,3.56487536127323,1.37195098933986,23618.9440045666,5.03698597301251e-36,1.08104395419253,5.32777192633568e-24,643.879,2,6,0,0,1,0,1
0.84,0.0221351296329444,-0.0233396094799621,30.1231555164572,0.40377279534212,0.402945580581695,0.356757022801072,0.0557824816528861,0.0997814476750735,2.52507243311638,-20.7878217228658,-0.0664172517660023,-0.116247584176774,30.1402386065949,-6.40212000639192,-4.19354908390841,-2.32039521927205,-0.0885523813989467,-0.0929079746968118,0.0170830901376519,-6.758877029193,-4.2493315655613,-2.42017666694712,0.190604962701632,0.190624582099556,0.100209755435724,13.5613010847466,13.5616839602747,10.9468380054445,-0.0660881616892225,0.0188835991815948,10.5128592181462,-0.0875563959823227,-0.0189760854463806,10.3439693712091,0.131318692742838,0.131322862400248,0.13666534153926,1.63925783613613,0.657852869933052,23599.7701974996,4.91434021116494e-36,1.08350271967665,5.55448903910694e-24,646.042,2,6,0,0,1,0,1
0.845,0.0239252697429216,-0.0231250983150278,30.123401452414,0.400359977176645,0.434965676967661,0.365295199940827,0.0306494384468591,-0.00222801984731852,0.107059401517257,-21.0884217555652,0.0514265978498113,-0.27181460550179,30.2231875363784,1.19546965053451,-12.7671591529597,2.15388486147902,0.0275013281068897,-0.248689507186762,0.0997860839643365,0.830174450593681,-12.7978085914066,2.15611288132634,0.190760533071292,0.190771280550363,0.10025550061644,13.5689838119981,13.5692281955088,10.9588475335853,0.0284537858399777,-0.119467325205541,10.5552935903681,-0.0926110019545619,-0.0105523410028065,10.4134372493055,0.130758882067334,0.130762515702517,0.13593463943279,2.642340169931,2.86704810259803,23642.4964087369,4.93283249276391e-36,1.08075393497397,5.40217743199051e-24,623.264,2,6,0,0,1,0,1
0.85,0.0257459304794034,-0.0230386504088377,30.1231455156864,0.399554637810289,0.467480682397687,0.369061320657944,0.00405469139608576,-0.0992674818675048,-2.33332483414262,-21.3303784306654,-0.118984488699351,-0.182696456954019,30.1881930860872,-8.87612015162475,-6.33776280302758,-2.39644615849702,-0.144730419178754,-0.159657806545182,0.0650475704008051,-9.2451814722827,-6.34181749442367,-2.29717867662952,0.191395240365027,0.191402330179206,0.100633143424796,13.5846578541037,13.5846112017754,10.9693479619981,-0.186124206644615,0.0466964157971496,10.4134254646179,-0.0437077278443744,-0.0768189575050192,10.4856574849367,0.13042593571191,0.130430214692336,0.135580140838531,2.36873009289559,2.16350971253701,23621.8770577497,5.03113154132107e-36,1.08081086037541,5.31952694807623e-24,648.721,2,6,0,0,1,0,1
0.855,0.0275732898285921,-0.023080889821212,30.1224376270774,0.401334476679802,0.500096829046801,0.367996680860074,-0.0213226348997666,-0.181477279939848,-4.58115015426653,-21.2158625369451,-0.369434024303543,-0.237924921074983,30.2710492718612,-22.3627087255606,-9.16184006188547,0.99480986094103,-0.397007314132135,-0.214844031253771,0.148611644783823,-22.7307054064207,-9.1405174269857,1.17628714088088,0.191417843573584,0.191418770549024,0.100667350586333,13.5807063852774,13.580751846793,10.9570972120642,-0.287957039984453,-0.0546487299513997,10.5822612242478,-0.12029541561344,-0.0363026085442819,10.4443443246744,0.130788617615593,0.130792152849854,0.136048214968844,2.69019190102174,8.33288144382014,23560.6983146008,5.03877068148007e-36,1.08210468140923,5.41611023655552e-24,625.903,2,6,0,0,1,0,1
0.86,0.0293837603474823,-0.0232412843485701,30.121370026272,0.405432968131173,0.532383148363662,0.362241763601485,-0.043654474828881,-0.241933810428861,-6.40483104840937,-20.711245768386,-0.446014456535421,-0.187724416039859,30.2162061802211,-24.5055625303734,-5.6645434180102,-5.27789117920209,-0.475398216882904,-0.164483131691289,0.0948361539491252,-24.8678042939749,-5.62088894318132,-5.03595736877322,0.191929398644271,0.191928236835222,0.100945562111081,13.5889950731035,13.589806337285,10.9627095651418,-0.201822498125487,0.0183086675022385,10.4220402766866,-0.229544705969582,-0.0588205413835331,10.5114457400383,0.130432231060175,0.130436843559687,0.135620842042101,0.829492728621166,9.07654686949533,23517.1852012866,5.13015836006218e-36,1.08133544086014,5.32378367236306e-24,623.156,2,6,0,0,1,0,1
0.865,0.0311569474176113,-0.0235034290129958,30.1200625741386,0.411465962271286,0.563881756539856,0.35293067156096,-0.0623887511668991,-0.276606735641627,-7.58546949084031,-19.6034491636526,-0.274344175439994,-0.0940183087861214,30.0760591291258,-12.6471226079691,-0.189440301574039,-13.0418717976404,-0.305501122857605,-0.0705148797731256,-0.0440034450128156,-13.0000532795301,-0.12705155040714,-12.7652650619987,0.191722803039305,0.191725872563416,0.100827325696059,13.5781363047869,13.5797139203078,10.9527998489094,-0.0254007175358304,0.0615664778105859,10.2816846716963,-0.261748375713429,-0.0362745300044254,10.4534327529423,0.130854817234075,0.130856772244202,0.136124478067952,5.41793290350384,4.5248419076417,23474.9096325917,5.1098833268756e-36,1.08227410535091,5.43303415771021e-24,637.937,2,6,0,0,1,0,1
0.87,0.0328767772884312,-0.0238508304459906,30.1186486659365,0.418968347232605,0.594155671848751,0.34066767122676,-0.0780314543598972,-0.284157388203549,-8.09252261203473,-18.104427331061,-0.134247349560384,-0.177622065722591,29.9117196879593,-4.30975490994004,-5.53708075524436,-17.206855938095,-0.167124126848815,-0.153771235276601,-0.206928977977222,-4.6504225811668,-5.45904930088446,-16.9226985498915,0.190661750139499,0.190671070283532,0.100187490590925,13.5531723200962,13.554393866177,10.9403302421772,-0.0215158302534229,-0.06217362971128,10.1850785400426,-0.186730867437927,0.00455946303677107,10.3310873213963,0.131433841761214,0.131437866550971,0.136756096819136,2.98927736805067,6.6106561239876,23521.3460539602,4.9468232192864e-36,1.08365037587179,5.5812593944889e-24,649.973,2,6,0,0,1,0,1
0.875,0.0345308168186853,-0.0242721876817765,30.1172634088557,0.427585715857328,0.622970446284208,0.32633486720309,-0.0921732859508826,-0.265245385592454,-8.14353666648956,-16.5325683983343,-0.0181524060321392,-0.165840786717705,29.9381363832672,1.6841353904576,-4.73192587889361,-7.14774611259121,-0.0526832228508245,-0.141568599035929,-0.179127025588519,1.35780052325451,-4.63975259294273,-6.88250072699876,0.189174356740835,0.189188404808169,0.0992919664072702,13.5271669002068,13.5277784545704,10.9408064118824,-0.0174248069835142,2.92706409817181e-05,10.3703324557079,-0.12680859587413,-0.0331233941505555,10.2050180411883,0.131834256246585,0.131844083494699,0.137129891661142,2.19147291937383,4.44291229790435,23697.7934265332,4.70530670910949e-36,1.08316970294348,5.68097279889433e-24,646.602,2,6,0,0,1,0,1
0.88,0.0361111367457765,-0.0247650215281307,30.1160348137577,0.437185191671326,0.650238532393406,0.310882938984072,-0.106796000374883,-0.222025768642286,-8.09121742190485,-15.0924838610306,-0.00259406995556828,-0.0797193798748454,30.0483801001888,1.29286938600381,0.311450167044969,4.13590259087069,-0.0387052067013448,-0.0549543583467147,-0.0676547135688849,0.981986447019742,0.418246167419851,4.35792835951298,0.188876703070357,0.18889356830662,0.0991155667655352,13.5361410479856,13.5364901684645,10.9676917645132,-0.0775132244326556,0.0646801694798685,10.4745470822553,-0.0794559708761555,-0.0263533193050483,10.2586998099308,0.131202658657915,0.131213598170503,0.136327496997335,2.9866041906647,1.63174051436709,23896.6505259101,4.63088235856675e-36,1.08057525681328,5.50801951749797e-24,640.325,2,6,0,0,1,0,1
0.885,0.0376127789488759,-0.0253354892773917,30.115077101201,0.447877860287299,0.675946369418891,0.294565542141777,-0.123420280159718,-0.157812975179836,-8.26340906540723,-13.8020172331162,0.0420026469344793,-0.280864389251163,30.1098279346538,2.86586845399536,-11.8835939428663,7.69857104263862,0.00438986798560336,-0.255528899973771,-0.00524916654720542,2.57130291185358,-11.7601736627066,7.85638401781845,0.189645406227534,0.189660329779234,0.0996327755310146,13.5646076719706,13.5649010979059,10.9848186383106,-0.0478992739571248,-0.152844603203801,10.4347743668381,-0.0782418745321058,0.0133735555517801,10.3725628329586,0.130573000442822,0.130579559293469,0.135671590119467,1.88628205567194,2.76802936480447,23947.2932287259,4.71447776415895e-36,1.07998152956347,5.35092938033015e-24,652.798,2,6,0,0,1,0,1
0.89,0.0390287068250836,-0.0259928196342019,30.1144844335081,0.459921197740074,0.700055789920755,0.276293695313814,-0.141784845504602,-0.0772477369642944,-8.92300542536458,-12.669633414508,-0.00730603487810883,-0.0848183769356471,30.1625136636254,-1.02244940914937,0.475167744448422,8.62032688421458,-0.0463347417031924,-0.0588255573014452,0.048029230117267,-1.29874310446318,0.616952589953023,8.69757462117887,0.190481750217236,0.190490306357205,0.100202010273247,13.5839351354875,13.583684346321,10.9748649962872,-0.115534374580746,0.135610846117054,10.4445909321907,-0.0632454019634095,-0.0733936332677999,10.4283474291335,0.130499245734757,0.130503408899126,0.135725496061194,2.74057779447925,1.09014391740602,23845.1064212598,4.8249072403687e-36,1.08186992897583,5.3429315196021e-24,650.142,2,6,0,0,1,0,1
0.895,0.0403461004040169,-0.0267389904021038,30.114323643402,0.47352575745587,0.722435167728223,0.25482430804565,-0.159244601227695,0.0134718622071465,-10.0968063603165,-11.5649298607543,0.115654852909678,0.237441191875643,30.1244304146111,5.66023834195166,18.5222552052403,3.5330294564416,0.0753087525056614,0.264180182277747,0.0101067712090508,5.40541403390601,18.681499806468,3.51955759423445,0.191196049180599,0.191202068035571,0.100618786057551,13.594558126477,13.594585815674,10.9592081329591,0.0168667994999964,0.275792180809644,10.3460862477677,-0.0886800427766726,0.015280675723214,10.4659126703849,0.130506695132335,0.130507273252114,0.135773376773709,5.42799971156714,2.37250189451032,23694.6839967162,4.93839041809509e-36,1.08255192712886,5.34762258399984e-24,624.375,2,6,0,0,1,0,1
0.9,0.0415466064171108,-0.0275573504005065,30.1146258097344,0.488588771574057,0.742835835609738,0.229161617707451,-0.170937828715845,0.106364097531683,-11.5065316677543,-10.3052255396919,-0.0653225330780658,0.298625876619231,30.140174671446,-5.90070278142767,19.5573372436954,3.22532492219581,-0.106869139495177,0.326183227019738,0.0255488617116259,-6.12986439913512,19.7282750724112,3.11896082466413,0.191205139088939,0.191207358716027,0.100568511483238,13.5866108201524,13.586242637039,10.9435312654042,-0.206622854045031,0.130465381973196,10.4191141923288,-0.0370702716675727,0.155838256994385,10.4262178171753,0.130887486995132,0.130881554643364,0.136205201817525,1.71799483988722,3.33879794517187,23590.3012104508,4.95591188643641e-36,1.08411664411932,5.44405851279863e-24,634.266,2,6,0,0,1,0,1
0.905,0.0426097015435024,-0.0284039101120664,30.115378109027,0.504467174577279,0.760848295962368,0.199407221747086,-0.170684586654359,0.191998835715334,-12.4093752346319,-8.55777394139458,0.0187011860398369,0.175932369733921,30.0263688070456,-0.705127704393777,10.3817568263926,-3.88628406590239,-0.0239085155036655,0.204336279845987,-0.0890093019814617,-0.904534926140864,10.5524414130469,-4.07828290161772,0.191259531152663,0.191251771895621,0.100512491771869,13.5838157491922,13.5830335211248,10.9494228230233,-0.0257410356492002,0.00373592374867811,10.2420683859162,-0.118871009367963,0.179215315986782,10.4353291206648,0.130828752130899,0.130826768624784,0.136018577571548,4.31330540013105,1.96155742879626,23571.5645106099,4.98183958065393e-36,1.08113493114512,5.41992233438571e-24,645.294,2,6,0,0,1,0,1
0.91,0.043516208340507,-0.0292026064225806,30.116517784502,0.519829164610082,0.776046830554882,0.165986578824635,-0.151695362177949,0.260002958950154,-11.9646625106758,-6.2756004057194,-0.0775578129822382,0.171938405116903,30.0063489562108,-6.55333558670552,9.42440136218011,-2.1014049201724,-0.121074021322745,0.201141011539483,-0.11016882829119,-6.71932216553016,9.57609672435806,-2.36140787912255,0.190488182919383,0.190484417637033,0.100028573732163,13.5638423458331,13.5636191914663,10.9463594721345,-0.156712095089617,0.0784415530019079,10.3313530255579,-0.0816608656990439,0.123694730222212,10.334248916014,0.131366243199649,0.131366265934767,0.136586569960447,0.445514061372452,2.91509884683523,23610.4425685161,4.87309870763039e-36,1.08132827215477,5.55580905985991e-24,656.711,2,6,0,0,1,0,1
0.915,0.0442527069163045,-0.0298484313245128,30.1179312533587,0.532608597428438,0.788060373208752,0.130793142242168,-0.109043500623589,0.300591378791044,-9.29661430072815,-3.55677895703461,-0.0866106817712515,-0.0134670548010745,29.9981248697475,-6.6748198006365,-1.79743914839923,0.307112701236908,-0.130863388687556,0.0163813765234383,-0.119806383611209,-6.80561294287866,-1.68839564777564,0.00652132244586379,0.190044428571231,0.190040158256032,0.0997468081669192,13.5583859443788,13.5584067574252,10.9598950232679,-0.105781285289467,-0.0683932175344971,10.3269737539682,-0.125042973882528,0.120620967711289,10.3264683246839,0.131214274576659,0.131215855935971,0.136341643897451,2.0965447172868,2.472696118148,23715.9927535301,4.80286272145496e-36,1.07987172120521,5.51046847402006e-24,646.521,2,6,0,0,1,0,1
0.92,0.0448169727300894,-0.0302193117363749,30.1194611011524,0.540177225655931,0.796711472951772,0.0964590566602901,-0.040739130897239,0.306161088864257,-4.06627656025829,-0.81342937123891,0.0181855264524533,0.202865256024275,30.0885717631617,-0.245707584911211,11.5882484770378,7.38498815924822,-0.026631446277636,0.23308456776065,-0.0308893379907665,-0.342166641571501,11.628987607935,7.07882707038396,0.189859609938859,0.189856022860377,0.0996666382206579,13.5601102478281,13.560368534486,10.9692183545977,-0.0174120788501103,0.222021151815436,10.4622065783068,-0.128937389263931,0.0375001224845812,10.3288412494339,0.131100388447484,0.131098526542488,0.136232388810339,3.67476581050391,2.50859277450358,23797.5329014539,4.76344471364816e-36,1.08053312832134,5.48218707925325e-24,639.832,2,6,0,0,1,0,1
0.925,0.0452206432257428,-0.030195151185955,30.1209214695704,0.539941005621456,0.80220134603848,0.0659589813336576,0.0504480481554181,0.273036930243987,3.75368539080198,1.6318745994191,0.157128958013511,0.254674308593491,30.1204033962555,7.35731616115545,13.7347164990135,7.68373582262425,0.111908314787768,0.284869459779446,-0.000518073314897255,7.29135717982179,13.6842684508581,7.41069889238026,0.19043750175207,0.190439812923043,0.100053137774555,13.5781538645116,13.5782895845231,10.9793978618452,0.030856838657282,0.126792377803482,10.4099001238538,-0.0836733865556342,0.131729426870502,10.4157970343388,0.130615694406017,0.130617562669654,0.135730563934679,0.772415666736762,3.31860219146886,23803.871485347,4.84048521675232e-36,1.08012677875009,5.3622236405466e-24,638.732,2,6,0,0,1,0,1
0.93,0.0454871009472949,-0.0296799989112059,30.1221205786045,0.529926168552589,0.805070197793501,0.0410764440852476,0.157538417936387,0.202546474257636,13.5705321710441,3.38386228425875,-0.00723553576063447,0.270885971423412,30.0644723781222,-3.36271634650149,13.7153623417755,2.6202342856134,-0.0527226367079294,0.300565970334618,-0.0576482004823117,-3.40379279058674,13.5578239238391,2.41768781135577,0.190911728881041,0.190923591891959,0.100388730484185,13.5870495076681,13.5873334957781,10.9712131246151,-0.185186209995598,0.109592387037041,10.2963884601976,-0.024720421803849,0.150561272735776,10.4400801965472,0.13064136715905,0.130645791750774,0.135859440001575,2.71518169900397,3.43817932321684,23725.5366307007,4.91190807838871e-36,1.08191080823501,5.37681519721419e-24,653.773,2,6,0,0,1,0,1
0.935,0.045645581322794,-0.0286222285734306,30.1228870511414,0.508790639711772,0.805955743131553,0.0224020107446806,0.269623804400521,0.101452552482381,24.4576675087082,4.27385401677721,0.161634364929911,0.0773557958361012,30.0979799907526,6.58770220091528,1.72325473694969,4.8094143773644,0.115988783607117,0.105978024409532,-0.0249070603888409,6.5653001901706,1.45363093254917,4.70796182488202,0.190727445833879,0.190731026185314,0.100278440138051,13.5782641216074,13.5780648211741,10.9534530746399,0.0523481848688082,-0.0588195081000455,10.4110504277558,-0.0980291333567878,0.154135658013765,10.3829859714733,0.131049229946072,0.131053647687182,0.136333919244778,3.99933161869743,1.47799009774473,23661.1316732621,4.88709951563673e-36,1.08229419869787,5.48244935588155e-24,660.363,2,6,0,0,1,0,1
0.94,0.0457227208105344,-0.0270239991112828,30.1230961641053,0.476458635613988,0.805523523819243,0.00830793649212756,0.375860984146081,-0.0185055648833725,34.6313407214745,4.26573545192568,0.21335736087114,0.077843853399352,30.0738545544244,8.6148020008118,2.40318292888493,2.68833993445326,0.167634640060606,0.104867852510635,-0.0492416096808425,8.60649406431967,2.02732194473885,2.70684549933663,0.19084295590775,0.190855165759272,0.100297880928355,13.580198941451,13.5807541736696,10.957251521113,-0.00788024339614827,0.0587583525661346,10.3424857080303,-0.0246335340906999,0.0655634356321926,10.4130574885164,0.130836800445078,0.130836842957669,0.136027964228978,0.288822688872336,1.87881862879692,23650.122262796,4.91209462327783e-36,1.08165728513002,5.42207482214023e-24,673.112,2,6,0,0,1,0,1
0.945,0.045734189243481,-0.0249420658358152,30.1226911306227,0.434194128941114,0.804250459439227,-0.00400192588061146,0.464993613357676,-0.142123782686269,42.5841572156639,3.67074360029774,0.159908820949965,-0.0274578874358399,30.0583672690571,4.51368018068009,-3.24658859102526,2.06150383553736,0.114174631706484,-0.00251582160002465,-0.0643238615655913,4.5176821065607,-3.71158220438294,2.20362761822363,0.19071607783569,0.190738816560859,0.100205627978023,13.576006887863,13.5771034785163,10.9582462547579,-0.0806001144077595,-0.0310824400844703,10.3437164527777,-0.00323455017975296,0.0641679871477777,10.3894837365954,0.130987446044903,0.130986802656745,0.136175855400779,0.991103622435469,1.3628510109392,23654.7459827476,4.89859372508091e-36,1.08110666860827,5.45896763751474e-24,642.566,2,6,0,0,1,0,1
0.95,0.0456797585451674,-0.0224809117757161,30.1216952860264,0.384378405261612,0.80224851529826,-0.0181620966106043,0.528973029287153,-0.252829087796498,47.3256223452987,3.0155797569848,0.104619294837012,-0.0745505778585124,30.1515347323629,0.939111290110707,-4.99308047595091,7.54857158026731,0.0589395362918451,-0.0520696660827962,0.0298394463364195,0.957273386721311,-5.52205350523806,7.80140066806381,0.190553922196663,0.190577697680285,0.100099946254229,13.5727913056801,13.5737920336938,10.9608729756443,-0.0929233221053515,-0.00845273678767553,10.4953153434499,-0.027646575189771,0.015969612782439,10.3751388445278,0.131025179504726,0.131023165821716,0.136193682520927,1.06034300344362,0.878786639071231,23678.9162291538,4.87546369428416e-36,1.08070153780477,5.46658617258861e-24,650.111,2,6,0,0,1,0,1
0.955,0.0455417058633635,-0.0197714653929237,30.120212785877,0.330183144032027,0.799225241159588,-0.0376202545607696,0.565118817096146,-0.33513817912583,47.7067863416771,2.85084608999307,0.0575397658746089,-0.136887291171902,30.1650241822984,-1.68675674033162,-7.63496150725919,5.59712987553086,0.0119980600112454,-0.117115825778978,0.0448113964213806,-1.64913648577085,-8.20008032435534,5.93226805465669,0.191098462267699,0.191119337233707,0.100414987913039,13.5869315961822,13.587672328039,10.9736954114059,-0.0943987629175434,-0.0364405769904382,10.4185541291626,-0.0527335584636526,-0.00581303194982905,10.4552834480553,0.130560741089542,0.130559701301943,0.135654225882255,0.230575440877685,0.840991822679378,23677.6303435864,4.96129463367076e-36,1.07966528890496,5.3469796739409e-24,665.486,2,6,0,0,1,0,1
0.96,0.0452890433706051,-0.016952633728678,30.1184174796433,0.275009495642993,0.79450266760419,-0.0643105383763567,0.572894784616054,-0.376893694232095,44.6903960982209,3.70146009462733,0.0119757733982815,-0.236275708022268,30.1851899224777,-3.92852709589093,-12.3086632669735,4.21778971597328,-0.0333132699723236,-0.21932307429359,0.0667724428344181,-3.86421655751457,-12.8815580515896,4.59468341020538,0.191394479790684,0.191410075389074,0.100615917482571,13.5902575234387,13.590699572688,10.9684488015337,-0.101848354562704,-0.0846963904741456,10.4453946342673,-0.0718401010395981,-0.0349234392016407,10.4570888717445,0.130679028065883,0.130679439253205,0.135858256888988,0.205314350446409,1.86297429578485,23618.1224609017,5.01356041871504e-36,1.08089999824666,5.38266760710631e-24,641.183,2,6,0,0,1,0,1
0.965,0.0448853973999985,-0.0141472214825506,30.1165309691676,0.221673044762881,0.787192941068455,-0.0984937740986706,0.55937718577336,-0.371312820002063,38.9360363863515,5.73817323324521,0.0193683593515231,-0.293096144567589,30.2240667116228,-2.91460092023151,-14.2105685463289,3.76505325668001,-0.0255170380484754,-0.278948923085038,0.107535742455245,-2.81610714613284,-14.7699457321022,4.13636607668208,0.191599854784389,0.191607175344189,0.100736172747076,13.5906879718168,13.5906743975905,10.9632577126784,-0.067918036069324,-0.0759792943289881,10.4925709532712,-0.0895773528888241,-0.0801247661260199,10.4661455557462,0.130694479545856,0.130696424305411,0.13589715897604,0.0663278125150969,3.37011688111378,23560.0565460999,5.05612728278439e-36,1.08123765147858,5.38842850366724e-24,647.298,2,6,0,0,1,0,1
0.97,0.0442991375484675,-0.0114402007474235,30.1147932883417,0.1718247004771,0.776487406478502,-0.13800421324374,0.532814348289094,-0.317868873744445,32.2326031475349,8.90781330584167,0.0288834274479254,-0.243302292068668,30.1961768440597,-1.9896570326014,-10.0548998843112,-0.793464552629623,-0.0154157101005421,-0.231862091321244,0.0813835557180731,-1.85165281935766,-10.5877142326003,-0.475595678885178,0.19187579402872,0.191876687049875,0.10088347949341,13.592981506174,13.5926379870866,10.9636032777171,-0.0636651317044734,-0.00957984568588449,10.4212775002688,-0.084011048872043,-0.106587455849313,10.4915441066029,0.130603795443285,0.130607197573236,0.135787470133298,0.843823772673053,2.49392861002872,23512.3137475727,5.11359884378889e-36,1.08097233106095,5.36494183115749e-24,635.205,2,6,0,0,1,0,1
0.975,0.0435130970773491,-0.00886897170445018,30.1134307868457,0.126280592608603,0.761829705075314,-0.179165021161354,0.504205775884413,-0.222516997394237,25.5451784058335,12.6731944498974,0.133220998109882,-0.385414048716328,30.1903156953442,4.23301769202824,-17.6643819589408,-2.51185773067515,0.0897079010325325,-0.376545077011878,0.0768849084984667,4.4121827131896,-18.1685877348252,-2.28934073328091,0.191730957904441,0.1917308227896,0.100791822377233,13.5850605682392,13.5848773847282,10.9578243954072,0.0152055970088585,-0.162135703207408,10.4580059269789,-0.0772485953722635,-0.0878447815094768,10.4576982281356,0.13084116657005,0.130844617277985,0.136062208880506,0.82166857954085,5.29845609142563,23482.34536938,5.10398130573919e-36,1.08155382941044,5.4259143469743e-24,644.792,2,6,0,0,1,0,1
0.98,0.04253104244036,-0.00642929572046153,30.1126253976859,0.084557204733036,0.743187724914564,-0.217185460022535,0.479417547921087,-0.0969163291684597,20.5822164932206,16.4758398112696,0.298833823464208,-0.204910249025384,30.1937352976856,13.2517889130822,-6.02887656791298,-3.14227300859476,0.256302781023848,-0.198480953304922,0.0811098999997546,13.4689743731047,-6.50829411583406,-3.0453566794263,0.19156786991507,0.191567417707067,0.100690714003474,13.5794483200948,13.5789496676832,10.9599685018637,0.0866081028975455,0.0644539866040007,10.4715182621424,-0.0299010149791595,-0.153510151951935,10.4514908014625,0.13084190415467,0.130847647448958,0.136046275622427,3.58869713493494,4.50158042556771,23494.2217275191,5.08752043623353e-36,1.08133214076459,5.42495162378863e-24,668.463,2,6,0,0,1,0,1
0.985,0.0413791577184256,-0.00408945954227529,30.1124896334386,0.0455781466570316,0.721023606434702,-0.247781252394776,0.463723987305787,0.0430594202725502,17.8252142407056,19.5129057285647,0.292455329132828,-0.153942027726242,30.2264769952353,11.4639174387813,-3.40968813923778,-2.24037225896835,0.251076171414402,-0.149852568183967,0.113987361796686,11.7116986911761,-3.87341212654357,-2.2834316792409,0.191467949599979,0.19148729879009,0.100649382116226,13.5766338820282,13.577630061918,10.9634328607131,-0.0182390656851406,-0.0120186412350977,10.5211762044186,0.0425981466617744,-0.0779334760600884,10.4533978262405,0.130797569218361,0.130799503331093,0.135995482444922,0.71817382408038,4.84316983945347,23514.9554368434,5.07788745993918e-36,1.08195362808486,5.41311700506684e-24,1450.571,2,6,0,0,1,0,1
0.99,0.0401020939525186,-0.00180512059322752,30.1130512785849,0.00787517871418486,0.696304165144329,-0.267754346515569,0.456967142809777,0.179681098463855,17.6201374383821,21.3254742980498,0.197048069544486,-0.0146914962237222,30.2020611068441,5.03343391686207,3.99703891361706,-5.16680831560752,0.156945975591967,-0.0128863756304947,0.089009828259233,5.30118826337764,3.54007177080728,-5.34648941407138,0.191609781652187,0.191640102246853,0.10075594231604,13.5800913413703,13.5815750043331,10.9673702974262,-0.0848259018536091,0.0659193167255953,10.453063622833,0.0384647332502176,-0.0608063271985386,10.4789301589471,0.130649110485133,0.13064728490899,0.135827099345547,1.86860587074401,3.03754267233583,23521.2994043549,5.10325761456326e-36,1.08127491126933,5.37502889637818e-24,626.986,2,6,0,0,1,0,1
0.995,0.0387545841082434,0.000462459654082514,30.1142501157754,-0.0298106898342175,0.670286036000514,-0.276206142324656,0.457031453078278,0.295776719578396,19.1705848912729,21.3653892314311,0.226704964479525,0.0372960206158483,30.2422595649944,6.69195082392461,5.60285288007736,-3.50759808798761,0.187950380371282,0.0368335609617658,0.128009449219056,6.96815696624927,5.14582142699908,-3.803374807566,0.191478896293503,0.191508167694205,0.100699712390322,13.5758895741156,13.5770772706144,10.9604268344029,-0.000315294628834526,0.0197272211427918,10.548357610846,-0.0023893928187307,-0.0056566376584916,10.4515773567627,0.130827428045469,0.130822977146789,0.136063469394033,0.542789398676874,4.19675781114917,23512.73995785,5.08292703562092e-36,1.08223309427111,5.42300760649559e-24,631.617,2,6,0,0,1,0,1
1,0.037393642548525,0.00273297320903209,30.1159469733023,-0.06827161611973,0.644319652570884,-0.273104614738431,0.458308125498025,0.377205198033076,21.723061464566,19.8668779922406,0.19088498627397,0.0999876136681061,30.1754720989088,4.42403744120239,7.86711526160089,-8.64631687532461,0.153491343725445,0.097254640459074,0.0595251256064397,4.69714205594082,7.40880713610286,-9.02352207335768,0.191659861429817,0.191691274658865,0.100805650806038,13.5799342669563,13.5810981328484,10.9627371201685,-0.0433270209197223,0.0394116573858378,10.4111349651906,0.0114791018221798,0.0108886738103508,10.4852776037258,0.130620367593292,0.13061594035473,0.135821677909533,0.52270523097009,3.15392209171942,23507.8066436383,5.1130961710745e-36,1.08145660090048,5.36969667538425e-24,672.25,2,6,0,0,1,0,1
